16212,-1040,1116,16516,1676,704,0
16340,-1308,1084,16496,1396,1036,0
16292,-1312,1124,16536,1584,844,0
16364,-936,1280,16524,1492,1108,0
16268,-976,1144,16340,1464,1012,0
16260,-908,1272,16376,1888,308,0
16408,-560,1144,16288,2812,404,0
16412,-1292,1832,16472,584,1536,0
16292,-1232,1072,16716,672,2396,0
15168,-476,-3916,16364,1980,1620,0
16508,-1952,-1956,16356,1308,1192,0
19664,-792,1912,16100,3260,1128,0
17620,-1816,1020,16280,3772,2508,0
16944,272,584,16104,1540,1912,0
16456,-444,1296,15748,2024,1656,0
16012,-1836,828,14904,2492,1896,0
15376,-1140,656,16112,1656,1820,0
14808,824,-84,17592,3008,1836,0
14900,-376,108,16856,1808,-128,0
13976,-2612,2712,16852,1492,-1548,0
25412,-4900,-15704,16828,4596,-7716,0
12456,7564,-2564,19252,-2304,-8636,0
14944,-1476,-428,20904,3056,-6668,0
16284,-2028,1020,16940,3336,9216,0
16416,-4552,696,13968,4552,1348,0
15664,-808,1712,14564,-1496,4868,0
15968,-2060,1216,16252,1544,6048,0
15956,-924,904,16244,-1020,5352,0
16300,-4440,2204,18568,-1852,2516,0
15476,-504,56,18076,1080,1976,0
16436,-4068,4096,15160,-1268,1320,0
18960,1184,3508,13512,2492,1148,0
19176,-176,2760,16464,2052,5444,0
24784,2032,-2288,15876,5136,4940,0
25116,4812,-936,19104,5028,3424,0
16524,-8872,7168,16640,-2316,-444,0
6720,168,4484,17468,6468,184,0
11464,2240,7760,15092,2412,580,0
14152,-752,10408,16180,2772,200,0
17688,5356,9888,15772,2052,1484,0
20536,-1436,7340,16440,476,2544,0
17200,1940,9156,19220,-344,1312,0
8660,1276,10504,14248,620,-4820,0
32767,2452,-7324,21944,1504,-7300,0
16908,12144,4532,25704,6104,-1732,0
17624,-4992,1388,16004,10236,5480,0
15784,-84,-144,10408,-1560,3104,0
14280,1556,-700,12720,-2088,4936,0
14340,-6264,1596,16484,-1236,7340,0
16216,580,1292,17532,-1432,6908,0
16180,1588,4900,19228,-484,6404,0
17320,-1948,3148,19088,1832,4160,0
18764,1248,1096,10768,-988,4928,0
19864,-536,-1404,14076,4140,7944,0
26176,6184,-5340,7612,-8704,4560,0
25916,-9748,7548,20084,12508,5552,0
7680,-2656,12120,15560,1840,3524,0
11388,6308,7164,16072,1868,1532,0
10464,-400,9368,15672,3856,2980,0
14268,3536,10344,16276,1992,2372,0
17964,1784,11160,17928,1296,1760,0
19704,920,5952,16076,-232,2296,0
13400,320,5004,17068,1880,176,0
13380,1536,14960,19132,64,-3112,0
10772,2488,2068,24128,-2012,-18400,0
19096,-7236,8772,25268,8628,-1056,0
15900,5688,3408,10684,1956,10020,0
16372,-9532,1472,12188,-4060,3288,0
15700,3272,-28,12340,-688,7420,0
16252,-4132,3708,17296,-2148,8052,0
16936,780,2528,20136,-4876,8740,0
16584,-2492,2516,19920,3848,5716,0
17552,664,196,3992,-1624,4680,0
20056,2544,-5640,13128,6940,6444,0
27192,6164,-6788,7224,-8420,9032,0
22104,-10588,8716,23932,8792,10532,0
9852,1048,13752,13680,2452,4420,0
9508,1516,8632,15700,2632,2216,0
8024,8164,9172,16504,2548,628,0
13620,3592,11164,17120,1468,-248,0
17648,1188,11324,11392,1532,-1808,0
22532,1420,8456,17628,36,-4800,0
8164,256,4868,16860,1456,-6788,0
22992,-9808,-15492,18952,-892,-10616,0
7548,18012,-944,24392,-344,-15032,0
20140,-6620,6288,28548,10668,-3284,0
16476,1460,1812,8772,-2724,2920,0
15616,-5828,252,10356,-4376,7884,0
14628,460,424,12680,-704,6660,0
16120,-3648,4820,17596,-4304,8588,0
18044,1064,3096,19416,-5716,7416,0
16296,-268,-1868,20124,4584,4900,0
15484,-1496,-3804,9932,-5080,6628,0
18148,860,-5152,14164,4584,6780,0
21804,-160,-9400,12680,-6676,7340,0
28004,-8232,1176,20188,7800,8096,0
12064,-2684,13368,13716,-1292,1544,0
12340,6012,6624,16740,5408,364,0
9732,1564,7964,16332,120,-696,0
15412,6452,9856,16292,2568,1208,0
17928,4808,10756,16884,2264,3908,0
20868,-2468,9564,15760,876,912,0
14756,1840,7512,16420,276,2604,0
12028,1616,11412,17288,-540,3348,0
32767,-8608,-2072,31584,2620,-11456,0
24024,7608,7948,23364,2660,9416,0
16096,-4224,1368,6300,5460,13916,0
17596,-2284,2416,11576,-4312,4100,0
16444,1672,2396,9668,-7452,7812,0
15932,-3228,916,15392,-2284,6920,0
15396,-2220,1576,16808,-8568,8128,0
16248,-3116,2296,17372,840,5188,0
18016,-912,3560,14580,776,840,0
17992,-876,2048,15008,-548,-1176,0
18512,-4432,7716,30424,4124,-17224,0
19952,-164,3564,17904,-4356,3668,0
20940,-524,6344,17076,-800,1344,0
10560,-4260,13564,18564,4564,232,0
8108,1004,7768,16908,2708,600,0
10708,1592,10984,16748,2320,832,0
11192,-3676,13208,16644,1688,444,0
14556,-3624,15088,16548,376,1188,0
14728,-5320,15748,16920,1256,-812,0
13388,2708,16024,16640,188,1760,0
16276,-8728,9468,17488,-5880,1788,0
21936,-316,-1524,20412,4160,2984,0
19508,1220,3908,14312,-5036,7240,0
14996,-5436,3516,16092,-780,5232,0
16048,836,2740,14824,212,-1652,0
15652,-1644,5932,16940,-760,-2832,0
16096,648,4800,16792,1212,-2012,0
15932,-2656,5360,16180,280,-3160,0
15332,-932,4492,16296,3088,-4092,0
16032,748,5080,15768,744,-4444,0
15948,-828,5588,16164,4088,-4980,0
16108,616,4932,15596,2952,-5536,0
16136,-184,5912,15008,1400,-4188,0
16476,3488,4916,14392,3600,-2924,0
19212,-6600,2260,14308,2536,808,0
18152,200,3396,22520,3760,-13164,0
17220,-1064,3340,10972,-1108,-3672,0
17760,-2192,416,17868,444,448,0
23388,-4464,4108,15980,1376,3304,0
14216,-4928,14076,16676,2724,2356,0
13204,-6624,11980,16228,1732,2480,0
9120,15820,9352,16704,2344,988,0
11864,-2952,10588,16656,2492,1108,0
15284,-1488,11592,15924,1528,2348,0
19108,7092,9716,17684,-3808,2676,0
17588,-2464,8204,18080,608,3608,0
11728,164,4516,17780,732,3084,0
15216,844,10408,17988,-76,2304,0
16952,4300,3900,26436,-4348,-3924,0
16884,-9052,2988,23436,5388,5732,0
15820,4060,-1356,13668,8416,6616,0
16800,-10604,-892,14900,-4196,3296,0
14712,4244,848,11896,-648,6508,0
16172,-5924,2212,13072,-964,8644,0
16900,-2400,4304,14708,-4884,9856,0
17000,2048,4132,19728,-1220,9256,0
17180,-1412,2856,20316,2688,6252,0
17524,-140,408,6372,-2096,6068,0
19492,1284,800,15464,5360,2084,0
23796,6684,-4808,6816,-4800,10416,0
31280,-10904,8060,19868,6588,9780,0
13140,-2616,12424,15360,1668,6232,0
12884,6512,9712,16432,3948,1956,0
5784,-1312,10324,16288,2024,628,0
13104,1892,11604,15452,1196,2476,0
15928,3816,12360,17804,2836,1680,0
19168,1452,12284,17320,1608,1892,0
18328,4792,12252,16804,356,1920,0
6740,-1400,13320,19272,-8,-1232,0
9012,4572,1180,30944,-3572,-9756,0
18380,-11780,9292,28548,9172,4848,0
15364,13964,3884,8004,752,14660,0
16444,-13088,932,13848,-3916,7968,0
15384,5388,16,10516,-560,8120,0
16664,-9520,4312,14228,-5280,9812,0
17292,2916,2052,16384,-3584,10632,0
14900,-5492,908,21172,2156,8876,0
17808,1620,1044,12172,-2312,5668,0
18180,-44,-912,12316,52,7968,0
29208,6844,-6380,17312,-5680,-2300,0
28568,-11836,5596,23188,6944,5356,0
8152,-6304,19892,13224,-4896,5288,0
12612,6500,8212,16120,6172,3768,0
7296,-1556,11380,17340,1032,932,0
11572,-2612,9184,15588,4888,1868,0
14768,1832,12676,15600,2440,3720,0
20008,1068,11908,15016,3936,1400,0
19760,1880,9932,17436,116,1172,0
6168,-1312,7692,19312,1912,-256,0
32767,9492,-15316,21672,1656,-2556,0
15220,14040,7924,23224,1164,6236,0
16284,4640,-984,21076,9604,6340,0
18904,-8616,4356,14584,-7408,676,0
16240,4508,3020,8316,-3724,6560,0
16764,-1608,3996,11916,-1316,9416,0
16808,-992,2864,14000,-4992,9644,0
16968,-1344,1344,19884,-3680,10556,0
16064,-1884,-1120,18532,376,10088,0
18348,1144,1440,6804,-1364,8624,0
23444,-2504,-5684,32767,9452,3404,0
27396,-2996,2476,21352,-9380,8748,0
13704,-4324,7464,20492,6076,2128,0
10240,5308,7484,17604,260,980,0
6852,-2104,9828,16808,568,816,0
11108,3584,9668,15468,1780,1884,0
14164,4592,13164,15920,3084,3660,0
19952,-1276,12440,14760,7056,6188,0
19844,1428,8884,15800,712,4520,0
5392,432,4976,15260,-1144,3200,0
13612,-4280,10692,22832,-2424,-3448,0
6416,7612,7212,31812,1976,-7020,0
19924,-9744,7416,21136,7244,4752,0
14748,2376,5852,5456,-4,2300,0
15528,-8008,2896,11504,-1180,6492,0
15632,2928,1100,10212,-2212,8348,0
15720,-5780,5160,15192,300,8700,0
18948,128,3600,19408,-4188,8948,0
17908,-968,2944,19480,2416,6996,0
17324,-2420,1812,10600,-716,5828,0
19156,1932,328,12796,1120,9604,0
29304,5840,-656,9796,-6360,5932,0
25392,-9012,8988,21144,7148,8472,0
10872,-1808,19808,12812,-36,5032,0
13860,4032,7940,15792,4068,3912,0
8428,4372,9740,18336,-2292,3828,0
12712,5080,11896,17384,4468,2656,0
15900,4508,12932,16444,328,3680,0
21476,-1140,9140,16128,1016,4752,0
12620,3976,6540,17456,-16,4180,0
10856,-2040,5920,16956,-1904,3928,0
8824,-140,860,23176,352,8860,0
18640,-1808,7888,12316,2256,9412,0
16972,-2008,6768,4884,-3476,6196,0
15736,-712,3812,9752,-12276,10280,0
16012,100,568,16588,-496,388,0
15840,-296,-1800,16100,864,20,0
18160,-1276,-968,16292,3144,484,0
18356,-1344,1592,16712,3144,2288,0
17076,-748,1904,16428,2016,2684,0
15888,1648,484,16552,944,1980,0
16340,-2740,812,16068,1952,1400,0
16200,136,512,15924,2508,2192,0
16352,668,564,15992,1288,2156,0
12992,-208,1724,16264,-212,3660,0
13448,-784,4688,17892,2172,1500,0
30304,484,-4448,22100,3084,-3456,0
15052,2476,1068,20912,-768,-4640,0
16140,1044,188,23500,6084,4120,0
16232,-2988,912,14100,2920,6228,0
16536,-4416,2248,16652,556,-80,0
15404,432,984,13512,-432,3896,0
15300,-3092,568,15728,-1456,6436,0
15020,-1148,980,18680,-4048,6052,0
15844,-3872,2876,16904,-1004,4948,0
18316,1856,1012,13320,1580,6920,0
20684,644,1764,14832,848,6632,0
24996,-480,-564,28464,3740,3008,0
27200,-1568,5888,17928,500,6736,0
12560,-3344,10240,18228,-4064,2052,0
12052,-1768,6568,17100,10216,1232,0
10528,1996,9496,15424,-480,84,0
13556,8948,9092,15880,2216,1432,0
18788,208,9528,14732,3332,1184,0
20496,272,6492,17872,1360,1236,0
14144,3400,8392,17836,-1160,-3440,0
11520,2492,12120,18080,1312,-6468,0
32767,-7988,-724,20432,-800,-16684,0
15624,-36,7064,27480,7044,5308,0
14996,-1896,-48,10388,8212,11984,0
17672,-5340,1768,8352,-2492,4468,0
15768,-884,868,8312,-4036,7920,0
16292,-2392,3588,16656,-2072,8060,0
16100,-1460,2160,17752,-3084,6932,0
16740,-4200,3956,19768,1700,6516,0
18068,404,228,16704,-1448,8284,0
18000,-1588,-1172,12200,792,6524,0
20432,-660,-8780,32767,-7568,-17384,0
25732,1644,2900,13156,-5052,8452,0
16240,-12212,6720,18284,1400,3144,0
9876,3808,4316,19000,6368,2944,0
13880,884,8484,16764,-1876,1336,0
13020,-1696,9412,16268,4680,2304,0
16560,3400,11160,16444,2584,2688,0
19984,376,9480,17376,-84,3424,0
17604,884,9652,18544,1184,-1628,0
9708,1860,11148,18636,-748,-2980,0
32767,-3996,-260,28600,16,-14748,0
18956,124,9276,24292,7076,5144,0
13772,1832,352,7880,29220,12068,0
16972,-7284,2620,13836,-1376,5376,0
16576,2776,2196,12380,-3976,7924,0
16820,-3024,3548,14988,-472,8144,0
17148,324,2392,19216,-5076,8248,0
17192,-2380,2132,17548,720,6592,0
17664,-360,652,8448,12,7476,0
19080,92,148,21152,7168,-9500,0
25376,3388,-3616,9188,-7740,5680,0
27716,-10328,7752,21668,3184,8840,0
7452,-1836,10084,17936,5744,2236,0
10492,1096,11788,17296,-1784,1780,0
10696,-1576,10504,17376,3488,1960,0
14964,3552,11592,15828,4528,2104,0
17368,2972,12128,14636,2128,4392,0
17132,-20,9612,17036,1528,2392,0
7472,1868,8572,18444,-1820,-300,0
12812,-2328,8784,22796,-4492,-1792,0
264,17292,5352,26072,5464,9836,0
20036,-4584,7052,15908,8732,6788,0
18468,-7108,3500,12916,-6640,872,0
15484,-348,-352,7824,-3380,8744,0
16960,-2124,3180,15556,-256,9736,0
15592,-1396,3824,15432,-3068,10676,0
15968,-1696,2016,20848,-1020,9488,0
17024,-1020,1112,14968,-280,9244,0
18508,-1320,2372,12084,196,8228,0
21740,-4416,1144,32767,-5592,-15104,0
22828,4348,1336,12956,-4856,11332,0
21372,-9896,6972,19696,-8436,2568,0
9464,4256,6200,19368,5832,2616,0
10188,1212,12624,16240,-1428,2116,0
10808,-1692,9308,17744,2504,2136,0
12684,3848,13228,15780,3392,2360,0
17740,2936,13464,15888,1624,2476,0
21956,-480,9772,16044,1204,2308,0
4512,-260,6312,17008,1160,2292,0
13760,-1916,2252,19192,-3200,1780,0
5116,7380,4656,26128,632,-1324,0
21792,5932,3604,23584,5436,6956,0
19244,-6484,3640,5700,-7032,6072,0
16900,1948,2676,6724,-648,7628,0
15632,-4392,1588,10604,-136,9456,0
16036,-1440,3748,12856,-4620,10556,0
14520,-2800,3136,16272,-3472,9672,0
15396,-1624,2844,17928,3596,7068,0
16452,-868,3652,17164,-596,6596,0
17184,-1216,5912,13220,-1364,2844,0
15692,-1788,6484,14332,4464,4808,0
15304,-1944,4096,32767,-10164,-23828,0
19016,2880,9500,13872,1444,8300,0
15220,5524,11456,15416,-7364,4548,0
10932,-1548,16872,17824,136,352,0
10620,712,14388,17516,-200,1736,0
9460,1836,13980,16768,3936,2816,0
8432,4204,13552,16968,-1516,1420,0
10080,2856,12772,16224,2788,1724,0
10404,4888,12732,16676,744,1536,0
11756,3896,9488,16624,2288,2088,0
14336,3840,8784,16544,1768,928,0
14668,4320,8556,16404,3368,1172,0
15956,2060,8160,16608,928,552,0
14384,4400,6800,16904,1564,1164,0
16152,-644,6956,16520,2904,1524,0
14164,824,6988,16736,1520,1676,0
15164,-7024,7568,16364,2236,640,0
24684,-3288,-3872,16380,3472,-856,0
11960,2676,1948,15272,7832,-2688,0
16668,-4756,2680,18408,23396,7716,0
16368,-2220,2600,19088,-3604,7696,0
16096,-2956,3712,19416,7980,624,0
14628,-3356,3660,18816,4760,2020,0
15820,-2000,2060,17892,2940,3408,0
15240,-1820,2956,16772,-816,4692,0
16196,-2480,4328,16424,-1608,3068,0
15456,316,6200,15056,2176,2736,0
17696,2464,3352,15160,-328,4776,0
18968,-964,3624,14084,612,6040,0
19832,-696,2684,32424,-9852,-15752,0
21144,5604,-3232,13704,-9532,2316,0
25152,-9880,8260,17752,2352,3472,0
9352,-296,13344,16312,-1036,3452,0
14652,7416,7508,16716,3520,2480,0
8932,2736,6316,16196,428,1688,0
13256,6328,11300,16636,2416,1640,0
16468,3892,10792,17092,1540,2764,0
19456,-556,7964,16552,1396,2248,0
17496,1648,9572,16112,172,1260,0
7488,-1076,7964,16260,-336,2136,0
32767,-156,-1568,22816,-708,-5084,0
13708,8280,10864,24760,7588,7600,0
17660,5216,1912,17332,11696,8660,0
17232,-9872,1248,12048,-6428,1028,0
13800,5320,-444,5996,-4744,9032,0
15044,-3720,2860,12336,280,9676,0
16472,-712,3292,12260,-992,11016,0
16076,-2380,2616,21016,-1828,11304,0
18340,-1588,308,17212,-492,10168,0
18968,-312,264,9212,616,8316,0
23848,996,-5624,32767,10324,9244,0
23420,-3388,4860,19692,-372,11484,0
14572,-12052,5932,17364,-4388,3412,0
14432,6400,4336,18676,8828,2220,0
7452,1148,10832,16876,-3636,2360,0
11180,-1588,11544,16232,4216,2928,0
14256,5800,13428,17628,1092,1196,0
20412,1108,12380,16032,-464,464,0
16776,2460,10916,18224,612,1928,0
8984,2424,11832,20216,1656,460,0
24252,4628,-4888,30440,-3476,-9676,0
18492,-9180,8300,27932,11312,1756,0
13796,11252,-752,11660,5892,24012,0
16900,-12100,528,15912,-1820,8180,0
17132,2340,2288,10236,-1928,7252,0
16308,-1804,4448,11532,-520,11104,0
17536,-868,3580,15996,-4644,11800,0
15760,-1768,64,21268,-768,9968,0
17508,92,188,12204,-1292,10044,0
18976,-384,-1472,14136,1320,10668,0
27316,7792,-2752,7324,-2628,10516,0
29824,-10268,6956,20588,6212,10288,0
8952,-3572,15736,15848,3036,7460,0
12584,3876,11476,16056,2704,1760,0
9284,560,9208,17216,2524,1752,0
13356,2428,10988,16432,4468,1612,0
16804,1868,13148,17276,2980,1788,0
20784,-804,8708,16924,2204,268,0
8700,2440,8136,18152,-48,1080,0
18704,-5152,-13896,20124,-1432,-328,0
1996,9872,2236,26832,-1376,-60,0
21476,-1984,9612,29328,8976,2516,0
17100,-5008,4824,9684,-3704,712,0
15708,-4760,1936,9332,-3244,7856,0
16260,8,3020,12776,-604,8260,0
16244,-3164,2304,14744,-5688,9652,0
16032,1036,3660,20052,-1552,9396,0
17192,-2248,104,19140,-500,6844,0
18528,792,-908,8496,896,5896,0
20912,-784,-9496,32767,-1896,-16132,0
25500,-268,-4656,9600,-3956,6740,0
16072,-12536,7024,19188,-2176,5448,0
11268,-208,6712,19116,11228,3736,0
14644,-952,12572,18684,-2276,2684,0
12468,640,11084,16084,3452,3060,0
14468,2320,13384,16572,500,1992,0
23928,-1500,10992,15976,704,452,0
14896,7276,10624,26604,-168,768,0
9376,2312,14516,24612,3336,556,0
15208,3404,9428,32767,1068,-9068,0
21572,-9516,13584,24528,3624,4952,0
13280,-2380,5692,6232,-3044,2304,0
17152,-1292,1240,10268,-748,5012,0
16744,-832,2576,13748,-2768,7912,0
14684,-1800,3740,17440,-5608,9156,0
15816,-1928,2832,20996,-4388,7040,0
15824,1224,-1392,15568,2112,7560,0
20184,-564,-1652,10756,-3652,7000,0
24600,1728,-5936,32767,448,-32388,0
32348,-6556,2512,8564,-6724,13636,0
11960,-9924,17624,18860,-3736,3132,0
14584,1628,10040,18484,6004,4640,0
960,1588,11236,15980,384,2404,0
12548,-356,12736,15740,4000,1440,0
18520,-540,14192,16340,2812,1580,0
19392,-996,13128,15784,1776,1964,0
11652,-612,9516,17272,-120,1668,0
12556,3940,10764,17652,-1284,3644,0
14844,2036,9696,32767,-1560,-7840,0
20148,-8812,10568,26596,7856,7288,0
13008,3476,5116,5548,-3756,5020,0
15540,-5480,544,9184,-4996,8040,0
16160,872,1776,11376,1244,7080,0
16016,-1696,4120,17088,-8128,8996,0
15936,-3012,1252,18756,-7140,9996,0
17188,1220,-1060,18140,1924,7648,0
20676,-2660,-2384,6920,-1120,7496,0
25864,3908,-7952,26708,5484,3412,0
29608,-1008,3240,15852,7544,8760,0
14668,-13052,16288,14880,3280,5024,0
17504,4408,12088,16604,5260,3276,0
5152,-1988,11692,16460,1840,80,0
11524,-2544,11920,16120,4376,428,0
8100,-1632,11760,15812,3616,3660,0
9780,2320,12312,14212,2752,6064,0
13520,1692,12752,15052,60,3784,0
17556,-1004,6284,15376,1592,2140,0
14452,-2632,3168,17752,248,5288,0
15236,-960,4596,15464,2132,1820,0
25192,-700,-1836,25440,-1212,-2604,0
17016,-3616,2328,24020,12700,3080,0
17164,-512,3256,17960,1256,16560,0
17912,-8208,1984,12216,-12692,10808,0
17100,2500,80,3148,6932,968,0
16916,-1844,3700,7684,-5592,2984,0
16576,-1412,2704,12336,-8544,8052,0
16000,-876,2340,14184,-4628,11612,0
14668,-1228,5176,18152,-972,10660,0
14524,-1356,5956,23408,1068,3908,0
17768,428,1616,8924,2344,1048,0
19792,-272,1048,13796,-140,5956,0
23556,5268,-5148,32767,8232,-712,0
25828,-6680,-1956,17296,932,8916,0
16688,-15336,8548,15924,-7852,4520,0
9020,924,11860,17492,12060,2212,0
10548,-1012,9600,17008,-2028,2484,0
10856,-2108,9868,16492,6496,1684,0
11360,-1564,12528,15436,428,1516,0
18956,1984,13692,16672,3028,3032,0
22312,928,10832,16432,-724,3072,0
14860,-748,11544,16856,2228,1324,0
11540,1188,13872,19324,-116,-280,0
9284,3540,6848,30120,-6096,-12660,0
22252,-12348,9260,29548,12632,6300,0
13528,8652,5416,7372,-1948,14036,0
15972,-10248,2684,10088,-3068,5188,0
16404,3704,912,8984,-4660,6388,0
16748,-3224,2972,14396,-6472,7684,0
17364,664,2920,16656,-8164,9720,0
15880,-1936,672,21744,4692,8120,0
17988,1000,-884,8180,-4000,6980,0
21100,-604,-2628,29280,12656,-16760,0
25096,8148,-5196,10032,-1992,3692,0
27108,-13452,8336,18056,4504,8252,0
8664,-1316,9700,16740,4764,4924,0
-11732,8248,12560,16132,-1580,1872,0
7080,1232,10024,16444,4616,2196,0
10352,1880,11484,17820,1768,1852,0
18600,1060,14212,17184,3200,552,0
22364,2736,10684,20640,2100,32,0
6480,-984,7788,17524,328,588,0
21796,-4640,-20892,22292,-1616,-344,0
6136,9664,-280,27364,2248,-3296,0
20404,-4080,7960,24304,10300,4796,0
16236,4088,5352,8404,-1804,4004,0
15624,-8212,2256,8332,-1616,8640,0
16212,1568,1684,9916,-784,8628,0
16028,-4904,1992,14812,-5772,10456,0
17056,-916,1948,20892,-5096,11020,0
17512,-428,-384,19764,4692,9284,0
20000,-36,72,5568,-1672,10008,0
22588,-3444,-5816,32767,-10236,-19400,0
25808,-4272,4436,14108,-6704,11524,0
16176,-12964,8388,19456,-56,5372,0
8828,6572,6184,18164,5356,4080,0
6200,928,11324,17452,4400,1552,0
11764,1956,10796,16104,932,1300,0
13040,4860,12672,17276,4156,3292,0
21504,1032,12392,18088,4176,980,0
20080,3576,11592,11756,-1156,-392,0
8240,-624,14688,19060,2032,-1776,0
11628,1640,4060,32767,-1748,-15528,0
18368,-13972,11692,26636,8684,5612,0
12968,9416,3420,9564,8400,15860,0
18068,-12236,2272,11148,324,7260,0
16616,3332,2000,8900,-3928,9624,0
16816,-5088,3744,15312,-3888,10052,0
17252,-12,2244,19008,-4436,11296,0
16236,-1176,-2492,19836,2036,12144,0
21184,684,-920,5480,-240,12172,0
25540,-472,-5132,32767,1108,6596,0
24756,-6392,1768,14228,-7808,11096,0
13796,-10544,6552,19944,-800,4460,0
13220,5068,8236,17940,2776,2032,0
4072,964,12904,14640,2372,2084,0
12620,2920,11816,17052,1900,2696,0
15248,4984,13828,15600,-132,888,0
21244,-1308,12372,17208,2600,324,0
14784,6512,14268,17704,-2408,-488,0
14276,36,14068,20872,-472,-7020,0
1008,6392,780,30132,3604,-2252,0
22640,-7084,11344,22736,9628,1968,0
15040,648,7596,11668,-6552,-428,0
15572,-7968,2316,6316,-3052,8356,0
17144,420,1820,11488,-572,9780,0
16568,-3376,2616,15392,-4068,10856,0
16440,392,840,24408,-652,10760,0
18204,-2108,-880,15080,-268,11796,0
19896,844,-1676,13460,-1228,13060,0
30340,7484,-9608,10572,-8556,11528,0
32767,-11868,8224,22880,9308,13340,0
9840,-3640,10160,12752,-972,5336,0
10372,2760,10528,16284,6144,3120,0
7996,1396,10464,17624,1580,1676,0
11584,1776,11304,16668,1688,2364,0
19448,3948,14796,18016,-304,1896,0
21892,1932,11656,17240,2200,-1200,0
-1720,-1528,13168,19436,-1968,-2164,0
32767,-5028,-1692,32760,-484,-10088,0
15476,-4764,11820,28792,11560,4652,0
16016,14032,232,7236,7864,22268,0
18200,-12412,2696,13408,-9112,6516,0
16060,4140,1640,8448,-788,8444,0
15860,-6964,2700,16500,-4124,10988,0
17936,-384,2184,18140,-6404,11100,0
15852,-1980,960,21392,2832,9036,0
18588,-284,-232,2596,-624,10028,0
20084,1352,-1816,22264,13516,-22424,0
25568,7292,-3696,6340,-12992,3080,0
26796,-13164,8528,21116,3428,8388,0
6164,1488,11796,19828,5700,6216,0
10056,944,11220,16912,3700,1812,0
12908,1920,13308,17072,644,1568,0
21688,3504,13168,18008,1548,-348,0
21276,1632,11156,18264,2572,-700,0
552,576,13544,21180,-720,-4612,0
32767,-7220,-1124,30296,-3108,-10436,0
15996,-6228,11896,29600,9472,4036,0
13276,8852,3416,9508,9092,20896,0
17396,-5500,2856,13688,-9936,13260,0
18116,-884,1236,7028,-1812,8960,0
17144,-4224,3968,14700,-4188,11816,0
17424,120,2828,20500,-4608,8640,0
15672,-2236,-196,24832,5132,8524,0
18596,32,-1488,13564,-1436,9812,0
23344,-5408,-2172,32767,-3800,-2160,0
25540,-6556,3576,12164,-9676,18044,0
13824,-11628,8304,20288,-2204,5064,0
10760,6160,7784,19364,4132,2948,0
-32768,14628,23752,16612,-2356,92,0
2208,8972,20760,16592,3528,1168,0
12400,4920,13580,17312,436,3804,0
20684,104,11068,17712,2128,504,0
20180,2612,11808,19620,-760,-800,0
9360,2340,16960,19228,724,-4980,0
19136,880,36,32767,-2068,-15384,0
21040,-15892,12216,29596,11844,6984,0
9660,12032,7016,7924,4672,20332,0
16340,-10976,4384,12592,-3600,8052,0
16208,-804,1368,8052,-800,8196,0
16256,-6656,2640,15004,-3400,10436,0
17316,2920,1308,21840,-2796,14212,0
15916,-2928,856,20120,2996,10320,0
18104,616,1168,3744,-1068,10140,0
24080,-2792,-6576,32767,1724,5532,0
28252,-7896,5008,13168,-7992,16508,0
14512,-6536,9164,19564,-8584,3844,0
12772,6732,7948,18176,4644,2540,0
8332,1320,13564,16680,520,-16,0
14148,7756,11648,15788,496,1772,0
15740,8896,11540,16160,-736,2768,0
19924,-648,12780,17604,3868,-548,0
15276,4204,13104,19320,-1860,-452,0
9900,712,16932,19452,-616,-2936,0
9164,872,7488,32767,-608,-7980,0
22364,-11168,12296,32767,12988,160,0
12576,8028,7140,11628,-1824,6420,0
15876,-11372,2992,6780,-1944,7540,0
16344,3976,2440,9932,-2648,9016,0
16076,-5576,2868,13992,-4812,10072,0
17364,1400,1776,19644,-3060,12356,0
17228,-2840,176,20116,3580,8812,0
18408,-100,-1264,1676,-1736,10768,0
27408,3512,-5912,32767,4344,432,0
27868,-11548,7580,15888,1168,9612,0
10840,-5712,23420,15604,-6308,4548,0
10624,5376,10656,17452,2544,1160,0
8288,3232,7972,16852,4016,-1232,0
13532,-132,11532,19224,4336,3564,0
16752,4064,13040,18388,3136,2776,0
20744,-3724,11252,18108,-64,1016,0
7956,1204,8424,17412,-1576,436,0
21600,-7284,-25612,21520,-712,-3932,0
7736,16100,10024,25220,5756,9308,0
20932,4556,4412,19076,9288,6328,0
18140,-5636,3936,13336,-2668,3244,0
14912,-5680,1304,10020,-5188,7544,0
16860,-4076,4692,13764,-1844,9468,0
16552,1348,2512,5072,-9148,12440,0
15088,-2228,-212,24328,-616,7456,0
18028,100,-808,4864,-636,10372,0
21156,984,-352,14064,4132,5832,0
27088,5156,-3128,8272,-4288,6840,0
20152,-9408,8748,20784,4792,9372,0
10344,4148,4332,18816,1108,2660,0
4328,2416,10284,16564,3412,2624,0
11692,-352,12688,16224,1848,3648,0
14896,4464,14092,16860,2528,3216,0
20384,2396,11476,16696,1168,3240,0
17160,1892,8160,19224,1672,-632,0
11268,4444,14980,21204,-920,-4152,0
18448,3512,4072,32767,-5364,-9428,0
24588,-7020,15696,22088,16664,1624,0
16500,-5224,7716,6204,-276,8028,0
14632,-3896,3516,7708,-2168,10144,0
14736,-580,764,10004,-2096,11152,0
15304,-5188,4328,13168,2608,11432,0
15020,-16,2156,17888,-1752,10588,0
15144,-1216,5464,23524,7152,6748,0
16112,-2040,3532,11624,-2792,8272,0
14560,-1468,6868,10704,6612,8204,0
23860,-2700,8272,14724,-10956,13996,0
19044,-5948,11132,25156,3052,9056,0
9332,8164,11872,17212,3032,2932,0
9224,-4860,10612,16332,-1888,1140,0
15764,11812,7100,17872,5104,596,0
13196,10928,9768,15744,-160,1952,0
16672,3568,6740,17644,1304,2088,0
17768,5124,4752,16212,1524,3684,0
17916,3084,3208,15528,-1300,5624,0
17552,-692,1688,15668,464,5788,0
16616,3648,740,14520,-3448,5252,0
13596,-656,788,16116,612,3728,0
14332,-5512,4084,16704,-1128,4644,0
14268,-2132,4652,17492,-444,4096,0
25136,-2128,-4276,21556,1896,576,0
14312,-96,-1256,19632,2768,1364,0
15584,-5480,2456,17872,4376,6908,0
17692,-2880,3192,14100,12864,9828,0
15452,-3760,700,15424,-10040,9404,0
16100,-3232,1192,15664,1772,7808,0
16368,-920,3112,15108,7572,9672,0
16016,-2108,5228,16872,1008,10944,0
17064,-2024,5460,17768,-1108,8580,0
15432,-2424,4112,17988,-144,6448,0
16036,-1792,2212,17168,532,8256,0
18540,-208,1336,14260,-1884,7372,0
18836,-1416,760,15812,1576,5908,0
22048,2448,-2540,16636,-3112,9892,0
23964,-6668,5364,18680,5796,6964,0
14660,-6488,8636,15520,-1860,2368,0
13500,6536,6396,16860,5340,2264,0
4452,1060,10688,16632,632,2996,0
12640,2040,12528,16612,2388,1072,0
16660,9324,13296,16944,4496,2984,0
19188,-328,10412,16872,84,1116,0
17876,2908,10728,17268,-1996,1596,0
8724,-956,12316,17032,2380,208,0
30920,1312,-3984,27220,-4184,-3380,0
16352,-7096,8488,24336,8676,3204,0
14724,8564,292,12584,6952,10636,0
17708,-11816,-568,14376,-8292,7992,0
15800,268,400,9496,-456,7732,0
15956,-1992,3272,13508,-1604,9664,0
16436,-2060,4120,16744,-1240,10128,0
15400,-2284,1584,19792,-212,8520,0
17972,364,1056,19820,-2704,8440,0
18768,-3220,752,9116,2232,6208,0
21156,2212,-1660,29660,8824,-26620,0
24208,9332,-6268,7160,-10280,2708,0
30220,-14324,10312,20380,304,4668,0
7416,-1740,21760,18812,9736,4008,0
12508,-120,10480,16760,528,4020,0
7480,3092,10768,16588,5232,1124,0
14472,-492,12116,15964,84,1356,0
17020,900,12432,16312,4752,3628,0
18656,1764,10768,17064,-1820,1876,0
12160,632,5732,18540,1216,3256,0
14588,880,10764,19704,284,384,0
10556,3752,6540,29820,-2144,-7908,0
20980,-11652,9760,32767,7572,4660,0
12820,2312,4124,8772,3664,26404,0
15172,-5688,2336,16944,-1712,3772,0
17968,-1108,4716,10192,-3864,7568,0
18172,-2188,4184,12756,-1424,10220,0
15968,0,2252,15800,132,6324,0
16252,-2288,1924,21608,884,10012,0
17724,-952,328,-6640,-3980,8260,0
18616,248,-1224,15868,3468,2844,0
26268,7124,-6920,7512,-2908,7076,0
29984,-9928,7360,20832,2988,9876,0
11644,-3716,13740,17716,5312,5068,0
12156,5860,6952,16940,2808,2412,0
6024,-224,10360,16236,3876,1164,0
14896,2372,11256,15824,120,2192,0
32767,19536,16744,-28500,-15508,7044,0
18132,-888,12616,17724,3540,1072,0
10652,-2660,11676,20840,-828,-532,0
15028,-1824,4880,22260,-2536,-4120,0
-516,12288,-268,28632,-1320,-7432,0
24836,-8308,8488,27044,11208,8832,0
18612,-2368,5096,8328,-2876,4724,0
16384,-7136,2312,10024,-276,7416,0
15592,1276,3984,9564,-908,9120,0
16860,-4864,3792,14052,-3844,11072,0
16260,-860,1544,19628,-3436,12776,0
16980,-2684,904,20312,2244,9840,0
18424,-424,-116,5264,672,9104,0
21540,-1924,412,32767,-6120,-32768,0
22648,4460,-2312,11608,-10932,9720,0
19888,-12808,6084,19968,-4608,5244,0
8556,5696,8288,19848,12412,2756,0
7464,2160,12136,15664,-1504,1708,0
10736,3176,9732,16856,3308,2384,0
15252,2172,12976,16632,-372,1344,0
20940,4120,12400,16456,1164,1724,0
19324,188,12112,17396,1256,640,0
4672,2588,12800,18696,972,-1596,0
32767,-6080,-932,28780,-2320,-5688,0
15204,-6588,11124,26228,10928,2812,0
12436,8400,3640,11752,4380,23940,0
15996,-9808,3640,17236,-10216,5436,0
16476,1404,1144,9604,-3492,7700,0
17388,-4272,4144,13540,-3340,10756,0
17124,1140,1772,16464,-6912,11140,0
17916,-12,-312,10980,844,9752,0
20140,172,-3616,14192,-3204,14532,0
26392,8392,-3224,4220,1580,12300,0
27184,-10280,7256,20484,5464,9064,0
7528,-3360,8968,15116,-1808,5676,0
-30524,25808,22112,16924,4768,2872,0
9340,2704,10500,16740,916,2764,0
12840,4364,13976,17088,2820,2868,0
16140,4296,16364,16560,-1344,1468,0
19556,2812,9136,11044,832,-1172,0
5584,-1852,7424,20060,320,288,0
21444,-10948,-23984,20120,-1936,144,0
7616,14556,3468,27168,2084,-5484,0
20712,-3032,5880,23072,8716,4392,0
18088,-5312,1880,11348,-3624,1980,0
14900,192,576,7564,336,8568,0
17108,-2392,4608,10260,-1612,8280,0
16208,-1240,3728,13008,-5488,11664,0
15840,-3040,1152,19456,-3856,12668,0
18152,-1840,880,20156,4492,7788,0
18096,-416,356,4564,-964,7372,0
23016,-2296,-1224,32767,-4720,-11168,0
23592,556,-1044,11804,-5684,12652,0
19840,-11668,9796,18356,-716,4828,0
10964,6400,6500,17972,6012,3168,0
-15368,-19472,2592,16160,-1752,1404,0
13468,-1836,11248,15788,3104,1036,0
13592,5848,11700,17108,208,728,0
20692,2040,11360,16992,-180,1516,0
20216,1640,12256,18172,664,2092,0
440,488,11964,18188,1712,-2220,0
32767,2496,-6964,32767,-76,-9504,0
19032,-8184,12320,32660,10444,5132,0
12544,11960,1604,6952,5980,21580,0
18192,-11948,2460,5656,-4264,6960,0
16684,-8868,2588,9848,-2692,9496,0
15812,-312,5364,14060,-4008,10756,0
16944,-556,2900,18076,-2852,11524,0
15832,-1392,-968,20920,1256,10088,0
17268,-684,-1116,3184,788,8696,0
22108,-1124,820,32767,1632,-32768,0
23904,6032,-3824,7504,-9608,7032,0
22564,-14236,7632,18860,-5172,4428,0
7260,1624,4912,18012,8532,3312,0
8136,308,12640,17428,216,1716,0
10412,1296,12896,16496,3816,2828,0
13420,1004,14152,17976,-260,2336,0
19384,2760,14148,15864,1168,2248,0
19584,3112,11084,15996,2008,396,0
3276,-140,10852,19048,448,-420,0
32767,3880,-7276,22472,1864,-2220,0
13520,5340,11992,22944,7916,6772,0
17884,5280,1340,18256,7112,6684,0
18016,-9792,1840,11212,-6888,3156,0
17508,2648,-524,9304,-2528,5500,0
14864,-428,4160,13592,-4400,8676,0
19384,-96,2240,15584,-1556,11008,0
15692,-3932,1104,23288,-1660,12008,0
18352,-1016,-8,4132,-2768,7040,0
19300,-720,-1200,11704,-3132,14140,0
29660,7788,-9560,19124,2188,-328,0
27904,-9784,5288,22276,4872,7484,0
13980,-4840,11808,12972,-1396,7204,0
12412,2032,11588,16432,4136,3360,0
6620,6040,9696,17380,1844,1620,0
13216,1088,11668,16540,3480,1992,0
16192,2736,13044,17908,3048,1876,0
19284,1432,13276,19276,2376,452,0
18584,604,12312,19940,-172,-764,0
10200,396,14616,17608,360,-2464,0
7004,3288,1224,32124,-2984,-10112,0
22092,-10900,11116,28036,9972,5488,0
12440,4892,2268,-10552,-512,20144,0
16656,-10724,2760,3468,88,9800,0
15336,-5152,2212,10232,-3532,9836,0
14876,-1464,4020,13916,-2572,10236,0
15940,-1880,2040,18532,-2312,9756,0
17768,720,2328,20916,3120,7500,0
17724,-2588,-156,4264,-1936,6864,0
19368,1080,-972,15432,4084,2020,0
26760,5692,-6088,10744,-2872,7164,0
28032,-8352,8824,21104,408,7484,0
10364,-3720,7436,17688,9988,5644,0
12228,1284,10716,17788,-296,3320,0
6720,1276,9564,17488,3860,1196,0
11460,1764,11748,14976,3904,2632,0
32767,18648,10116,-18760,-6724,13472,0
19356,-372,10936,17248,2168,1952,0
11552,-404,8324,19052,-208,816,0
12940,1212,10496,21228,-2124,-1372,0
5872,5264,7948,31068,1444,-6808,0
23880,-4784,9624,32108,11700,4684,0
15784,-4012,5796,8452,-504,5304,0
17004,-4688,2636,10932,-2432,7172,0
15564,-1280,3692,11020,-284,9024,0
16036,-2744,3596,14656,-612,10008,0
17712,-2076,4168,19728,-3308,9652,0
16152,-1536,-648,19396,1232,9360,0
17796,-696,1456,6376,-496,8756,0
18768,-968,2164,32767,4668,-32768,0
23320,7308,-1604,9020,-6684,3872,0
26164,-10364,8664,20152,-4580,5276,0
8960,-2016,17296,19036,7292,3096,0
12920,3908,8956,16864,920,3188,0
8656,4464,8764,17016,2604,2268,0
13556,3252,10816,15736,1064,1756,0
17068,4624,12196,15480,400,3672,0
20272,-1924,9468,16568,2644,4192,0
15252,848,9400,15380,548,5108,0
8728,1684,9296,16112,1492,3380,0
27400,-4768,-2324,20260,1696,10308,0
18224,160,8332,15244,-20,12680,0
13888,1728,5364,11440,-2416,14016,0
16804,-4636,3408,10220,-2132,11272,0
16456,-1932,220,10408,-4064,10360,0
16460,-1100,2824,12060,-4308,8936,0
17156,-1716,3132,13960,-3580,6736,0
16764,664,3104,15192,-5428,6184,0
16712,20,4248,15864,-5980,5012,0
16068,864,5072,15096,-2916,4384,0
15924,648,4100,15672,-4264,3544,0
15760,384,5956,15164,-2072,3312,0
16216,-708,5188,15984,472,612,0
16336,40,4716,16704,-748,-272,0
16284,-744,4652,16280,-3040,1124,0
16552,76,4692,16188,1668,-324,0
16364,68,4908,15172,-1484,-676,0
16812,-960,2064,15140,396,-104,0
18868,-2496,-344,16300,4980,-972,0
18856,-2928,2532,17560,1796,-332,0
17900,-2644,8472,16172,4836,2252,0
16092,-2240,7516,17256,196,3260,0
13520,260,10732,16644,4008,2812,0
13680,-120,10416,16880,2604,2592,0
14044,-5920,12128,14892,1520,3300,0
14864,532,11016,15652,4876,4544,0
18616,-952,8172,16840,492,4472,0
16912,260,5968,15660,1272,1788,0
15320,-340,8132,16904,72,3148,0
10388,-144,7352,20128,1456,1044,0
32767,-128,3568,21680,-1104,-3580,0
14828,2252,8408,19516,2616,7760,0
15328,1056,1924,19360,5468,8300,0
18548,-920,1864,12044,-6384,5800,0
15736,-2848,308,11432,-2604,5916,0
16104,-824,4240,14132,-616,7832,0
17488,-1608,4384,14428,-5672,8428,0
15836,-2776,3836,17472,-6576,9204,0
16748,8,3904,19052,1952,7132,0
17612,-1144,1632,14428,-788,7044,0
18976,1784,376,11056,2300,8708,0
24420,-1024,-1560,24356,2516,3848,0
24408,-5684,2788,19900,336,8480,0
15584,-6952,10240,14260,-2228,4352,0
11408,1744,5248,17292,3896,2548,0
8308,180,10972,17048,2580,1612,0
13936,-964,11584,16608,4172,2312,0
12596,2420,12404,16816,556,3176,0
17108,2120,14220,17084,-504,3360,0
19780,4056,9728,17180,1816,2640,0
4092,-4232,8392,18736,-1744,844,0
32767,4036,-3972,29808,-2912,-6096,0
14708,-1392,11540,24448,11924,4232,0
15292,11416,2196,12076,8472,19740,0
17528,-9512,2204,15916,-3772,5648,0
16732,1796,-8,7716,-1904,8488,0
17196,-4012,3556,12500,2996,11116,0
16900,-640,4196,14612,-3816,11680,0
15552,-2532,2772,19724,-1116,9812,0
17472,-296,868,18752,2800,10688,0
18772,20,-712,11412,-2132,12136,0
30520,11784,-12216,11704,-4420,15864,0
30880,-14372,6252,24084,9696,13240,0
7272,-4424,16212,15268,6160,5808,0
12920,3164,9116,17192,1104,1512,0
5932,4252,12136,16568,3924,1076,0
12620,240,13136,16100,2756,3720,0
17372,6448,14568,16456,1776,2952,0
20244,-2148,11328,17384,2108,-340,0
4928,-268,10252,19592,-1420,-204,0
32767,2260,-8112,29388,-936,-7832,0
14148,288,13676,30124,11684,3972,0
15900,11776,4220,9944,7364,28852,0
18560,-12784,4016,12952,-7424,7224,0
15604,-2052,1504,9320,-876,8268,0
15544,-2976,1844,12436,-1772,9260,0
17140,12,2384,16820,-5464,11972,0
16352,-1504,1240,21120,2796,8264,0
18372,-308,-524,-3856,-2104,5264,0
20384,2016,-1052,16520,5712,4032,0
26212,6868,-5372,6616,-14296,2292,0
22048,-12064,8188,21112,4304,6668,0
8836,1832,4572,20460,5456,6056,0
8560,3812,9164,17092,1476,3396,0
13688,-620,12348,15872,4992,1276,0
14584,4100,13276,16588,2440,3796,0
17784,3776,12336,15696,-2900,2936,0
20348,940,9580,15968,2048,1840,0
4520,-856,6592,18800,388,-168,0
32767,3720,-10740,25592,528,-6736,0
13160,8248,15068,24936,10980,3540,0
18324,11224,-692,12144,8140,18660,0
19288,-5612,2840,13392,-3872,7088,0
16924,3148,804,8160,-2424,8700,0
16776,-3516,2616,12472,456,10432,0
15452,-2096,4696,14688,-6472,10824,0
15536,-1496,1648,19892,-2088,9572,0
17668,-1040,1412,18780,2652,9068,0
18572,-116,464,8612,-808,11400,0
26776,4452,-2420,32767,3716,7568,0
25976,-9788,5580,22132,6968,8032,0
17640,-7824,8008,12788,-7708,2924,0
12424,4460,9492,16796,6536,3192,0
6208,5764,9164,17000,1092,244,0
13052,-1288,11364,16588,3992,2684,0
16400,6624,12500,17852,236,4020,0
14628,1420,13136,17056,-1652,3840,0
19208,1716,10136,16552,1168,664,0
6476,-1164,8256,18780,908,2456,0
32767,4416,-11092,24172,-2732,-4560,0
14712,6744,10848,24892,12580,1992,0
15348,5704,592,15560,4084,5128,0
18216,-8696,3496,11628,-7256,4452,0
16304,4080,0,9348,-2308,6660,0
16400,-4412,3560,12996,-836,9512,0
16504,-476,4436,13784,-4200,11356,0
16044,-2096,3084,18168,-3068,10660,0
16640,-1348,376,18932,2568,7296,0
17484,-808,1856,8272,-420,7028,0
20348,-4496,832,32767,-6100,-32768,0
24392,8384,-4256,13924,-10228,6036,0
31464,-13828,9312,18388,6092,4504,0
9156,-1056,20572,16264,1204,2808,0
11624,2416,9940,16652,3828,376,0
7548,2312,9408,16568,2412,2340,0
12612,848,10912,16628,1756,1672,0
11744,3360,10796,20556,6572,2020,0
21776,-396,10020,17076,1300,972,0
15348,1976,9564,17088,140,1696,0
8396,344,11056,18792,-264,-24,0
22304,-4740,-884,30652,-1656,-7820,0
20116,-8456,9468,26156,10076,5948,0
12276,7316,4472,10880,3388,15500,0
14852,-12156,2588,11128,-5396,8272,0
16512,672,1500,9328,-1668,8024,0
16588,-3240,3496,12204,-2316,10088,0
16632,-980,4284,15000,-3956,11048,0
15916,-2984,2912,21016,752,8776,0
16592,-1388,672,15444,1000,10568,0
17688,-992,2220,8392,-120,6712,0
18536,-1600,1456,32767,-1212,-32768,0
23272,6292,-4672,12320,-6224,2728,0
22920,-7804,10700,19208,-3024,2744,0
10868,-3920,16884,19244,8024,900,0
12412,5180,9028,16544,544,2180,0
8212,3532,12364,16712,3068,1684,0
12652,524,9932,16108,188,2736,0
16908,4508,11372,15624,2576,3492,0
16520,216,10544,15716,512,1736,0
18808,248,8132,16872,624,1376,0
6820,-116,5032,17328,556,2640,0
13376,-1640,7696,18268,-668,524,0
2816,12760,-1324,28532,-1572,-6608,0
22920,-7752,5192,25900,8844,9508,0
17292,2324,2444,7708,2924,14420,0
14428,-5768,-320,9532,-1228,8308,0
15736,732,292,11756,-2312,8368,0
16228,-3472,4092,13952,-1668,8900,0
16832,464,4956,16568,-4376,9232,0
16308,-2396,2988,20644,1872,8416,0
17820,156,712,19116,68,7952,0
17752,-2580,1584,11500,848,7140,0
21928,-136,192,32767,5872,4824,0
24248,2144,-2932,15624,-7244,7356,0
23468,-7496,8348,18320,3416,2208,0
11536,-3556,18392,15876,2836,1888,0
12368,3404,8416,16516,3836,1480,0
7000,3144,9960,17076,3832,1740,0
12912,3444,11140,15124,3396,2060,0
14828,1896,11800,15948,2868,2912,0
17792,828,10544,16512,76,1348,0
19168,1252,8204,16984,172,2176,0
6456,-1336,8088,18536,1184,396,0
32767,24,2352,24032,-1916,-3316,0
14332,-504,8132,24956,2020,-396,0
19176,7224,1628,20180,8044,6132,0
19316,-10028,1660,10140,-1968,3728,0
15800,4120,896,6324,-192,8856,0
15660,-3788,1584,10692,-280,10028,0
16172,-308,3048,12604,-3208,10168,0
17436,-4144,4204,18220,-3796,10444,0
16056,-608,732,16844,1988,7000,0
17076,-1560,900,18528,-3672,7528,0
17408,-964,1456,13272,900,9716,0
22632,-1580,520,12892,-4848,-1980,0
22236,2544,1780,19504,9748,3380,0
19008,-8156,7160,14724,-5524,1420,0
8168,6412,6444,17328,6692,2664,0
6456,-520,10756,17612,-2168,2036,0
11424,1836,9776,16868,4152,1992,0
12656,5212,11032,16440,2748,2792,0
18980,4276,11984,15928,2224,3820,0
19536,1032,9056,16628,1012,2228,0
12524,2280,10156,17296,448,776,0
14936,-5740,2600,19956,1284,-1444,0
9492,-676,6480,27740,-352,-7020,0
20736,-1844,9156,26288,9464,9036,0
15932,-5492,2892,6140,-604,23164,0
15808,-3384,616,8244,-3528,8436,0
16416,-1484,3108,9136,16,7256,0
16672,-1152,4012,13912,-4484,9456,0
16860,-336,4128,15408,-2304,7820,0
15308,-2696,1548,21988,1972,8044,0
17124,-328,1472,13488,-928,9132,0
17732,-1384,1788,12748,1412,8300,0
25420,1392,-5908,13772,-8904,-1248,0
22052,-984,5352,20156,9312,5824,0
17408,-6504,8020,14636,-5776,4544,0
8200,2044,6712,15756,9264,4284,0
9960,548,11192,19088,-2120,2796,0
8608,-660,11344,17256,4464,2448,0
13176,4180,12688,16980,2588,2608,0
18976,3036,11716,13392,1920,4044,0
19144,-228,7932,16100,2164,2076,0
12868,1456,8152,15624,-4,3528,0
10092,1204,12620,15372,-676,1496,0
17460,3180,5576,31932,-1252,-10608,0
21944,-15392,8296,8352,9528,3856,0
11820,10568,5680,10728,4020,19792,0
14988,-10512,3508,12936,-10332,5880,0
15196,1124,1780,6888,-508,8672,0
17300,-5460,4736,15116,-3500,9544,0
16752,1572,4040,17568,-6388,11312,0
16596,-2392,2388,20552,420,11544,0
17632,-1480,296,14864,1168,10116,0
17320,-516,220,8808,528,10116,0
25504,-2412,3076,23280,2328,-2032,0
22112,216,3728,21236,4004,4392,0
17280,-9540,7148,16392,-7944,840,0
9872,6916,6192,17392,6436,1548,0
6800,-428,11856,16580,3624,-116,0
12220,3016,10336,16348,3616,1608,0
12908,4168,11400,15220,4212,420,0
9624,-3996,6796,-4760,-17432,32767,0
20584,2208,8548,16812,3356,1592,0
11708,-2456,8268,18480,-1240,676,0
14008,1060,11008,18720,1080,-628,0
6468,1916,3384,29788,-1564,-8356,0
22024,-6912,9380,31692,8852,6556,0
14352,-200,3328,5208,2484,16508,0
16052,-7012,2228,10848,-36,9796,0
15608,-1460,3076,10080,-3100,9128,0
16524,-4264,3796,14012,-3644,10140,0
17144,1168,3808,12296,-9480,20528,0
15772,-3124,2592,19632,2372,9264,0
17356,-1064,668,32767,1536,8204,0
18208,-356,2668,11288,1040,7280,0
21856,-2728,664,32767,7840,3312,0
22932,6776,-1820,16888,-1692,8980,0
27040,-10936,9248,18076,-2740,2432,0
10724,220,13692,18000,6144,2248,0
11744,3056,9544,16148,672,1484,0
7608,1960,9768,16532,6172,2040,0
10384,3612,11084,16336,16,684,0
17320,700,12104,14976,2636,2840,0
21556,620,9116,18328,1076,2192,0
17480,3344,8472,17840,1336,1720,0
8632,-224,10176,18036,1540,1296,0
32767,6528,-15688,20648,1976,-72,0
13828,4272,8124,24000,1796,1168,0
17204,672,1504,22904,7360,5668,0
17212,-4164,1312,10064,-3512,5680,0
15456,-1252,1532,9068,-584,7196,0
16976,-1160,2968,10456,-1092,9840,0
16228,-1116,2840,13780,-4228,9868,0
16360,-2228,2336,18364,-3960,10900,0
15936,-1108,2040,20704,1980,7332,0
17784,-1488,2248,9144,-2672,6160,0
18000,-640,716,13660,164,7900,0
26376,3216,-8872,12964,-7748,3384,0
24864,-4148,6872,19968,6600,6060,0
13536,-10672,3376,15088,-3656,2476,0
9652,7700,8484,17080,8776,1264,0
9360,432,9480,15936,-592,1464,0
13564,828,10140,16440,2908,2468,0
14356,1196,11272,17056,3232,2064,0
23952,12452,10204,31724,-3752,3780,0
19836,-1700,6392,17188,596,228,0
7864,3388,6372,18128,136,1896,0
12900,-276,13828,17240,-580,-968,0
7516,4260,3088,31876,880,-11036,0
21912,-13268,10988,27020,7772,10864,0
13200,4524,3496,6772,516,26140,0
15396,-9176,880,8884,424,2048,0
16476,6108,1800,8692,188,8416,0
15448,-2504,4024,12848,-3584,10112,0
16832,376,3856,17780,-2948,9828,0
16352,-2364,2380,21660,948,7928,0
17608,-504,844,15620,568,8272,0
18196,-1600,540,11272,88,7260,0
24432,112,-1920,21948,-808,28,0
23284,2464,-1536,17872,2264,6744,0
20616,-6904,10752,16652,-2272,3756,0
7604,1804,7676,17120,5708,2200,0
3928,-560,9116,18588,1876,2396,0
10096,3512,9836,14312,1920,2564,0
11008,1080,11004,16416,632,2488,0
18668,2140,12124,15848,1580,3304,0
21136,-1320,7456,16916,2656,2932,0
12024,4836,7684,17220,388,1524,0
12000,2188,14772,18968,152,-1132,0
10540,6492,2204,31688,-332,-10764,0
20324,-13856,8080,32767,4536,9656,0
13516,6288,3888,7624,6836,21724,0
17200,-8084,40,13152,-2628,6240,0
15888,-496,796,9100,-6556,8148,0
16484,-2896,3816,11364,-240,9616,0
16660,-780,4032,16156,-3704,9276,0
15960,-2280,2692,21092,-1344,9036,0
17224,-1108,648,18584,136,8812,0
17228,-1212,1708,10248,-1212,7320,0
21516,-3256,-300,32767,-4664,-12244,0
24180,7748,-3628,14852,-4980,7968,0
25392,-15260,13000,18832,-740,3036,0
9472,2780,12688,17876,5932,2432,0
32767,-1360,-15548,16416,2648,1764,0
9468,4232,9720,16876,2152,2700,0
12368,880,11592,16316,472,1996,0
17856,2548,11932,16640,3324,2644,0
21904,5156,8412,17020,1488,3744,0
16936,-1016,10200,18428,296,2112,0
8384,2456,8900,18472,1500,52,0
32767,-4292,-3024,26272,-1324,-2996,0
16676,-4656,7756,20800,6656,8740,0
13564,6632,-104,17276,7640,6444,0
16888,-9688,888,10548,-4984,6004,0
16020,1224,1020,8796,732,8520,0
16604,-4248,2916,12256,196,9332,0
16496,-1676,4936,13920,-4688,8940,0
16572,-3912,3280,21380,-3528,8188,0
14320,-1044,916,24404,1456,7076,0
18492,-148,1684,11732,-1292,8336,0
18156,-892,780,13776,188,9096,0
23476,-1592,732,15640,2068,-588,0
24184,6420,-2160,19200,3992,3164,0
21944,-10236,9260,16316,-4368,652,0
8884,1640,10804,17292,6368,1732,0
9716,364,11348,16688,-576,2024,0
11152,1400,9220,16860,5340,2028,0
10984,3588,11956,15916,3072,1892,0
17456,2004,11916,16428,3572,3336,0
21708,1200,8316,16996,1440,1236,0
15656,536,7432,17860,1080,2272,0
11020,2128,11424,18292,1568,868,0
32767,-7000,3424,24232,-1980,-368,0
17740,-4268,8700,23116,5200,296,0
15480,4144,360,21104,7876,7772,0
17460,-8476,1800,9496,-460,9416,0
15676,-128,732,10840,2356,6868,0
16596,-3324,2172,10704,-2832,9828,0
15792,-2356,1240,13232,-928,10144,0
16688,-2064,3484,18300,-1812,10908,0
15228,-1904,1216,20672,-1660,7744,0
17572,-1056,1428,12716,2436,4304,0
17656,-2424,2820,14688,-512,5184,0
22564,-680,-172,21392,-6840,-1792,0
23004,4704,-2872,18996,4752,6904,0
22260,-6724,11604,14920,-5852,1596,0
11216,-736,14640,16308,5480,1260,0
10944,588,8912,16664,2444,2032,0
9512,5796,9528,17180,3120,2484,0
10928,1608,12044,17328,696,3000,0
15976,2056,13296,16620,1664,2636,0
19516,3252,10116,15636,-1284,2140,0
14056,2224,7940,16648,2948,2196,0
12540,748,5104,17444,1592,1596,0
16068,-488,6516,16932,-2796,2072,0
12832,4660,128,29620,-524,-5316,0
20964,-14964,4676,19496,5880,10588,0
14616,8800,3500,6776,4732,17248,0
15948,-8340,1960,11784,-720,8600,0
15496,-1800,1780,10344,-3292,7776,0
16144,-3640,2424,12404,1548,10448,0
16156,-1468,2220,14556,2684,10584,0
15952,-2852,2048,16896,2488,10244,0
15864,-2596,2136,15792,7928,11548,0
15940,-3332,1612,14312,-5200,8636,0
16348,-1572,2800,14868,5624,7796,0
17976,360,4480,26068,-8132,-1708,0
18736,908,2560,15736,-2260,7964,0
17464,3140,8384,16608,-6736,3472,0
13256,-380,9632,16560,2520,952,0
14776,6916,8100,16176,2428,72,0
15548,-2236,4848,16764,-704,3284,0
16768,3524,1932,16744,888,2548,0
17488,192,-976,16720,812,3540,0
17508,336,-972,16596,1288,2212,0
15228,1284,-36,16208,-940,2144,0
15492,828,-456,16360,2852,1772,0
13740,-2324,-1548,16068,1716,2280,0
14632,-3844,364,16796,-2076,2356,0
14056,-2064,3360,19296,1176,2832,0
22388,1436,-4792,20524,-4,1172,0
16260,-4588,-116,20088,1388,292,0
14112,-2136,364,16224,3600,2220,0
16568,-2840,684,16348,5144,11700,0
16184,-3176,800,13812,8264,9400,0
15812,-2532,1488,15328,-6204,8304,0
16224,-1644,512,14956,2648,8360,0
15620,-3372,2060,15016,2460,9704,0
16320,-2148,3380,16052,-5552,8440,0
16512,-688,4040,18156,-1016,6828,0
15696,-944,1340,13708,2836,5076,0
17328,-852,3784,14352,-188,5124,0
22116,-3008,976,28540,-11484,-19204,0
20012,5584,-3440,16664,-7372,5168,0
20672,-6088,6004,18220,-2952,1268,0
13260,-5780,10280,17756,7592,628,0
13504,6580,6800,16496,-808,2748,0
8060,2564,9264,16904,3916,2120,0
13712,-1536,11312,17116,160,2036,0
15208,5292,13124,16828,2972,4940,0
16224,2700,11324,16044,-368,3696,0
17980,-980,8120,16100,1548,224,0
11044,740,5484,17884,-332,1972,0
17968,-6756,-11880,19936,-484,632,0
6480,8780,3660,24932,268,-2244,0
20772,-176,7080,22764,5944,7032,0
18148,-7532,2876,5796,-8068,5540,0
15592,1636,2740,1992,4256,7876,0
17060,-7560,2492,12188,-2380,7992,0
16684,512,5244,14124,-7376,8988,0
16816,-3236,3008,19364,-3784,8352,0
15912,-1164,808,21860,2700,8060,0
17860,-1600,1228,14116,-4840,10204,0
16988,-12,-680,10332,572,9584,0
23792,-1828,-496,23252,104,-4564,0
21388,3080,3844,19156,244,7224,0
20136,-6680,8468,16816,3060,2748,0
9956,4220,8844,16868,1972,3140,0
32767,-3944,592,14872,1520,1636,0
9964,1840,10284,16796,2140,688,0
11424,3952,10580,15728,3448,-192,0
17888,2228,11520,16092,3968,2752,0
20432,188,7456,16568,-348,2016,0
13776,3000,6788,18324,1204,1884,0
11084,332,11740,19904,-448,-1324,0
10300,3672,4480,30920,-1520,-10020,0
20196,-8856,10052,31228,11444,8672,0
13212,2524,4888,6676,2440,12108,0
16592,-5960,3716,10440,576,10336,0
15104,-812,2684,12532,-704,9040,0
16648,-5844,4356,16888,-2628,9988,0
16436,524,3168,18536,-3704,10544,0
16392,-2032,2140,16980,2016,11624,0
16144,-2696,2192,16960,-1636,7372,0
18568,1056,1188,12700,328,7172,0
24628,-3372,-1192,16868,-724,1252,0
24156,1652,4400,19008,7104,4208,0
18104,-10052,8484,15160,-8200,1400,0
8500,6176,6392,17964,11644,1664,0
6756,-544,11480,18660,-2528,1448,0
13156,340,10536,16420,4212,1708,0
15392,612,10852,17208,-8,2656,0
18176,2560,12044,15532,232,4468,0
19052,540,7744,16720,292,2356,0
8728,-1712,6008,17420,220,1808,0
12660,748,15376,18956,-1564,-1604,0
5128,12364,6332,32344,2780,-8536,0
23372,-13528,9208,30052,11760,7720,0
14944,4172,3660,6244,-1392,14780,0
16140,-6748,1716,7564,-816,10996,0
16272,-784,2648,9276,-1436,8612,0
15828,-3676,3056,13392,-1792,10088,0
16860,-348,3352,19860,-2348,9744,0
15936,-1916,2372,22492,1460,5880,0
17776,-1048,1060,12932,-420,4972,0
18216,-2352,1640,13220,2380,6040,0
22308,-3544,-2264,32767,-7748,-21404,0
23100,5412,-4744,14892,-4292,8268,0
24908,-12092,11136,16220,-3240,1528,0
9484,560,14056,17116,6108,1412,0
-32768,22132,9240,17080,-4840,2168,0
7120,3412,9740,16356,3856,1572,0
12752,-2772,11312,16820,960,2552,0
18712,3180,12932,16620,976,4188,0
19848,-256,9524,16756,2532,632,0
12228,948,7484,17408,-244,1612,0
13752,-400,11728,18720,1200,764,0
8412,4668,6520,30112,-1212,-9580,0
22408,-9608,10232,32767,6636,6680,0
14204,-452,4580,8892,2416,19000,0
17452,-2556,1492,11180,-5608,7704,0
15532,-2900,3076,9756,-676,9052,0
16820,-2704,3420,16472,-4056,10524,0
16192,-1344,2584,15108,-2492,10812,0
16220,-2416,3048,22392,2608,8224,0
16340,-628,428,16432,-2660,11684,0
18084,-1364,-916,11652,3056,8004,0
24424,476,-1892,32767,13436,8508,0
23516,-1044,1272,16604,1176,10816,0
17908,-10900,9064,16504,-6272,908,0
9376,6636,21800,18080,3872,1276,0
22848,-1864,3376,16780,-1164,1792,0
6880,-92,9696,16716,3704,2048,0
13892,-1496,12136,16888,2220,1548,0
14604,5272,11992,13388,-4396,4956,0
20364,-112,8840,16492,1060,2212,0
8536,3560,6396,17920,296,1680,0
15212,-5816,-2056,19700,-4348,472,0
4520,12292,1760,28304,1868,-6376,0
20968,-2484,9332,26220,10380,5304,0
16524,-2192,4528,7524,-4712,15840,0
15744,-4660,288,7220,344,4388,0
15992,-1328,2320,9180,-9168,8004,0
16588,-1736,3236,14140,308,9860,0
17980,-1648,3684,17160,-1924,12456,0
16224,-800,1084,24144,-2984,9796,0
17592,-1008,316,8320,1308,6508,0
19904,1692,324,12440,-1828,10596,0
26716,2148,-5324,9468,3348,7736,0
26244,-10092,11620,20328,8240,8772,0
10908,-2556,9196,14928,12,4232,0
6356,4840,17164,16796,2892,2236,0
8424,-4412,7736,16428,2184,2568,0
13872,14564,9648,16672,1608,2372,0
15072,2064,12084,15600,3916,2152,0
19952,3676,11276,15956,-2532,1604,0
16984,1324,10612,17344,-420,2284,0
4836,304,9712,18144,-12,1768,0
32767,-2272,-2596,27252,-1608,-4360,0
14608,-4376,9448,22572,8780,3696,0
15064,6752,3112,15468,8408,3020,0
18072,-5984,1940,10968,-5440,19924,0
15280,-844,1636,10792,4012,4220,0
16400,-1724,3144,8228,-8608,10248,0
16472,-2520,3852,14212,2184,11640,0
16424,-3240,2884,18444,-540,11428,0
17820,-112,2920,21380,236,8500,0
17472,-1920,748,11612,3204,6592,0
21192,-4308,-456,32767,-7096,-27392,0
21212,5208,-1328,9656,-7080,11504,0
23800,-10672,7864,18496,-4900,2888,0
11820,428,19152,18956,4852,3380,0
12588,3240,6952,16744,912,3016,0
8244,448,9500,17228,5184,2972,0
11792,2352,12700,17760,620,1888,0
16112,1556,12676,14932,1268,2260,0
20484,596,10484,16428,1212,1512,0
14076,2180,7316,17856,-580,3456,0
12152,-408,12924,18812,1324,-400,0
12672,4816,5880,31556,-2284,-11724,0
20592,-10972,10960,23424,6724,10428,0
13992,1508,6140,9408,1624,11348,0
18292,-4384,2792,8284,-8896,12448,0
17188,-1936,3108,10288,6680,5496,0
16456,-3584,3896,15056,-9656,8420,0
16584,-836,3024,15348,-3480,11220,0
15388,-2816,2236,19496,2140,12168,0
17280,-1928,464,16688,24,9004,0
18192,308,260,8548,2188,8728,0
24872,1228,-192,32767,5696,8204,0
20300,-500,1628,19228,-500,10848,0
19708,-10700,7480,16676,-3680,3784,0
9820,1588,16496,17676,6240,2572,0
9688,2800,6424,17048,692,1704,0
6012,76,10548,16728,4796,3056,0
13200,240,13848,17236,1396,3212,0
17900,2844,14076,15028,492,3404,0
19500,3104,8476,16828,1060,1144,0
12228,464,7128,17620,-64,3464,0
13192,-1348,9072,19168,-16,-860,0
8360,1012,5656,29616,-2612,-10384,0
21800,-4592,9576,30108,8888,11172,0
16004,-2324,4924,8344,2156,19212,0
16044,-4528,2164,10424,-6840,10876,0
16948,-2020,3172,11244,1296,6740,0
16700,-2792,3248,14828,-6648,6968,0
16528,-940,3152,15972,-3720,9736,0
15624,-2272,1908,21996,232,9708,0
17628,-760,988,14740,-1244,10912,0
18660,-1504,-316,10416,2320,9080,0
24352,144,-2412,18196,-3632,-676,0
21464,-1148,8388,20888,5172,6904,0
15212,-10700,7592,14664,-3140,3688,0
10192,3724,7700,16680,3676,3628,0
2164,2540,8820,17992,1952,1848,0
9808,2244,10864,16704,3216,2748,0
12816,3432,13376,16652,3204,2628,0
17632,2724,12480,16624,1768,2476,0
19808,1008,7848,17880,916,948,0
8212,836,7540,17548,292,1548,0
13236,-176,10252,18208,-328,116,0
7928,1576,6708,29488,1108,-8612,0
20148,-8060,9592,28088,10884,6772,0
15204,764,6568,8784,124,20820,0
16676,-5764,3068,7748,-6908,9184,0
16432,-896,3064,8452,1976,7680,0
16848,-2968,3560,16128,-6132,9404,0
18968,-980,2660,19148,-2880,10072,0
15872,-1916,1964,22916,2700,9076,0
17884,-1472,608,13656,-736,9268,0
18256,-980,-356,13504,-648,10732,0
25928,2832,-5836,7420,-6904,4032,0
22048,-7104,6680,21968,8272,9024,0
14996,-8092,5304,13484,-4836,5144,0
12100,8072,8464,15592,6728,3608,0
10388,-1816,11260,15712,408,2828,0
12392,3220,11232,17424,2080,2220,0
13868,3160,13372,16668,3468,2352,0
18840,3328,12800,17308,-796,3812,0
19300,1608,11140,17932,216,1264,0
5308,1304,12492,18768,2616,-1620,0
18612,2484,6944,30240,-1568,-9760,0
19504,-7752,14252,27596,7020,6172,0
13596,760,7408,10048,3948,21988,0
14892,28,7336,12496,-6700,5224,0
16748,-1276,3672,10448,-4668,9024,0
17364,-1112,3864,14240,-1944,10624,0
16436,-844,2832,14496,-4648,10140,0
15544,-2468,364,19912,1584,10920,0
16572,-1232,-1940,15796,2340,11080,0
19924,-280,-1232,13188,480,11664,0
28992,10484,-11552,12176,-5628,9800,0
27632,-9544,14140,19756,4900,10512,0
10108,-7592,14168,14048,3080,6132,0
7744,6440,10740,15996,3712,6368,0
6872,-2900,11120,18252,136,2736,0
12920,2588,11400,16072,3148,4660,0
15228,2144,14756,15608,5204,2220,0
20856,1028,9884,16380,788,3276,0
14668,1428,9636,17844,1264,1712,0
10572,836,11584,19344,836,-908,0
21024,4292,3684,31940,-3108,-12044,0
19620,-8116,9916,16340,3948,12624,0
12924,4796,5268,12076,6272,13680,0
15752,-2988,2832,8996,-9336,12044,0
16828,-2588,2816,14392,536,4544,0
16308,-1408,4040,13704,-11756,9252,0
16892,-1056,4152,32767,9728,2604,0
15016,-3092,164,22620,-1260,11200,0
17680,-632,476,17580,-880,10692,0
18112,-816,520,12060,888,9020,0
27940,7632,-11888,15604,-6148,1944,0
24672,-7544,9120,20332,5824,9176,0
9120,-7320,13840,14180,388,4420,0
9616,7876,10800,17680,2500,4492,0
18896,-2012,5720,18216,596,2344,0
11948,1952,10324,17292,1132,2432,0
14392,4732,13108,16156,4948,2312,0
20504,3668,11464,15308,5144,2868,0
18120,1392,7080,17436,-304,3424,0
6704,-448,7040,17868,348,2768,0
14044,-2480,5036,21232,-4904,-2564,0
4084,5984,3668,25792,960,5112,0
20692,-3580,7752,23500,10816,4948,0
16972,-2008,5476,6988,-4436,8992,0
15964,-6160,2748,9220,-1648,7972,0
16460,328,3164,8672,-2936,9048,0
16124,-4548,3764,14244,-2280,8616,0
18000,-996,3304,15220,-4088,7864,0
16176,-2656,1080,21804,1868,8560,0
17308,-348,700,2124,-1268,7980,0
21480,-2588,1480,32767,-1052,-32768,0
23040,5832,-708,8100,-6756,9420,0
23252,-9828,9816,19756,744,6992,0
7108,1092,12244,18116,3460,3684,0
4192,3536,12712,17124,2840,2056,0
12044,1540,10876,13216,3240,1536,0
13868,7852,10596,16280,2576,2096,0
18276,3096,11140,15896,1416,2492,0
20964,-80,7152,17288,1820,3052,0
14120,1360,5492,17436,388,1596,0
11760,52,11884,18320,104,2304,0
32767,-11024,-1104,28556,116,-7552,0
17340,-1576,11040,25540,11499,-1,0
15044,3336,1016,12364,5972,10332,0
16308,-7544,3456,10648,-8024,4540,0
15392,2048,1348,13632,-5396,5308,0
16160,-2604,3732,11452,-2492,8940,0
16812,-1260,3024,15792,-2576,10624,0
16948,-680,2104,19508,-1600,10576,0
17616,-1992,-108,13016,2080,10180,0
17532,-808,744,11312,-300,6968,0
24488,-1272,744,23744,176,-1468,0
21984,504,4512,17512,4836,6312,0
17804,-8364,9184,14748,-6776,3796,0
10816,5896,6116,17208,6104,2288,0
21436,-25396,-4504,16352,1616,1344,0
12700,432,11080,17604,5328,1928,0
12520,1916,11928,17096,408,2836,0
17276,1812,12868,16584,388,2432,0
20100,404,8504,16764,724,1648,0
6664,264,6932,17912,228,2004,0
32767,-504,-9088,22452,1428,1012,0
9204,6116,10844,22592,5732,6788,0
19376,10080,1980,17428,6924,5808,0
19116,-4640,4884,11944,-6580,4144,0
16408,408,1676,9436,-608,6820,0
16620,-2452,3396,13376,-84,8776,0
16484,-452,3156,15252,-5892,9984,0
15668,-2984,2388,19740,-2756,9732,0
16672,-464,1128,18564,3052,8160,0
17264,-812,-716,2404,-1884,7992,0
22212,-3912,-908,32767,-9140,-17688,0
22096,5492,932,12548,-7460,13652,0
19784,-10324,10024,19380,480,3648,0
6548,3544,11420,18592,1836,2444,0
4828,1780,17608,17228,2828,2244,0
11672,388,10992,17548,2276,1756,0
13272,4940,12204,16412,3608,3048,0
18592,988,12432,14480,2472,3264,0
18508,3036,7360,15392,268,2652,0
14616,700,7496,17112,700,3024,0
10388,2124,11312,19428,392,136,0
21680,3704,344,31056,-2064,-9532,0
19472,-10192,7868,23960,8580,9576,0
17176,-6072,2444,9768,-9500,7104,0
16540,-3508,2260,9772,-3328,7240,0
15912,-2568,4732,11748,-628,9824,0
16888,-1380,3644,15400,-2936,10160,0
15496,-3060,3360,19588,104,8176,0
16828,-1372,1096,24048,984,8228,0
17244,-2220,900,6588,40,6908,0
19960,-4000,932,32767,-2608,-32768,0
24360,5876,-3460,10704,-8984,7248,0
24160,-8148,12280,19136,1596,4416,0
8784,-2988,15956,18468,4576,3604,0
9680,7136,8168,16692,1560,2412,0
5428,560,10984,17544,3532,2768,0
13004,3456,9292,15692,1548,1860,0
15732,6288,11204,15884,1352,3604,0
18908,-1804,10356,15492,1688,3188,0
18316,2856,9680,17820,236,1496,0
6728,-156,7424,17908,1680,1364,0
32767,-3208,-600,23612,304,-1212,0
14120,3760,7256,28948,944,-2516,0
17832,7408,976,22084,5956,9364,0
17520,-7784,3212,7256,-1688,14580,0
16636,2056,2480,6124,-328,13224,0
16764,-1504,3164,7968,4332,7888,0
16384,-908,3820,13448,-12680,9380,0
16248,-1996,4256,15352,-1872,9376,0
15836,-1748,4880,19672,1856,7528,0
15788,-1148,5076,19356,-2868,5008,0
15792,-1076,3724,12104,324,2616,0
17076,-860,3824,10692,1576,4332,0
18612,-572,5324,32767,1640,7244,0
18592,2368,5100,20392,-2396,8540,0
11540,-1016,12856,16944,-204,3012,0
9196,704,14312,18320,-208,1284,0
9048,4684,15548,16976,2256,1732,0
8372,5152,14976,16360,2500,2228,0
6668,4892,13728,16560,728,2304,0
8248,5456,14124,16236,4300,1324,0
8284,6200,14124,16032,2500,3044,0
8684,5952,14536,16828,1164,2412,0
9792,4016,15064,16360,700,4212,0
10180,4580,13620,16664,1680,3128,0
10012,6264,13504,16476,3156,1624,0
10956,5644,10244,16468,864,756,0
13656,4944,9172,16580,2552,564,0
13908,4884,8648,16652,1040,704,0
15900,2808,8200,16936,2488,2304,0
16552,940,6148,16900,1060,1124,0
15584,-24,5176,16252,3804,64,0
14736,-2992,4444,16416,2100,-164,0
14124,-4896,2908,16956,1076,1520,0
19464,12540,-3972,16620,2000,564,0
15128,-2296,896,15840,752,-4152,0
17384,1060,632,15388,4396,-5084,0
15920,-6668,2004,18696,6740,3504,0
16680,-308,4244,16024,14348,7728,0
15996,-4224,3488,15584,456,9004,0
16308,-2404,3844,16224,156,6756,0
16288,-3728,3568,16604,620,7176,0
17160,-1108,4428,16600,4216,7720,0
16792,-2828,3948,16988,1760,8768,0
16576,-3060,4584,17844,2276,7720,0
15296,-1968,4464,16460,1488,7272,0
14944,-2824,4980,16272,1284,6444,0
15108,-1732,4748,14536,232,5544,0
16892,-48,5412,11956,-864,4860,0
16832,-728,4040,13164,-448,7996,0
25248,2108,-1940,12244,-5872,1036,0
20664,-2036,12572,20896,7812,5520,0
9708,6020,11160,16356,4848,1076,0
21192,-4524,-12548,15796,-400,756,0
10196,5764,8420,15288,2060,2620,0
13104,6288,10152,16244,2816,2004,0
16648,4996,11208,15272,3804,2996,0
18296,788,7804,18064,-72,3564,0
17580,588,6712,18124,-76,1468,0
8756,-1016,7576,18240,796,844,0
32767,-2472,1076,22232,2884,-2648,0
14164,1652,6092,25468,3204,-3356,0
17996,764,3044,20548,3856,8528,0
16164,-2848,988,9696,-5560,14952,0
15356,-2476,964,6624,4252,9560,0
16236,-1468,3508,5128,-1500,9268,0
16336,-1684,4208,14912,-6424,10132,0
16440,-1736,5084,15464,-3528,10968,0
15380,-1348,2392,21104,2072,10572,0
17484,-736,-536,10220,1348,9236,0
18208,-1660,836,11240,1724,7472,0
24044,408,-1948,32767,13112,7908,0
21772,-228,-2608,16972,2152,7708,0
19172,-7004,13548,16116,-7060,940,0
7444,4268,10496,17360,6864,2336,0
9844,-3272,10316,17708,-4,1752,0
10716,1488,9156,16684,3224,1972,0
11460,-1860,11348,16984,1444,2908,0
19888,3956,13448,15384,1104,4528,0
20856,-2232,9572,16612,664,920,0
6216,1028,7836,18652,652,1556,0
13560,-308,9100,20172,-2008,-688,0
1544,10444,1652,27308,-540,-4036,0
23308,-2404,9876,27864,8780,7340,0
18676,-5584,4868,3300,-6388,16528,0
17280,1376,1760,10092,-1380,8640,0
16204,-2584,2768,7664,-1868,8640,0
16424,-3120,4416,13592,-6236,9680,0
16776,-856,3612,15708,-4632,9716,0
15476,-1340,1512,20872,2864,11204,0
17984,-1144,924,14808,-936,10428,0
18732,-508,68,14188,2200,10000,0
26692,8284,-11040,11060,396,12892,0
22400,-6344,7708,19300,6452,7168,0
8684,-7640,14844,16364,724,6008,0
10000,4096,13520,16604,3800,2796,0
4504,-1272,12560,16152,3552,2380,0
12736,7464,12472,16416,3628,2816,0
16096,380,12120,16452,4060,2208,0
18376,324,10008,16344,1520,2528,0
18112,568,9564,18152,1472,1016,0
8704,4048,8180,18600,316,744,0
32767,-668,884,23760,860,-5888,0
16912,5036,8780,24316,7832,10256,0
17756,6424,1456,19812,9220,5820,0
18476,-7936,2444,8084,-5380,16832,0
16852,1028,1220,10720,56,4312,0
17696,-1380,4324,7012,-3488,10148,0
16300,-1848,3688,12900,-5492,11320,0
16420,-3084,1736,17476,-516,12644,0
16372,-1320,1624,21668,2064,7884,0
16428,-436,16,2852,-2816,7656,0
20832,-2096,532,32767,-2196,-32768,0
24456,5616,-7028,10588,-5860,8160,0
26256,-12060,9136,19744,-1588,5532,0
9428,76,15208,17156,1652,2528,0
10680,2668,10252,17180,3444,972,0
9772,4148,9512,16008,332,2888,0
14780,1776,11384,16176,3076,3668,0
19336,3708,12952,14076,904,2840,0
19708,-280,7824,18280,2148,1628,0
9324,-1144,7512,18368,-276,1636,0
13128,-2216,8104,20016,-364,-1636,0
6556,3976,7896,29928,-480,-11028,0
22864,-4620,9260,32767,10852,8692,0
16904,-6464,4692,5532,52,19376,0
17560,360,4824,10908,-2388,5700,0
16400,-1952,3392,7252,496,9400,0
16664,-3532,3364,14892,-4156,10660,0
17372,-1492,3720,16916,-4904,10412,0
15296,-1584,2532,21556,3888,8204,0
17368,-208,344,7968,-5972,9332,0
19768,-1244,-1704,21444,8080,-8504,0
25220,6208,-7076,13900,-5860,9908,0
30320,-8144,7692,18068,-1176,6760,0
11488,-4908,22604,17272,5992,3492,0
10864,5480,8568,17328,508,2400,0
6588,2516,10872,16292,5008,2316,0
13564,1972,12484,16508,-152,3788,0
19792,4232,13508,15720,2340,2476,0
20024,-260,11304,17484,2508,-380,0
8984,976,9764,18476,-368,1248,0
12976,-1620,7480,18180,-1392,-1008,0
5220,3660,4468,28172,244,-6660,0
22880,-5776,10060,30796,7648,7840,0
16692,-4048,5012,7888,428,12924,0
16632,-1876,3280,11868,-528,8480,0
16368,-1892,3936,8728,-1236,9756,0
16836,-4044,3704,14688,-2624,10240,0
16004,48,2536,17064,-4772,10000,0
14384,-2672,360,17844,2920,9804,0
18288,244,916,11472,-3264,9096,0
17652,-440,-1000,13792,1220,8344,0
28368,10084,-9300,6468,1928,9916,0
26960,-8648,12808,18864,-328,10572,0
14976,-6876,16408,17088,4980,6724,0
13168,2732,10588,16248,3808,4440,0
5072,4988,11948,16956,2456,3268,0
12728,940,11420,16636,4124,1792,0
15508,4388,12964,16016,4084,3856,0
18872,748,8872,16048,636,4128,0
17584,0,9524,17732,1100,1872,0
9060,1012,11640,20852,372,-56,0
21308,6116,4144,32240,-1072,-11924,0
19948,-6596,10360,22408,9428,10008,0
12792,4304,5844,8268,7680,23824,0
13432,-620,5264,14484,-16144,5908,0
16336,-200,3176,9432,-3748,7748,0
16996,-2308,4360,11844,-1224,8144,0
16316,-556,3312,14708,-4384,10320,0
15996,-3232,1628,20424,-4112,10224,0
17700,-400,16,20440,428,12976,0
18188,-2092,-708,7624,248,10352,0
25088,-640,-404,31628,6868,3780,0
22468,-2444,9852,18108,-664,6756,0
14708,-11120,6724,16780,-2244,3772,0
8504,5988,8992,18048,3244,3176,0
11996,-1824,9828,18480,-732,648,0
13808,3400,10752,17308,1724,4628,0
13232,2492,10400,16912,3408,2828,0
19004,1584,12108,16584,152,2284,0
19284,544,8948,16952,2316,-760,0
8988,1900,9388,17932,-432,528,0
21520,-7404,-19888,20512,-464,-212,0
4948,6764,4892,25408,1196,-3196,0
21432,1484,7072,22444,7724,7200,0
17284,-5696,2812,8716,-624,11764,0
16452,-2104,4280,11700,-436,8076,0
16628,-2096,6036,10448,-2184,8772,0
17684,-2552,5012,14176,-3752,10116,0
15988,-396,1320,17872,-3344,10420,0
15492,-2772,-296,20912,1396,7904,0
17516,-104,520,10892,-1824,7756,0
18800,-1276,28,14252,1468,7608,0
26228,5184,-9328,11676,-3092,8032,0
22444,-4968,9016,20532,7140,7956,0
10240,-6812,16172,14804,-76,3656,0
13140,2228,8832,16136,5048,2764,0
7916,4800,10664,17648,3148,2484,0
13412,2244,11180,16904,4152,2700,0
18392,1648,14704,19960,3008,3120,0
17984,1344,9788,16008,1988,1340,0
15384,-376,11944,17704,388,780,0
10028,1800,11536,18048,2144,420,0
32767,-6568,1424,29492,-2752,-8024,0
18568,-7572,10508,21352,5392,8128,0
12412,12620,2184,11196,7388,11688,0
16088,-12632,2068,8976,-13664,7712,0
17160,3332,1776,10940,-636,6272,0
17056,-3592,4304,13256,-4524,7408,0
17772,788,4068,14240,-6004,9732,0
15984,-2456,2300,22832,-2884,9244,0
17252,-512,488,15232,516,10548,0
17260,-1248,-988,8720,-284,11640,0
26900,3156,-2860,29020,2436,4660,0
24980,-8476,6912,19768,5380,6168,0
12588,-9864,4404,14796,-7532,4876,0
10148,7788,9068,17560,3656,2348,0
6584,1384,11020,16848,-440,1440,0
14080,1944,10596,16652,2200,4184,0
14188,1308,11888,18124,2964,3588,0
19172,4016,10112,16612,3396,3212,0
19256,2836,9256,17460,-668,900,0
6788,-1820,7928,18180,960,700,0
14808,-912,1508,19488,-3948,-1836,0
1940,9608,2184,27904,2984,-3888,0
22028,564,7132,24576,10040,8000,0
18244,-3256,4248,9028,-2044,13496,0
16576,-2064,1436,9072,-3064,11716,0
16028,-1052,2536,10508,604,9968,0
16452,-4096,4960,14528,-4288,9688,0
17524,-392,2748,32767,-940,18668,0
15516,-3536,684,22324,4096,8676,0
17408,-464,16,2264,-4684,10660,0
19936,1640,-940,20444,11528,-14792,0
26252,4816,-5612,6644,-5316,488,0
26984,-9516,10108,19140,3260,8932,0
8592,-1660,19124,17400,1172,6156,0
11636,6120,7976,17152,3088,3152,0
8404,300,9584,16872,2360,2344,0
14060,3904,10584,16336,1652,2372,0
16432,5640,11156,16388,1372,2396,0
20788,-1944,10332,16380,1448,3016,0
16960,3240,11028,17892,204,1756,0
7656,-984,16396,18148,1976,-3396,0
20100,7584,6008,32740,-840,-13948,0
20156,-9808,13620,27504,7772,8592,0
12616,6828,4276,10300,5464,19696,0
14652,-10788,2972,9656,-8832,7896,0
16784,228,3308,10800,-2236,7184,0
17208,-4104,4720,14024,-5508,9084,0
17308,832,3828,15800,-4604,10224,0
14624,-2776,688,22116,1720,8996,0
17548,-1004,-852,10568,-1748,9216,0
19892,712,-40,14800,952,5744,0
25376,5480,-4772,11812,3612,9228,0
25460,-6816,8936,18652,3916,11640,0
10124,-6012,20788,16680,1912,6356,0
12012,3844,8948,17140,2320,3532,0
5944,3912,10556,17552,5024,2488,0
13212,412,10192,15340,3204,2764,0
21460,7544,8756,14468,4960,1912,0
20040,336,10800,19816,3880,872,0
16348,4412,11632,18760,-1844,92,0
7976,-2120,15236,26196,4020,-3868,0
13340,788,9252,30512,1448,-13948,0
20380,-7068,12296,27248,7396,9392,0
13984,3232,4428,6164,5664,17444,0
17448,-7380,1064,12704,-5396,9400,0
15956,-676,2440,9248,-1312,8000,0
17052,-4780,3632,14008,-4796,9204,0
16856,632,3356,16088,-3792,9604,0
15724,-2064,2664,19980,2472,8804,0
17820,-908,-436,14900,-3044,7684,0
19068,-576,-776,12672,2528,9232,0
26072,1048,-6624,13732,-3616,-68,0
23520,-6164,9916,21104,5500,6524,0
12552,-7228,7888,14288,-7788,3144,0
12420,6384,8244,16980,6300,3048,0
8148,2060,9256,16284,284,1472,0
12880,1808,10896,15464,4268,2308,0
16668,2616,13088,16904,2308,2048,0
18728,440,10356,17360,1768,660,0
17016,3228,9932,18424,1412,-424,0
10212,1656,11528,18800,1152,-1408,0
28224,-104,-4696,29996,-2516,-5840,0
16692,-6856,9624,24648,5960,9096,0
13456,8400,3460,10564,5856,17864,0
16904,-10344,3496,12424,-7568,6592,0
15884,1908,672,10352,-3728,6836,0
16188,-5300,4548,12748,-4176,8792,0
16688,128,3360,14788,-5640,9996,0
16668,-3840,2368,20532,-2112,11676,0
17620,-332,-496,24192,1952,8756,0
17884,-1424,-680,9256,792,9692,0
26360,-2316,-4128,19488,-8052,-1100,0
22588,-4304,6708,19792,6472,5608,0
13344,-8908,9556,15012,-5420,4236,0
11576,6256,8096,17148,3672,1388,0
32767,-4496,1540,16964,-728,372,0
11828,1848,11028,16476,532,2792,0
16544,5928,13180,17284,3424,3140,0
19844,1616,11112,17816,-548,1792,0
16216,3088,11284,17008,1276,-2504,0
7180,2300,14236,19240,1696,-1760,0
24684,1296,-1636,30844,-2224,-7152,0
17152,-5424,10296,23856,5308,7480,0
12648,4316,6228,11440,5732,13812,0
16980,-12356,3776,10164,-5320,7824,0
16540,940,2648,9608,-2036,8428,0
17044,-3816,4088,14228,-3944,9436,0
16344,-420,3000,13556,-5720,10192,0
15748,-2112,2744,17160,-1416,7984,0
17500,-1452,-52,16296,2216,8844,0
18440,388,1620,10924,540,8996,0
23752,-2080,-620,32767,9096,6996,0
23392,4136,-3516,15232,2660,8364,0
21920,-9616,9304,16648,-8220,4480,0
9452,2252,9300,17248,2932,1448,0
13376,-1892,10388,17072,2056,836,0
10852,1040,10616,18660,1756,2036,0
13008,-1488,12648,17556,2092,1488,0
17844,2360,12808,15092,1524,3776,0
19340,-1636,10292,17164,-208,1720,0
9516,2420,7352,17800,960,2016,0
15580,-228,8504,19208,-12,-76,0
5648,4536,4436,29716,-636,-9724,0
20468,-8320,10712,32767,13456,7844,0
16556,-8160,2472,6832,-1044,7052,0
16024,-396,3544,8336,-3900,7724,0
16908,-3236,3676,11616,-912,7696,0
17568,940,4064,17412,-4640,10120,0
15500,-3592,2064,21872,2064,10316,0
17804,-408,268,18052,-1568,12580,0
17968,-1076,644,11100,2216,9620,0
25864,784,-7160,15364,-4796,3712,0
22520,-5404,8392,22500,6236,6496,0
13328,-8364,5280,14296,-2796,5516,0
11168,6928,9020,17180,2964,3232,0
7808,-80,8164,18296,1916,2708,0
13400,4480,9984,16244,1948,2036,0
14468,5352,14552,17280,4140,1908,0
20016,628,11444,16728,1344,3064,0
17836,3748,10316,17176,-200,-628,0
6516,-1884,8356,18316,1824,-724,0
32767,4528,-8004,26748,652,-1324,0
14260,-3752,8660,23216,6812,5024,0
16460,8692,4100,17688,7164,5388,0
17828,-7364,2636,7608,-6136,5556,0
16688,1120,1076,8952,2944,5184,0
16528,-3780,3452,12852,-4428,8036,0
16448,-1076,3336,12616,-6304,9368,0
16304,-2892,3300,21248,-3364,9736,0
16592,-1536,304,15044,5328,8996,0
18028,-164,1228,2516,-3796,8848,0
19928,-5668,1224,32767,-8696,-32768,0
23132,3740,-472,12420,-8104,11328,0
24188,-8124,11728,19624,-1004,4812,0
9376,-624,15372,19156,3500,4488,0
9588,4032,10884,17188,2080,2376,0
6892,148,9740,15724,2496,3016,0
13904,7900,9636,15472,1116,2092,0
17020,2704,12596,15576,1520,2544,0
21492,1552,9220,15800,1600,4160,0
16148,2424,9688,16612,508,3064,0
5544,-768,6796,17508,216,1772,0
32767,-3640,-4336,22404,-836,-1976,0
11140,2988,8152,23048,3436,3684,0
14448,11232,900,19404,8660,9020,0
16044,-10848,3596,4212,-3904,18244,0
17020,3776,3212,10624,5804,7784,0
16596,-3364,4740,10476,-4192,10044,0
15916,-2548,2328,13912,-500,10372,0
15960,-2364,2560,17876,3692,9720,0
15972,-5336,4320,17836,2100,7164,0
16400,-1628,3468,17360,1852,8304,0
16252,-1652,4976,14320,620,8100,0
16336,-3232,5148,11880,1828,8760,0
17132,-2412,6288,32767,-16848,-10820,0
15936,-828,7236,14592,-8520,6300,0
18012,-5556,10328,16244,5376,1836,0
10852,4732,10796,17112,708,712,0
11424,-872,7400,17244,-1452,2928,0
16112,8636,5808,17636,128,1748,0
15032,11180,7740,17164,1600,3808,0
17240,1280,6180,15336,1004,2920,0
17780,5536,5428,16620,1460,2192,0
18104,564,3204,16316,460,3616,0
16632,-1268,1888,16720,2364,5012,0
14180,-2208,4120,17904,-2628,1744,0
14764,4312,4612,17880,664,828,0
14576,-8724,6976,18452,132,1040,0
23300,-28,-3972,19924,904,-564,0
15628,-1980,-1468,20372,1644,872,0
15588,-6188,4148,16688,7424,11080,0
16356,-4388,3648,8076,6004,15660,0
17000,-2356,3996,14148,3144,10468,0
16124,-4588,3464,23684,13520,32767,0
14920,-3036,3864,14716,5844,10992,0
16164,-3152,5336,16492,7132,9872,0
16504,-2936,5076,17756,3904,8856,0
15344,-3316,4068,19120,776,5740,0
15972,-4464,2436,15500,400,7312,0
18972,3640,3432,8256,376,5944,0
19140,-432,-2496,32767,-1276,-32116,0
19608,996,-2348,8796,-12944,7252,0
24188,-5100,11088,18564,1472,5244,0
10856,240,13024,18848,4564,2748,0
9416,3356,11072,14952,-532,3176,0
240,5252,18492,16788,-1520,2216,0
13632,5100,10828,16112,1276,2180,0
18340,4516,12496,15916,16,4796,0
17736,2060,10388,16236,564,3216,0
16372,1680,7876,16996,572,2840,0
8152,-624,7412,16576,1116,2152,0
32767,-3824,-32768,21596,-96,2800,0
8972,11968,4996,23136,4880,1136,0
17432,-6700,4728,20844,6812,7340,0
17280,788,2032,6132,-2264,15004,0
16024,-4432,820,11300,1264,8144,0
16236,-392,3980,10616,-2420,8520,0
16932,-2452,3876,14632,-3032,10600,0
15340,-1396,3284,17656,-1820,9824,0
16320,-3008,3124,22388,2860,7968,0
17332,-308,1580,13032,-2676,10252,0
17800,-1192,784,12220,-236,8900,0
26260,5384,-6648,19248,-732,-1680,0
23300,-6120,8056,20368,6768,7112,0
14656,-9632,8380,14316,-2104,5220,0
10204,5636,9380,16948,4492,3876,0
1732,2388,9056,18544,4096,1652,0
11044,-384,13356,17320,404,2368,0
11760,4500,14004,16692,2760,2560,0
17248,2844,11388,15460,3304,4256,0
19684,-1892,7292,16672,1124,2320,0
11400,828,7560,17896,-520,2284,0
11912,-3432,10792,19096,-856,-1056,0
6164,4268,6700,28712,1580,-11500,0
21144,-5688,10980,32767,9236,7232,0
16016,-2356,6836,9192,4376,18648,0
17496,-4064,5520,12348,-2304,7472,0
16520,-3088,3524,9800,-1868,9344,0
17380,-3284,3624,13756,-2372,10268,0
16656,1680,2920,11524,-4300,13108,0
15536,-2788,728,20684,1716,9868,0
17300,-448,396,11152,-548,9928,0
18384,-1176,-648,23592,7864,-9056,0
27936,7600,-8188,9552,-980,7644,0
27780,-9128,9748,19224,1664,8416,0
9776,-3988,15692,16648,3748,4648,0
11944,3828,10208,16320,3720,1748,0
6232,2476,10768,15832,4268,3752,0
13492,3864,10324,15600,2320,3056,0
17976,5704,11592,16528,1624,1208,0
20272,-2180,11176,16996,2104,16,0
13684,2532,11356,17484,-628,3256,0
11252,-468,12892,19224,1992,236,0
20992,-12184,3608,32192,-1396,-6892,0
21588,-7388,8680,31124,4116,8652,0
12156,6156,5056,7324,4116,19316,0
17364,-4868,1960,10832,-2528,7308,0
16652,1768,1696,11364,-4168,7228,0
16652,-2680,3776,14480,-4936,8036,0
17148,-164,3928,18652,-6804,8992,0
16488,-1968,2532,20676,2924,9336,0
18008,-204,464,13960,-4056,12552,0
18016,-1516,-924,11404,1576,11392,0
27164,2504,-12196,12832,-4984,6856,0
26740,-7668,8672,21756,8840,8100,0
13352,-6228,18452,14232,-4368,4304,0
12240,3744,9488,16888,2984,3304,0
6364,4648,11704,17432,1700,2552,0
11888,1672,12152,16408,6324,2800,0
12192,4080,14328,15964,3748,2328,0
20100,3440,11588,17932,8904,2996,0
20320,-1804,7680,19360,-1188,132,0
3584,-1652,9832,19304,2320,-2552,0
32767,-1600,596,21972,320,-8816,0
13820,1720,14312,22708,9524,5056,0
15684,7344,1656,17200,7752,5932,0
18540,-6312,3944,12168,-3716,6380,0
16224,1168,1812,10384,-2744,7212,0
16196,-1868,4100,11492,-1292,9168,0
16308,-2336,3940,14780,-6024,11140,0
16448,-868,1684,20072,-2320,12360,0
17756,-1468,484,-17012,-13984,12032,0
17896,-680,-176,10076,-20,10276,0
27340,5920,-10728,18760,-1216,664,0
24120,-9608,8096,20492,6716,7256,0
11856,-6504,16676,14308,-6072,4520,0
12464,4120,9092,16744,4944,3340,0
32516,-2456,2888,17480,500,1368,0
8268,-2844,8136,15176,3136,1556,0
17148,5332,12868,16032,4700,1360,0
22472,-816,8428,19084,1424,1560,0
12688,2824,9116,18404,1188,-60,0
10968,3320,16264,20316,440,-1004,0
9172,6076,6920,32728,1080,-3852,0
23272,-11100,12680,27712,9256,5840,0
15104,-3392,7024,7664,28,10696,0
16408,-4032,2368,8868,-1568,7636,0
16416,-2092,2900,9764,-1396,9496,0
16316,-2556,4048,14536,-5456,9916,0
16808,-1996,1892,20016,-4712,10476,0
16764,-1048,2040,21692,3672,8796,0
18748,-780,-536,2408,68,9716,0
20424,3020,-1548,32767,18136,-32768,0
23864,-2024,3228,7464,-11024,5592,0
16244,-12320,7272,20268,-464,7368,0
9288,3736,6604,20016,6172,4048,0
9520,2332,10300,17824,-468,3136,0
11160,2192,11436,16772,3072,1860,0
15216,-312,12612,14592,3264,1780,0
17388,3456,11648,16912,-1316,2120,0
20460,1724,7928,15864,2200,2496,0
6912,-476,6132,18260,-420,1980,0
16076,-5884,-11072,20356,-4304,-844,0
2944,12428,2456,26068,2512,3328,0
21904,-616,8540,20396,10776,5464,0
19352,-6364,6840,10884,-2180,2676,0
16836,-836,1512,8828,-3748,6876,0
15444,-2640,3200,10628,-632,8308,0
15960,-2016,3536,13352,-3616,9272,0
17908,492,3684,20496,-3592,10812,0
16192,-2936,76,22608,3376,8088,0
18532,-856,-828,5264,-3492,8468,0
21172,-3484,-808,32767,624,-24380,0
24084,10228,-3216,7836,-8812,4828,0
28184,-12224,8640,20372,-2524,5636,0
6096,-1652,10996,18848,5556,2880,0
19320,-308,9208,17956,-2388,2568,0
11112,3168,10712,16540,2560,2832,0
13332,1328,12712,17804,-252,2340,0
20520,3892,14356,15360,-1160,1484,0
18684,1152,9032,16984,1564,88,0
3872,976,7796,17252,520,2112,0
27100,-10852,-32664,19808,640,1744,0
8328,13288,5008,27052,-1288,-3400,0
19824,-1548,6256,25376,7692,8188,0
17900,-4192,5032,7900,-1092,10788,0
16720,-68,1692,7392,1012,7836,0
16588,-2808,3000,9756,-1828,9052,0
16060,-2676,3312,13128,-5640,10148,0
17020,-3284,3460,16668,-5768,11396,0
16448,-596,2124,20952,4408,8296,0
17976,-796,-128,8212,-2740,9588,0
19824,-664,-904,16912,1308,3700,0
25100,5028,-9652,10100,3744,7480,0
24136,-6984,5176,18308,3408,8248,0
3996,-6840,18092,16408,1148,5180,0
12844,3232,10136,16044,6244,3684,0
3972,7000,10036,15156,1096,2700,0
11316,3696,11692,18336,1792,2672,0
16812,5124,13032,16448,4268,1536,0
21948,-4060,10680,17744,1764,1076,0
14648,3736,9088,18260,448,1940,0
12080,332,13248,17648,1600,1604,0
18616,-7300,5700,31288,-488,-8724,0
19788,-12280,8128,8988,4368,10132,0
12172,2704,8784,7428,6176,22556,0
18912,1592,3676,13928,-8988,7448,0
16204,-2908,1932,11880,-4120,7196,0
17148,-2808,3600,11252,-1844,9704,0
16456,384,2992,16184,-4676,11788,0
15980,-2388,924,20820,2648,11788,0
18416,-1048,836,18168,-1644,11696,0
18164,-2032,-908,14304,2020,10476,0
24652,3888,-5508,12732,-4552,11008,0
22960,-8700,5804,20100,5752,10544,0
10876,-5100,11872,14644,-1960,3592,0
13708,6916,7904,16080,8376,2648,0
7140,5708,8084,16060,1456,1776,0
12308,1024,11300,17560,2928,3076,0
16696,4180,14508,16788,3112,2628,0
18124,1764,13128,16184,-2400,3244,0
16368,804,11704,17252,236,1172,0
9116,268,13368,17028,1888,20,0
11920,3080,10284,31660,-2188,-8744,0
25248,-6484,11228,18424,4056,10572,0
15452,-1636,4180,9564,7380,21320,0
17012,-420,4100,18192,1208,4640,0
16624,-1840,2884,10252,-7860,7676,0
16276,-2508,4668,12328,-1492,10036,0
15500,-2252,2956,16512,-2528,10900,0
15892,-412,1092,23984,-344,10804,0
17300,-1544,-208,14516,920,12672,0
17880,-676,-1496,11148,-1948,12376,0
28756,9548,-11988,13340,6416,13932,0
25260,-8088,9124,20780,616,11084,0
10804,-6256,17424,15448,6224,8144,0
13288,5068,8984,16836,1888,3328,0
4008,424,9820,17048,2688,3536,0
12872,156,12372,16116,5404,3120,0
15256,2708,14756,16100,4252,3392,0
21032,-968,10280,14608,512,1692,0
14796,3260,10052,17920,800,1284,0
10432,-540,12812,18440,1936,-496,0
26908,-7364,4076,31348,-2920,-10060,0
19840,-13344,9140,17636,9528,8492,0
12044,6860,7572,8684,7016,26768,0
15048,-6912,5616,10128,-1952,7004,0
15124,-660,2540,8908,-4316,9996,0
17096,-3604,5688,12092,-1976,9160,0
16872,1052,2364,14864,-2180,10940,0
14572,-3048,1928,19840,-1028,13944,0
17520,-2164,1036,14848,-1388,11856,0
17216,-1180,288,11516,1244,9844,0
24848,-2240,1344,28472,4432,5376,0
22168,3728,5368,17696,3472,5748,0
17672,-8552,8052,16152,-4824,3900,0
8272,5964,10372,17804,4152,2968,0
32767,-4792,-6784,16836,748,1704,0
11564,3900,10108,16616,2180,3828,0
13284,4484,11224,16380,2664,2324,0
17608,-1304,12004,16528,2520,3052,0
19716,2444,7876,19332,-544,1780,0
8592,-548,8868,17848,276,2820,0
28300,-3752,-3332,21772,2496,-144,0
8568,2076,7408,28136,216,-6652,0
23192,4012,9448,25940,8744,8004,0
16972,-7540,4184,7572,-640,10612,0
16052,-2356,1704,9328,872,10016,0
15536,-2536,2780,10048,-2460,9672,0
16316,-2468,3760,14236,-4904,9688,0
16660,-140,3556,17860,-4616,10248,0
16732,-1948,2304,21892,4176,7992,0
17304,-536,-300,10544,-5768,7652,0
18896,-612,-468,12532,2196,10144,0
26200,4948,-7512,9688,-3708,7960,0
27596,-7128,7816,19896,9980,8536,0
8088,-4728,16376,14208,-2412,5480,0
10568,6712,8900,16484,5912,3936,0
5236,1068,10576,16172,-52,1720,0
12432,1572,10736,16756,4736,2492,0
13532,3112,14064,16332,3728,2948,0
19012,2372,10556,15276,6604,2092,0
19292,2628,7640,18008,1272,1132,0
5600,-1564,8044,17932,-216,1360,0
32767,4400,-11992,23416,2852,-1552,0
13080,4892,11392,24236,5200,4492,0
18432,5212,1688,20708,9492,5520,0
19108,-8156,3988,8860,-2980,6320,0
16900,3684,1040,6840,1652,8512,0
16324,-4064,3636,10528,-444,9324,0
15960,-3052,3368,12148,-5900,10772,0
16524,-752,3024,18284,-4496,11020,0
15768,-2648,1036,21312,3396,7480,0
17924,-192,572,5776,-1432,9704,0
19468,-636,-964,32767,14504,-32768,0
25164,6104,-6692,4332,-8044,380,0
27856,-9224,9932,20076,3420,8244,0
7008,-2368,15240,18036,-1480,5004,0
12672,1800,10560,15876,5964,3056,0
10260,3580,10308,17352,196,4172,0
13316,2524,11300,15932,2720,1560,0
18940,3160,12160,15664,2132,1576,0
19036,-748,11240,16468,2640,1232,0
11588,2304,9228,18252,-80,1468,0
12296,-1968,11464,20012,-172,-8,0
10648,3140,6340,31732,3332,-6356,0
20596,-7800,10592,30772,6256,7516,0
14180,32,7216,6736,6036,17592,0
16152,-5732,4200,12560,-5872,7616,0
15928,-1620,2220,11208,-3068,7436,0
16344,-3056,5000,13724,-5500,8480,0
16868,-2400,3148,14700,-2640,9936,0
16084,-2152,2648,25512,200,7860,0
17244,-1844,388,15052,-2284,10032,0
17128,-1072,756,11704,772,8384,0
25276,-1572,-392,20784,-3860,-1500,0
21944,2832,3908,20172,3088,6976,0
18704,-10388,8212,15208,-5388,2252,0
8944,4160,5868,17324,8608,1352,0
9672,228,10296,16792,128,1528,0
14332,1400,10716,18948,7208,2380,0
13040,2596,10972,18280,856,2724,0
18436,556,13668,16404,1668,4092,0
20552,904,6716,16624,480,4056,0
12432,40,9676,18044,-48,2152,0
9956,1900,14720,18596,1004,-784,0
11640,-76,2636,32767,-1040,-12624,0
21104,-3732,10468,32767,10148,6836,0
14856,1556,4184,10280,3256,19972,0
16484,-4132,1508,10028,-8004,7704,0
15864,-956,1312,11304,-1308,9244,0
16860,-4184,3984,15716,-4692,10112,0
16256,168,2504,15712,-3820,9232,0
16036,-2372,3532,22164,2544,8324,0
17300,-2172,1036,15736,-2020,6996,0
17712,-512,944,10884,2204,6772,0
23708,-2092,-680,32767,10548,8392,0
23268,2788,-2432,16672,252,10636,0
21924,-8484,8228,17704,-4740,3716,0
5932,2556,8476,19108,7112,3424,0
6188,2664,16092,16908,3068,1156,0
12560,2844,10684,14552,3636,1980,0
13780,2700,12292,16236,1380,3348,0
17412,3440,12088,14720,756,3848,0
20344,-1052,6936,17712,1472,3164,0
13580,3072,4568,18536,-260,1824,0
13936,68,11956,17548,-280,2504,0
32767,-5996,956,26960,-608,-5236,0
16088,-4400,6192,22192,7484,6380,0
13520,3044,1148,15668,7860,4856,0
16480,-6036,2848,8176,-5352,11396,0
16032,28,1388,12504,2100,6276,0
16844,-2504,4036,9700,-4736,9004,0
16604,-3156,3752,15644,-2288,9948,0
17352,-956,4152,20444,-728,9876,0
16268,-1292,652,18292,1780,6400,0
17312,-2912,900,4704,2100,3652,0
18868,528,620,22784,13112,-13700,0
25252,2288,-6144,7632,-3948,5076,0
22788,-3212,9224,20876,2880,8432,0
13768,-7844,9308,16568,724,3532,0
11132,7008,8896,15796,5572,2852,0
7656,-952,10204,16604,3064,2060,0
11080,2524,12196,16184,5200,2504,0
15212,2492,11364,16780,4424,2120,0
16808,1112,10380,15580,1564,3368,0
18976,2300,7036,17428,156,2716,0
10976,-180,3300,17584,1764,2516,0
12904,1120,11264,18328,-1328,2132,0
12432,1584,2384,32280,-808,-7712,0
21428,-13668,7284,22168,4408,9692,0
13416,4580,6372,10196,5164,12148,0
15936,-6020,5284,13212,-2352,7600,0
16276,-412,1692,12300,504,7120,0
16152,-1908,1356,13092,-2444,10524,0
15688,-3040,776,14532,-500,10668,0
15792,-228,2420,17316,412,11300,0
16632,-1040,4536,14612,2528,9968,0
16596,-3444,5604,18964,-1476,10248,0
15964,-356,4484,12536,3060,6060,0
17604,-3648,5168,32767,-9812,-25976,0
17944,548,3452,13816,-14032,2252,0
17280,-1448,7968,17204,3940,3284,0
14236,-1708,11116,17480,2060,948,0
10872,6768,9580,16924,416,-1160,0
11212,-1068,6988,16836,2512,2288,0
16628,13468,5620,16936,-880,2480,0
18804,4852,4812,16496,2648,1680,0
18976,2860,3700,15824,1248,2208,0
17984,3304,2376,16256,1580,1992,0
18568,1564,940,16444,2276,1072,0
15748,-308,-1460,15104,2108,2508,0
12872,3120,-2876,16340,-1980,5904,0
14988,-2940,-608,17004,-2288,5604,0
15496,-3848,2580,21404,2780,1480,0
15204,-4192,9452,19644,-1408,2420,0
20320,-3692,-6032,22032,3732,-600,0
15916,-2136,1084,18480,-1936,-956,0
15452,-388,804,19888,5788,7736,0
16808,-5460,368,16288,1772,9016,0
15908,56,-576,11612,-4836,10348,0
16264,-6100,-308,14008,-4176,10776,0
17480,-672,2296,12884,-304,10576,0
17256,-1248,3472,17896,-2572,9108,0
15804,-1792,5208,18084,-124,6436,0
13172,-1456,7004,6884,-3364,4288,0
14228,-3200,2200,13152,1892,3060,0
16256,260,7012,12180,880,-340,0
21076,-452,7144,13520,4036,240,0
19064,-564,5096,16464,360,3060,0
18904,760,-436,32767,1972,-11820,0
23996,-4620,3364,32767,4492,-7500,0
14168,-6440,15824,15016,4280,5756,0
15268,4232,14580,13600,7972,3048,0
5868,3656,9884,16596,-1076,1900,0
5640,4092,9600,16220,3064,712,0
9768,2920,9188,16728,2188,1644,0
13848,1516,11456,16328,1572,4764,0
19920,1468,12296,16136,1028,3672,0
19912,-472,7644,16344,1440,3732,0
15360,-680,7736,17352,300,4052,0
9072,-1028,10216,17888,600,1936,0
32767,-10840,944,26008,-3552,-4820,0
19380,-1184,8672,23720,10616,6472,0
15036,5196,1996,16020,7472,7120,0
16060,-19968,2348,10580,796,2804,0
14348,232,-504,9732,-1036,9320,0
16828,-3412,3988,13780,2324,9888,0
16880,-2316,3464,14768,-2640,9956,0
17884,-2228,2852,20024,-2300,11060,0
16740,-2044,952,19944,3320,10200,0
16880,-556,1544,4932,-2504,9160,0
19496,-4620,-796,32767,-7744,-23564,0
25412,5116,-5612,8356,-7200,7972,0
27820,-7096,11940,22484,-10892,4732,0
8512,136,13804,18272,1904,1644,0
-30144,12492,32767,16768,-1964,1000,0
8428,3440,9940,16584,2808,2148,0
12868,1880,11264,16584,1552,3124,0
17900,6728,11468,15280,1308,4272,0
20696,-4660,8928,17624,2020,2244,0
11732,5924,7368,18424,-588,476,0
13560,-2000,15500,18352,-1008,-1512,0
15068,3972,7268,32080,-168,-13692,0
20300,-8108,11800,27632,8212,6284,0
13844,2896,4920,8328,7932,20480,0
16048,-8168,2528,16160,-4388,7800,0
14692,-536,1492,13232,-3252,7868,0
16368,-3340,3524,12500,-1256,8980,0
17472,-436,3620,16788,-3464,9452,0
15904,-1072,412,22304,1560,12120,0
18200,-776,-996,17512,-32,12864,0
19368,-696,-8,11968,1424,10160,0
26152,3164,-10060,11440,-6984,7272,0
24132,-8232,8528,22516,9940,8964,0
11144,-4000,15604,13872,-7380,4844,0
11384,6076,10260,16624,5432,2936,0
8620,2036,9164,16896,712,1980,0
11724,2900,10728,16144,3044,2544,0
16852,2892,13152,16608,4248,2596,0
20400,680,9492,16876,1444,2796,0
16492,3044,9752,18244,-580,772,0
7528,-2732,9968,18144,1448,-372,0
32767,-1800,-288,26000,-656,-2512,0
13820,-3768,11356,23992,7380,7056,0
18132,7952,2312,18716,8700,8188,0
17872,-7236,1264,11176,-3944,4968,0
15256,316,-48,9244,-988,6756,0
16580,-2528,4612,10532,-1324,8816,0
16596,-1240,3672,12420,-5444,9856,0
15916,-1756,3028,21508,-3892,11472,0
17572,-1248,1752,26284,3472,6548,0
16944,-300,-436,980,-356,10268,0
21680,-2912,1700,32767,-10196,-32768,0
23680,4400,-2916,12376,-8132,12560,0
21692,-9692,8096,19184,-1948,5228,0
7552,3464,8468,18892,6432,3700,0
6600,616,9256,18084,112,1848,0
12576,3256,10304,15144,2596,3132,0
12252,-388,11052,16580,2124,2088,0
17432,3196,12592,18316,708,3012,0
20212,-1448,7700,16588,2984,1588,0
9684,2016,7188,18048,-1696,2068,0
14488,-7388,-2856,18072,-1296,-2260,0
4776,5984,5608,30604,512,-7340,0
20208,124,9912,32767,10712,2824,0
18268,-10544,6096,8376,-760,12780,0
18400,496,4004,11984,1216,8864,0
16768,-3432,3644,8852,-1496,10000,0
16644,-3152,4036,13300,-1680,10684,0
16824,512,3140,16552,-3704,11156,0
16408,-1980,676,21184,2724,9884,0
18112,-1024,-196,7764,-872,8956,0
19644,1556,-1156,32767,11976,-32768,0
24836,4144,-6980,9912,-11660,6816,0
23512,-9616,7576,20040,-8128,5416,0
5884,628,8212,18208,9692,2264,0
10144,2032,10860,17288,-1312,1996,0
12628,1688,10300,16608,5496,2388,0
12960,2024,12496,17072,52,2252,0
17316,-1888,14880,16988,-788,4708,0
21728,-2460,8876,16532,1892,1648,0
3400,2200,6548,17496,1684,2000,0
21264,-7040,-20188,20904,-1448,1028,0
5764,7516,8456,26660,2492,-1696,0
24540,52,8940,24540,7624,6580,0
17480,-9352,4352,-1232,-6548,6660,0
14920,-572,664,6776,80,6204,0
15664,-1500,3688,9696,-3952,9504,0
16876,-2064,3760,13816,-6108,8792,0
15312,-1908,3396,19556,-5244,9064,0
16024,-820,1408,20684,3448,6744,0
17460,-384,-240,4672,-3872,6580,0
18304,-4,-1052,17344,7532,468,0
27120,6044,-7912,9740,2212,6500,0
25264,-6520,8780,20940,2696,9068,0
10328,-5384,20252,18336,6352,5328,0
14128,1004,9616,16736,3696,4008,0
9692,648,14016,16204,-2168,3216,0
12972,-1652,12080,15880,3976,2376,0
17212,32,13952,16656,4224,4264,0
18216,540,9004,16640,504,2444,0
17256,-1488,9668,16712,1408,1888,0
9008,2592,7356,16748,2388,2788,0
32767,6544,-12848,21020,3052,1504,0
12400,4496,10628,23688,124,-1052,0
18880,4208,3724,22640,4848,8760,0
19232,-2060,2392,4772,-7732,9400,0
16308,-520,572,8104,1892,4964,0
15812,-2608,1852,11532,-6180,6628,0
16272,-64,2492,14240,-9456,7836,0
15336,-2696,3740,18860,-5556,8784,0
16932,328,3380,22716,4688,4012,0
15728,-1828,712,11324,-2220,1180,0
18344,-996,1740,15148,868,8092,0
20124,784,-524,30940,6556,-8488,0
23840,4924,-6376,6884,5424,624,0
20896,-5812,10536,18620,5000,2804,0
12148,-7868,12320,18104,3428,3892,0
15128,-448,9692,15560,3244,1620,0
4980,-40,11288,15896,7496,1300,0
12704,-3172,12016,15836,3420,1456,0
16628,-6076,13812,17028,3316,1944,0
18592,-3696,12156,16020,1888,3252,0
17756,-4216,11484,15952,1380,2192,0
12684,300,7868,17712,3120,2104,0
14156,-5568,11128,17188,-2056,-632,0
15532,6756,9804,25924,-3800,8992,0
21048,-1660,6532,14404,4956,14856,0
15624,-1852,1704,10580,956,3208,0
16024,1352,-780,11052,-12324,5564,0
16444,-3308,3388,11660,2916,4136,0
16716,1192,2040,16672,-17660,7016,0
16432,-2572,2040,16708,-3264,7736,0
16448,-724,2752,19636,648,2640,0
15888,-1408,3040,12580,-1812,724,0
15200,-1184,3628,13628,-5168,1328,0
17440,-1216,5148,13860,5208,-376,0
16268,1588,6644,16464,4928,1152,0
18492,-268,2696,18608,8064,752,0
18452,-52,732,14176,9704,552,0
18608,1000,1736,16516,1984,-1032,0
17752,328,4536,16492,2520,-792,0
18544,-5160,7388,15164,7740,1332,0
13724,-4024,13752,16288,1748,4316,0
13096,-2304,8288,16640,6052,3980,0
11148,-3956,8972,16496,4956,1896,0
15324,-8512,11492,16124,3060,2768,0
17716,-6784,11700,15284,4376,2604,0
24020,2628,8348,17308,2000,4428,0
17576,-56,10352,18020,2500,3132,0
16984,220,9220,16532,2000,2412,0
8900,-652,6464,16964,948,4132,0
15696,-1928,-2268,18256,-1260,1996,0
5488,10624,908,24332,-2748,-7052,0
20584,-9480,7188,23556,10084,8108,0
17416,4432,4068,9448,-296,17844,0
16320,-2352,1208,12140,-1440,7004,0
16728,-4,3616,11240,-5332,5660,0
17280,-2224,4404,15404,-5836,6868,0
16056,-2904,4056,10656,-1292,1244,0
15984,-1616,3972,19316,900,7060,0
16912,392,2460,20424,1528,6708,0
17236,-1892,508,7116,-2404,5596,0
18096,-136,184,18036,7864,-3264,0
22120,2844,-4976,9552,-3712,5568,0
23848,-6636,7624,18760,5660,7432,0
9996,-3708,12760,15816,2172,3572,0
11336,6568,10320,16712,3012,2632,0
3984,3880,13320,15404,2992,3032,0
13984,9232,10256,15576,-348,816,0
15788,7348,11220,16312,3288,3132,0
18696,-820,10768,17288,912,4076,0
19160,1704,8504,17020,-428,840,0
8236,1384,7488,18308,1336,648,0
16332,-8536,-5180,18568,-2036,-2052,0
6592,7112,-3616,28448,444,-8548,0
21120,-3576,4708,28672,10936,10280,0
16584,2284,4372,7284,2428,17484,0
15964,-7168,2956,8260,-976,7636,0
15272,-612,860,9400,-936,9712,0
16380,-3400,3028,12896,-3944,10356,0
17760,-800,4900,16280,-508,10256,0
14924,-2780,2304,22720,3516,9832,0
17124,-1640,1348,20944,-2120,9988,0
17100,-1812,1044,5860,2420,6604,0
17872,-432,2052,32767,3328,-32768,0
25528,5648,-7056,9588,-7876,5408,0
25412,-7764,15856,19636,520,5672,0
11500,-4924,15212,17364,2660,3748,0
11612,3996,7656,16680,460,2064,0
7772,6232,9684,15948,4552,1708,0
11660,3408,9160,15772,944,2156,0
16836,6068,9800,16152,2536,3200,0
20640,556,10668,18052,-1188,2392,0
14300,48,10292,18272,68,-56,0
6392,736,9060,17852,1208,260,0
32767,-6084,2640,24140,-1772,-4576,0
14472,-668,7336,24288,7348,4900,0
17212,4368,2680,18532,11104,7828,0
18576,-9672,2100,11132,-4864,6672,0
15500,1824,-728,7444,-1668,8796,0
16152,-4192,2972,11888,-592,9608,0
16472,-864,4936,12264,-3628,9780,0
17672,-3372,4444,14836,-5636,10808,0
16448,-2436,220,15668,2968,7056,0
16928,-1104,1124,4516,-3684,8320,0
18388,-560,1252,23284,7592,-13836,0
25832,7192,-8956,9192,-5456,2972,0
23400,-6860,10504,17956,3936,6928,0
10464,-4852,17760,16456,2224,3428,0
11264,4292,8352,16664,4280,2584,0
9836,5504,11772,16896,1780,3164,0
12748,2556,9924,17476,2224,1812,0
17056,7048,10528,16256,3180,908,0
19240,-372,8884,16388,3028,264,0
16632,-444,11464,17372,-1008,1448,0
9708,1680,12596,17540,2428,1092,0
32767,-10204,812,25428,-3008,-3896,0
15320,1716,9636,21976,6236,8348,0
15668,988,1088,16616,8504,7176,0
17436,-8748,2356,8984,-4316,5780,0
15552,2224,1240,11392,-720,6444,0
17368,-3140,3788,12668,-880,8596,0
16804,-1640,3700,15400,-3860,9200,0
16808,-936,3812,21188,-3396,9604,0
16468,-1492,616,20996,3952,8596,0
17868,-976,660,3144,-2692,9336,0
19128,-3032,-304,32767,620,-32768,0
25708,4480,-5284,8980,-4972,10856,0
26680,-8768,11960,20448,-5364,7536,0
8620,380,13464,18700,4860,4056,0
9884,2092,8456,17372,2268,2040,0
9244,3568,9688,15756,3204,3624,0
13336,2836,9964,16092,1652,2964,0
19756,5572,11624,14816,1744,2756,0
20544,-2228,7496,16968,884,1796,0
11444,8348,4996,18232,364,660,0
13216,-152,13396,18672,1464,-1012,0
17924,976,4252,30752,-2128,-10492,0
18868,-8312,9964,25888,8376,7752,0
12940,1932,5532,10576,7120,12464,0
15964,-6996,2668,8628,-7824,8272,0
15416,-2820,2096,9108,-596,8132,0
16156,-2728,4444,12208,-892,9636,0
16200,-2164,5176,14000,-1440,10500,0
16000,-1320,4076,19184,1284,8112,0
16232,-2232,-252,20988,-1404,9900,0
18312,-176,1628,8316,2604,6604,0
19032,-252,-612,13744,-832,9436,0
27432,7488,-9204,4112,-6564,14032,0
23804,-8236,10944,18824,1784,9532,0
11440,-8076,13180,20456,7012,8132,0
13792,2312,9216,17268,4060,3936,0
2136,7448,16788,14936,4588,2684,0
12224,-1288,11852,16132,5376,2360,0
14968,-1268,14668,18100,3072,3252,0
20400,1976,11200,15980,-840,2972,0
19040,-4092,6048,17264,1544,1056,0
8264,4476,6700,17884,1472,3148,0
12340,-820,10180,17872,-828,2244,0
12956,2944,5620,32492,-2680,-8936,0
21236,-10612,8560,28096,11016,8680,0
14320,1348,7116,7820,656,18832,0
16732,-3108,4368,10348,-3752,9608,0
17084,272,3036,9164,-4232,5732,0
16748,-1884,4332,17216,-9976,7272,0
16884,-72,5000,15408,-9044,8352,0
15172,-1724,2708,21224,660,8440,0
17004,-208,1272,19776,256,2504,0
18268,956,1344,7196,28,2532,0
20224,-120,144,13172,4620,8072,0
23556,-2168,-4532,20676,-628,-1336,0
26824,-6108,2596,18924,9380,4740,0
15704,-4972,12552,15876,-7256,2732,0
15164,3524,12156,18220,9700,3120,0
14660,3084,20468,17320,-852,508,0
12908,-312,14820,16884,5980,2300,0
11620,-880,15572,15772,1020,1736,0
15264,-2080,14092,16972,3304,348,0
13272,-60,12084,22260,3344,452,0
11540,180,9656,16916,3048,-748,0
10480,-760,8352,14620,-420,1884,0
12112,4184,1192,21508,3508,1732,0
18956,-6232,4880,20320,-192,2208,0
15356,792,-1008,28668,1444,-2812,0
20532,-15820,6876,24596,14616,1868,0
13972,13044,1224,13444,-2384,20048,0
16016,-10148,892,11684,-16888,9824,0
16484,2528,-460,-2120,4268,5528,0
16392,-4636,2184,11172,-8724,7060,0
16824,640,2912,12856,-6920,8140,0
16024,-2248,4816,13928,-1468,9816,0
15308,-656,2940,16972,-540,10472,0
15008,-928,1760,22764,-3060,9040,0
17364,468,2932,16588,3036,5292,0
18280,-680,2292,11448,-6048,4832,0
22664,-1456,2244,32767,8156,-6420,0
21264,492,-920,14732,3384,8088,0
23360,-7692,9048,16300,-2464,4688,0
11260,-924,12712,17492,6884,2028,0
10776,-1400,10144,16580,3452,2248,0
19600,-6852,9392,16104,4568,2040,0
12516,584,11280,15916,2600,1892,0
22220,-348,10684,15244,2564,4312,0
20964,-1128,9536,13708,-472,2832,0
19552,-3324,7256,16024,2056,1752,0
9380,1912,6460,16904,1312,2816,0
12144,1896,10060,18284,-1452,1908,0
10584,444,6944,29652,-1276,-6260,0
22772,-6408,10440,24256,7608,9624,0
16780,-472,6904,6868,776,20408,0
16324,-1608,3768,10216,160,6608,0
16812,-1696,2900,11300,-6220,6368,0
16764,-1464,4156,14100,-5684,7808,0
16428,84,4472,17216,-5876,8944,0
15348,-2608,1364,23608,3736,3732,0
17540,1028,-772,6248,-2788,6956,0
18952,-1372,28,14036,88,9332,0
23988,1996,-5540,16080,-1188,6492,0
23504,-5264,5784,19320,4952,6980,0
13568,-4540,7028,14524,2416,4684,0
12064,4008,8816,16068,4276,3696,0
6936,-1684,10332,17468,1428,1948,0
12260,3732,11560,16768,1532,1804,0
16576,168,14336,17564,2564,1096,0
17488,560,10060,16288,992,2380,0
18804,1536,10392,17624,-364,2240,0
6228,-896,9088,16788,1844,440,0
32767,2956,-26884,21796,684,-844,0
10452,8032,9652,23988,6192,5232,0
20404,3172,4784,21968,7144,6272,0
19220,-4992,4140,7888,-5092,8264,0
15656,2576,1124,1584,-412,13208,0
16632,-1736,2100,8876,-2740,9684,0
16232,-3552,3404,13412,-5756,10080,0
16232,-476,2516,19780,-2296,12412,0
17152,-2516,760,16228,4180,9396,0
17964,-584,-2504,5700,-2448,10004,0
25380,-836,-4324,32767,1264,-3624,0
20568,5456,-2308,9528,-5892,8920,0
20976,-10560,6768,15208,256,5212,0
9932,628,5660,18164,2720,3756,0
32767,-6072,-8992,17652,-1680,2524,0
14304,-60,11772,17784,4172,2456,0
15936,1484,12532,12940,-124,3140,0
20588,2668,9016,14628,-188,4948,0
17484,1976,10356,15856,864,1840,0
7860,3268,13908,18956,48,-568,0
22448,5296,8020,32767,-3136,-11284,0
18072,-9984,11732,25516,8688,8196,0
11932,-2428,9228,5304,5804,28684,0
16064,2856,4668,16388,-8492,4332,0
18808,-3820,3172,9016,-4812,8644,0
16612,-1000,4912,12168,1140,10160,0
15280,-2192,2632,14220,-5372,10824,0
15140,-1336,1676,20440,1992,11616,0
18256,-564,1152,14832,3312,11732,0
19336,-496,-3064,15104,-2040,11548,0
28852,8528,-9880,13812,-1648,10772,0
25920,-11576,10748,21280,3296,8008,0
9156,-9744,15452,16028,5636,5648,0
13844,2872,10588,17132,1476,3676,0
7132,1032,12152,17432,3352,2404,0
14500,1700,12216,17124,4060,1768,0
15700,3804,13824,15980,4948,2124,0
21076,-2348,7612,16004,1428,2008,0
9184,-1592,7312,18076,300,2616,0
14080,-672,14412,20208,252,-612,0
8460,6328,6260,32767,-2780,-11824,0
24048,-7736,11540,19188,4356,15376,0
15328,-3652,6692,8648,3116,20012,0
17572,216,3924,7432,-3976,13084,0
16424,-4396,2568,8908,1500,6584,0
16828,-1772,4592,14744,-7692,7804,0
16168,-1200,2892,16672,-1992,9984,0
15836,-2328,2200,23780,2708,7348,0
17540,-1368,-512,11480,-4008,7060,0
18992,456,-816,21264,8132,-6868,0
26560,5676,-6996,11168,348,5980,0
26652,-8708,8120,20532,-600,8444,0
8976,-4060,17868,17572,2860,5760,0
13268,4996,8956,17296,2048,2180,0
8832,1600,9508,16768,3208,2684,0
12260,7144,11664,15752,2320,2028,0
16864,5624,11628,15388,4068,2896,0
21428,-2292,8996,16836,1824,2972,0
10408,3960,7668,17872,-856,1952,0
15676,-2328,5672,20784,-536,-1616,0
3944,7564,6384,29756,84,-4160,0
23408,-1932,9100,31600,10080,5044,0
17016,-7556,6772,7644,-1212,10056,0
16704,-1104,3176,10356,-160,6396,0
16248,-2852,3508,7248,-1152,10080,0
16236,-2732,4232,13808,-4704,11008,0
17296,-2004,2552,19232,-5004,10216,0
15816,-1688,1588,13344,1948,9724,0
17532,-680,-168,4568,-1296,7800,0
22076,-4644,-2180,32767,-5924,-25692,0
24800,4344,-2200,12796,-7368,11312,0
22168,-11480,7088,19240,1716,4792,0
6720,1928,10108,17580,3120,4108,0
6384,396,13628,18120,4996,1804,0
13744,2348,11592,15600,-120,1804,0
13200,5264,13536,16304,1940,2760,0
19344,3044,12932,15840,664,1796,0
18704,116,8508,17808,2680,1048,0
8180,324,7824,18408,-716,1992,0
15448,-7544,-5052,20656,-952,-3896,0
4536,14356,6212,27368,444,2368,0
21868,2212,5536,21276,8324,6112,0
19064,-8976,3496,6616,-3632,8188,0
16280,4096,1556,6412,1924,8180,0
16008,-3868,3128,9296,-3328,8996,0
16380,-1516,4128,12700,-4968,10116,0
16276,-2292,1892,16868,-4976,9904,0
16184,-2356,608,21704,2616,7896,0
17524,680,664,3464,-668,8736,0
20180,-4716,-512,32767,-5024,-32768,0
24572,5904,-3544,10284,-7092,8008,0
25140,-10304,9700,20176,-2324,5904,0
7376,1208,9332,17884,4148,3344,0
32767,-988,-30796,17164,768,1960,0
12820,2392,11280,17044,3268,2472,0
13472,5312,12196,16052,996,3368,0
19764,1092,12520,16292,1808,3768,0
20000,-1424,8336,16572,2780,1608,0
6544,440,7476,18372,-1568,716,0
13796,-4412,-2504,20528,-2352,-2944,0
3548,11876,4532,27140,2128,1280,0
22256,-2780,7544,23440,9640,5576,0
18148,-5324,6060,7332,-1224,6740,0
17032,-3396,2316,9752,-3876,7436,0
15972,-1168,3264,9724,-2552,8844,0
16964,-3204,3980,14520,-2812,9160,0
16608,-24,2364,19108,-3816,10920,0
16224,-2220,676,20900,2856,8400,0
17408,-1628,796,3192,-3084,7436,0
19000,-2108,688,32767,11344,-32768,0
24428,8148,-3844,7756,-9008,4492,0
28676,-9596,8660,19892,4228,6160,0
10992,-4232,17316,18272,4024,5680,0
13948,4896,8620,17252,1984,2876,0
7136,2284,9264,15996,2384,3060,0
11908,-1388,11512,16392,2312,2676,0
16520,3452,12240,13976,1876,2476,0
21332,-1684,9708,16364,3160,1572,0
15696,3540,9628,18344,-836,2164,0
11032,-576,11980,18884,1744,356,0
27860,1832,-1228,31980,-4228,-9164,0
19072,-7780,9496,32767,10340,5792,0
12492,7180,3936,8824,8064,20336,0
16772,-6908,3800,10788,-8616,8956,0
15440,992,964,9872,-2452,8528,0
16528,-3000,4700,9892,436,9456,0
16932,-1420,4116,14588,-2168,11208,0
16728,-2548,2992,22556,504,10164,0
16060,-2180,-976,18948,652,8012,0
18228,-552,952,8252,1160,6876,0
21148,-1732,776,32767,180,-32768,0
22976,7516,-5352,9664,-4516,4584,0
26372,-11284,10436,18456,1264,6692,0
8272,-2544,26048,18456,3376,3672,0
12940,1532,9628,17151,-1,-1,0
6488,4756,10144,16728,2248,1932,0
11660,-740,12756,16872,1308,2296,0
17100,3368,12832,15360,1556,3632,0
21652,-408,9236,17164,2028,1044,0
12420,3736,6804,18388,-88,420,0
12484,-1196,12660,19668,724,-936,0
10696,1516,7092,30556,-316,-9108,0
21220,-4972,10384,30180,7484,8940,0
14812,-3640,5836,6552,648,17308,0
17992,-2916,1648,10292,-2780,9000,0
16624,-2716,3436,11684,-3888,6972,0
17572,-1672,3908,14452,-5432,8004,0
16608,-688,3292,18080,-4424,9832,0
15744,-2200,1720,21724,3228,8200,0
17308,68,-204,11104,-1400,11412,0
19292,-396,-144,11648,1456,10780,0
27256,2612,-9536,15400,-3480,3096,0
26628,-7376,7912,20680,5416,10964,0
11104,-6344,17644,14852,-1648,4288,0
12396,5284,9348,17204,2568,4088,0
5392,2120,12228,17516,2604,2112,0
12620,3184,10328,16720,2356,2228,0
15780,1816,12428,16480,4248,2432,0
20744,1312,9656,16248,3572,2140,0
17060,3468,9464,17748,804,1696,0
6640,224,10508,18560,544,752,0
32767,1156,-2108,29004,-1772,-9388,0
14956,-5312,10812,24204,7568,9760,0
15120,8440,2920,10388,6872,18484,0
18624,-11396,124,11888,3480,8052,0
16476,788,2096,9700,-2552,7952,0
16556,-2048,4200,11820,-632,8956,0
16076,-1484,3560,15200,-4840,9956,0
16164,-2488,3680,27028,272,-10784,0
16764,-1180,-404,18800,1132,9072,0
18628,-40,556,7840,572,6948,0
25136,-2576,-1256,32767,3628,168,0
23784,-2452,1652,12704,-2832,10532,0
17924,-8328,8272,17408,-1500,4692,0
10992,4472,7584,17892,2900,3108,0
8624,-1732,12992,17620,1428,2356,0
11384,-68,10936,15632,300,3012,0
13420,3352,12460,17380,-12,3864,0
19644,-692,10740,15016,2192,2984,0
17980,2052,9080,16940,544,564,0
7048,-2416,9016,17908,992,960,0
32767,4028,-30796,22456,1048,-3368,0
8776,11420,13236,23404,11952,5812,0
18140,6928,1812,19372,8020,7880,0
19568,-7892,3268,11712,-7492,5648,0
16828,4872,1892,4588,-4444,8640,0
17068,-3072,3040,10656,1928,9056,0
16560,96,3180,13292,-7760,12692,0
16232,-2864,1836,32767,-1128,11432,0
17052,-976,928,18152,4692,8436,0
17648,-592,-244,8404,-1864,9356,0
25556,-1244,-840,28280,3076,-332,0
24796,-1492,1064,17296,-1244,5928,0
16348,-7468,7324,15532,-3160,2384,0
11732,4920,7880,16884,4108,2336,0
8268,-2016,11192,15380,852,1840,0
11092,348,11108,15372,2896,3896,0
13248,1720,12064,16280,2084,1424,0
17628,768,11176,15932,-10344,2660,0
18796,3420,7564,17304,-148,1088,0
7356,-2188,6980,17968,84,1180,0
17564,-5456,-10700,19488,-1264,-1200,0
7476,11016,2400,29012,660,-8276,0
20996,-4508,7188,27884,11104,9896,0
17480,-4252,3924,10048,-572,4332,0
15476,-240,312,7656,-1984,8528,0
16188,-3348,3528,10952,-912,9204,0
16404,-2312,4584,12980,-4796,9616,0
17536,-1224,4088,19728,-5036,13476,0
15728,-1560,468,18128,5500,8808,0
17516,-1248,40,2816,-2668,8196,0
20128,-896,-416,32767,10396,-32768,0
25768,5692,-4652,10756,-9476,7644,0
27212,-9948,13876,19184,4452,4904,0
7196,240,9700,17340,4740,3984,0
9232,1024,10724,16888,3316,3428,0
14176,852,11048,16644,632,3064,0
19432,2916,11684,17612,2148,2932,0
18160,356,7580,15496,3380,2024,0
10628,-196,6880,18256,-664,836,0
12860,348,12748,18880,672,80,0
11360,3096,4928,32767,-876,-12348,0
20584,-7284,10664,27500,5092,10276,0
14244,-3952,8104,7124,5300,17976,0
15336,-1408,4552,11540,-4076,8520,0
15648,-4572,2088,11784,-3424,8844,0
16908,-3828,3752,13172,-1984,10064,0
16652,-968,3248,17212,-3568,10260,0
15768,-2596,1212,19660,2412,9432,0
18820,-556,1292,14676,-1456,8880,0
17868,-1944,-520,13284,336,9944,0
25724,2180,-8320,13436,-6444,10004,0
21908,-6408,7460,20636,7000,7904,0
14528,-8572,5320,14896,-3984,3616,0
9596,6432,7512,16404,4216,2368,0
7400,348,9136,17084,1956,728,0
12916,1592,10656,17652,4508,2440,0
15812,4096,12636,16796,3400,964,0
18884,-1016,8504,15992,1308,2308,0
17716,1200,9068,18580,548,556,0
8596,1048,9552,18116,2036,44,0
32767,-7460,5220,24396,-740,-4576,0
14960,2368,8096,23988,9272,2400,0
15664,5228,1696,18332,5896,8240,0
17880,-5024,3832,10028,-3632,7460,0
16392,-440,1712,10332,-1052,6568,0
16276,-2880,3852,12004,-2408,9020,0
15796,-980,2940,11668,-3928,10348,0
16372,-2320,2420,23132,-3400,11680,0
17108,-2056,228,20604,1192,8744,0
17520,-620,180,7116,688,7812,0
18700,-360,1048,19992,5120,-7760,0
24912,7112,-9316,5188,-6640,7300,0
24020,-7472,11484,18768,4716,6964,0
7976,-5444,13708,16088,-2128,5844,0
12624,4288,7396,16388,6284,4884,0
6876,5748,9584,15252,-252,2592,0
13688,-1404,9312,17368,4296,2308,0
13896,6880,20824,14604,4228,3352,0
19712,1396,11116,15288,-3300,2664,0
17392,2424,12920,17136,416,-152,0
6864,-2200,10896,18512,2164,-1812,0
18660,4468,8200,32300,-856,-7892,0
16020,-9448,11540,27276,7248,7804,0
14712,2952,4592,8377,-1,-1,0
16536,-6128,3500,14668,-13400,5864,0
19760,348,4416,11924,-448,6788,0
15344,-3664,4916,12328,-11052,9748,0
16276,2776,1988,18184,-4188,11464,0
15304,-3608,556,22852,4008,9160,0
18120,252,996,10308,-4512,6692,0
18296,-1032,-372,19444,6856,-7992,0
24572,2916,-4172,8220,1496,1972,0
27196,-7792,10052,20740,3916,10612,0
11380,-2892,16860,17200,2732,4788,0
12940,4984,9324,16596,3088,1976,0
7064,1004,9504,16124,2736,2304,0
13184,-88,10188,16632,2852,2192,0
15788,1292,11184,15440,2328,2008,0
20416,968,10704,16500,2944,552,0
18576,964,8808,18168,-136,1644,0
8888,860,6420,17808,2304,1512,0
32767,544,-21988,21880,-1076,-3708,0
14024,8548,7720,24248,7100,3920,0
17404,1936,2508,19488,7532,6972,0
19012,-10480,2740,6552,-3060,14676,0
16476,4848,2264,9544,772,6564,0
16392,-5860,2260,7900,-4168,10584,0
16868,4,3568,13016,-1656,10640,0
16688,-1664,3360,17404,-1808,10208,0
15652,-824,2912,8876,-3356,8648,0
17024,-2296,1556,936,680,7308,0
16536,-2392,2136,13224,-1228,6764,0
22240,-180,2804,18640,4056,528,0
22392,9908,-1824,18832,5572,6884,0
21348,-7868,10592,15876,-6468,152,0
10468,-6188,15656,17012,10236,-324,0
10600,4536,10264,16008,-760,1052,0
7628,5536,8596,17176,4408,1792,0
12852,700,11388,16468,452,2720,0
15568,76,11668,15976,3112,3696,0
17512,2532,9320,17036,1980,5520,0
18228,-2336,6600,16248,40,3532,0
14220,2092,7184,15984,2200,4616,0
9920,-3328,7132,16216,1728,2980,0
26004,-2400,-32768,14076,3420,4932,0
7740,22708,3748,14692,-2616,13076,0
16588,-12380,4972,13128,908,14856,0
18804,2512,1728,12244,-1664,11156,0
17364,1036,232,12664,-1308,7828,0
16316,796,820,13344,-1188,7188,0
16136,-708,3952,13696,-1520,6404,0
16684,804,4116,14684,-2204,3568,0
15760,-572,4200,16432,-5100,2004,0
15644,2632,3156,16084,-5212,1216,0
15960,-2852,3388,16292,-4308,-108,0
15940,704,4448,16728,-2304,112,0
16648,-176,4460,16200,-3504,696,0
16268,64,4636,16672,-48,40,0
15872,-392,4872,15964,-1540,-964,0
15216,-952,5624,15484,-108,-1304,0
18144,-1948,5560,19456,1420,-2752,0
15564,-368,5168,17088,5444,-1296,0
16260,-532,7416,15756,-12132,1100,0
13908,3320,8296,16140,756,260,0
14284,-1000,6632,15636,11432,-424,0
15628,-1496,4304,16848,-508,3260,0
17400,1840,5408,16264,4448,3008,0
18544,-2140,10024,16484,1408,3840,0
16864,-2424,8576,16488,2564,3796,0
14788,-1536,7964,16228,488,2568,0
14928,3560,8788,15976,3140,3252,0
16444,844,9204,15360,3216,3452,0
16936,-1252,9852,14844,480,2812,0
16720,316,6724,16032,1176,3656,0
16836,1428,5800,16248,724,3824,0
13388,1284,1116,17508,3280,3012,0
15184,-3948,5692,18720,640,2220,0
18328,608,-1780,19192,-864,3820,0
10084,6096,-1356,19572,-1976,-44,0
18680,-4744,-688,18988,5176,2716,0
15568,248,1508,19012,5568,5576,0
16096,-5304,1992,10864,1736,13612,0
16412,-600,1104,13412,1140,7916,0
17484,-2388,3380,11784,-860,9000,0
16100,-1380,4176,14344,-4844,9280,0
16812,-1172,4844,18536,-356,8632,0
15972,-2192,2340,18884,1516,7040,0
16996,-2440,3088,19384,-412,7504,0
17004,-1132,1836,6700,516,5444,0
19220,-932,-748,32767,2368,-25360,0
24368,7544,-7108,9972,-6464,3200,0
30396,-9796,11508,18812,3264,5892,0
8832,-4100,23112,18392,2968,4484,0
12676,5512,7544,17352,760,2948,0
7788,1824,10732,16888,2688,2172,0
11288,-1260,10308,17188,916,1324,0
16528,2980,12196,16888,4832,2932,0
20452,2180,8808,16668,2040,3604,0
17820,-1564,8528,17336,-776,3108,0
8844,644,10908,19068,1508,1860,0
32767,-3916,4112,24964,-1424,-2204,0
13236,-5388,11208,21668,6860,6020,0
15624,8296,284,19716,6904,5700,0
17872,-6736,2792,9956,-3520,5600,0
17028,2272,1664,7096,740,8928,0
17036,-2968,4840,10580,264,9372,0
15688,-800,3232,13972,-4584,10860,0
16052,-4016,4632,17440,-5728,11108,0
15916,-356,1192,18428,5724,6800,0
17288,-232,328,8120,-3048,8008,0
19924,428,-1508,26572,9120,-16832,0
25956,8656,-7396,6172,-5508,3988,0
28204,-11584,11472,19296,1364,6984,0
7696,-2548,11884,18756,4064,3536,0
12188,2084,8944,17484,1196,2548,0
11116,3256,11584,16484,2448,1528,0
13264,2212,13252,16696,2128,1328,0
18988,3424,12480,15188,808,3888,0
20268,2528,8644,15144,632,1852,0
5900,-1312,7288,18444,192,2488,0
12260,-1852,11188,19492,-2856,492,0
4440,7356,4292,28112,2400,-3064,0
22688,-9352,10048,32767,7672,3760,0
16048,-1016,4156,5260,-2644,9664,0
16148,-4624,560,9840,-112,6252,0
16168,-2744,4208,10724,-3476,8672,0
17024,-1756,4696,14076,-4700,8888,0
16920,-244,3624,18356,-4184,9492,0
14956,-2224,1152,22896,2656,996,0
18696,-484,3068,13856,-4612,6420,0
17644,-1212,-496,12468,836,9600,0
25376,-464,-3104,21680,-4064,-28,0
23460,-4148,3428,21400,5340,5948,0
13636,-5824,9040,13964,-2360,2360,0
8292,4640,9512,17396,4628,2688,0
6556,-1676,9552,17080,564,1920,0
14004,3444,10436,17208,4032,1904,0
13644,2848,13060,16296,2928,2096,0
17676,188,11852,17052,-8296,3096,0
18820,4144,6916,16624,916,2828,0
12272,-3324,7920,17880,108,2600,0
10780,3020,11376,19720,848,356,0
17104,-2188,1252,31888,-2304,-10428,0
20080,-8908,8788,14008,6280,11960,0
13404,5148,4036,9868,11263,-1,0
15684,-9748,3172,11380,-5820,5928,0
15472,2544,1612,9980,-3520,8280,0
16656,-6048,2844,10956,-1372,10672,0
16612,1192,3080,13976,-2712,10436,0
16884,-4048,3584,19572,-836,10468,0
17212,-1084,740,19012,2992,5980,0
17104,-1132,1284,8564,1656,5492,0
20212,-4420,792,32767,-896,-32768,0
24536,4676,-7344,12336,-7864,7924,0
26636,-9220,11808,18364,-2680,4364,0
8548,-1948,20184,18768,6952,1980,0
8864,2452,10372,16524,964,1876,0
7976,1352,9908,16580,4480,1720,0
12524,-1684,12420,16544,588,3144,0
19288,2648,12016,17320,-628,4016,0
19612,208,7840,16984,1568,1880,0
8388,2208,7332,19084,560,1952,0
12896,-1780,12744,20020,108,-1000,0
9584,2096,4448,30008,1156,-9880,0
22804,-7860,9420,20344,3772,11040,0
15428,-3704,6788,9936,5284,15764,0
15872,-4484,3184,9652,-9560,10312,0
15976,-2792,2604,9600,1568,7000,0
16728,-4708,3500,14448,-5612,9480,0
16252,256,3488,14168,-3960,11192,0
15588,-2280,3212,20180,1524,11168,0
17528,-900,888,17788,540,9640,0
18140,-2292,1064,9680,4436,8076,0
23188,320,-4592,32767,5796,-4664,0
23572,320,1960,16280,5216,8824,0
19436,-8420,11084,13480,-8688,2928,0
8776,1788,8704,16856,4824,2636,0
11824,4228,7376,17312,1144,1176,0
12736,-904,11892,17024,3616,2720,0
16976,-2104,14172,16740,2536,2532,0
18684,2708,12120,18736,272,3220,0
17060,1560,12512,16348,952,1064,0
6128,72,10056,18328,1464,856,0
32767,-8856,3196,25304,-2084,-2332,0
16152,-3056,10024,25684,11632,4108,0
16184,5108,2568,15116,5828,7620,0
18580,-6180,2952,9748,-8420,5552,0
15456,8588,-1172,7308,-1172,7480,0
15188,-6024,4284,13208,-2828,8892,0
18464,4656,4044,15168,-4920,10428,0
16836,-4948,3232,21960,-2756,9400,0
17616,72,572,22660,3760,9980,0
17652,-1280,-548,9884,764,10036,0
27176,3712,-7464,25312,-4268,-616,0
23356,-6000,9776,18564,3316,8948,0
12340,-7948,8596,16628,-1928,3532,0
10900,6808,9820,16996,4320,3216,0
7600,1168,7428,16300,1432,1596,0
13144,-152,10260,16148,1904,2888,0
15252,4092,14244,17160,3892,2672,0
18828,2856,10824,16084,988,1916,0
18728,1764,8428,17320,644,-116,0
6208,200,7148,18944,-356,1828,0
32767,3512,-8140,22956,3124,-3704,0
11592,3212,10680,23612,5628,6452,0
19144,8508,2168,18580,9016,6508,0
19092,-6072,3848,11296,-3660,5168,0
16852,2520,780,7644,-776,7588,0
16908,-3092,3552,11304,876,9780,0
16196,-1100,3936,12808,-4108,11452,0
16584,-3412,3308,19376,-2272,10768,0
15432,-1528,-256,15124,1960,8700,0
18392,256,-204,6752,-744,6148,0
19976,-2444,-1112,32767,7928,-32768,0
25988,6752,-6436,9100,-11212,7036,0
28956,-10360,12996,18948,-2332,5868,0
7412,-1896,9104,19640,10224,3352,0
10688,412,10672,17120,-888,2340,0
12100,2748,10628,16616,4464,1340,0
14880,1652,11044,16644,1200,2728,0
15772,224,12316,15860,1824,2464,0
19784,644,8092,16472,280,172,0
9788,-876,6352,18352,940,1560,0
12212,836,12432,19496,-564,868,0
14252,972,3368,31352,-1276,-9224,0
21372,-6820,11020,25740,10220,9492,0
13740,2256,6664,6508,3612,20852,0
17632,-2552,2796,11152,548,9332,0
16996,-4188,2160,9004,-4364,8832,0
16228,-1528,4252,12584,-1596,10180,0
16836,-592,3872,27832,-2084,8980,0
15480,-3020,1756,21072,3368,7572,0
18028,-508,-696,11852,-3108,5924,0
18976,-700,-628,14104,768,10276,0
26892,7912,-9908,14748,-8832,-92,0
22412,-7080,10860,20408,10516,7472,0
10468,-5304,20084,12600,-7332,5976,0
9892,520,8680,16184,6944,3812,0
16480,1504,9792,17280,-572,1080,0
15644,-3252,11440,13384,4180,1464,0
15232,3920,12668,16556,4132,2360,0
18664,168,8836,15568,320,3040,0
17556,1236,8560,16844,664,1768,0
7760,-1488,7608,18412,484,1616,0
32767,968,1576,26732,-2496,-3736,0
12652,164,10176,22712,6980,9460,0
17396,9320,2756,10332,7776,10120,0
19356,-4492,3752,10700,-7096,5688,0
16516,-256,1332,9112,-6416,6556,0
17464,-2012,4140,12892,-1320,8892,0
16136,-296,2004,14836,-5184,11104,0
15720,-3704,2988,24900,-944,6948,0
17560,-1032,2780,17804,3004,6512,0
17172,-948,-340,6516,-2832,7824,0
23660,-2152,-2012,32767,4144,1644,0
23952,3892,-4148,13636,-1420,11472,0
20572,-7944,11692,18228,-3116,2628,0
7308,1912,7908,17480,9592,496,0
12156,-4800,9236,15056,808,2556,0
14344,3036,13428,17704,3620,3560,0
11224,5252,10080,16676,2112,2872,0
19992,2328,10656,16452,2596,2604,0
17148,1920,8556,15752,-2428,2072,0
8228,504,7900,18036,516,236,0
18232,-4732,-15356,20544,-2700,-1696,0
5876,8468,6332,26180,6328,6888,0
21896,396,6680,18828,6952,7916,0
18708,-5764,5964,11872,-6496,4528,0
16684,620,2920,-7608,6036,13472,0
17240,-1740,3568,10756,196,9488,0
15696,-488,3224,14948,-5340,10436,0
16088,-3216,3488,20972,-4480,9052,0
16092,-1000,1412,17816,3348,7756,0
18072,-232,768,6820,-512,7024,0
21768,-6096,-1032,32767,-9840,-25680,0
25388,4796,-2908,9984,-600,11264,0
23596,-10460,9152,18104,-8588,5704,0
11492,2948,5448,19140,10268,4624,0
7364,3360,10904,17024,-1316,1276,0
11196,-2056,12348,15460,2012,2576,0
17248,944,11512,16484,-604,908,0
20476,-2940,10804,15008,-700,2560,0
18400,1848,10196,17728,796,2288,0
5932,348,9024,19084,-176,748,0
32767,-7564,5264,29168,-500,-10132,0
15952,3524,15388,26212,11164,7824,0
15848,9728,2000,9196,7568,21684,0
18012,-8512,2764,10284,-5828,7368,0
17340,12448,2184,6204,-11176,9376,0
15944,-3972,4440,13192,-1232,10144,0
15600,112,4068,16096,-4780,11364,0
16148,-2160,3948,21048,1652,9112,0
17784,-2056,472,14516,20,8356,0
18304,-492,-420,13252,1268,8168,0
27880,5260,-10668,21332,-6568,-1472,0
22724,-7360,10156,19792,6928,8992,0
10296,-8264,10556,14548,-5788,3076,0
12500,4600,9108,16296,6160,3584,0
1508,-3188,10908,17148,-4312,1052,0
12704,-2376,12772,16008,5688,3304,0
16368,6300,11764,19160,3660,2516,0
20248,-2808,9052,15680,784,116,0
13720,2400,11496,18336,68,252,0
11332,4096,14584,18336,2108,-320,0
18896,-1880,2940,32744,-1856,-10612,0
19212,-5852,10856,29892,9764,9364,0
12628,2032,8244,7632,6784,20628,0
16508,-8260,3012,10792,-7292,8484,0
16120,-1152,2508,13956,-776,7320,0
15788,-4572,2920,14696,-3652,9556,0
17044,1472,3816,16312,-5868,10120,0
15060,-2204,1092,24388,4932,5968,0
18564,-456,560,10316,-2500,10228,0
18392,-272,36,11512,488,11780,0
28168,3108,-9100,10968,-2552,10928,0
20736,-7660,8448,24236,5112,8280,0
9748,-9496,16560,14448,3056,3264,0
11216,5892,8092,16476,1560,2516,0
-1004,3528,11404,17432,3256,3312,0
16492,132,12964,15988,4116,2884,0
16232,1200,14064,15940,5824,3860,0
17200,2108,10024,16044,-692,1900,0
16708,1096,11728,17496,972,924,0
5412,-1524,11120,17624,720,-112,0
27804,11000,-588,32116,-4456,-9308,0
17760,-14896,10932,24180,6212,6700,0
12440,1860,10824,12212,6016,20488,0
17524,-4248,5048,12832,-3264,7352,0
16624,-2364,2828,9928,-3292,8704,0
16696,-3008,3940,12548,140,9664,0
15800,-1084,2408,15280,-5672,10508,0
14892,-1696,1928,29872,652,8804,0
17508,-1468,-96,16048,-508,12204,0
18488,-124,88,10256,828,8624,0
26152,-3484,948,28688,1072,2056,0
22568,-4196,6672,18540,2868,6764,0
14348,-9832,7208,16712,-5388,4300,0
9320,8208,9088,18324,5028,2480,0
4056,3648,12956,15188,1520,1980,0
14728,3204,10092,16536,1020,2996,0
13400,2576,11328,17688,160,1888,0
19388,4492,12140,15448,-2092,3284,0
19820,128,8520,18812,248,856,0
3680,932,8248,17996,428,496,0
32767,-2908,1768,23704,1484,-2652,0
11244,1308,10404,23428,8228,7492,0
19752,7800,2948,18068,7208,6960,0
18588,-5220,2716,13644,-4976,5272,0
16396,1956,1356,7020,-3004,7268,0
16904,-2752,4536,12340,-244,8532,0
17092,-204,4420,14276,-5428,10548,0
15728,-2820,3196,19700,-3652,11100,0
16400,-1172,904,19136,4056,8000,0
17888,-24,792,4708,-1952,8588,0
21644,-6056,268,32767,-11380,-32768,0
24180,4512,-1924,13684,-8624,13140,0
19724,-9172,9412,19828,-5008,2512,0
9068,2452,18616,18560,4624,3212,0
22368,-2940,8556,17560,-508,2060,0
9828,6300,9536,18948,-560,2572,0
12716,980,12392,17124,696,2136,0
19072,52,11360,14256,2168,5724,0
18720,4624,8268,16328,-52,2764,0
6900,-2660,6996,17536,92,2260,0
13592,-312,6160,20540,-2056,-336,0
4620,3512,1740,29552,2100,-7164,0
20872,-3308,7172,29788,8204,6740,0
18068,-3032,5728,7100,-1700,19668,0
16212,44,3684,9360,376,12592,0
16076,-2188,3156,13220,-564,7048,0
15816,-1020,4212,15240,-5676,9228,0
16360,-1380,3000,16356,-448,9052,0
16184,1060,4548,24436,340,6744,0
17232,-2384,4564,12952,-3992,5648,0
17248,-716,2300,12360,4208,6060,0
27008,820,-760,18284,-7740,-1700,0
21628,-104,2608,18720,10048,7548,0
15448,-5372,8168,14792,-4104,3508,0
6992,6072,15132,16516,4172,2180,0
12448,-2428,9280,16840,3356,2400,0
12776,7132,9516,16440,4484,1404,0
14192,5148,11468,16764,6036,2044,0
16244,2404,11124,15956,652,5968,0
17928,1528,8336,16180,1384,4376,0
15684,2336,8736,16540,2300,2580,0
8580,-1764,8548,18420,284,3328,0
32767,-9388,2840,29300,-2876,-216,0
15164,-3996,7016,21728,448,9044,0
13268,9372,5748,16860,6268,5340,0
16340,-6264,4448,9964,-1988,14956,0
16836,1236,1324,6060,-232,21060,0
16320,-2768,2456,10948,2964,10032,0
17252,196,2288,12996,-6096,7276,0
15816,-1560,3440,13348,-40,8852,0
16264,-1340,5588,21548,924,9128,0
16384,-1208,1992,16348,-5248,10648,0
17200,-476,2164,7352,2964,7808,0
27796,516,-224,16584,2184,496,0
17228,-512,13444,24060,6788,8148,0
13500,-4644,10288,13720,-4040,5084,0
8696,7088,15696,16492,1916,1824,0
13732,2212,8092,17736,-8,2236,0
12964,9768,8328,16228,2888,3532,0
14388,6828,10404,16952,2328,2412,0
17852,4992,10832,16588,516,3236,0
18196,4052,7588,16228,104,3260,0
14760,1512,5460,16728,-1104,2576,0
9452,-572,6740,17780,-372,3296,0
18896,-11516,-3800,20672,-312,-4060,0
7208,7096,32,25840,2276,5696,0
22356,-1572,3964,17816,9332,8412,0
17656,-4712,3452,7868,1740,21548,0
16404,-644,1488,10808,3180,10816,0
16248,-4260,3252,8028,-928,13248,0
16764,-4212,4400,16216,7040,12624,0
15496,-2192,4716,15752,4004,11380,0
14852,-5108,4120,15700,-492,10204,0
14620,-16,2964,16388,2660,7232,0
18024,-3416,4392,15352,20,6004,0
18432,396,2268,10708,-828,6376,0
20528,72,-48,32767,652,-20112,0
23932,7948,-4704,12592,-12712,2732,0
22704,-9888,8016,20008,-276,2616,0
13192,1652,14720,17852,8624,68,0
22592,7300,2080,17792,-296,2008,0
9332,-4516,10028,18476,2660,1444,0
14164,5036,11064,17624,1320,1468,0
13508,4888,11960,15720,3024,4968,0
12020,716,12020,15640,1648,5424,0
10776,2524,8412,12992,-2892,3248,0
12644,-3936,6092,14740,1988,1852,0
14996,5504,4292,16376,196,4600,0
17712,-5240,3304,18604,1088,5640,0
29752,-15740,-32768,19324,-1840,3256,0
8452,22680,-3624,23604,3656,-5264,0
14672,-10892,1780,19584,6040,11432,0
19984,-4068,2612,11912,-6672,14816,0
16772,1916,2824,8252,-1632,10392,0
16464,-2948,3020,776,-60,6248,0
17764,-576,2956,7444,-168,5636,0
15472,-3612,4080,14528,-4700,9736,0
14600,-1364,6228,16368,-3024,9980,0
15020,-1208,5256,20780,1132,8660,0
16320,-2328,2564,21324,576,5736,0
17312,-92,100,6536,-1480,7512,0
21236,-748,912,24868,6544,-15280,0
23300,5864,-5616,11272,-4044,2812,0
24088,-6796,9168,19492,3640,6892,0
10628,-7032,19864,15892,1588,3752,0
11340,6164,8352,15864,5224,1788,0
7284,5472,9976,16504,1152,3756,0
13320,-744,11560,16852,1028,3476,0
16992,5264,11340,14796,1248,1420,0
18444,2668,8444,16896,496,700,0
19388,676,9612,18236,-964,1320,0
6904,-1412,4448,18396,344,3300,0
15604,-4108,2596,18856,-1200,-660,0
3816,10348,312,25716,-1920,-4336,0
23940,-6968,8624,29536,8176,5572,0
16912,1340,5036,8616,788,20004,0
17156,-5540,1576,13424,-5552,9692,0
16544,-1964,2524,8576,-1024,5924,0
16588,-2588,3788,14408,-7308,9204,0
17244,-1536,3608,16120,-5272,9308,0
16400,-1376,4576,21036,440,8572,0
17036,-1208,624,14216,-3308,10544,0
17636,-1120,-548,10656,3404,8424,0
24972,-2976,-968,32767,2304,6068,0
21836,-164,3480,18056,1740,8324,0
18088,-5824,8400,17108,-3272,3808,0
9452,6260,8560,17500,2420,2228,0
14704,-4808,10448,17748,-1128,1320,0
11544,3916,10368,17740,864,2732,0
14828,3752,13056,14704,-356,2136,0
18876,960,12892,18012,972,1696,0
18800,1188,8504,18156,-208,1544,0
8120,1612,7052,17676,256,372,0
14404,-2348,1960,19788,-3140,-248,0
7812,2152,2816,29544,-876,-5184,0
26844,1704,10144,26960,10672,9448,0
18832,-11576,5936,6688,3508,23904,0
17532,1124,2164,10084,4356,8332,0
15828,-5472,1248,8812,-4560,8948,0
16428,-3776,4380,13060,5828,10912,0
16260,-2276,2052,15840,1644,11372,0
17104,-4148,4348,23636,-984,8688,0
16408,-3756,2880,17576,4348,6824,0
17276,-216,2796,6852,-2884,6840,0
17240,-2608,332,26856,1028,-20420,0
24516,6792,-2408,8392,-6280,6068,0
23456,-6316,10936,19656,-948,5976,0
7900,2664,14356,19820,388,2828,0
10392,15208,24392,16984,-172,396,0
12652,7104,8148,15952,3272,1520,0
13824,11416,9944,16536,76,3516,0
16504,6864,10308,15020,1340,4340,0
19564,-2572,6980,16644,-112,3780,0
17112,2084,4644,16940,-1120,1624,0
10536,-352,3708,17948,896,2440,0
14180,-380,10196,19120,-852,-356,0
12268,-5352,5228,27236,-1712,-9304,0
20188,-1396,7180,28236,9776,8524,0
15312,-2812,4016,9124,4536,22556,0
17640,-4092,3684,12512,-1888,10056,0
15672,-2640,828,8396,-264,8928,0
16144,-2940,4504,10616,-100,10704,0
16424,-2984,4600,12676,-2060,10548,0
16516,-2560,3512,20692,512,10844,0
16852,-968,1636,21308,1428,8252,0
17540,-2172,64,6828,-3304,8792,0
19092,800,-400,15956,2728,948,0
26780,7940,-6616,5864,-5908,4064,0
25924,-9728,12248,18800,7096,7024,0
7304,-5468,24860,16132,200,4724,0
11828,1816,11316,16668,3036,3724,0
6836,4360,12108,15948,1148,3412,0
13232,1152,11024,14716,5020,1624,0
15196,1348,12600,16928,-140,2844,0
18676,3828,10660,17472,2400,1992,0
18540,2536,7648,17132,44,3876,0
3256,-2656,5364,17892,392,1492,0
32767,1944,-30792,21676,616,1052,0
10872,6716,10144,25028,3160,-1624,0
20320,2212,6376,22332,7308,7532,0
18584,-5340,2732,8248,-5772,15368,0
15628,528,-336,8316,-1036,7208,0
15652,-1864,1800,9128,-864,9396,0
16280,-984,5392,13460,-5168,9260,0
17236,-944,2972,15080,-3748,11672,0
16480,-1496,1656,22324,2132,8340,0
17160,-268,-372,6436,-3720,7688,0
19360,572,428,13676,1752,10128,0
27356,5540,-8972,8048,-1492,9400,0
27996,-8800,12928,19764,8492,8812,0
11924,-7348,13148,15288,-2984,5868,0
6444,3420,3824,16248,6900,3548,0
5408,4124,8620,16052,1956,1704,0
16312,-868,11932,16460,4276,2336,0
16368,160,12800,16420,2756,264,0
21860,3096,12344,18144,-220,3192,0
15580,1140,12196,16900,1720,1772,0
8516,2104,11360,16732,-752,5944,0
24656,1808,-716,29688,2332,-2464,0
19112,-4744,12708,21780,8252,4908,0
14528,-1612,5744,13436,-3316,14936,0
16928,-4048,3704,9780,-796,5012,0
16588,-1852,2712,11520,-2164,3912,0
17004,-948,4552,11660,-2648,8904,0
16336,-1008,3384,14804,-8928,10228,0
15488,-1732,5000,19728,-2972,9536,0
15884,-1444,1580,18732,5632,7532,0
18212,872,1096,4148,-1676,7100,0
21660,-2960,940,32767,7104,-22608,0
23440,8020,-3360,8692,-3820,4808,0
22372,-15552,10088,18884,-6844,6072,0
7368,-1052,17464,18124,8880,3896,0
12044,328,8620,17088,2672,2192,0
8680,-256,11232,16596,5308,1628,0
22944,-7748,14884,18816,-648,1232,0
18112,1076,14036,16784,3468,3188,0
19592,3908,9092,16664,584,2384,0
14284,-2260,8840,15972,2188,2236,0
10316,3068,12044,17144,1668,816,0
32767,2676,1072,28508,-248,-1056,0
18688,-6828,10440,23248,10144,7224,0
14452,3500,5776,11268,-108,21620,0
18004,-3020,4644,9544,-1560,9868,0
17948,-308,2468,9836,-9100,5432,0
15184,-2048,3280,16156,-6304,6564,0
16324,-604,3412,14864,-10240,8964,0
14984,-484,3876,19848,-1116,8172,0
16016,-600,3360,20080,-1088,5132,0
17796,664,2096,5112,1120,3548,0
19128,-664,1396,23864,14836,-6616,0
23608,2716,-3892,6644,6620,4616,0
22316,-3116,5700,20176,-2456,8180,0
12784,-6384,16432,17804,5144,3380,0
15972,728,9396,16196,4624,2948,0
11308,-4480,12428,16932,-276,2664,0
12940,-3932,13812,16008,4244,1648,0
13168,-5240,15348,17916,8596,2924,0
9552,-6548,-6104,9424,-2148,9432,0
19632,-1108,8556,15628,1972,2464,0
13948,3732,6540,16632,2752,2656,0
9900,2004,11872,18016,-464,1076,0
22980,11492,6124,30308,-5644,-5216,0
21672,-10084,10256,24308,10384,8260,0
18284,8536,5104,11372,-4364,15216,0
15512,-8140,3876,11988,-704,6876,0
17240,944,1884,13008,-5260,6284,0
16088,-6348,4540,14616,-3700,8700,0
15612,124,4068,14860,-7212,9892,0
15840,-1384,5356,20912,2324,4608,0
16004,-1536,2184,19536,1812,6624,0
17620,-1264,1732,5420,-120,4880,0
18624,88,1052,24536,11320,-25164,0
21724,2380,1864,7656,-6180,3836,0
22928,-4920,9676,19700,5276,5924,0
6908,636,10556,19324,5508,5256,0
8836,1068,10324,16584,2788,2372,0
32767,-12824,-4508,15220,5224,1080,0
12440,7376,12596,14296,892,2440,0
17052,1904,10300,15572,2472,3712,0
17572,1356,7736,15696,1304,2196,0
14820,1008,5096,18220,-44,1256,0
14912,876,6696,15592,44,6064,0
9616,-1392,4976,23612,-10128,-3212,0
14188,3064,-592,32116,8616,4484,0
23556,-5188,7908,6248,13800,17536,0
16632,-5196,4944,6472,-2036,10576,0
16752,-1560,3496,10852,-1712,8956,0
14840,-5868,356,9236,9844,12864,0
15368,-6152,5764,15996,-1684,11848,0
15992,-2340,2884,16072,1448,9464,0
16060,-3488,1004,16256,7360,8992,0
16512,-1768,3420,16360,2904,7644,0
15956,-3260,1600,17340,3552,6968,0
17124,-660,1952,17376,4624,6408,0
16980,-1608,3428,16912,1836,5700,0
15968,-3480,4400,16916,2252,4452,0
16000,-636,4832,16644,68,3368,0
14956,-2868,4452,16128,-484,1680,0
14948,-1076,6424,15556,-656,668,0
16560,-3312,2364,15704,-248,164,0
15824,-1040,3420,15664,-1048,156,0
15184,-3368,5928,15612,-868,700,0
16956,-2428,4856,23884,-3244,-5304,0
16084,1956,5092,15268,-4556,-300,0
15976,152,6708,15736,3392,-1108,0
16488,-512,8096,16744,2204,680,0
15836,-2544,11448,16800,5028,2460,0
14396,2080,10196,16844,2208,2480,0
13380,2512,5692,16712,112,1560,0
13332,844,6412,16576,2280,2160,0
19100,2692,7716,16296,1576,2528,0
15852,6568,7528,16512,56,2972,0
17572,-968,6692,16296,548,4492,0
17568,988,4216,17340,-160,4264,0
16188,340,4040,16432,1440,3808,0
15000,1024,2388,16312,1896,3624,0
14408,-1920,2600,17696,540,2672,0
14576,-2296,5004,16288,160,2492,0
29156,1948,-5312,21112,900,1272,0
13412,-2964,696,21296,-2652,1068,0
16660,24,2032,21112,6984,8564,0
16756,-5164,1876,10012,3836,12152,0
16240,-1972,376,14468,-280,6248,0
15700,-2748,1380,10180,628,8524,0
15592,-4696,3244,13260,-832,10672,0
16032,-1360,4572,16124,2676,10128,0
16596,-1092,4140,18444,736,8248,0
16624,-2368,5548,19132,512,6624,0
16224,-2352,2936,17840,156,4792,0
15788,-1796,4000,10148,-1816,4388,0
17368,108,3860,12808,104,7272,0
21536,-1752,2372,20376,4000,8120,0
21576,5880,-2592,19724,7980,5896,0
23268,-6116,9976,16044,-4568,1708,0
8020,1924,9564,17084,8600,772,0
12184,2460,8724,16380,-4604,1980,0
12356,4724,8800,16420,3484,2356,0
14704,5268,10084,16604,536,3516,0
18192,6000,10528,17348,1648,3572,0
19212,-1252,8352,17664,1396,3284,0
14404,4088,7940,17944,-536,1464,0
10348,-2136,9688,18084,2200,-1160,0
16004,-2100,5140,28732,-2144,-6752,0
18424,-4080,9800,24524,8048,6936,0
14664,1336,4872,12056,4940,12552,0
15944,-5796,1584,12192,-5948,8284,0
15192,-1760,2196,10940,-2340,7008,0
16520,-1452,4088,12592,-3628,8900,0
16440,-2044,3612,13872,-4808,9176,0
17220,-1680,3448,18264,-2084,10332,0
17588,-1420,1324,18248,648,9596,0
17148,-2000,-428,5300,-1004,9288,0
20288,-3244,80,32767,-7744,-30844,0
22828,3740,-1488,14112,-8748,6908,0
24844,-11144,13428,19612,-2008,4316,0
7576,1528,17816,18556,4684,2656,0
10124,-928,10776,17148,872,2616,0
9304,6076,9068,16344,2336,3152,0
13892,3908,10700,16356,-864,3616,0
17952,2328,12812,16520,3820,3596,0
20940,1740,8176,16936,3084,2020,0
14372,1696,7792,18968,-456,592,0
11868,1744,11232,18876,1204,-1948,0
12124,-32,6656,29780,-2292,-10580,0
19744,-6024,10152,29800,11388,8708,0
15028,-2968,5416,10036,4844,8124,0
16504,-3124,1272,7368,-6832,6812,0
15360,-4376,980,8456,5292,8188,0
16592,-1492,4572,15388,-7412,10012,0
16524,-1308,3484,13760,-3272,6448,0
15852,-1536,800,23048,4104,10364,0
18044,-536,-184,11212,-3248,6296,0
18024,-1584,-1204,11212,1964,10896,0
26280,1560,-11356,13524,-4616,5472,0
21628,-7068,9832,21952,7780,8212,0
12212,-7516,16184,14524,-4572,2736,0
12084,6476,9968,16304,5896,2612,0
1968,5564,19632,16168,184,1620,0
11344,6116,9880,15888,3872,3140,0
16520,5056,10680,17116,2912,2004,0
21048,-12,9200,16100,2936,1320,0
16764,1196,10612,18280,-584,1756,0
8688,1120,13272,18976,2332,-180,0
25812,1240,-2872,30368,-4400,-11328,0
17744,-4976,9508,24340,9532,8600,0
13184,5016,4676,9936,8984,8464,0
15288,-11240,3312,9680,-6152,7228,0
16116,-436,1072,11256,-1960,6632,0
16264,-2180,4696,11440,-2768,8000,0
16292,-2256,3080,14208,-1968,9352,0
16236,-2388,2512,21588,-1648,10204,0
17500,-1988,-136,15012,128,9516,0
17244,-1756,16,7128,-592,8308,0
22792,-3044,-2452,32767,6048,3964,0
23216,3840,-808,16076,-2744,10700,0
22216,-7136,10720,17824,-6024,2912,0
10028,5588,8052,18392,6284,2584,0
7940,4192,9908,17272,-592,2452,0
13268,2840,9760,16784,4072,3600,0
14704,7452,10720,16408,1780,2088,0
19188,2788,11196,14800,448,4188,0
18372,528,7132,17028,-580,2176,0
7068,3840,5380,18328,-1192,1432,0
14120,-3300,4976,20268,-1660,-1076,0
7220,-992,4496,27040,5000,1764,0
23856,3412,8692,21468,9976,7900,0
17224,-4484,4728,7656,3936,26748,0
16180,-3528,1100,11984,912,7628,0
15876,-5472,1812,8164,-640,9984,0
16276,-2704,3440,13804,-724,11596,0
16952,-1428,3848,15580,1784,10852,0
16980,-1644,3044,21008,1048,8088,0
16708,-3068,1272,12220,-1016,11936,0
17552,-1164,1072,9136,796,7364,0
23248,-1496,416,27244,2936,-584,0
23376,5340,-1796,17020,4908,8388,0
17824,-7884,11728,14852,-6308,4324,0
9272,3068,6940,17260,5100,1348,0
-13920,23460,32767,18064,-5728,2844,0
11732,440,10260,17620,1456,2524,0
13564,7660,13192,15064,3184,3972,0
19016,7264,11420,16048,-208,3844,0
20368,680,7196,17260,1800,104,0
256,2736,4504,18848,-116,2296,0
21428,-13724,-8276,20560,-2704,-3228,0
7552,6092,2884,24380,9344,1540,0
21180,-1152,6156,21644,9604,6860,0
18144,-2100,3320,7192,-1700,17440,0
15736,-1352,988,6720,768,14796,0
16832,-2520,2972,14240,-3408,7512,0
16176,-2936,4396,14648,-384,9004,0
17432,-1444,3696,19576,-1008,11524,0
16748,-2280,1688,22660,1912,7680,0
16644,-624,-568,6628,-960,7672,0
18852,-504,-1604,21820,5988,-15872,0
25892,3652,-3484,6944,-9136,5904,0
25292,-7292,11560,20320,-96,7432,0
7072,736,8984,18928,6808,4644,0
9048,2264,9980,17208,228,2480,0
11908,5004,8080,15632,4048,2368,0
12980,6232,10792,17068,-188,2908,0
18468,3832,12240,16812,2896,2080,0
20056,-700,8112,17552,1672,3664,0
15328,1768,8740,17948,-172,2236,0
11828,-188,12396,17552,1920,824,0
31168,-7560,-1652,26780,-2168,-4368,0
15308,-4764,7608,23036,8288,3388,0
14016,3916,2072,17708,8008,5984,0
16924,-9544,80,9936,-4436,3836,0
16292,560,772,8072,568,7300,0
16764,-1004,4948,10000,-696,10112,0
16208,-2216,4156,13284,-4748,10188,0
16784,-2340,5064,16440,-2748,10352,0
16240,-1136,1688,24880,3344,8428,0
17208,-672,400,-6832,-4556,8952,0
19320,-928,592,32767,8716,-32380,0
24056,4768,-3128,8116,-5584,6136,0
25532,-5248,9824,20332,604,7028,0
7564,-4540,18812,18708,5788,5132,0
12828,1192,8772,17000,2188,3008,0
10936,5176,10212,15828,2032,2372,0
13496,-112,10864,17488,2044,2336,0
17144,3804,11524,17284,1616,3952,0
18744,-1344,9236,17456,856,2404,0
15864,2912,7500,17656,1724,1664,0
9744,-1064,8216,16792,1308,2660,0
32767,1404,-25136,19292,1728,2124,0
10924,9716,4124,24960,-732,-4736,0
18444,1644,3364,26460,6144,9124,0
18796,-8924,3988,6324,-1412,9228,0
17296,6304,1628,8940,1452,9084,0
16248,-5100,3268,11632,-2888,8904,0
17228,148,4384,13944,-6268,8788,0
16272,-1720,3540,17508,-4184,10876,0
15776,-1660,744,23700,1904,8684,0
16604,-1784,-240,12428,-852,8348,0
17644,-316,2764,13296,964,7084,0
22536,-4276,1364,16292,-1172,-980,0
22436,4360,964,19236,8328,5020,0
18560,-5784,11936,15000,-6060,2516,0
9652,3336,7380,16808,4740,1808,0
15228,744,10128,17928,-3532,-68,0
13088,3400,10448,16852,3560,3144,0
13916,4096,11392,16536,2504,2668,0
17236,508,11096,16000,784,3188,0
19380,180,3256,16212,548,792,0
15036,2948,2656,17112,1824,3084,0
13792,1100,3000,17100,1528,3172,0
15496,-984,6724,17968,-248,2724,0
25800,1456,-1932,22244,-1100,744,0
15604,-4260,1344,21684,-1116,1668,0
15380,1452,-876,14624,2992,11788,0
16800,-7396,1664,4004,1608,16320,0
16320,-652,152,9348,928,9548,0
16204,-3008,1168,11652,-7056,6992,0
16484,-2244,2684,10552,3548,8136,0
16128,-1820,2960,16648,12,9764,0
16696,-1472,3592,17772,2444,9868,0
16856,-3952,4368,16660,5960,11032,0
15952,-2740,4304,17100,3588,10748,0
16164,-3160,4232,14672,1156,11404,0
15480,-1800,4464,12256,1080,10164,0
16016,-3420,4336,15364,-664,8604,0
18404,-1896,2896,19716,2148,-692,0
15516,-952,6212,17160,-10516,4312,0
13348,-2572,9120,16524,-232,1760,0
14296,-3088,7920,16344,1280,-192,0
15728,-1728,5988,16508,2332,-1044,0
15396,-1092,6508,16040,-52,828,0
15148,424,6024,17184,-2428,1620,0
15984,-1348,4592,16960,1340,1876,0
15992,2132,4068,16868,-176,2152,0
15596,-1092,5180,16692,-1484,2336,0
15568,444,5336,16484,1100,3472,0
15584,276,4780,15656,652,3692,0
16500,584,1964,16284,1020,3876,0
16428,296,4292,15772,1336,5108,0
15756,1400,3100,15028,3456,5588,0
15932,792,2196,15188,3180,3564,0
18764,-4392,344,18780,-2424,1388,0
17688,1904,108,16096,3260,1612,0
17728,-1172,2336,15188,4536,4704,0
16156,220,5180,16868,-2768,2500,0
15644,-1456,1272,16064,3220,3392,0
17556,2060,316,15956,2152,4260,0
16052,-4216,188,15876,1296,2536,0
15508,-1972,-568,15640,2356,2644,0
15456,852,-1236,15876,1360,4216,0
14648,-812,-2200,16624,2176,5176,0
14264,-1460,-1388,17080,900,4404,0
15332,-2488,2004,18236,2772,3672,0
17352,-2768,-1972,17192,1136,3264,0
11096,4684,-4844,19280,-112,2640,0
16980,-2884,644,20940,1920,-688,0
16676,580,3288,23224,6032,8424,0
16004,-3480,1872,11276,996,8028,0
16204,-1876,1384,14880,-2528,5556,0
16036,-5108,296,11368,-44,8208,0
15644,-252,888,13212,-3040,9024,0
16148,-3356,2760,16360,-1280,8864,0
16768,-320,6824,18732,1676,7848,0
16720,-2444,4260,17716,-2352,6036,0
17576,1968,1208,10224,2236,4828,0
18248,-1988,2268,15096,1264,5216,0
21584,-1172,-272,16700,-780,8,0
23900,4344,-3792,16680,5140,5840,0
25880,-8332,11056,16816,-5136,2800,0
8308,-504,10240,17332,8256,1776,0
10892,664,8940,16376,-672,1680,0
8368,1884,9488,16780,5748,924,0
13712,-2460,7400,17804,896,1000,0
16444,2852,8676,18908,3156,2480,0
20200,2164,8292,17076,1684,2324,0
15712,884,7936,17572,-380,1972,0
9432,-784,11316,18260,856,-1052,0
21020,5188,744,31188,-2404,-10496,0
17932,-8748,10648,27124,10004,7532,0
13272,4368,4628,8152,6732,22376,0
15772,-8032,3888,11436,-3712,6352,0
15964,156,2200,11192,-2004,8008,0
16724,-3872,4000,13360,-968,9748,0
16504,-148,2748,-32768,-19060,18332,0
16640,-2784,2432,20364,-1052,12172,0
17452,-2328,-60,16352,492,10900,0
17568,-612,-920,9396,-1228,10932,0
26536,3368,-8976,14740,-6800,232,0
22732,-7896,7864,20404,6856,7860,0
12792,-7592,12404,14312,-5048,2764,0
12112,5300,8328,16588,6592,3312,0
32767,-2516,-32768,15616,7284,2972,0
9560,2268,11772,14836,5560,2304,0
18620,4980,10972,15720,1680,4348,0
19044,-876,9068,17564,1208,1000,0
15344,1184,12264,18148,416,740,0
9496,-1360,10720,18232,884,268,0
32767,-2532,-200,26068,-1392,-5284,0
12252,-4776,11488,23740,4320,9736,0
15988,8264,1104,17412,9092,6688,0
18212,-12124,3692,11112,-4992,5864,0
15860,5672,524,10756,-3172,7208,0
16456,-5028,4160,12712,-4476,8680,0
16552,620,3284,14756,-2476,10540,0
17680,-2272,3896,21032,-4308,6564,0
16796,-1456,-292,22344,-1000,11208,0
17824,-368,1032,10220,2512,8908,0
26100,-580,-5080,21028,8480,5116,0
23208,-3372,5192,19916,9292,5280,0
14348,-9388,8296,13736,-10108,6156,0
10360,7764,7000,17052,6984,4284,0
-32768,32767,32504,17388,-7504,2808,0
12120,3728,11080,19980,2888,1540,0
13404,-1376,12136,17636,2344,2916,0
18964,788,11268,11384,5920,3232,0
19540,3952,9620,17648,-360,4072,0
3288,1016,7908,16668,-480,2560,0
32767,-708,576,25860,-2648,-6872,0
14304,4112,8028,26320,7612,11036,0
19560,4892,1856,16304,8380,5080,0
18208,-4972,660,6796,-2620,12076,0
15280,-1516,1540,10084,2752,7588,0
16696,-1096,3596,8804,-5840,10768,0
15908,-1332,4888,14792,-856,10280,0
16012,-1996,3012,18688,-104,11864,0
17076,-1512,1348,19388,-1712,8504,0
16692,-984,1556,8624,1064,6624,0
18384,-2480,2860,32767,4592,-32768,0
23396,4512,-496,8092,-3324,4804,0
21528,-6064,12812,20088,-4652,6460,0
10756,-2420,8548,19400,10836,3508,0
6152,5180,11576,17176,748,3272,0
6608,-7700,6484,16324,2240,1944,0
15568,5568,11396,15976,2044,1152,0
6292,1004,13292,15220,2848,2412,0
19072,-940,7692,16072,3032,3680,0
17980,1492,7468,16244,1832,2972,0
12248,696,3868,16060,1660,4444,0
12508,-700,5572,16640,924,4248,0
23184,-5840,-16992,15144,-696,6412,0
11004,4404,-892,18296,2604,4712,0
15428,-4448,2296,12568,-1396,13780,0
17536,-168,3312,8748,-4408,14444,0
17312,-2396,1528,9812,-2488,12740,0
16328,-2184,360,10784,-1368,12168,0
16372,-1672,400,10612,-3020,11876,0
16284,-1980,1652,11172,-2580,11436,0
16156,-1628,1916,11620,-2912,11624,0
16408,-2136,2492,12172,-2724,11020,0
16368,-1992,1760,12632,-3076,10364,0
16456,-1864,1516,12572,-3256,10448,0
16444,-1856,2040,12220,-2904,10372,0
16272,-1828,1456,12196,-2384,10120,0
16428,-2000,1932,12112,-2068,10208,0
16580,-1344,728,11752,-1392,11668,0
16676,-2040,1020,12628,1884,11716,0
17888,424,1560,12188,-2484,11896,0
17832,-852,560,17056,6552,6196,0
17672,616,-368,15524,-3676,4532,0
11436,-2332,1016,19084,-2740,4336,0
17272,-1556,6176,17660,3984,5956,0
16284,5100,3872,16600,1136,4668,0
14924,-3444,6624,15912,768,2568,0
15884,3920,7968,14592,2004,2816,0
16372,1236,9308,16320,2848,2712,0
17040,-268,9176,16440,1324,596,0
18284,-2616,6916,16328,4200,-16,0
15696,2256,5768,16044,3152,1640,0
11948,-884,3688,16112,2968,2400,0
9644,7508,5120,17208,512,312,0
28104,-28584,3952,17728,388,128,0
19620,22428,4388,21956,-3268,-1780,0
16812,-14324,7468,15824,7524,3644,0
16376,7992,6072,15416,-1984,3084,0
15432,-6884,4468,15308,-276,4640,0
15016,1064,2376,14372,72,8012,0
16320,-2328,2132,14240,-2264,10328,0
16992,-1776,2888,14048,-1840,10284,0
15424,-2144,848,13172,196,9084,0
15736,-2492,168,13024,300,6784,0
16000,-856,-1280,11004,2592,5804,0
15956,-2436,-652,13892,2048,5248,0
17916,2356,-3536,21752,32767,-12808,0
20228,140,-4528,26172,-11020,-920,0
17732,-3356,11292,26180,4456,6716,0
19120,-624,5968,17400,748,5824,0
13100,4440,8020,12344,488,10456,0
15548,904,10128,10776,1968,3624,0
15868,988,9932,14404,3420,3736,0
19988,-1392,10620,19340,632,-3060,0
15588,-3208,6248,16900,3264,3632,0
13220,1700,1880,16032,1628,3436,0
14704,-268,3636,16220,2180,1016,0
22652,-8672,-2060,17328,356,-248,0
20292,11200,-348,18580,2292,444,0
20344,-2076,4812,17760,1540,-3784,0
18268,-984,4052,16696,-344,3408,0
14748,-4996,-292,15684,672,7168,0
12808,544,2644,15664,-2832,7952,0
14748,-1344,1836,14716,-4188,9324,0
16272,-924,1408,15120,-5056,8848,0
15472,-2172,-824,14708,3412,7512,0
16396,-1464,96,13276,5684,1820,0
15696,-2040,-2500,10748,-776,6696,0
17724,2244,424,32767,28560,3508,0
21496,488,2968,21692,-14196,1172,0
18668,-4436,4992,22348,7968,8032,0
15836,2608,4452,15576,-1256,7736,0
12924,1692,5432,14612,2428,6548,0
15552,4300,7788,12860,608,1540,0
17592,1528,9912,16684,1920,1244,0
17884,-640,9892,15576,4352,-1556,0
16308,-1736,8032,15852,2248,-720,0
14520,-4720,4856,17188,1300,-180,0
11944,-5124,2560,16212,1440,-596,0
11428,19820,8384,16220,3812,-2248,0
17940,-5172,-2152,17780,2916,-296,0
17396,812,6376,19664,2288,-2672,0
18696,-712,8444,17640,1260,1416,0
14844,-2248,7964,13696,-1552,3240,0
14964,-2056,3864,14616,-1604,6784,0
15236,-1220,1516,14484,-3432,10900,0
15480,-52,-796,12788,284,13808,0
17820,536,1364,13348,-1644,10312,0
16036,-1644,3712,12628,3140,6304,0
16496,-1976,1984,12232,4132,3188,0
16080,-596,104,15096,4328,3484,0
16424,-1412,-1320,32767,21752,-5028,0
20264,-328,984,21960,-8152,-940,0
17044,-3532,4236,20428,4804,10060,0
17068,1808,3612,15320,-948,7308,0
13936,-1048,4512,15864,2068,6496,0
14124,4000,8612,10852,372,4348,0
15012,1452,10040,15368,2796,2600,0
17760,1644,10300,18660,1384,-348,0
17812,-1180,9016,15404,-9784,-336,0
14404,-3004,7124,15884,3276,-1308,0
14516,788,4352,16084,2448,-1600,0
13652,-1492,1296,16336,2504,108,0
12984,12796,12152,16296,3496,-2820,0
16280,-10288,4000,16712,1164,-4500,0
14608,6496,3400,18944,4412,-2012,0
22104,-3156,8364,18488,-1936,1812,0
15632,804,7348,17108,-1008,1592,0
14716,-2660,3080,15060,1288,412,0
14012,-1388,4052,15564,-156,2768,0
15224,-1628,1640,15272,-2424,6784,0
16800,-2152,2732,16196,-696,8844,0
15916,-2608,1488,16644,-1996,9264,0
15460,-2448,896,15148,-1260,7376,0
16104,-2652,812,13804,1908,6728,0
16528,-708,-684,15172,2296,5464,0
15552,-1704,-168,13844,2132,4184,0
15832,-1400,-968,16184,3592,16568,0
15336,-4968,-2624,19816,2028,-3916,0
16068,672,-2632,19012,-1780,-1688,0
18100,-5792,-1176,18424,2344,3936,0
19200,372,-1936,20128,3880,1936,0
16152,60,-2924,16180,-988,6132,0
12696,-1024,-5804,15628,1220,3464,0
12524,-680,-5492,15676,2900,900,0
13648,-1248,-6392,15928,2460,316,0
14260,-2636,-5684,16160,2192,2008,0
14188,-2084,-5968,15988,2628,1976,0
13604,-2484,-4988,16068,2676,2132,0
14568,-2420,-5704,16152,2752,2612,0
14416,-1016,-5032,16060,2244,2308,0
14052,-1196,-5884,15992,2720,2948,0
14228,-668,-4840,15776,2580,2192,0
14324,-1056,-4692,15960,2144,2792,0
14724,-748,-1776,16208,1384,4920,0
13112,-2368,2836,16236,3692,2424,0
15132,-832,-7848,22404,-968,-648,0
18764,-10300,3040,19004,-404,776,0
15936,5836,3508,21332,1596,-2488,0
16480,-4168,600,19332,3220,7032,0
16136,-2368,632,12520,3316,10044,0
16492,-2292,2280,13952,248,5268,0
15868,-1516,1160,12720,76,6000,0
16884,-2088,4600,13860,-1584,8504,0
16848,-780,4764,16180,-1400,8572,0
16124,-2452,4332,6324,3000,9416,0
16976,-2068,3544,18076,-488,7300,0
16156,-624,1820,10152,504,5440,0
17320,-1100,1524,16288,3416,-40,0
24016,4016,-5488,10648,-7704,6360,0
22612,-4416,5444,19080,7452,8348,0
15144,-6456,8452,15708,-1816,4280,0
11388,8080,9900,16132,5548,2852,0
-9936,12252,-640,16236,-4156,1432,0
12580,4072,9544,15296,1084,1304,0
16576,5724,11416,16864,1864,3580,0
18048,2956,9804,16512,152,2568,0
17816,-172,7304,17248,-88,1868,0
6288,1008,5052,17368,1432,2144,0
18764,-9956,-16652,18772,888,-20,0
4852,7720,1048,27236,648,-3760,0
21420,1764,7816,25340,7200,7604,0
18264,-5760,4036,6676,1164,14196,0
16800,-96,2164,9988,384,7492,0
16280,-3328,2168,10768,-2304,8800,0
16616,-888,4892,14644,-5268,9640,0
16408,-1120,3056,17736,-4044,9736,0
16116,-1940,2740,20476,3624,8352,0
17504,-152,2148,12456,-2860,9916,0
17156,-1928,1632,12816,2344,8824,0
25556,2880,-4288,14800,-3452,284,0
23512,-1804,4244,19200,7460,5668,0
12504,-6268,11924,15060,-5664,3420,0
7752,4912,8236,17376,10912,2532,0
-32768,6604,32767,17040,-15992,1896,0
12116,1352,9580,16616,5324,1904,0
13860,1432,10084,17044,452,2308,0
18120,3500,11312,18252,732,2436,0
19284,-732,7984,17812,404,3776,0
9524,2156,6016,17196,2276,1388,0
13460,-1124,6632,18548,72,40,0
6444,1496,3860,28288,-1816,-5812,0
21664,-5244,9964,7552,2272,11400,0
16692,-4444,6936,6836,3292,22344,0
16704,-936,4928,14044,-4456,7904,0
16960,-7228,3416,12680,-4708,7096,0
15912,-976,4408,12776,-2660,9832,0
16408,-1476,3004,15812,-4312,10252,0
15716,-2280,3600,21048,2424,8792,0
16720,-796,1808,16324,-784,8972,0
17008,-1652,988,9620,2372,5696,0
20152,-5156,4,32767,-4116,-25944,0
24196,5608,-4096,14100,-8412,8636,0
24596,-9544,12732,18136,5080,3160,0
8132,-776,15328,18444,4564,3776,0
11252,3068,9940,16572,1468,2244,0
8900,2592,10092,16160,5164,3004,0
12120,4432,10068,15952,-480,1800,0
16672,4288,10948,16140,1024,2900,0
18372,-332,7952,17212,-904,3492,0
17460,1924,8496,17000,692,2528,0
6660,-460,4868,17100,1636,1548,0
31484,-1224,-18296,19516,2684,2008,0
10180,5760,4160,26188,-2100,-4292,0
20936,3200,7520,23396,6540,8080,0
17720,-5896,4492,6508,4412,20360,0
18052,124,2940,12212,384,7596,0
15852,-3792,1884,12236,-3296,7940,0
16248,-1856,1776,13036,-3484,8940,0
15976,-544,3620,15588,-2936,9588,0
16936,-3264,4304,21316,-528,10280,0
17268,28,1676,16492,-1304,9116,0
16744,-3336,1456,11084,2112,6460,0
20660,-1752,1628,32767,5312,-7436,0
23064,3932,-2448,18304,-2904,7452,0
21176,-7368,13740,17800,508,2736,0
11796,-4436,9480,16824,2552,2592,0
4356,5860,12152,16556,5068,2348,0
10364,-5728,7836,16340,1980,2388,0
12740,9584,9200,16528,1920,2460,0
15468,1016,10796,16048,3016,2684,0
17988,2576,9916,16912,-736,3304,0
18228,1040,6528,16708,2140,3556,0
13692,756,6160,16932,1768,2636,0
11680,168,7380,17440,1156,2636,0
22796,-6840,-1668,23248,360,1904,0
19836,-3228,5216,10624,-4020,2296,0
13536,3476,2224,18552,4504,11052,0
15936,-5188,3560,6676,-2808,19628,0
17068,2660,2676,-5308,-1232,6928,0
16072,-4064,2192,11980,-7584,5320,0
15896,576,2200,10116,-5880,7964,0
16528,-2392,2924,16836,-5676,9148,0
16528,-1396,3452,19268,648,7548,0
16152,-1384,2872,19240,-1840,5616,0
16572,-992,2956,13552,-1360,3044,0
16252,-1332,3504,11488,2668,2696,0
16912,-496,3444,27060,8220,-23636,0
19500,-388,3236,10384,4308,-1984,0
18696,7048,7332,19388,3596,4104,0
15320,-6288,11244,20032,7548,2212,0
11040,640,13588,16088,812,1668,0
9620,1772,13292,15704,6028,-800,0
1076,6768,23200,15760,-68,-760,0
11176,1476,9908,16400,5520,1180,0
11236,-456,11616,16096,2360,1224,0
12964,-2092,11096,16308,3148,2844,0
17104,-1004,9788,16864,2420,3232,0
15956,-1004,9860,16720,1220,4288,0
18304,-668,7148,16400,1740,4596,0
17724,-1880,5536,16268,2672,5032,0
16932,1532,4688,12796,1676,2896,0
12744,-308,3372,16436,2116,4024,0
21720,-812,-9184,16696,1628,3292,0
9396,11812,-144,20892,-3720,1544,0
17660,-4668,788,24096,-784,1092,0
16928,-2948,1976,19452,4064,7752,0
16192,-144,1948,8568,-1872,14120,0
15564,-1752,644,10100,584,4804,0
16144,-2208,804,11376,-8756,7612,0
16088,-844,1820,12956,-1824,6460,0
16596,-1508,4480,16112,-5224,7620,0
16676,-1400,2800,16788,-1116,7220,0
16124,-1860,2860,19424,-480,5784,0
17144,-900,1596,14092,1920,4092,0
16292,-1492,3244,12476,1964,1912,0
18188,-28,3640,17064,6108,-2664,0
21600,1524,-3404,7904,-4076,4036,0
21052,108,4340,18180,8452,6544,0
16648,-7912,10848,14884,-4804,2788,0
10840,3672,14076,16144,11772,2476,0
9560,-1164,8716,16664,-2048,3272,0
9616,388,10872,16868,2836,2512,0
12628,620,12812,16204,4696,2520,0
15484,2180,12196,16720,1016,3248,0
18620,644,10148,17640,2548,2836,0
18140,-180,5968,15684,1976,1920,0
12556,512,4192,16516,1516,3788,0
12744,-788,7688,17040,2032,2264,0
21940,48,-836,26364,-396,-1444,0
16744,-8508,5532,24472,-940,-184,0
15148,7448,3160,19956,6588,7256,0
16816,-7656,2868,8328,-6184,17104,0
15488,1560,80,8584,-1600,7472,0
16124,-2128,2744,10700,-2584,10292,0
16040,-644,3588,10408,-5448,9280,0
16884,-1804,4144,27028,968,7772,0
16832,-2580,3692,19208,1632,8576,0
16128,-1764,2532,18408,-1896,5592,0
16228,-1416,1964,9020,256,4380,0
18368,376,2436,13896,2160,5772,0
22732,24,-3652,8736,-1568,7928,0
23144,1756,1748,17872,9380,7068,0
16616,-8872,10952,15612,-1784,2096,0
10216,5496,17520,17236,7376,1188,0
6900,-5324,19116,16668,912,1816,0
8492,5736,8948,16020,4212,2200,0
12448,1224,10472,15992,2424,2420,0
19016,2228,10660,16556,3780,3352,0
20156,264,8480,16716,2288,3084,0
18268,592,5264,15556,752,2356,0
9780,0,3120,17608,1832,2920,0
14060,-1676,9596,20404,1696,1784,0
13248,2248,4496,28500,-3152,-7736,0
18508,-7476,7480,24104,4884,7436,0
14388,2588,4376,15520,7328,8484,0
15856,-5268,2840,7800,-5208,15248,0
16224,-1592,2488,8160,-1756,6120,0
16800,-3288,3460,8364,-2200,11160,0
16796,-1028,3252,11572,-4772,9892,0
16288,-1880,3292,15352,-1256,9088,0
16396,-1428,3388,21292,1320,7996,0
16820,-2256,1884,17956,-2376,7020,0
17176,-1608,2048,10224,2212,5200,0
20568,-3072,292,32767,808,-3316,0
26708,4540,-3892,18608,-6872,8948,0
21076,-9996,14376,18032,5432,1292,0
11276,-696,15660,16176,1864,1716,0
9336,5184,9104,16316,3416,1044,0
4364,1252,10668,16776,2344,2316,0
10592,1416,10644,16628,1024,2028,0
13160,2992,10160,15748,4292,3816,0
18136,3076,11080,16664,972,3732,0
20968,-2160,6264,17228,2188,1908,0
16784,3512,6212,17016,1216,2540,0
8164,-2484,4532,17328,2192,2896,0
21940,-4088,-20880,17936,176,2468,0
7608,7588,2088,25784,-2348,-4956,0
19484,-1656,2984,25696,1192,8704,0
18604,-4552,4068,7644,2384,10660,0
16016,3268,320,9224,-7972,10892,0
17468,-1552,2364,15940,3912,5860,0
17060,-5428,4560,11880,-12160,10952,0
16788,-824,4028,13480,-2548,10644,0
15888,-1384,3488,16280,2160,9148,0
15484,-2028,3744,19164,-3504,6336,0
14992,-1408,4496,15748,1752,6288,0
16128,-2612,4396,10332,-544,3396,0
15588,-2116,4000,32767,308,-25892,0
17744,-232,6464,13008,-4864,1472,0
14936,1516,13912,18360,5096,3032,0
11332,-1364,15296,18696,1860,2384,0
10316,1264,13408,16888,1860,2148,0
12592,908,10948,16288,2380,1080,0
11988,220,10264,17192,-776,1168,0
13868,2220,8496,16436,3432,2020,0
14080,5164,8076,17088,-216,1568,0
14992,7032,7184,16436,2256,3308,0
15056,3744,4872,16112,2188,3752,0
14856,5084,3724,16296,1888,3044,0
15544,4296,2444,16208,2192,2912,0
15812,3936,1684,16020,2312,1892,0
16092,3940,256,16256,2044,1880,0
16040,1620,204,16064,796,4388,0
15936,2188,-156,16316,2216,6992,0
15440,-80,-1656,15868,1216,4304,0
16140,720,-1324,16104,1556,6504,0
16128,-1548,-1144,15748,1652,1628,0
16012,-744,-2188,16512,1000,4572,0
16496,-2872,-3252,15912,-844,8056,0
14652,488,-1976,16280,184,4996,0
15828,864,-900,15172,1056,4544,0
16492,-3696,-1824,15680,-664,6616,0
15248,-2464,-1672,18064,-1140,4444,0
16416,-1652,468,19568,4388,1680,0
15916,-3244,2088,21384,8064,3820,0
16292,-2532,3516,13732,3048,12976,0
16660,-1516,2804,17456,5472,7220,0
16956,-12884,5256,11984,-2976,9592,0
18460,4552,5012,15768,596,9088,0
16228,-1920,2624,15304,2248,10164,0
16716,-672,6076,18984,2364,10396,0
15640,-1288,6404,18576,-776,6732,0
15328,-1560,5260,14860,-540,5768,0
16584,-948,4512,9816,-52,2608,0
16748,264,5112,14340,2232,4548,0
21352,-2216,1956,10232,-7220,5176,0
19384,3016,3436,19216,10368,5832,0
20128,-6680,8236,15408,-1316,1768,0
10960,2284,14348,16152,4424,228,0
4380,4688,18704,16272,592,2228,0
11984,5360,8596,16684,2028,2512,0
12736,6044,9240,16256,3776,1120,0
15448,5636,9576,16232,712,2808,0
15732,696,8752,16848,-700,4892,0
19016,1400,4836,16464,1996,3052,0
14356,1120,6640,18184,-60,2564,0
13628,-280,10088,18600,1488,-512,0
27356,392,-3460,24820,-1560,-136,0
16924,-5960,2576,23468,1788,588,0
14872,652,-176,19924,5412,8604,0
16616,-5108,-664,6020,2224,19296,0
15272,-1592,-716,11312,-464,8272,0
15900,-3076,1052,11196,-1272,8760,0
16416,-544,4688,13008,-4080,8944,0
16472,-2556,4580,15436,-3876,9664,0
16824,-2144,4228,20400,-428,8772,0
16464,-1348,2548,19856,1156,4384,0
16640,-1508,1924,7104,-2044,5072,0
18304,-888,3932,14044,2584,6972,0
20504,-3040,1980,32767,7208,-160,0
23128,4228,-5140,21760,-2256,7196,0
22580,-8180,11748,16840,1896,512,0
11360,-1588,18732,16720,452,1948,0
12640,1832,8084,16552,4108,4784,0
17300,2736,11700,16488,1908,3476,0
10960,1376,12232,16620,976,2980,0
17336,2424,12952,15836,2520,2816,0
19000,2428,8988,16040,2484,3104,0
18752,-472,6820,16868,-448,1180,0
7276,384,5344,18096,1820,2480,0
19100,-6488,-10776,17064,-244,1460,0
8756,16120,-1712,27620,-2808,-8676,0
18356,-8700,2124,11052,2488,11696,0
15996,3520,2516,10212,6936,9044,0
17040,-3948,1988,10220,-6484,6924,0
15928,-4508,236,13580,-2912,5996,0
16828,-1508,5148,11852,-4500,8352,0
16612,-1352,3604,14176,-3232,9668,0
17456,-2864,3828,20412,-2592,9144,0
16612,-896,492,16888,1932,8264,0
17424,-1448,3052,7932,-1372,7312,0
19948,-4340,-428,32767,-3176,-15940,0
25728,4708,-5212,14508,-6888,5492,0
23288,-6752,12716,18108,2116,2980,0
12724,-3208,12320,16868,4164,3264,0
14220,5892,7980,17020,3044,3420,0
7812,2260,9048,16276,2620,3684,0
13344,2940,9392,16340,824,2672,0
15132,2848,11028,16164,2424,3508,0
19540,3608,10620,15524,-1332,3228,0
19252,532,8184,17056,-92,1376,0
6584,1368,6788,17352,2076,2040,0
32767,-1972,-26872,22272,112,-1644,0
13736,7940,5108,26720,2404,-6512,0
17064,-2404,1688,31368,11444,9020,0
17436,-1252,3524,7200,-2436,19724,0
15388,-4152,-264,7184,-960,9188,0
15608,-1480,132,8264,1360,9360,0
16564,-3576,4820,13816,-6248,10140,0
16248,-1516,3112,15048,-3616,9724,0
16508,-588,4344,20524,1388,8424,0
16980,-2764,888,19052,1836,6528,0
17548,-1192,2192,7320,-104,6720,0
19860,-5516,-556,32767,-6368,-18672,0
25148,2492,-3360,13592,-5176,7284,0
21396,-5508,12696,19336,220,3772,0
9096,880,11504,18312,3976,3304,0
10780,892,10040,16848,-532,1716,0
10600,4144,10716,16148,4804,3448,0
11716,5964,9548,16796,616,4400,0
16320,5644,10156,15668,1452,2256,0
20360,-904,9604,17356,3308,1948,0
17280,1816,10808,17652,492,-524,0
8828,-2272,8012,19788,1096,788,0
32767,2004,-21148,19908,1844,-1016,0
16476,8176,1936,26792,-1684,-8084,0
14816,-536,-676,30064,13144,9680,0
16680,-7184,-512,9488,2348,11288,0
15436,-176,904,7012,-1920,11016,0
16184,-2292,1632,11860,1444,8468,0
15800,-1720,3764,12084,596,9584,0
16600,-972,4148,18204,-2980,10932,0
15980,-2540,3896,20656,2392,7740,0
16716,-1076,520,17556,1808,8788,0
17320,-1872,3176,9068,-1052,7456,0
17780,-4036,1316,32767,-7008,-32080,0
24544,2876,-4144,13052,-9792,6044,0
22048,-6140,11296,17672,1884,3536,0
11016,532,13092,17420,2408,3104,0
8268,24712,29544,16660,2184,1532,0
10776,1688,8856,16068,532,3584,0
10912,10556,10528,16888,1400,3572,0
15936,6548,10724,16772,100,3076,0
18388,-904,8864,15188,520,2784,0
17816,2688,5960,17640,-1472,1580,0
7408,-3272,4712,17224,1360,748,0
19640,-9916,-6228,20044,-2076,-392,0
10176,4300,912,28020,804,-6412,0
21376,-2640,4168,26116,9896,9980,0
16092,-756,856,7848,5232,17320,0
14636,-6912,-436,8484,-36,10968,0
15876,-2324,884,10548,-792,9292,0
16728,-3208,3640,13536,-1420,9840,0
16320,-1096,4980,15224,144,10260,0
16252,-1904,3976,19584,160,7540,0
17176,-3300,2148,25280,4580,6488,0
16244,-516,1672,7548,132,6392,0
17800,-504,1572,18940,5616,-7148,0
25428,3872,-7692,7132,-11344,6868,0
23748,-7180,11708,18364,5052,6728,0
15452,-3264,12012,15364,-4332,5484,0
12540,5200,6968,16568,4696,5732,0
5960,4828,10148,15636,336,2576,0
13964,160,10748,15868,2792,2792,0
16796,3924,13100,17340,2196,4076,0
17392,1404,11100,14996,1900,3932,0
17232,1048,9664,17576,544,-908,0
11464,644,11008,18088,2008,-372,0
28448,-228,-1936,31924,-4664,-5444,0
17784,-12048,3408,23020,6980,7376,0
11508,7948,256,12656,7116,6744,0
17696,-11328,1892,7676,-2456,8256,0
16864,260,1112,10480,2636,6844,0
16600,-3552,4520,12996,-2544,9216,0
16568,-180,4616,12740,-3468,9928,0
17532,-3232,2652,18228,-4216,9928,0
16040,-676,1520,21072,3264,5688,0
18056,-1796,2120,12240,-1140,5628,0
17640,-832,216,13756,1828,7608,0
26136,3804,-7840,11200,-10816,184,0
23440,-3648,2548,19980,6556,5232,0
17848,-6912,7460,14404,-4796,4848,0
10708,1424,10876,16380,8164,3628,0
-32768,28676,168,16400,-16712,1036,0
11624,-336,11332,16524,6200,924,0
11900,2664,15736,15864,2620,3696,0
19540,3840,11032,16544,1848,4224,0
15880,548,7652,15908,312,3228,0
6896,400,7152,15532,2372,3060,0
32767,5116,-14132,17096,-1580,2668,0
13440,-1592,10404,18920,2764,8996,0
14644,5184,5556,13520,-1320,12812,0
17028,-5384,2708,9632,-3540,13112,0
16616,-712,-216,9916,-784,10196,0
16104,-3196,-328,10704,-2792,11464,0
16408,-540,476,11180,-1304,10788,0
16996,-2288,1164,12460,-3492,11964,0
16420,-1148,1584,11596,-2912,12052,0
16604,-1180,1312,11612,-2652,11644,0
16440,-3584,2964,11080,-4100,10516,0
16016,-1340,1288,10632,-5112,11052,0
16124,-2644,1400,8644,-4196,11776,0
16260,-2764,1836,9544,-3788,10704,0
16136,-1536,1432,10924,-4088,11384,0
16456,-2448,1664,12488,-1884,10588,0
16388,-1792,1020,12304,-3156,11492,0
16948,-1644,472,11264,-756,10488,0
16180,-3092,500,11420,-5216,13460,0
18028,-128,-568,17220,1300,6924,0
19156,1236,-2284,18860,-2304,2472,0
12752,-3924,-308,17900,1596,3304,0
20608,4172,7108,18216,1632,5244,0
14832,-2160,2888,15820,1460,7052,0
13936,3952,5976,14812,1932,4560,0
18288,20628,12756,14984,228,3900,0
17036,1028,11212,17284,3728,2224,0
16864,-48,11012,15824,2184,1148,0
13960,-2456,8952,15852,1840,480,0
13456,1556,6648,15120,4980,-2024,0
12216,1260,8680,15260,3828,-2808,0
12400,2472,6596,15936,5188,-1688,0
15096,676,11628,16448,3468,-1564,0
28460,-9340,1884,18004,-700,-424,0
17436,10520,2680,21168,4792,1012,0
21688,-8488,7804,20432,4144,-4296,0
14084,2972,9676,16888,432,-1956,0
15024,-4524,5104,13852,3356,-1544,0
14848,536,3692,13116,-2128,2812,0
15616,-2768,736,12856,-3696,6956,0
13996,-3436,-2436,16180,-964,8064,0
17612,-3056,1056,18820,2484,7236,0
15284,-2324,-104,18564,3092,7604,0
15672,-2068,-380,18196,1064,6032,0
16272,-1716,-368,17356,4856,1772,0
15148,-2676,-1568,16192,1692,-1996,0
15820,-3460,-3232,20056,800,-10032,0
18020,5056,80,21316,-4028,644,0
22392,-8708,1312,19844,340,5440,0
20248,2736,7760,18468,2068,5312,0
12404,1636,6228,15656,256,4932,0
11992,3652,8856,13304,1244,428,0
16720,6700,9796,17276,2224,656,0
20812,-1840,9872,16592,1128,-604,0
19476,-308,7032,16900,2372,2724,0
13636,820,3680,17056,2068,2344,0
13380,-516,1500,16464,1044,776,0
25304,-92,6076,17216,-168,1912,0
20220,384,-2016,20924,204,2824,0
23352,-5924,2388,17024,1124,-7336,0
19368,1364,4840,14556,1860,260,0
15632,-2460,2296,15732,788,4608,0
13832,-1520,3112,15120,-2548,5892,0
15164,-1808,2800,13388,-2896,8660,0
18484,300,2224,12072,-5776,8516,0
16096,-936,-860,12544,-4444,8744,0
15344,-40,-68,11444,-828,7580,0
15840,-2576,-324,13000,-448,6636,0
16644,-520,-324,13996,3592,5552,0
15932,-2112,-3028,17628,-3760,560,0
17156,64,460,22384,14032,-960,0
18300,-1408,-876,22992,-9080,-2124,0
20584,-5320,-2016,21096,4008,8272,0
16932,112,4908,17892,2044,4704,0
17968,3176,9136,15284,2028,7596,0
13960,3096,11004,13324,380,4856,0
12464,3216,11140,16212,812,716,0
10604,624,10372,15888,2828,924,0
9648,1880,8016,16860,2756,700,0
9496,2148,8840,16048,1356,92,0
13420,1508,7416,17120,3160,104,0
19300,2140,16432,16916,3048,1776,0
17576,-1136,3136,17344,140,3752,0
27856,3676,68,18424,-2712,1024,0
18356,6500,4824,18404,5120,-2140,0
16596,-4248,7360,17300,3084,-7040,0
13760,1124,6836,19936,1208,2352,0
16960,-4428,4732,16320,572,5528,0
15572,656,2572,13260,-5364,9112,0
17152,-756,2972,11496,-3692,8820,0
15896,-1528,1676,10472,-2068,7796,0
15412,-2672,-1368,10996,-1832,7592,0
15296,-2416,-1424,12412,596,8392,0
15616,-2144,-8,14836,1316,8192,0
15936,-1612,-1020,17040,2184,3956,0
15964,-1516,-1568,21244,9256,13316,0
16684,-2132,-1500,20344,-8120,-2004,0
16164,-1736,-2632,15132,4276,4012,0
18824,-3936,-2988,26056,-4616,-44,0
16308,2440,3084,11532,9976,5252,0
15256,3036,1240,15812,-544,4116,0
14360,-1192,-108,15912,584,1620,0
16004,-1140,-72,15856,4368,2216,0
16552,2940,-1388,15580,1244,1240,0
18008,192,-1920,16436,2728,3340,0
17500,-3856,-316,16240,3324,2008,0
17008,-1284,68,16212,824,2156,0
16464,-1480,-180,16384,3760,2844,0
15460,-1688,416,16176,1648,1220,0
15052,-620,512,16052,1104,1332,0
14976,-880,-612,16252,1860,3280,0
15480,-1376,-1704,16200,636,3072,0
15448,-676,-2372,15856,3068,2936,0
15784,-928,-2760,15972,2544,2928,0
14908,-812,-3036,16072,1624,2704,0
14820,-568,-3488,16104,1700,2868,0
14824,-1236,-3344,16116,3700,3324,0
14952,-988,-4108,16880,-1236,3660,0
14396,-1632,-4284,17504,480,6852,0
14204,-1348,-2108,18628,-480,4144,0
23976,-3384,-19144,17296,1236,4048,0
9944,3644,-5312,18840,-1384,484,0
15612,-1588,1812,20204,2208,372,0
16472,-788,1492,21176,5516,6636,0
15912,-3584,1600,12992,-1896,14124,0
15724,-3648,1268,12256,-4244,9504,0
16780,-1180,2404,7592,1264,6468,0
17044,-2340,3472,11572,-1668,10268,0
15984,-2044,5040,12120,-2016,10456,0
15196,-1640,4816,15908,412,10268,0
14828,-1360,3572,17712,-328,8356,0
16004,-1952,3128,16572,32,6388,0
16516,-1088,1936,10392,-272,2004,0
20552,-5048,1472,32767,-728,-21108,0
24908,7440,-3428,10268,-7248,3952,0
25728,-6684,10344,17984,1876,5664,0
10220,-7364,8260,17128,1900,3768,0
8792,9404,9052,16908,4172,1388,0
7456,-2736,11884,17284,2916,2052,0
12452,5140,10616,16892,1040,980,0
13740,1700,10756,16724,3000,2732,0
17512,2792,11780,16492,-520,4716,0
19856,676,4988,16336,572,3008,0
9604,2804,5704,16488,1232,2224,0
14348,-6796,4328,19340,-44,-408,0
9152,-1296,5228,30356,-3156,-8864,0
22340,-1456,10136,27228,6996,7364,0
15940,-4204,5192,8732,3180,11524,0
16864,-4132,-4,8828,-7232,12272,0
16660,-4308,1516,11864,640,4960,0
16240,-1488,4220,10320,-4084,10696,0
16416,-988,4296,14116,-3452,10908,0
14796,-2300,3412,19532,820,10688,0
15520,-1824,2036,19448,1860,4064,0
16544,-2036,2812,7336,-956,1460,0
20060,-676,2404,14780,1928,7748,0
25104,4880,-6772,11580,-4132,3188,0
22800,-2604,11076,19468,10948,6344,0
12940,-5084,8448,16600,4360,3512,0
8712,3820,17172,17516,3104,4804,0
7008,6608,8048,17444,2204,1764,0
6280,-2076,12244,15772,2324,1576,0
11404,712,10400,14928,4116,3904,0
12892,2496,10208,15172,2184,5044,0
16872,868,9872,14244,-656,3984,0
19784,-1872,3932,15636,676,2956,0
14048,1904,3852,16788,1404,4248,0
13452,612,11608,17556,192,2056,0
19276,2832,2140,28684,-4352,-296,0
18928,-10344,4608,22284,4880,3692,0
13156,6480,1664,18196,3900,6008,0
16436,-11024,804,8396,-5120,14496,0
16040,2572,788,7808,292,7028,0
16808,-4308,2884,11228,-1112,11404,0
17760,0,5488,13248,-7044,10796,0
16252,-2000,3628,17256,-1700,10052,0
15024,-2272,1716,20864,2860,6172,0
16808,-704,3176,12380,-3220,6716,0
16012,-2252,2488,12896,2820,5740,0
20212,-2100,1616,32767,-4940,-14004,0
25036,5836,-5148,15384,-4120,6228,0
21608,-9664,13264,17804,2372,2816,0
11344,-3584,10876,18308,4792,3492,0
8252,6032,16184,16748,1076,1028,0
9572,72,10704,16984,3124,1836,0
10724,8052,9916,15880,1184,1660,0
13492,1704,11244,15488,2632,3488,0
16836,2276,10392,16544,1748,4088,0
18668,376,4976,15868,1700,2076,0
14800,3080,4656,15804,1852,2604,0
10908,368,7788,17956,1460,2704,0
32767,-1092,-13320,20764,1408,-2548,0
19528,6088,4252,26440,404,-5428,0
14264,-4960,92,16172,5456,15420,0
17140,-1688,2708,7524,-584,15992,0
15296,-4208,-360,4516,-236,12448,0
15652,-2408,208,10764,2916,5580,0
16252,-2132,3112,13292,-9940,8360,0
16240,-1132,4524,14480,-200,9520,0
16208,-1896,4080,18788,760,9896,0
16280,-1660,3452,16516,-88,5652,0
16036,-1452,2396,13104,-884,5616,0
16828,-1412,4528,12828,2816,3532,0
19208,-3308,4188,27508,1392,692,0
20692,1496,1980,19452,-1780,6560,0
17540,-1068,10484,16816,1612,-1356,0
12444,-3280,12348,17152,4076,800,0
9228,7308,8564,16636,1448,580,0
11404,-5120,10380,16896,1664,916,0
13288,10532,10936,17124,1588,848,0
15220,5744,10488,16536,3000,288,0
16504,1664,8268,16216,1960,1016,0
17508,5016,6080,15540,4148,708,0
16672,3328,4672,16508,1876,2300,0
15352,-1048,1148,15264,4208,4432,0
15800,1664,-332,16704,184,3664,0
15652,240,1360,17328,1300,3692,0
16264,-2860,348,16604,1560,4280,0
15296,-1432,112,16184,684,4776,0
14084,-4812,980,15192,184,4236,0
14772,-5528,84,14204,1276,2144,0
14048,-7216,-1108,21916,1332,-380,0
17748,-1428,2364,21540,5652,84,0
16180,-3936,2392,16444,3864,8080,0
16392,-4620,1284,8252,4572,9780,0
15604,-2212,-524,8908,5708,12344,0
16920,-8016,1140,12204,296,11584,0
16732,-2696,2236,13876,2240,8624,0
16016,-2088,1284,16908,5896,8788,0
17040,-2868,6004,17492,3328,7480,0
16376,-2324,5584,17688,1004,6504,0
15244,-1596,5028,17956,2716,5188,0
16060,-2028,5396,16424,1700,5164,0
15684,-1684,4860,14108,-8,5700,0
17112,372,4000,11408,360,4876,0
20708,-1976,256,25428,-532,-304,0
23468,6828,-3980,16972,528,9156,0
21220,-7240,16760,17288,-4020,1696,0
11560,2460,15452,16736,4828,-268,0
10364,3348,7288,17348,1684,1912,0
10748,6140,8076,16920,1052,3476,0
13348,3612,9484,16684,1152,2176,0
15408,10392,9980,16764,-44,4084,0
18300,-884,9148,17044,-1408,3892,0
19188,-1260,4436,15348,52,2352,0
10428,3648,1416,17396,-332,2888,0
14612,-4692,12332,15820,364,804,0
17824,1600,3668,28624,-5840,-6096,0
19424,-10204,5544,21648,8856,1140,0
14476,4232,1000,21416,7992,1712,0
15996,-9628,-400,8560,-2780,8308,0
15944,-416,-916,8216,2500,9016,0
16588,-4720,800,10264,904,9728,0
16240,-1524,2912,13692,1432,10684,0
16492,-2536,5776,17500,-1372,10412,0
16312,-592,4532,19652,2492,9292,0
16312,-2776,1628,19164,1828,7176,0
17244,-720,1784,8132,1952,8796,0
17704,1172,1720,13244,632,8252,0
24132,4532,-8988,7880,-8880,9800,0
22800,-5600,11536,17412,8028,8480,0
15352,-2436,9448,15596,1956,4848,0
10944,3732,8972,16988,628,4868,0
2556,4192,5404,17580,3240,2276,0
13548,5980,10224,16452,1996,2984,0
13604,4676,10000,16588,2088,3668,0
16380,3440,11952,14644,352,3188,0
21092,-372,6688,17228,1188,460,0
12708,4576,9212,19720,-72,1268,0
12320,-616,15292,17748,1116,-3232,0
7764,8292,0,30588,-1304,-11524,0
21232,-15824,6764,24660,6184,8656,0
13540,8816,1352,9236,4352,20708,0
16724,-9984,-732,11392,-5500,8540,0
16640,2332,-336,10008,-2824,7084,0
16324,-4356,3100,10952,-1388,7684,0
16212,-1096,2408,15520,-5852,9416,0
16960,-200,5780,21328,-3032,9428,0
17028,-3696,1540,20904,1612,7152,0
16772,128,-1076,6420,-684,7764,0
20432,-748,-36,32767,11284,-27516,0
26156,2684,-6464,12148,-4104,4544,0
23200,-9012,15728,18580,5988,5556,0
7748,-2796,15560,14592,268,1548,0
8176,1624,8816,16464,4376,2892,0
7244,3456,11132,16444,1748,1936,0
15204,1796,9820,16772,1320,1736,0
15256,3588,10376,15564,2848,2912,0
17376,1964,10652,18764,1304,1960,0
18184,-516,6128,17704,-228,1828,0
11656,700,5880,18244,1040,1944,0
13148,1268,12140,19428,-152,-164,0
12684,828,3348,30500,-776,-12824,0
21580,-7620,7620,26748,10448,11772,0
13676,3120,1104,8948,4180,18936,0
16468,-11940,100,7808,-8536,9104,0
15932,3028,1148,9672,160,6820,0
15904,-6264,2344,14044,-3780,8416,0
18212,1892,8260,16468,-4204,9236,0
16352,-3692,4576,21220,152,11464,0
17100,-1688,-68,14360,2940,7740,0
18556,-1328,1444,10356,-404,9308,0
23700,-2612,1100,32767,4656,3944,0
25584,7668,-2120,17400,-424,7184,0
23780,-10188,14128,18288,-4220,2684,0
8900,2028,16796,17464,6100,2812,0
-32768,7776,32767,17284,1356,2048,0
7976,1804,9252,14632,3652,3076,0
11960,4404,11136,17592,2908,1876,0
16644,1232,11864,16016,856,2784,0
19456,-2160,9900,15100,3248,2144,0
18208,268,7836,18180,440,2356,0
7100,-280,6424,17012,2168,1132,0
32767,8640,-18084,22724,1612,-1240,0
14672,5100,6328,25772,-1452,-4300,0
18520,3924,1316,20952,9376,13228,0
20548,-8876,2040,8260,-1604,8036,0
15580,3792,280,4072,-1924,11220,0
15796,-4688,2108,10720,-304,8316,0
16652,-508,5324,15568,-3884,9304,0
17652,-2448,5100,19512,-6416,9940,0
15328,-1552,1272,16988,3336,8656,0
16764,-1216,-444,13348,1712,7972,0
18280,-1244,3588,13208,1180,7376,0
22364,-284,2080,24800,-292,432,0
25020,2452,-6576,16168,5504,7732,0
17912,-10128,14492,16220,-7128,5596,0
8400,5708,13296,17168,5012,4620,0
32767,-3168,4796,18616,-3276,976,0
9584,5512,11296,16196,3252,2332,0
10760,-2332,11024,16824,1572,2776,0
32767,5328,6264,2044,-9708,10172,0
20872,968,6556,16856,336,1480,0
11156,2888,5848,17400,1808,2752,0
13320,1908,11168,17952,852,1512,0
11700,-1812,-1388,28176,-2680,-5112,0
19552,-6016,9696,23324,4176,12808,0
15944,-604,4960,8736,2968,10136,0
16364,-2452,2652,7584,-8356,10484,0
15420,-2664,-332,8332,2296,5932,0
16180,-2464,2088,10348,-6020,9416,0
16072,-1536,2312,14544,-4892,9920,0
16608,-3220,3024,16840,-1260,11660,0
15968,-2880,1220,16292,-3844,8136,0
16764,-1228,1512,19984,-464,7304,0
15760,100,2300,15108,172,3568,0
18020,336,976,19848,620,-1584,0
25280,1540,4884,23044,-9696,708,0
12748,-7944,17220,20688,8896,2016,0
11880,-4408,8684,15796,1016,2568,0
7232,6992,10020,15468,4240,364,0
12808,-7732,11196,16192,4432,-772,0
15412,2732,11596,16324,3460,-636,0
15948,-6276,10300,16488,1704,1292,0
16040,-980,9564,16824,2224,2732,0
14048,164,7424,16692,1420,2020,0
14368,-1512,6984,16368,2080,156,0
14292,-2732,7732,16328,1828,-452,0
17564,-196,9512,16832,-2128,1788,0
14708,-3628,2736,17432,2232,2284,0
18348,6464,4056,17652,80,2680,0
16864,-5972,4368,16696,-4624,3444,0
16040,308,2772,16736,-2672,4184,0
15912,-180,3044,14896,-1408,2384,0
16060,-3288,3528,15768,80,1080,0
15660,704,1916,16588,2620,-240,0
16052,-1360,4256,16588,4236,-2532,0
16160,-628,5524,16452,2408,-2416,0
16180,-472,4368,16260,1304,-1972,0
16140,-740,4492,14988,1584,-1268,0
15584,-172,4924,14772,3108,-916,0
16032,-1244,4368,14940,4544,-1716,0
15692,-360,3032,14380,3020,-20,0
17300,6560,4192,19424,7232,-3876,0
19976,-3408,3264,19804,-192,2964,0
18368,-1224,1492,16276,-604,1400,0
18792,-3112,2884,16152,1172,-696,0
16580,1608,11480,16388,4260,-348,0
16116,-9812,7368,16820,3112,568,0
14920,4780,11328,16720,820,1296,0
13236,3168,9464,16404,1828,2184,0
15084,-3780,8888,16024,3004,1740,0
14048,2312,9524,17172,1204,1956,0
17312,5548,7864,14308,3748,1592,0
17348,4348,5152,15692,1264,2328,0
14820,-2700,6020,16648,632,3684,0
9644,2020,6424,18672,-212,5348,0
32767,-2656,-27680,20156,4196,1620,0
13148,11852,-2928,21876,-1888,120,0
14564,-4532,-120,21372,2944,1940,0
17060,4356,2004,19160,4948,10300,0
14888,-8328,-1656,9908,-648,6292,0
15032,-196,568,10084,744,7500,0
16928,-4376,3764,11984,-2792,8448,0
15800,-1732,1776,12332,-2900,8616,0
16272,-1424,3268,18252,-2912,8148,0
16640,-2240,2936,14868,-168,5712,0
16252,1236,1400,15424,-928,7524,0
17908,-1764,1168,10732,516,5456,0
20440,-3468,788,32767,580,-4476,0
24284,4744,-8580,14192,-6224,8056,0
20520,-3148,9120,17420,1168,3348,0
14420,-7372,7908,17072,5612,2348,0
8432,2816,18360,16516,4048,1608,0
12016,1668,10068,17080,3424,912,0
9452,1300,9812,17348,1428,1884,0
14224,704,13144,17232,3140,4436,0
19100,-392,12480,16616,2320,3932,0
18736,2380,8056,16564,108,864,0
8072,-432,8128,16844,1832,956,0
32292,-2496,-27072,20412,1240,1376,0
8852,8444,7944,26120,2960,-1076,0
20636,7440,5068,24660,6956,7524,0
18848,-4420,2576,6844,-5872,16576,0
16456,788,-536,4588,652,6948,0
17676,-6512,3640,10360,2364,7696,0
16548,-2684,3428,12596,-10976,9956,0
15888,196,4372,15448,-2664,9720,0
15556,-2576,3524,20184,4800,3956,0
16088,-972,2856,16312,-2676,5480,0
17216,-2496,3344,7984,4732,3272,0
19512,-1028,2436,32767,2432,-32768,0
22988,3760,-1224,9124,24,5456,0
23956,-6188,9200,19416,-492,6516,0
8196,-2576,13792,19420,7108,4052,0
10572,5964,10700,17060,1364,1804,0
11816,-1972,8496,15876,1648,2920,0
12004,2896,10100,17944,-384,1124,0
15528,3684,11212,15780,2500,3368,0
17496,-212,10424,15604,360,4092,0
17836,2196,5416,16904,156,3476,0
13796,212,5392,16664,1480,3172,0
11420,-552,8480,17628,1412,2744,0
32767,-7044,1784,25528,-1524,-2716,0
16716,-980,6588,24180,3308,5152,0
14432,4796,3564,20312,6148,7664,0
15876,-8264,2920,9748,-2536,13852,0
16536,2748,2328,6816,-1652,9496,0
16260,-4016,3124,8352,2456,9284,0
16244,160,3288,13772,-10580,9876,0
16672,-2336,3512,-15412,-1748,-32768,0
15888,-32,3548,20372,3732,9132,0
17876,-1936,2916,16536,-1704,7084,0
16532,-2072,2432,9740,2024,4164,0
20480,-3596,1828,32767,-1960,-26288,0
22160,3920,-3320,12528,-5308,4180,0
22456,-7236,11268,18640,1964,4960,0
10544,-7236,9244,15752,-380,1364,0
7648,7252,11916,16112,5972,920,0
10752,-1828,8136,16480,1524,1320,0
13032,4516,10608,17076,1100,2088,0
12924,2064,12508,15612,4484,3596,0
19540,1572,10864,14384,2856,3040,0
18796,1836,6880,17476,696,3016,0
15508,-1948,7428,16192,1624,2480,0
8944,1340,5168,17296,360,3580,0
24496,-6336,-22232,17800,1396,2164,0
10096,10944,952,24932,-940,-4696,0
19812,-3796,4836,21836,4300,11112,0
17012,-616,4080,10256,2460,11556,0
15540,-4368,1116,11880,-4160,7632,0
15592,-1160,672,12392,-5024,7172,0
16964,-2716,4444,11888,-5236,9264,0
16820,-1912,3808,14460,-3308,9060,0
16884,-1208,4788,12336,-1840,8080,0
15816,-2052,1824,22380,2512,7996,0
16248,-1236,1232,11404,-2396,8752,0
17112,-968,2876,11756,2056,7896,0
22620,-3064,-88,20892,-5160,-2284,0
23452,6960,-456,19132,4568,5468,0
21540,-8168,13748,17600,-4356,3692,0
9572,1332,15272,17292,5352,1960,0
11988,3396,10640,17144,2024,1240,0
9900,1728,9396,16628,2692,2152,0
12892,7080,8624,15988,2008,1828,0
17172,2968,10292,16504,1016,3600,0
17964,3592,8592,15712,860,3184,0
18052,-440,5124,17280,-172,3324,0
10384,788,4436,16340,1696,3544,0
12384,124,9220,16644,1504,2732,0
11388,-372,3284,23468,-644,936,0
19184,-7116,6016,23560,1100,3484,0
14500,4052,2204,19220,2632,9788,0
16732,-6924,1044,5608,-252,14976,0
16668,920,1960,11052,520,7308,0
16100,-728,3804,13536,-4824,7536,0
16676,-2488,2704,13584,-8208,8708,0
15932,-1744,3484,15956,-3584,8788,0
17024,-2836,3840,17156,924,7716,0
16240,-796,2464,21944,-3340,4696,0
16012,-2232,3280,14216,1340,2848,0
16932,-1184,1592,12900,804,2884,0
18392,-2228,3736,32767,3440,-18980,0
22260,2616,-572,15816,112,960,0
19632,-4772,7732,16940,-1356,2020,0
9520,-8368,13688,16928,2760,2312,0
12612,1948,8700,16932,4516,1632,0
-32768,-4084,32767,16044,-2612,1344,0
12868,-3616,11212,15836,3848,-36,0
16668,-3172,11336,16032,2276,772,0
18592,-3744,10424,16044,3012,204,0
16032,-2712,15756,16920,1552,1724,0
31276,32767,32767,7660,-14592,-16448,0
14020,-9844,6724,16144,2360,1952,0
22644,5932,2252,17996,2960,2596,0
20092,4376,5604,17952,1016,1604,0
15296,-6888,2472,17364,36,4600,0
15740,3064,2576,17080,1348,4904,0
16164,1636,1436,16208,-820,3128,0
16720,-2356,1604,15996,-4328,2484,0
16700,216,2596,17444,-4052,1612,0
16200,-1712,3476,17452,-2892,1132,0
16360,-1036,1276,17384,-2404,1816,0
15136,-1348,2120,17856,-1348,1252,0
16020,-1848,3312,16448,-508,-628,0
15408,-2756,5192,14744,292,-1728,0
15696,1516,6124,13960,1132,-2512,0
16800,-616,6536,15404,1740,-2484,0
17040,488,4108,16420,816,-1712,0
18308,-1148,5576,14988,3440,-900,0
17296,-496,6752,19176,8108,-4948,0
17484,-612,4072,13984,9464,-3960,0
18172,-1144,820,16752,-6112,-2252,0
17336,1252,3384,16572,11076,1228,0
19668,-3956,7272,16324,-976,40,0
13052,-2852,7988,16548,6316,1868,0
192,27308,32767,15824,1940,988,0
10080,5896,9384,15852,4608,356,0
12904,-4708,10388,16348,2752,2444,0
15448,-3060,11212,16252,3460,2004,0
23536,5220,4760,15364,796,4924,0
17448,-416,7064,17108,312,4680,0
17232,-492,8408,16904,2224,2676,0
8716,-332,3368,17148,452,3768,0
13804,12,5572,17204,572,3192,0
8616,6424,-444,25052,-2920,-2116,0
18084,-6680,6612,23760,4956,8224,0
16060,3716,4160,13712,4360,8636,0
16424,-8468,1032,11368,-2800,5204,0
16024,2080,1008,11072,-3080,6188,0
16636,-3400,4000,12828,-3440,7368,0
16452,-340,3392,15232,-5884,8588,0
16452,-2392,3512,18948,-3096,8804,0
16840,-2272,2960,19704,2716,5336,0
16956,-772,1588,13404,-3540,5856,0
17696,-560,2164,13408,1912,6200,0
22020,-1592,-420,17524,-6148,-2416,0
23888,1600,324,19064,3064,5392,0
25048,-5000,10088,16432,-1652,1072,0
7068,836,12376,16440,6656,1480,0
10276,-1308,10516,16412,1488,1940,0
11396,1976,10720,16184,2912,2332,0
11284,3860,9356,16432,2624,1928,0
17768,1160,9356,17580,4188,2272,0
18980,768,7104,15228,1056,3988,0
18380,192,4732,16664,828,3276,0
13444,1240,4880,17584,1616,3320,0
12460,-1752,9408,17944,368,3608,0
32767,-8600,-224,24320,0,496,0
21580,-4140,6388,25076,1320,-4440,0
13004,1528,-828,21684,7348,9036,0
16208,-5880,-840,8576,-684,12176,0
15092,-1664,-1636,6756,-2552,10556,0
16048,-2696,1444,10544,1836,4612,0
16716,-508,5348,12548,-11228,6920,0
16748,-2356,5040,14536,-2848,9860,0
17136,-1340,3876,21332,-72,9292,0
16368,-1732,764,17252,264,6016,0
16028,-2128,2292,7820,-420,5208,0
18244,-36,2156,19492,7820,-9240,0
23428,1424,-1192,11904,-1124,4076,0
22036,-5352,10672,17768,7036,5268,0
9040,-4064,10876,15500,-360,3848,0
6684,6284,9208,16656,5044,3236,0
32244,-5900,4056,16544,-932,2308,0
14340,5848,9652,15608,3736,1448,0
10840,3588,10756,15332,2192,1440,0
17340,2316,10260,16684,880,3556,0
18496,708,6084,17544,472,4316,0
15632,1736,8032,17100,-68,3456,0
9756,-2276,5956,17024,1716,1600,0
32767,-5288,-1420,25948,-3456,-2332,0
15260,-1872,7256,24632,6316,2108,0
16284,888,3428,18404,5488,9124,0
17520,-5536,2452,5640,-5508,15652,0
15892,-1720,28,4872,1912,12460,0
14924,-2792,3580,11952,3528,8368,0
16020,-1096,4604,12444,-8652,8380,0
16916,-2548,4112,18076,-412,8596,0
16712,-1332,3640,21056,1368,5836,0
16100,-1648,2160,15552,-928,2852,0
16168,-1568,3036,6920,1352,1692,0
17628,92,2564,12888,2076,6924,0
23580,1620,-2832,10336,-4152,4412,0
23728,2216,4120,18256,6344,6652,0
11600,-7016,12372,15368,-5336,2444,0
7632,3344,18748,16020,8988,2332,0
11256,1472,8708,17860,-680,2404,0
9848,4240,9320,17100,4084,2680,0
12952,440,11156,17524,2180,3108,0
16776,1744,11376,16428,2108,5440,0
18212,1948,7444,15668,2152,4792,0
17244,-1824,4868,15560,1204,3500,0
12348,2828,3780,16216,2636,4040,0
12020,-1048,6408,16452,-92,3932,0
25008,-4068,-2088,26696,-1016,-1316,0
19456,-3340,3416,25836,2644,364,0
14872,6488,3852,19536,4892,10712,0
14912,-7784,3216,6456,-2212,14988,0
16400,812,80,6552,448,8188,0
16320,-3268,3548,11728,944,6404,0
16596,-1428,3392,11484,-10460,8696,0
16384,-2352,2888,16216,-616,9284,0
16092,-1620,3104,19964,792,8368,0
15468,-1012,3264,14552,-540,4332,0
16324,-1804,5144,11236,-1388,1400,0
16244,-1352,5684,11992,2212,3068,0
16792,-700,4128,32767,3620,-29548,0
22176,-712,-512,14120,-4780,3032,0
22116,492,10316,16480,9792,3956,0
12764,-3880,14960,16156,-120,592,0
9820,4508,8432,17044,3396,1016,0
11340,-420,8468,15992,1440,1624,0
12520,4304,11044,16020,3424,-172,0
15092,3872,11484,16072,2892,1040,0
15784,-3492,9656,16560,2996,2372,0
17764,2264,6092,17612,2820,2380,0
16892,-172,4080,16320,1144,2912,0
15556,-2020,960,15548,3192,3260,0
14440,264,0,16208,1892,4472,0
14412,-1040,-844,15604,1716,5384,0
14048,-512,-684,15684,916,5840,0
14524,-1140,-808,15256,1432,6048,0
31500,1676,-21816,16496,2476,4672,0
14468,7260,-2456,18532,-952,3928,0
15268,-2812,1788,20244,1092,104,0
16000,-1308,-160,13772,1412,10604,0
15908,-4456,-500,13084,-1736,8476,0
15412,-3608,-1312,11188,-2156,11100,0
15940,-3768,-64,9372,-2444,11720,0
16116,-2856,520,10168,-4692,13100,0
16276,-2352,456,10652,-3268,13588,0
16300,-2352,1340,10680,-2728,13100,0
16028,-1876,972,11708,-2172,10776,0
16216,-1088,1164,14052,-1236,7572,0
16120,-2732,1356,15664,-1388,5336,0
16144,-2616,1432,15920,-676,4996,0
15960,-2288,1164,16896,-432,4892,0
16084,-2908,2208,17364,-156,5200,0
15804,-1220,1752,17844,660,5108,0
15952,-3192,2292,18560,1220,3744,0
15996,-1428,2556,17532,1204,2520,0
15808,-1088,2088,16504,848,1160,0
15828,-912,3096,13324,-384,1372,0
16256,-2276,4584,13956,1340,0,0
16568,-1760,4240,14616,2044,120,0
16660,-1512,4520,18160,2292,-6316,0
18372,-1336,2784,12560,1504,-3860,0
18668,-152,5768,16280,2936,528,0
15168,-460,9012,16388,-3048,1040,0
13392,-316,9648,16684,11256,-1116,0
13068,-2332,13336,16032,1668,328,0
10452,2720,13592,16592,2136,1472,0
9652,-1516,10416,16836,1524,2428,0
8384,1120,12672,16720,2076,1200,0
9204,4820,13688,16172,3692,1608,0
10264,1776,14824,16212,2300,1424,0
11236,2144,14584,16120,3176,2160,0
11100,2700,12880,16268,2100,2724,0
12284,1372,12312,16624,2040,3256,0
12040,1268,9932,16348,4328,2480,0
13372,892,10936,16672,2684,2648,0
15908,-144,9560,16276,2724,3104,0
14568,304,9600,16360,2268,2844,0
14672,-48,8676,16128,1564,2652,0
16180,472,7004,16164,2304,2200,0
16900,612,5760,16076,2836,3260,0
17424,592,4248,16280,2868,3340,0
17020,1064,3368,16016,2044,4004,0
15920,-108,1948,16264,1584,2772,0
15328,1800,1328,16260,1960,2676,0
15692,408,432,16632,3208,1996,0
14144,-852,-8,16140,1216,3008,0
14284,388,1016,15940,2256,2672,0
18232,-684,-4668,16056,1900,3328,0
16048,-104,-2312,16068,2584,1088,0
16924,2792,-424,15608,1272,1184,0
16384,-3024,932,16384,280,4084,0
16368,556,-736,16796,-1416,6156,0
15524,-4316,-2760,17040,-172,5044,0
15860,-128,-424,15884,-684,5584,0
16296,-2592,168,15900,-1820,7036,0
16180,-3140,184,15056,-2292,7516,0
16140,-3156,-236,14124,548,8392,0
15920,-2672,-392,13640,-2168,9076,0
16052,-2120,-168,13812,-1176,9208,0
15980,-1656,296,12760,-1368,9064,0
16388,-2140,568,13812,-352,8704,0
16112,-2508,408,13932,-1532,8320,0
16060,-2908,624,13636,-1880,7668,0
16024,-3280,500,13948,-1740,7276,0
16264,-3644,1232,14660,-1444,6664,0
16452,-3228,2172,15432,-1228,6268,0
16780,-2988,2860,19888,1268,-3108,0
15812,-2072,368,18592,-9284,7292,0
15536,-4876,-948,13288,-2280,7888,0
16984,-4516,328,17892,4848,2072,0
16836,-15536,2136,15744,1916,2408,0
15480,-3232,3860,15780,2428,2192,0
15264,-2924,3108,16308,2308,4200,0
15584,-224,2448,16268,1300,2952,0
15224,-844,620,15176,3064,1824,0
16348,-2308,-80,16376,1664,3012,0
16236,-216,-536,16016,2816,2404,0
16336,-1964,-1016,16188,2104,2960,0
16064,-960,-1016,15824,2968,2128,0
16264,-396,-560,15716,5296,3228,0
15620,2784,-1640,15672,3180,1680,0
14000,2544,-2404,16572,-504,4472,0
14916,1772,432,16604,860,6544,0
15920,2188,1628,17060,1828,5152,0
21276,292,-5312,17312,1544,4124,0
12884,4596,-2208,17084,-24,3232,0
16876,960,-436,17256,-1980,3032,0
16800,-2016,1036,19828,-2348,164,0
16276,-1384,428,17328,1824,7912,0
15840,-1708,1520,12648,-660,13720,0
16216,-2448,660,13408,-1180,3892,0
16604,540,2092,13312,-5936,5352,0
16124,-1248,2752,12996,876,6820,0
16576,-1536,3408,16680,-8716,6936,0
15784,-3372,4800,17520,-2860,6128,0
17640,3320,4252,18288,3860,3116,0
16620,-2396,2872,16800,-4080,4004,0
17336,-1004,1808,10520,3600,788,0
18040,-272,1740,15032,1428,5120,0
19576,-1064,144,15380,316,-1256,0
20776,2696,-164,19356,5004,2480,0
22672,-6864,7740,15696,716,856,0
12136,-3700,15596,16752,3892,384,0
21112,2888,-2316,16180,4024,1444,0
9336,884,8680,16868,3116,1980,0
12408,200,10572,15916,284,1868,0
14276,464,11688,15716,3484,3128,0
16464,1688,10820,16736,1164,2736,0
17764,1228,7156,17400,940,3776,0
16388,-572,10356,18324,1836,1452,0
11232,812,8808,16852,444,-680,0
13768,5336,4708,26588,-2560,-5736,0
18580,-15064,5436,22120,4076,3984,0
13564,11932,600,17812,8948,6244,0
14844,-14380,-72,10272,-4088,5892,0
17376,3676,-1092,11692,-156,6916,0
16868,-5312,2952,10912,-3212,9236,0
16964,-2244,5032,14112,-3852,9400,0
16380,-2584,4960,18352,-4544,9924,0
15600,-1120,2464,20104,1632,7284,0
17104,-1380,1924,13996,-648,8404,0
17620,-1980,2928,12076,1792,6472,0
21048,-232,1312,31036,12168,3784,0
23012,3120,-4772,18560,800,7916,0
21860,-8184,8812,16952,-1664,1468,0
14120,-2464,14420,17952,4120,1524,0
13160,6616,8396,16156,1484,2080,0
8092,1716,8808,16244,5012,2828,0
12788,312,10672,16496,1552,1952,0
20368,4072,11820,16228,3660,2440,0
18480,608,9956,17788,252,4352,0
18676,-704,7148,16452,-80,2244,0
6800,1288,4904,18772,2240,2864,0
18580,-6768,-10560,18780,196,1036,0
7688,13960,-2400,26388,-1612,-8712,0
19996,-7180,3548,24372,6112,8092,0
16356,3688,2036,9336,4780,12064,0
15876,-7868,-620,12468,-5652,7148,0
16144,-304,792,10808,-616,6996,0
16484,-2632,3476,12296,-2880,8376,0
16792,-1080,4020,15196,-4388,9856,0
17032,-276,4760,20572,-1252,9256,0
15716,-2700,516,19536,1548,5976,0
16080,-1868,1320,7428,-1212,6256,0
19948,320,4428,17160,1924,-492,0
22368,56,-1672,9508,-6908,10184,0
23880,2792,1084,17804,7288,6412,0
17896,-10252,8628,14368,-2344,1896,0
7984,2968,15092,16576,7276,932,0
11904,612,8040,16324,1916,1456,0
10932,4120,9576,15712,3836,1696,0
12872,364,10396,16208,4932,2364,0
17244,4724,10848,16532,636,3952,0
20200,1984,8436,17176,2636,3612,0
17072,1996,10008,16756,1432,2180,0
7656,-1120,6692,17128,-252,2952,0
32767,-3212,2136,23544,-424,1376,0
18112,1568,4520,26264,2224,-2684,0
14744,-780,-1100,23412,7636,7724,0
16904,-2460,1976,7504,-4564,10624,0
15944,-584,712,8388,3388,8308,0
15080,-2212,3196,10168,-556,10412,0
16404,-2200,4384,14480,-2752,9912,0
15792,-1504,3628,17524,-1880,9456,0
15108,-2820,2888,15436,2912,7088,0
16116,-1328,844,15736,-1348,7328,0
18072,-20,2204,9160,2084,4368,0
19972,-5604,1644,32767,-2956,-32768,0
25056,5188,-7672,13412,-14292,5668,0
22744,-9028,13964,18588,5144,2228,0
11024,-2844,17080,18404,10176,1116,0
12412,356,9600,16628,-1116,2528,0
6228,2672,12508,16336,6244,2672,0
12324,-2852,11316,16648,-304,2492,0
15924,2168,14352,17152,5904,816,0
19388,2524,10028,16680,2140,3100,0
17588,644,9208,16560,856,3060,0
7568,-228,5124,16660,2296,3632,0
24804,-2020,-24132,18300,40,1604,0
10716,11672,2384,25260,516,-5360,0
16992,-2320,2316,25812,7032,7760,0
17052,288,964,6728,-1608,13952,0
15156,-3448,280,9220,-200,6952,0
16296,-1392,3468,11036,-3824,9612,0
15564,-1436,2444,14832,-4096,9356,0
16608,-1908,3332,19140,-4620,9744,0
16208,-1140,2644,17088,1148,7384,0
17376,-536,2080,15148,-180,3344,0
16312,-1008,2908,12360,360,2200,0
17432,-1112,2808,14288,2296,3900,0
19640,-1272,-832,32767,5468,-7336,0
21436,1784,-2424,16544,-2844,-184,0
21828,-4936,11076,17740,-2208,-408,0
9636,-3068,14444,18664,10480,1608,0
10544,2772,8452,16232,332,3104,0
8020,1792,10568,16976,3656,2052,0
11936,-1904,11028,16292,1336,1540,0
15908,-1132,12824,16092,3980,1292,0
19884,-1696,11016,16044,2440,2560,0
16804,-2848,11816,16072,2776,2716,0
9720,1000,5872,16636,756,2740,0
16388,-4192,4600,16120,560,3748,0
14428,11092,6452,19732,1256,3456,0
19104,-6008,6464,17484,-1128,7588,0
15960,1520,3096,17276,356,6108,0
16780,1136,300,12788,5032,11104,0
15580,-3748,48,12332,-3820,6032,0
16132,-576,976,14048,-6988,7288,0
16636,-1020,1440,14440,2196,2876,0
16020,-2928,-696,19000,-9292,4116,0
16008,-840,-1148,17740,-3556,4444,0
16792,-156,2572,16376,2192,3464,0
15692,-2684,216,16488,-1604,1364,0
16100,180,2120,15292,2184,368,0
16564,-1248,5488,14340,2160,-1864,0
16392,-132,5012,14436,3444,-1876,0
17596,928,5388,15756,4764,344,0
17964,-1480,4400,19452,6632,-2996,0
16348,-368,1748,14500,5180,-2576,0
17276,-836,2244,16292,-1328,-2920,0
18932,56,184,15580,7152,592,0
20720,-1672,5712,17056,784,280,0
13468,-3088,13832,16248,4568,1808,0
18928,-32768,-2292,16220,2636,2988,0
10252,15432,8664,16252,4180,2108,0
16728,-5024,9040,16292,3672,1692,0
14204,-7828,11000,16036,3916,892,0
16736,4520,9932,16156,3324,2696,0
17952,2072,7396,16540,1800,2444,0
17388,-2764,6812,18972,2324,3224,0
13068,3600,6072,17112,892,2688,0
12080,64,6956,16996,1356,2780,0
20132,3396,-96,23664,-1560,2208,0
16048,-6452,1868,22432,1524,3468,0
14948,3000,1716,18256,2936,6292,0
16772,-9184,3948,8248,-704,3248,0
16740,3400,1324,8904,-1484,7744,0
16540,-2920,2364,14708,-644,6936,0
16556,164,4428,15496,-5824,7948,0
16068,-1224,3420,18048,-3196,7572,0
16456,-2400,3348,19112,2572,6128,0
16580,-648,1624,14668,-1492,5292,0
16760,-1344,2192,11044,2160,4028,0
19132,-2328,1800,32767,4152,-32768,0
24312,2940,-6852,14288,-5964,3404,0
21796,-5768,8852,17356,3788,3360,0
11388,-4440,14296,15208,5012,2024,0
14352,5452,7700,16128,1180,1280,0
6252,356,11488,17140,5728,2204,0
13444,776,10496,16304,-1140,1784,0
16048,2292,11388,16236,3256,2556,0
18552,1884,11892,14552,2528,3708,0
19536,-1384,6064,10744,-1668,4124,0
9892,1472,6828,18396,2012,1920,0
12928,-840,9704,18080,440,80,0
9408,5144,2840,28268,-3000,-7748,0
18424,-12916,7156,-6932,-556,14904,0
14356,5732,5624,5844,4968,18112,0
16320,-6692,3048,12628,-3308,7856,0
15880,-24,2276,11084,-4732,7672,0
16432,-3212,3968,12508,-3612,8420,0
17436,-204,4080,15940,-5304,9588,0
16888,-2004,3176,20640,-416,9248,0
16432,-1492,1020,17624,-1240,6628,0
16800,-1516,1616,7476,620,4020,0
18116,-548,2524,30916,9800,-22516,0
22008,-328,-4648,12280,1256,4728,0
22052,2360,5192,17624,2308,5240,0
14504,-4540,12056,15976,4676,1972,0
10408,3780,8288,16192,1932,860,0
8860,1788,10940,14932,4888,56,0
12656,3228,10360,16164,2040,2096,0
15064,1456,9896,16608,3100,2488,0
17724,-752,10120,16568,1848,3324,0
18012,2200,6800,17116,3400,3052,0
15804,-568,8924,17360,-268,1568,0
10932,116,9704,17860,660,508,0
25912,-1708,-1004,26700,-3496,-2904,0
16036,-9360,3936,23396,5368,6304,0
13344,6592,4776,16276,7200,7816,0
16408,-8464,4700,8220,-1020,5804,0
15916,3640,1260,8164,-880,8520,0
16648,-5124,2520,12000,-1512,9192,0
16472,-1828,4660,14752,-1896,9776,0
15740,-1564,3856,19200,-3312,9896,0
15792,-2288,2288,19540,2744,4872,0
16960,-1052,2232,8208,-2832,5068,0
17428,-196,2468,14040,3144,7956,0
23956,1420,-3928,13560,-3848,2548,0
24628,4580,-1248,18956,6028,3964,0
19876,-7372,9216,15452,-4064,2096,0
6484,2940,6948,16780,9328,1588,0
7624,2688,11440,16420,-4060,1988,0
13116,3252,9232,15632,5272,1496,0
14440,1544,10388,16832,2248,2788,0
19580,2756,11572,16928,824,2900,0
20964,816,7284,16448,2460,-184,0
7060,-412,8532,18284,-1044,2620,0
12628,1272,6632,19272,-3972,3708,0
7680,1252,6628,32056,2536,-1252,0
16548,-8452,7472,21000,7556,7712,0
17616,19400,3212,7928,3596,10408,0
16000,-8152,812,12616,-120,6208,0
15468,-1304,792,10040,-2100,8084,0
14804,-3768,2528,15392,628,7568,0
15096,-176,4304,17344,-3180,7808,0
17116,-620,4624,18736,108,5000,0
18552,-1200,4828,14996,1152,5428,0
19692,960,1380,16760,1304,1268,0
22900,-868,-2184,10756,-11816,3636,0
25176,-1680,2336,13424,9632,4928,0
11332,-6560,8140,15152,-768,6536,0
12812,3756,5868,17348,10140,1664,0
9164,3200,10052,16368,-1848,3092,0
11212,1780,11052,16296,5080,1740,0
16876,3620,10728,16284,1120,1452,0
19336,-1736,6400,17316,2600,3464,0
14052,1508,6788,15472,-860,6848,0
11796,-600,6416,15320,968,7376,0
32767,-4852,-1160,30704,2764,-1156,0
24300,3772,5012,19752,5924,10448,0
15436,-4188,2532,14160,3044,6332,0
16028,-132,3356,6780,-244,428,0
16096,92,1784,6916,-9828,5284,0
15768,-1300,1872,13632,1320,6324,0
15564,-2616,2568,16332,-1040,6804,0
16456,780,4688,19148,-1704,5728,0
16908,-1944,4036,18044,5924,5568,0
16468,1380,6360,11556,1348,10728,0
14080,-1456,7200,12500,1740,5680,0
21108,-888,6928,7840,-2776,3052,0
14692,-252,11668,17528,15136,6092,0
11608,248,13580,16972,-9812,5012,0
7388,3868,9708,16276,7240,1280,0
12360,700,8940,15748,-2080,1760,0
13556,8692,9144,15988,2436,416,0
14404,6492,9264,16240,2868,728,0
14968,2640,8056,16304,2844,1716,0
16868,6184,6580,16340,2616,3496,0
16420,2504,6084,16384,1832,2496,0
15664,116,4624,16528,1656,2520,0
15592,-524,4396,16368,3316,2232,0
15380,-328,3824,15916,3056,2624,0
15212,-604,4164,16396,1132,1664,0
14712,-1860,4836,16120,2328,888,0
14516,-3932,4340,16108,2860,2692,0
23524,-8096,-8520,17416,920,2728,0
13228,3240,-832,20192,7064,928,0
17640,-1940,3348,18536,2504,1552,0
16428,-560,1276,19624,6020,6060,0
16112,-1860,1764,11044,1752,9796,0
16628,-2312,3576,13372,16560,8420,0
16532,-1300,2988,14300,-14760,6208,0
15964,-2484,2652,18104,6412,4528,0
15948,-2708,2208,16484,5368,5176,0
15528,-3048,2568,17588,-1900,3356,0
15312,-1992,1388,16772,1940,932,0
14852,-2420,3004,14804,-312,-76,0
16304,-860,6252,13136,1564,-324,0
18968,-1008,3532,14988,2204,4692,0
23132,-304,2392,15360,-3672,2860,0
21884,2944,2444,16556,5436,5404,0
17284,-4216,13788,17404,-5760,1300,0
8232,-1080,10140,17544,7528,260,0
14048,2536,6068,15884,-652,1024,0
12764,3344,7044,15888,2660,1216,0
14504,7280,7688,15804,1572,-176,0
17064,4560,8008,16912,4140,4552,0
19708,-1208,5452,17188,272,4732,0
16676,3552,5860,17856,-1756,2896,0
8388,-4752,4356,16552,216,3652,0
12004,-2360,3472,17372,-2052,1052,0
3900,4176,5608,26068,4216,-4012,0
19836,-3612,7820,24784,6416,5352,0
16760,884,5352,9216,1756,16740,0
16624,-4852,2760,13484,-2060,6328,0
15900,-2316,1764,9580,-928,9084,0
15664,-3712,1776,16928,-5348,7472,0
15956,-1760,1876,19968,-4364,8260,0
17228,-1992,5548,19972,2912,6016,0
17796,852,448,5008,-1980,7284,0
20032,-1092,1780,15332,2404,11248,0
26136,-712,-3120,8116,-3444,2112,0
27012,-2600,6664,18768,15088,4208,0
11680,-3596,10020,13956,-5312,844,0
12700,4616,6180,17588,8780,1392,0
9172,3116,9072,16744,-3144,2936,0
12972,6980,10456,16700,2816,2124,0
18420,1836,12732,17728,-216,2356,0
21312,-1040,9032,17248,1544,952,0
7528,864,9192,20312,-804,2044,0
30784,4528,-30148,21200,4356,-2880,0
8784,5556,8772,20588,5336,8500,0
16524,-104,10060,8348,5908,13508,0
16644,2088,6700,14948,-7096,5452,0
15520,636,4496,12160,-4688,10144,0
16272,-3768,5480,12952,588,8520,0
15560,-2680,4380,15900,-3836,9516,0
15880,-208,1668,16144,2944,-556,0
16960,736,-176,15616,3008,-720,0
17772,-1584,472,16332,3880,3496,0
17140,2732,3244,16692,1572,3092,0
16312,-1648,2928,16364,2620,1404,0
16392,3440,1592,16144,3640,1424,0
16992,500,52,16100,2756,1496,0
16512,-1064,464,15884,2636,1624,0
16512,544,-352,15768,3208,2160,0
14868,1288,-780,15648,1460,2924,0
14608,480,-608,16052,3560,1992,0
14704,1108,-524,16608,1336,3644,0
13280,-2968,4584,19488,-376,4196,0
32328,-4840,-2516,21368,1592,-364,0
15600,3312,-120,20616,-1772,904,0
14348,-2120,-128,21128,5828,2036,0
16616,-184,1888,18232,5432,5800,0
16148,-3704,1120,13276,-2080,2956,0
16016,-3488,2160,11712,-1764,6696,0
16300,268,3456,12280,-1696,7504,0
16060,-2168,4468,15132,-4624,8916,0
17144,-2208,5820,20140,-4236,7260,0
16540,616,2332,19856,3284,5344,0
17184,-1888,2420,5344,-4576,5424,0
19352,1344,1604,18424,10432,-3072,0
22332,920,-6776,10204,-7632,6460,0
21028,-6692,3380,19344,8348,7004,0
13344,-6936,6684,15560,-4716,2284,0
11812,4416,8756,16948,8484,824,0
10412,1960,8480,16284,2260,1500,0
11300,4216,11408,16164,-596,2216,0
15808,996,10852,19384,4604,5076,0
19880,424,10744,17920,3044,1420,0
18928,1424,11836,18336,-2040,1188,0
11236,3228,11688,15188,3424,-328,0
32767,-5520,-1104,25984,-5124,-712,0
16912,-3884,4480,23176,9408,5264,0
12644,3188,732,17824,9616,3332,0
17096,-8552,2656,9768,-6160,5940,0
16128,2252,1272,9560,20,6492,0
16352,-4664,3100,11868,-2024,9148,0
17100,644,4316,14896,-5116,10768,0
15800,-1448,2184,24076,-4348,11684,0
17176,-1396,964,19384,3112,9852,0
18220,-568,824,5896,-732,7684,0
21096,-3200,1160,32767,-7896,-32768,0
24508,-2300,-4204,13416,-9192,14164,0
20400,-12012,9200,18760,-2444,5844,0
9580,5328,9264,19052,8788,1640,0
5172,4260,11448,14904,2000,-104,0
12812,1036,10104,15296,4500,764,0
11204,1092,13400,15724,6156,884,0
18668,3900,12828,16644,-16364,3548,0
18828,1676,9488,18372,1628,572,0
9304,1020,7604,16564,376,744,0
15012,-268,10688,18888,-788,-1188,0
6300,8624,-676,29540,308,-9628,0
20968,-10732,5256,31244,14256,8328,0
14896,5636,1876,6820,3040,22264,0
14692,-8972,328,10428,-8056,6948,0
15804,432,2364,8164,60,8520,0
16664,-3032,4532,15096,-5572,9592,0
17156,76,4304,16108,-4332,11672,0
15696,-28,2156,20240,1548,7860,0
18504,-1988,1260,8048,-1164,6416,0
18196,-688,460,17648,2404,996,0
25884,5604,-11916,13572,-1432,9516,0
22416,-4180,12592,20264,2636,8004,0
8420,-7172,16880,16140,4600,3220,0
12396,6344,7796,16768,3368,876,0
8980,3012,10460,16944,5284,1008,0
11124,2884,11172,20696,-56,3128,0
15384,1812,12480,16036,1888,3660,0
20888,4236,11284,18368,1336,132,0
19168,-296,12148,18420,-96,1300,0
6620,1852,10692,19072,2216,584,0
32767,-4820,-1564,28696,-3316,-4576,0
18304,-8576,6152,21764,6796,12116,0
11868,9784,588,14580,8412,9972,0
17144,-15248,316,9628,2192,7804,0
16176,2364,-632,7460,-1312,8580,0
17676,-5268,4604,11664,-1272,9476,0
17520,940,5264,13408,-4604,11432,0
15072,-2444,1784,22476,-5904,9516,0
16732,-1052,1764,12368,904,7936,0
16864,-1880,1856,17556,-1328,6912,0
21860,-2016,656,32767,-1904,-16692,0
25712,3596,-3596,14564,-4308,11612,0
17520,-8456,14960,17072,-6228,1660,0
7180,2776,8492,17180,5072,2880,0
6500,3344,10168,16428,1460,1384,0
12664,1108,10912,15892,5084,1756,0
10864,-4952,11440,18820,2712,3000,0
19820,1224,13216,15448,2616,2448,0
18812,344,11876,16716,672,4804,0
16304,296,11624,17016,576,6032,0
7744,-692,7612,16188,2716,3620,0
32767,7480,-13288,15828,4756,4404,0
14752,692,5864,18816,-180,9128,0
16604,6676,3904,10996,456,15288,0
18308,-5028,440,3860,-4224,16616,0
17508,-1360,-24,10080,672,11288,0
15952,-996,2820,12464,-4692,9668,0
16652,1788,4008,13228,-2804,7428,0
15864,-1984,3444,15188,-1304,7024,0
16428,-1192,3724,16240,-1912,4528,0
16228,-520,4684,15708,-2844,3556,0
16096,1220,5112,16148,-976,1656,0
16052,-1136,4720,15064,-2380,2932,0
15544,-620,4200,15740,-1116,2580,0
15648,-1792,3980,16444,-556,-292,0
16440,-696,4068,16000,-1432,-1940,0
16088,-888,4436,17084,-592,-996,0
15984,-308,3312,17260,176,-260,0
17128,44,3772,16908,2408,736,0
18616,-224,3076,16320,460,1076,0
19644,-4920,816,17640,2636,3520,0
18908,-3084,9664,17152,1744,4296,0
15708,-2912,7164,18084,2728,3588,0
15760,5552,8920,16408,2472,2480,0
14464,-2024,10284,15340,2044,2932,0
16440,-6684,11096,14752,4736,4248,0
20328,9556,9868,14792,1404,5056,0
18060,-428,8536,16096,396,3076,0
8824,1344,7152,17760,628,2040,0
13852,-2696,10504,20448,540,-228,0
13552,2876,2132,25192,-5980,-5804,0
18960,-8964,8416,27492,9788,6324,0
14084,6172,2856,11700,3268,17456,0
16244,-14516,2568,11628,-9968,5228,0
15880,7584,3496,10564,488,7324,0
17820,-3588,4172,13888,-3136,8376,0
17480,-1244,5572,15096,-7664,9120,0
16416,-604,3760,21404,120,9116,0
17460,-1852,1464,-5896,-6332,3792,0
17636,8,872,6676,748,7324,0
20172,-1652,596,32767,4932,-32048,0
24332,5356,-4032,11160,-4836,4992,0
28204,-11688,11944,17936,2588,7236,0
9080,-2260,13996,16576,4240,3320,0
-30580,12560,32767,16648,5680,1200,0
7264,2400,9996,16224,3888,2428,0
48,6308,23844,18144,1744,3396,0
15756,3996,13056,15164,2664,2240,0
18872,3904,9308,17848,1412,3404,0
18896,972,10944,17664,1200,396,0
4852,-1544,9388,20880,1248,484,0
32767,-5764,5944,23664,-2876,-3040,0
17176,1380,6488,24932,9208,2360,0
16184,2832,380,21080,9072,5020,0
18488,-7008,220,10448,-6356,5852,0
15260,0,-1488,7472,2340,9608,0
16324,-3928,2504,9728,572,10372,0
17232,860,6192,14120,-2420,10792,0
16412,-3696,3756,21492,-3920,13092,0
15976,-1908,-112,23640,4860,8652,0
18724,84,460,-6400,-1012,6920,0
21152,-3908,1288,32767,-808,-26056,0
27416,6024,-8464,12132,-11840,11496,0
24220,-12640,13772,20308,-2320,5160,0
5872,-1668,7976,18020,11208,2504,0
10584,1712,10844,16880,-956,2268,0
9640,2648,11568,16664,5688,2372,0
11600,724,11812,15980,-136,2628,0
19672,2712,11912,15296,1188,1728,0
18968,3020,8712,15632,312,952,0
4584,-1584,9036,19240,-80,1772,0
17228,-10404,-19312,21000,-2340,-1400,0
7096,18652,3980,26336,520,-1868,0
19280,-3940,2244,24696,10096,7800,0
20544,-2360,2464,11460,-2432,2228,0
15424,-308,-296,7916,-4216,10044,0
16468,-2220,4176,14860,-16,9476,0
16580,-696,5108,12580,-4956,10312,0
15532,-2580,2608,24372,-6524,8532,0
15596,-1012,1104,20628,3240,7744,0
18440,-996,956,4148,-1704,6996,0
22296,-3352,-416,32767,-160,-27668,0
26340,3300,-5692,12640,-13248,9996,0
22000,-9508,10344,19264,3636,2780,0
8572,2836,7308,18400,4400,4772,0
9052,1624,10792,17144,-816,2580,0
9792,2940,4968,16844,4768,2380,0
13604,1836,11628,15344,-260,3560,0
19436,3540,13576,15780,-1472,4740,0
19072,880,9872,17060,1392,48,0
6524,1032,7920,18440,484,1288,0
21116,-6004,-19824,20172,-868,920,0
6024,7704,4504,28380,2124,-3796,0
23384,544,11084,25640,8648,8236,0
19108,-7952,4124,11636,-6444,852,0
14948,32,700,6720,-6152,7276,0
15732,-4388,2248,10156,-2080,7924,0
16520,272,4312,13468,-8488,9348,0
17848,-2556,4192,20440,-5040,11832,0
16184,-1436,-372,21344,-1932,10508,0
17292,-360,584,832,868,8208,0
22000,-4400,-1648,32767,-3804,-528,0
25868,1252,-380,12456,-2864,12344,0
22576,-7232,12212,18892,1032,4188,0
7436,2288,8400,16956,2064,2284,0
-32728,26332,2528,16912,972,708,0
12284,3452,10256,17300,3840,2724,0
12768,2584,11856,12556,4388,3520,0
18224,2064,11108,15296,-172,3980,0
20416,2300,6520,16640,1752,1568,0
12572,1236,5380,17732,268,1684,0
15088,1964,11140,16620,3924,3052,0
31092,20,1188,23044,-68,2140,0
17680,-6192,5892,21584,1120,7548,0
14220,-2764,5104,14692,3128,12408,0
16672,-2676,3980,11608,-7464,6912,0
17032,-200,132,8360,708,5584,0
14960,-1356,1100,15736,-548,8004,0
15988,-3092,2660,12772,-10192,11084,0
15692,-2720,2248,16312,-840,9148,0
15628,-4108,1956,16920,-5696,7644,0
15872,836,4060,13088,2224,3416,0
16908,-1588,4136,13876,992,764,0
14916,-1804,8032,19236,1584,-1600,0
22736,1920,3460,14364,-1312,1964,0
21156,2404,7288,20424,2804,3768,0
12324,-9592,13580,16948,2552,3392,0
7216,-4680,12252,16440,4400,2188,0
10204,3648,10684,15512,3784,3240,0
15408,-7168,10320,16084,4188,3508,0
12796,-9468,9280,15768,3636,2532,0
16092,-4180,10552,15780,4428,2772,0
17888,-1132,9140,16248,2392,2732,0
18152,-1656,9556,15800,1908,2920,0
16696,-4088,10484,17004,1596,2796,0
12180,2028,10696,16540,1500,2332,0
11200,2348,10324,17212,376,3060,0
20588,2200,1236,22572,-4536,6304,0
19432,-3800,7308,23600,-1140,3992,0
14688,1684,3296,15300,7432,12580,0
16708,-1532,1704,7948,-3828,3104,0
16580,444,2208,11928,-8464,6584,0
16604,-944,5176,12064,1552,6008,0
16524,-28,3996,19716,-10328,6112,0
15504,-1968,4732,32767,-780,-24232,0
16116,260,4784,19208,6432,2788,0
16108,-576,5092,16408,-2156,3640,0
17284,-652,2732,8820,4420,1696,0
18064,-408,1752,18648,5392,-1184,0
22620,1220,-6144,9940,1048,6344,0
24056,-4772,4716,19876,4148,6552,0
11652,-4328,11848,16012,-640,2052,0
12288,1012,9944,16444,8828,1076,0
10064,-832,11376,15716,-392,1552,0
15476,-1640,12536,16304,5464,1856,0
14812,-2232,13544,15368,-160,4028,0
16808,1048,11340,16440,1000,4008,0
19140,1648,8104,17188,1636,336,0
15820,-3588,9616,17932,1448,1548,0
10676,2924,9996,18108,1552,-64,0
22916,-10092,2304,26428,-3288,-1792,0
18736,-4880,6696,20800,5692,9184,0
15712,3964,1468,16320,9516,10376,0
17928,-12260,1740,8460,-7016,7428,0
15928,4680,-4,1088,656,8580,0
17856,-8428,4568,12764,-540,8916,0
17428,504,5800,12348,-7432,9692,0
16128,-852,6040,19752,-3056,11712,0
15196,-2520,1432,24268,6984,6052,0
17564,-180,1108,6304,-5932,6452,0
18860,-1336,728,16180,3928,9680,0
25796,2636,-6272,13700,-12556,896,0
22540,-6836,7752,21172,10524,4300,0
14920,-9700,7676,14780,-7972,1576,0
9696,6620,9216,18400,11904,1940,0
7012,5800,9368,15232,-1820,1384,0
15288,-2256,6716,18432,3624,2112,0
13332,2500,13580,15428,3396,852,0
19108,5060,12592,18648,4192,5840,0
18400,904,7416,16996,-1528,2304,0
7668,-1384,7032,18988,1016,2512,0
14412,-1664,3888,19492,-892,-956,0
9180,4660,-8,28252,-1676,-8952,0
17936,-5052,6184,26656,6420,9516,0
14740,1468,5028,6812,7352,18356,0
15772,-8784,2304,11944,-5812,8544,0
15328,-844,2284,11440,-2136,7212,0
16620,-3736,4924,12636,-2960,8928,0
17552,-76,4900,15972,-4320,10132,0
14596,-2732,2156,22532,2808,10864,0
18820,-528,1080,12884,2272,7948,0
17808,-2272,1164,14312,-316,9452,0
25304,2820,-7160,18212,-2472,2140,0
23768,-5572,6860,17716,3392,7784,0
14132,-9836,6380,15964,-5832,1856,0
9756,7996,9880,18324,8608,4436,0
8060,2044,9940,17556,-564,2132,0
26608,-1292,-8300,18568,3780,2396,0
12948,1544,11364,17124,2132,2376,0
18104,4072,12812,19992,2928,1632,0
18472,-888,9360,17552,188,1128,0
5792,2940,8952,17712,1644,1968,0
32767,560,-17176,21188,3940,876,0
11148,5532,7304,26112,-1528,-2440,0
21028,3088,7172,25564,6612,9072,0
17960,-4424,4592,7764,-5992,3548,0
17076,524,2308,6108,-1864,7576,0
15840,-832,2932,14260,460,5576,0
15540,-1460,3508,15056,-8272,8676,0
16440,-1600,4124,19356,-5968,9596,0
15308,-976,2812,20364,5968,6224,0
17568,1064,868,5768,-5928,6220,0
19508,-1488,-696,15156,3288,10492,0
26736,3536,-8328,13864,-384,12344,0
23816,-7524,10280,21364,5556,8608,0
10548,-7928,18044,14028,2500,6724,0
12720,5008,11124,15084,3344,4968,0
7144,2292,10688,16364,2676,3172,0
15980,-6224,10792,18460,4620,3388,0
15660,1368,15700,16476,4944,3456,0
19072,4580,11456,14128,0,3920,0
17168,-760,11148,16828,1864,436,0
8412,904,9428,17232,3060,1784,0
32767,7792,-7540,21248,1376,-248,0
15176,5816,9644,26280,-1388,-2224,0
17652,4456,1248,21404,5280,9620,0
19036,-1628,3064,6944,-6408,2928,0
16932,1736,2204,7676,-2100,6708,0
16740,-2032,3320,14004,-3276,7728,0
15864,-732,4056,14900,-10260,8664,0
15328,-1824,4832,19740,-3956,9396,0
15316,-744,2204,20876,928,5512,0
17836,536,1728,5048,360,3832,0
19504,-1352,1484,14144,2948,9580,0
24532,2788,-4552,13248,-360,7484,0
25616,-6252,4952,20456,3788,6756,0
12620,-8304,8276,14364,4792,4572,0
9380,2868,9876,16308,3352,2836,0
14616,-1864,11448,15844,3928,1836,0
14528,-572,14212,15704,3952,2492,0
12024,-2228,12880,17280,840,3592,0
16852,-5756,6748,17892,3904,-360,0
17540,2504,8904,16232,3332,1812,0
15944,-1688,9832,17896,1936,2284,0
10308,2260,10776,17840,496,252,0
19656,-6680,560,29276,-2064,-5372,0
21000,-6176,5324,23280,5736,10532,0
13524,8064,3308,13240,5612,14476,0
16680,-10432,3248,10788,-4960,7684,0
16752,11128,1024,9404,6188,8880,0
18348,-5120,4064,10868,-2436,9368,0
17148,1384,3732,13976,-6548,10256,0
15988,-3188,3000,21220,-4000,9204,0
16724,-476,532,22860,2116,8504,0
18020,-728,820,6120,-2260,6980,0
23048,-564,-840,32767,4064,1508,0
24908,1140,512,14480,-1864,7260,0
21284,-11800,10480,18096,-2964,3816,0
7412,2384,8280,17468,8948,4104,0
10044,1592,10840,16256,1040,952,0
11472,1536,9652,16744,3568,2364,0
15524,-776,13296,17164,896,2432,0
15792,-44,11824,13428,2072,2900,0
18460,3256,9312,14708,1660,4196,0
14952,1156,10396,16628,1616,1800,0
11420,1412,11488,18684,216,-664,0
18088,3052,4916,28260,-2524,-8512,0
17756,-9164,9452,29896,4936,9456,0
13204,3832,6904,11392,5180,18772,0
15856,-9608,4152,10908,-1892,8092,0
15780,1144,2324,8584,-1636,8388,0
17004,-4320,3816,11968,-1756,9752,0
16552,1136,3176,13940,-5748,10904,0
16124,-3116,3316,19368,124,10204,0
16592,-744,1068,19200,580,9860,0
16848,-1524,1520,7628,-860,7040,0
19548,-1392,2372,32767,-296,-32768,0
23556,2460,-3040,9932,-6768,5784,0
25484,-9388,14552,19812,2032,4928,0
8156,-1236,17868,19872,7216,4596,0
11768,3248,12916,17044,-20,2676,0
7584,2896,10100,13572,4672,2220,0
9112,1644,12288,16692,1780,3072,0
18668,1588,12420,16092,2272,3680,0
20972,-3604,10024,16156,2256,2132,0
17676,312,7924,16480,2456,3620,0
9496,280,4064,16676,1212,3912,0
15664,-4612,1888,17280,-712,2988,0
9112,9240,3344,26116,-1872,-5376,0
21860,-9356,8328,20000,3740,17712,0
16036,-1976,3356,12632,520,7164,0
16348,-3720,272,9916,-9212,10812,0
16004,-1672,2688,11000,3596,6600,0
16200,-2464,3480,15092,-6392,8796,0
16228,-4,2696,13828,-6644,10476,0
16136,-2660,3204,16220,512,9920,0
15072,-3420,1940,18144,-2880,7332,0
17544,2984,3100,14100,5908,3740,0
18020,1196,5740,14268,340,3348,0
16540,1552,1664,22476,12496,-20,0
23320,5896,3864,9492,-9336,752,0
6244,-26352,16024,17352,5484,5856,0
11476,2988,13212,17252,3788,4280,0
11936,-324,3644,16524,5260,2140,0
17132,-7420,10588,16348,3404,1480,0
13956,-9688,11856,15752,5372,2280,0
15304,-3240,12036,15444,3040,548,0
18396,-2308,9596,16068,3324,3172,0
15452,-2356,8796,16416,2700,2568,0
17356,-3272,11912,16524,2004,1140,0
11700,1712,8316,15992,2032,1664,0
20076,9516,2032,17444,556,2804,0
10568,1868,5208,19260,-4828,1480,0
18292,800,3080,20864,-1564,5300,0
17396,-588,1968,14168,92,7956,0
16360,-520,-888,11892,-264,3744,0
16240,-1836,3128,15612,-3696,4744,0
17380,864,6472,17208,-8804,5160,0
16600,712,5444,16444,-1800,4848,0
16132,-2160,3456,18608,296,2452,0
15700,-2652,3140,17152,140,724,0
15656,540,3324,12044,-3460,-912,0
18044,720,3260,13768,3756,1980,0
18352,-552,2672,16416,1812,2412,0
18972,-2292,-176,14940,4232,-420,0
20108,3392,-2836,17936,4548,796,0
21992,-2304,7532,15840,-180,1280,0
11572,-3260,11932,16376,9336,-2128,0
11484,-1568,12592,15636,1924,96,0
32767,6888,4456,15896,7588,2768,0
11548,2380,14616,15976,20,3220,0
17228,-248,11084,16044,1500,4548,0
21856,1468,9364,18336,3748,3560,0
16580,2756,6768,16860,104,1944,0
10916,12,8332,18032,-52,2524,0
13316,-464,10340,18400,1068,460,0
12352,2804,4168,27844,-1800,-10072,0
18772,-9964,6744,22244,9140,8032,0
12916,5596,2032,11180,6872,9492,0
15036,-10272,996,14004,-2836,4136,0
14648,-5212,940,12908,-5156,5360,0
16992,-3776,4740,12020,-4064,9468,0
17644,244,5168,15104,-20,11548,0
16248,-760,3512,18516,-196,8452,0
17216,-2136,1472,14152,-372,10548,0
17508,-820,2636,8068,84,8464,0
20916,-2388,-764,32767,8420,2816,0
24004,2908,-2684,17304,-10324,13560,0
22488,-9352,12292,19508,-3028,2684,0
8692,3448,9360,18028,5844,2180,0
9736,2452,10396,16888,584,1076,0
11604,3236,8964,16272,3524,3564,0
10972,5420,10888,17952,32,2236,0
19180,6488,12488,14664,-348,3616,0
20732,-352,9024,17692,1592,964,0
11088,736,8228,19004,-516,1204,0
14484,1364,13732,19100,1460,-2500,0
9788,4008,1248,31428,-3100,-9244,0
19036,-14420,5540,28000,11028,8592,0
13024,3440,5724,7408,4208,12968,0
15848,-6892,5532,8796,580,10424,0
16288,1860,3776,11680,-1620,11256,0
15952,-6252,5676,15596,-1644,10252,0
17656,628,4328,19480,-2240,10212,0
15008,-3484,1476,19908,2468,6352,0
18524,-132,1992,13988,-28,10136,0
17876,-2016,1096,13884,-188,8652,0
25868,3816,-7240,11552,-3264,11412,0
22772,-4980,9768,20040,9504,9216,0
10724,-5580,13796,13384,-1856,2136,0
10540,7784,7804,16368,4276,2012,0
7440,2560,9188,17164,536,2156,0
14224,3580,10040,16092,896,1824,0
15040,7192,12320,15716,3752,4348,0
19096,-1740,10488,13044,6796,5276,0
18004,524,6124,17812,-432,2156,0
11152,1812,6904,18316,32,1688,0
11492,-3400,10712,20156,-1012,-1348,0
11088,-796,3492,30444,-544,-10340,0
17852,-7220,9660,26848,9280,9532,0
13940,4200,5060,8188,6928,17260,0
14768,-13884,2704,10264,-1712,9036,0
14436,1396,1048,11648,-2632,11000,0
15812,-6940,4604,12460,-528,10132,0
17416,872,5788,16012,892,11412,0
16012,-2608,3000,22424,-2208,10432,0
17612,-2248,368,24516,3948,11628,0
18360,-300,2680,10988,160,8224,0
22148,-2852,288,32767,11972,8752,0
23456,5308,-1920,18532,-6552,10824,0
22308,-9408,8896,16896,-3644,1012,0
6856,4120,8880,18532,6228,1440,0
9432,2468,10648,17632,-3236,2812,0
11756,1892,9888,16896,4116,2828,0
16000,2952,11044,17968,1460,2220,0
17616,4004,11996,15496,-28,4172,0
9976,-2948,8092,14976,392,3392,0
7936,4812,7348,19260,-1220,1244,0
16560,-8688,4460,19356,-348,-760,0
7236,6680,5040,25812,2084,-4980,0
22792,-5100,11164,26124,10964,5072,0
16560,-10212,3864,7808,664,6668,0
15416,788,2044,12292,-6416,8948,0
15684,-3460,2820,12232,-456,8256,0
16868,-3852,5116,11752,-1396,9612,0
16004,92,4300,18160,-5728,10528,0
15312,-3160,1244,20752,3052,6820,0
17572,-692,1360,7588,-3196,7480,0
17544,-1392,480,13208,748,9816,0
27984,7812,-8584,12512,-1804,11656,0
23204,-7756,11752,20440,5580,10184,0
11232,-6728,15432,14384,5820,6180,0
11076,8016,8344,16840,1488,3456,0
8516,3448,8960,16364,4116,2148,0
15788,2496,7844,14608,-1540,588,0
16048,7144,11496,17256,2056,2620,0
21328,1712,11928,15812,3032,2644,0
17836,444,11256,17348,136,2748,0
6644,2464,7856,16572,3588,1972,0
30316,-4960,-30888,19444,964,2532,0
9920,10516,10828,25236,3564,2116,0
19232,-5180,4200,18952,2684,9344,0
19936,-268,3568,8864,-10476,4008,0
16996,-480,2760,6344,-1280,5924,0
15768,-1900,4776,14496,-5392,5944,0
16172,112,3908,14928,-12304,8420,0
16540,-960,3388,21048,-3580,9272,0
16364,-1268,1376,20080,2184,5616,0
17280,900,96,5756,-224,4536,0
19732,528,1912,12852,-48,9168,0
22048,-3056,-3364,13704,7932,6908,0
23624,-5576,3800,21440,3248,6972,0
15660,-4972,12888,14832,-3056,2188,0
12620,852,9072,17116,6592,3028,0
6020,-2328,13320,16780,-928,2136,0
11632,-1688,12028,15996,4976,2056,0
14392,-2448,14668,16372,752,2188,0
18744,-1760,15236,17688,-8952,1904,0
16428,3348,9276,18236,-140,2252,0
8380,-5568,6392,16840,1996,2852,0
13572,3260,7192,19872,-1160,96,0
7564,3076,6264,29232,-1664,-4648,0
21128,-5544,11056,24584,8064,8988,0
16408,-3476,6524,7828,-1572,5668,0
17780,-3668,3172,10044,-520,7612,0
16800,-968,2776,12176,-1256,9052,0
16316,-2860,3700,13528,-4560,8888,0
15376,-648,4612,16320,-6904,8792,0
15216,-920,2344,20928,4620,6136,0
17664,-780,1656,16244,752,4472,0
19368,-624,-88,10344,1848,8576,0
28588,8632,-10636,26180,-7712,996,0
26748,-8848,11672,19184,10692,7788,0
8500,-6760,23616,12436,2456,6536,0
15352,5820,13396,18232,2548,4900,0
32767,-9216,-27976,18396,7816,996,0
8356,-3760,15172,15268,3372,1984,0
9056,-384,12620,15268,3712,4120,0
11032,-1372,11936,12384,944,5520,0
11748,1232,10224,14512,2548,3852,0
12804,176,9180,13604,248,4012,0
14840,8,4532,18084,792,4928,0
15776,-92,1916,15764,676,4760,0
15112,776,1916,19076,-892,5312,0
32767,-180,-18560,19676,2592,-1020,0
17424,10328,3816,22692,2252,664,0
17976,-7976,3840,23000,6824,11672,0
18548,-5084,2076,13040,-10772,12696,0
16644,2464,-1448,9144,-2628,7688,0
16512,-3340,1868,4196,-2508,4644,0
16560,-364,3856,9532,-8944,5096,0
16032,-1944,4812,12956,-7300,8404,0
16472,-1480,4380,13628,-1896,10864,0
15340,-152,5060,14240,-3708,8992,0
15660,-1760,1992,24924,1128,3372,0
18140,1716,2428,4036,-1184,3088,0
19880,1292,1484,14456,3136,10004,0
24492,4332,-2976,11456,3416,7836,0
24820,-8384,8544,21208,1960,7784,0
12276,-6016,13404,14812,1452,3084,0
9440,2196,9328,15508,5828,2516,0
-4076,-360,19116,15988,-560,416,0
12664,-2468,10044,16344,3540,2852,0
21392,-396,11748,16816,3108,5304,0
19092,-348,11356,16460,5092,4856,0
18528,-1292,8608,17020,2120,1068,0
6720,-744,6900,16468,2120,1672,0
13756,-1132,6760,17656,-1500,448,0
6980,18612,6612,30572,-928,-6028,0
21032,1864,2584,23660,7812,10408,0
18764,-3896,2356,7656,-2912,5424,0
17616,1800,2100,8256,-3672,7272,0
17224,-2512,3456,13336,-2704,6444,0
15304,-216,5372,15184,-8952,7016,0
15548,-1164,4684,21568,-5356,8688,0
15144,-1240,1564,24936,7348,5320,0
17760,1556,928,7412,-5360,7500,0
20288,-2724,-612,14608,6360,10772,0
23928,3228,-6788,11384,1236,10944,0
25208,-4748,8256,20708,4888,7340,0
10688,-4784,11840,15636,1908,3792,0
10560,800,9944,15600,5016,1916,0
8868,3380,10464,15740,4600,1880,0
9388,4444,15808,17824,2220,2728,0
18748,2140,12640,14996,800,1056,0
22184,-1420,9904,16356,4296,3548,0
15852,1032,7740,17252,-3148,3776,0
7684,-1288,12120,19096,1876,464,0
32767,-212,400,27232,-4408,-6572,0
12364,-5136,9640,21592,12720,8988,0
16396,10320,2252,13204,9916,9840,0
17560,-12076,3332,10500,-6004,4320,0
12896,14568,280,15944,-7940,9352,0
14296,-7304,3056,12860,-3056,9916,0
18092,6848,3304,14984,-4336,10752,0
15980,-5924,2096,32767,4352,32767,0
18840,1912,2688,20860,1756,11200,0
18484,-1784,-1460,9536,92,10132,0
30184,6256,-10828,15904,-4764,11904,0
27496,-7172,11752,21632,6108,10068,0
10148,-7112,16268,15004,220,3472,0
11904,6656,7888,16548,2044,2332,0
7772,2236,9688,16700,3412,3232,0
16628,48,13096,17316,2744,2440,0
16944,5860,12280,15308,2516,1436,0
20760,-2740,10700,15804,2420,1720,0
11388,1312,8184,18860,124,820,0
14792,-1628,14160,21544,-388,-1644,0
5780,6352,5904,32767,1956,-6164,0
23492,-6760,12912,25624,10420,7508,0
15244,-4124,7088,10268,-2560,6956,0
16756,-5492,3252,10204,1244,7824,0
16888,-1264,2712,8776,-1156,9216,0
15552,-5060,3344,13060,-2172,9928,0
17136,-1036,2268,18836,-5144,10352,0
17240,-1596,1508,22316,4540,6944,0
18460,-36,496,1568,-164,10140,0
21416,1656,-2992,25536,10376,-32288,0
25116,5396,-7604,2856,-12644,5312,0
24536,-11452,10276,19840,3128,8560,0
9028,3592,5012,19344,8712,4760,0
7548,1628,11164,17668,-592,2928,0
10940,1812,11888,17844,4124,2664,0
15744,792,12392,15116,-276,3656,0
20596,4688,11456,13812,548,3600,0
22616,2632,13124,17724,-76,912,0
84,-3296,12032,19600,2164,64,0
32767,5868,-26220,20688,1748,-1268,0
14304,7980,16004,24044,9700,6684,0
17308,4988,520,14736,9588,6324,0
18756,-3896,4696,10564,-9900,7152,0
17208,2316,2248,-2288,11196,10240,0
16920,-2716,3060,10212,-2576,9412,0
14956,-2244,3468,15720,-5644,11992,0
15660,-1088,4032,19488,-1120,10232,0
16312,-988,-296,18652,2688,9084,0
19272,216,800,7952,-3304,10448,0
25284,-392,-2664,32767,5332,5228,0
22984,-3360,7696,14616,-6220,11492,0
16408,-12060,5276,19196,-4276,6660,0
9268,5772,7608,18792,2964,3660,0
4444,3956,8060,19728,2968,1616,0
2628,13724,10532,16108,2740,2792,0
13984,-496,12120,16628,2568,2356,0
19080,4292,11156,13164,7036,5116,0
18944,928,11904,18640,304,3104,0
5640,2224,11012,18212,2024,1188,0
32767,3856,-15664,24272,-3696,-3044,0
13156,9548,12712,23300,8108,9312,0
17768,1980,4284,17688,9188,6692,0
19244,-8564,2084,11304,-7172,5892,0
15656,276,868,8008,-4540,5592,0
16404,340,3668,10728,-644,8404,0
15992,-1344,5056,14660,-5044,10172,0
17360,-488,3804,22440,-2840,11720,0
16924,-992,-440,27312,2496,13028,0
19572,-544,1688,7972,844,9876,0
25416,944,-3496,32767,4808,7552,0
20648,4964,6100,18172,-5968,10560,0
17200,-14808,4820,18792,-3032,4924,0
9280,1972,7748,17812,7784,4508,0
14884,-16,9424,16400,-3244,2736,0
15124,5140,12452,15548,2820,4364,0
14252,-580,10892,17556,1664,2804,0
20932,-2232,11512,16928,-1680,1496,0
19856,10964,10588,18004,2240,-816,0
6068,-5212,7528,18524,-1708,904,0
18000,-3604,-1612,22676,-2636,-2996,0
1648,9472,5004,27980,2652,-4148,0
23244,628,8524,25184,9492,5952,0
18192,-8104,6324,12448,-4132,4288,0
18716,-64,3480,9636,-304,7432,0
15968,-2048,3356,10556,-240,9716,0
16224,-3104,4536,14512,-4440,10624,0
16620,-444,2340,19160,-2648,2404,0
15548,-1924,460,19468,628,10984,0
19676,744,172,3796,2208,9484,0
25492,-700,-2844,32767,12316,8408,0
23588,-372,4748,14396,-6640,12648,0
17948,-12320,6348,18152,-6484,2980,0
10364,8096,8348,18184,4016,3240,0
8944,2224,12132,17424,1904,2108,0
-1732,2504,14660,16520,3568,2880,0
12228,2508,12508,16468,552,1676,0
20124,2276,12916,16176,-1188,3268,0
23012,3644,12608,17328,264,844,0
5404,1472,12396,19136,2372,468,0
32084,-12616,3496,27060,-2736,-5196,0
15676,-2848,11304,24428,8728,5192,0
15868,4980,2168,13260,8304,16748,0
17188,-7424,844,13744,-6792,8536,0
15836,1636,472,7292,-4544,7920,0
16504,-4660,5628,11808,-2224,8944,0
16724,644,3404,15440,-4948,10536,0
15896,-2256,1884,24240,-156,10716,0
18016,-392,-556,15304,-2796,11932,0
19484,-1572,-1200,12980,840,13176,0
26588,-604,-9408,12084,-3332,10204,0
26632,-4932,8516,22152,2884,10852,0
11212,-5464,15136,15420,-4448,2952,0
10192,-1136,10208,17444,5320,2308,0
11456,3952,9220,17728,3384,1728,0
13752,5796,8688,14692,3064,3236,0
17120,2260,14136,16816,5540,1892,0
19504,6080,15072,15388,-948,3468,0
14732,-2876,10384,18120,20,1572,0
9684,4152,12300,21276,2252,-852,0
32767,-10884,-1232,28296,-6552,-12228,0
16276,-232,13960,7472,8932,9644,0
13884,10568,2596,8036,10916,21824,0
17756,-12452,4664,8844,-3044,8824,0
16544,6768,1360,9448,-5132,8488,0
15984,-7272,2212,13476,4264,9720,0
16808,1684,4252,15100,-5472,11092,0
16112,-3228,3172,13804,2928,9584,0
17196,-1084,552,16132,3756,10996,0
18868,-772,412,11552,-72,9520,0
26652,1884,-3736,30112,2308,9820,0
21688,-6640,12784,19340,-1736,8440,0
14272,-12296,6344,15876,-1608,4220,0
9084,5592,8092,17068,1140,3468,0
7904,4844,11964,15820,3076,636,0
12620,908,6444,11180,1804,4040,0
13796,5024,13724,16220,3888,3076,0
20372,2776,12804,11020,-1380,956,0
20144,464,10016,18604,460,2116,0
-224,160,8372,17912,1996,-792,0
32767,-11676,2892,29756,-3024,-5096,0
13620,268,11372,20472,5980,9180,0
16240,4244,3980,10116,8648,18068,0
17072,-6416,2832,13052,-4144,9504,0
15668,2308,1320,10092,-2188,8216,0
17456,-5508,3616,12892,-4900,10028,0
17252,1048,3464,15152,-4952,10308,0
16156,-3140,2332,24460,-84,8340,0
17176,-528,-180,15752,740,11252,0
19092,-976,388,12996,584,10832,0
25488,1512,-6724,17212,-7484,2132,0
24096,-8524,6552,19384,4804,10656,0
11024,-8052,11548,16308,-6624,3456,0
12052,6408,10020,17140,5452,2116,0
8540,1064,10452,16760,3556,1428,0
13920,3168,10020,11916,4428,4288,0
15692,3200,13792,17708,3684,2812,0
17088,-7264,13732,8128,1844,4144,0
17888,4548,11152,18912,712,2696,0
6428,-2404,11768,18416,2188,-608,0
32767,-6260,1932,30388,-3052,-10084,0
13452,-9420,10328,11476,4528,10824,0
13712,11384,4708,10444,9048,19012,0
16968,-8436,4776,11572,-932,7960,0
16544,3884,2024,7804,-3896,9536,0
16816,-6972,4520,11648,-492,9356,0
15492,824,3668,13876,-4944,11584,0
16092,-2960,3112,24508,2468,8616,0
17620,-944,-1172,22952,-2044,12036,0
19824,-228,-176,12416,764,13152,0
27008,5876,-11808,11380,-7836,5672,0
23320,-8824,9608,23244,8396,9552,0
10656,-8356,15108,13624,-4708,5824,0
12636,4100,9768,16632,3660,3896,0
9476,4096,10044,18468,1760,2724,0
17708,-388,13508,14504,3120,3532,0
16164,4556,13716,16052,4636,2180,0
22600,28,9012,16992,1432,1800,0
14124,2116,12708,18808,700,-36,0
12324,528,9704,20164,1800,-3768,0
8224,-676,8280,31900,1652,-10660,0
20848,-6260,14360,27168,6528,10224,0
14816,-7712,7288,10084,-344,7668,0
16128,-3952,2096,9316,-4864,7456,0
16476,-2148,3868,10196,-2632,8836,0
16132,-3520,4312,14036,-4516,10232,0
17488,76,3164,19548,-5708,11088,0
14848,-2440,-156,18168,2272,9412,0
18788,492,1448,3204,-72,9468,0
20828,-4784,756,32767,1700,-32768,0
26436,5268,-5468,9512,-10944,13100,0
25176,-12420,11436,21128,-4292,6280,0
8716,1836,8108,17108,4388,2824,0
13440,-3332,8136,17700,-3312,1436,0
12128,2628,9728,17520,3132,2428,0
16036,2696,13388,16944,2552,3076,0
21244,2680,12132,11836,1232,3252,0
20332,4680,10864,17384,-1160,1416,0
4460,-4076,10408,18920,1048,-1908,0
32767,2008,-11052,25724,-328,-2948,0
12740,4088,11588,22132,7032,11048,0
18504,10504,3180,16944,10196,8200,0
17732,-9568,4824,11220,-6488,6808,0
15904,4400,2080,4616,-3632,8560,0
16240,-3784,3080,14352,1984,9552,0
16256,1228,3224,13788,-4796,10956,0
16024,-3412,3620,20168,-2964,11468,0
17200,-776,836,19864,676,11392,0
18564,-760,240,6292,912,9416,0
26724,-112,-3112,32148,2248,932,0
22132,-4448,7152,17644,-3020,7052,0
15368,-11944,6968,17868,-6132,3044,0
10528,6728,10600,17888,5396,3012,0
5348,732,11820,14988,852,1520,0
10864,4380,8344,17684,4592,2920,0
13320,3220,14152,16752,3128,2640,0
19852,-1740,13360,12464,-1596,2132,0
18700,4064,10200,16764,656,1100,0
6560,-948,9728,17432,1704,728,0
32767,8,-1096,23172,-1936,-5284,0
13592,7456,9692,25020,9268,3360,0
18224,4532,3268,18016,11412,7212,0
18720,-9228,5564,11548,-4920,6692,0
17740,3684,1700,5864,-2488,8300,0
16616,-6020,2380,11336,-1376,10056,0
16276,212,2072,11964,-2784,10400,0
17956,-1972,4120,20284,-3584,13208,0
17800,-2916,308,25332,3016,10004,0
17464,372,-84,5400,-408,7308,0
23208,-1420,-1360,32767,11756,4676,0
23328,2856,-1736,12204,-2484,11520,0
22492,-12500,10460,19244,-4848,4940,0
8460,3396,9592,18932,7508,4480,0
10420,-3104,10236,17668,-1780,2496,0
8728,2680,10116,16488,1972,3696,0
11252,4188,12384,16092,524,1524,0
19744,1528,12012,12956,2596,768,0
20608,-1548,9136,18180,2012,1440,0
7644,3872,7100,18368,-572,3196,0
13148,-3840,7576,20296,-736,-1372,0
6620,5824,4836,28752,716,-7936,0
22532,-2372,9776,28596,10340,8800,0
15836,-5888,6544,8248,2792,13356,0
16540,-1388,3052,12864,-3460,7764,0
16188,-3560,3428,9324,-2388,10320,0
16104,-2344,4772,13972,-3692,10712,0
17736,-1568,3244,28800,-1116,6500,0
15928,-2132,284,21980,1844,10652,0
17576,-696,-1160,4304,-1576,9820,0
22580,-5848,-2896,32767,-4952,-19540,0
24856,5192,-2204,9336,-7768,14644,0
19620,-10044,9648,20344,-4792,6612,0
9036,4064,5976,18724,8324,4000,0
20548,-1884,9452,16336,-8248,2480,0
12780,2308,11196,15980,3060,3052,0
14208,3352,12956,19360,1124,3256,0
19188,3228,13540,16244,1088,3208,0
21304,2984,7776,18876,1692,1356,0
2696,-1568,7168,17440,296,500,0
32767,-4956,1328,27748,-836,-3784,0
15256,4108,10928,22644,5212,8148,0
19176,2096,5408,15976,7376,10100,0
18828,-4148,2956,10752,-4656,6988,0
16688,-688,168,6780,-1752,8288,0
16288,-2324,3092,11328,588,9144,0
15732,-1440,4272,12912,-4116,10524,0
16048,-3092,4812,19796,-4136,10624,0
16324,-1012,1152,20232,2760,6656,0
17312,-1528,2088,2776,-1428,5676,0
18620,-316,-540,14716,5292,2644,0
27616,5420,-4636,10056,-2028,5488,0
24064,-7584,12940,20072,8752,6400,0
7968,-4656,18432,15596,888,3620,0
9948,7164,8428,16688,3020,2764,0
16484,3916,11036,17212,-500,2444,0
13320,500,12176,15912,2828,2724,0
15116,6328,11956,16224,3104,4348,0
18064,-1344,10952,14792,4364,4484,0
17792,2180,7356,16004,972,544,0
11060,392,5836,16672,836,4004,0
14080,-124,2344,17860,-2524,5520,0
12592,-5112,8516,28540,-840,-3708,0
20680,9068,7428,24340,9700,8108,0
16204,-9992,3420,6604,2996,16528,0
16252,1428,2192,12348,-1100,8544,0
16160,-2592,3368,10680,-1768,8332,0
15628,-2628,4420,11984,1628,10588,0
16148,-2032,3944,14960,-3952,11456,0
15552,-1724,4320,17836,1916,9144,0
16648,-1356,5236,17072,2268,8952,0
16184,-2336,5796,14264,-3932,5536,0
16456,-2276,5592,12696,3876,5460,0
15684,-2664,5836,26228,-4536,-8268,0
16244,512,9008,10148,-10028,824,0
14420,-740,11364,17980,2268,3916,0
13420,-4288,11436,17072,2368,1972,0
13812,1000,8248,17092,-1812,1804,0
14036,2536,7272,16568,1176,2372,0
15884,-772,5344,16612,-1136,1084,0
16740,3216,2076,16408,4308,2416,0
17640,5092,1852,16200,932,4004,0
16448,3552,944,16532,-1524,3216,0
17676,2820,164,16420,352,3048,0
17004,3676,676,16580,340,2912,0
15156,-492,1220,16488,516,3852,0
14264,-2544,536,16600,212,3400,0
13592,-3540,1972,16100,848,1920,0
16812,-4544,-924,16004,1328,204,0
16284,7588,-2104,16860,-1440,1976,0
17648,-9768,1480,20736,1768,1576,0
15508,3472,3268,17772,1876,1716,0
16556,-4608,1904,15784,4172,6116,0
16576,-1912,992,15484,15116,9016,0
16508,-4012,1624,16116,-10608,7156,0
15804,-1516,1576,17544,1200,4304,0
15804,-4408,2516,17188,5232,5904,0
15976,-1600,3936,16832,-1036,7188,0
16644,-3860,3360,17160,-3332,6084,0
16012,-1964,3576,16856,36,4164,0
15292,-2044,4508,17824,2924,3176,0
16664,-1356,2216,12672,-4668,2012,0
17892,-756,4868,12916,3520,4992,0
17760,412,3332,16280,1440,2400,0
20452,2616,-2384,5800,-7584,1456,0
20384,-4768,4496,17940,15420,2600,0
16000,-6152,9248,15444,-5884,2520,0
10560,3852,7180,17980,9632,-860,0
32767,456,-7432,14760,2624,1348,0
13312,2644,10812,16540,3800,1540,0
5844,8660,22432,15116,2516,2140,0
18160,-760,10416,16240,0,3660,0
17108,2720,7600,17832,-16,4132,0
14288,944,7744,17564,-1076,5460,0
11500,-1764,6412,18288,1040,3780,0
32767,-4696,-3168,25028,-1508,736,0
15564,1736,7112,26288,8524,1712,0
15560,-92,2592,15148,5088,6964,0
17416,-6480,3644,10064,-3668,4884,0
16096,-88,1076,6228,956,8692,0
16588,-3532,4012,9508,744,10628,0
16276,-1648,3584,14276,-2032,10112,0
15484,-2284,3940,17612,-2764,10092,0
15696,-1788,2048,20152,1708,8040,0
17904,1572,532,10000,-1332,7216,0
18608,-2152,784,12644,1208,10472,0
27360,6084,-6000,10756,-11600,6500,0
21280,-3900,10348,20384,7992,5412,0
11588,-9952,10408,12820,-5320,6384,0
12584,1776,8144,15792,5120,4728,0
8316,2036,8020,17404,3916,2196,0
1512,-20432,-18588,16492,5176,3336,0
15428,1136,12568,15500,2572,2712,0
16052,912,10716,15080,1148,3600,0
18144,2696,10044,16112,16,3420,0
7312,-140,7048,18200,644,3432,0
20960,-5184,-19940,20584,-3524,528,0
6900,9072,7516,23632,6932,2000,0
19540,2936,5888,21000,5864,4408,0
18408,-4172,3412,8576,-4736,2664,0
15880,-1896,1048,8232,-1948,8764,0
16388,-1848,4196,10428,-132,8128,0
16852,-2748,4348,15748,-4596,9736,0
15668,-2172,3492,18476,-6332,11028,0
16224,-1724,1736,21408,1712,8120,0
18740,-484,-272,4796,236,10340,0
21268,340,-476,27716,3772,-17176,0
23276,6376,776,9700,1556,2304,0
25268,-10692,9480,18160,1392,8420,0
7760,-2680,12120,16520,1404,5148,0
-10408,15980,3700,16520,1596,1384,0
9744,2036,9988,16352,1480,1652,0
13844,52,13060,18164,1824,2280,0
17728,5712,12408,16488,1516,3120,0
18632,-916,10748,16312,1248,5272,0
12820,4136,6512,17520,160,3308,0
12060,-1076,10100,18152,688,816,0
32767,-10364,3432,28224,-1368,-8108,0
17548,572,10120,19236,11520,5000,0
14304,2420,3272,12516,4444,11740,0
17048,-6000,3304,9936,-7964,6792,0
16568,240,3204,6944,480,8972,0
16968,-2856,4476,11932,492,8700,0
15960,-312,4540,13716,-5416,11196,0
16144,-2732,3124,19260,-1276,12764,0
17432,-428,-1208,18840,2048,11608,0
18820,-496,-172,9556,-260,9132,0
27416,8264,-10616,25080,-6532,-4236,0
24748,-10232,7720,17532,1952,9180,0
8504,-8584,15560,16232,-5804,5012,0
12912,5656,7824,17720,4936,2796,0
6876,3684,10720,16552,700,2892,0
13920,-1388,11572,11012,2908,2384,0
17908,3320,13112,17260,3648,3004,0
18392,2088,11688,17028,988,-788,0
12860,-1416,10336,19516,-84,904,0
11444,1520,11272,18972,2416,-760,0
11976,1228,8500,30656,-508,-6372,0
20028,-6084,12632,28624,9620,4992,0
14468,-1976,8576,5496,744,13948,0
15812,-6776,3812,11584,-5456,10712,0
17056,-1184,4352,10564,-1104,8064,0
16004,-5832,3840,14852,-6180,10148,0
16040,1052,2392,17004,-6720,10476,0
15512,-2912,2740,25768,5264,5944,0
18868,812,1396,5420,-5160,7808,0
18832,-1784,-1452,14460,4996,6204,0
26780,5380,-4240,12960,-364,10924,0
27752,-7500,8196,20272,5656,8616,0
7504,-7836,20432,14076,3432,4516,0
12712,5540,8008,16520,2688,2432,0
6844,1572,11248,17480,3524,2080,0
15828,2268,10704,19556,2748,1512,0
17620,4756,12016,16108,1532,3928,0
19424,-1740,9520,16156,-960,2812,0
16228,4840,8772,18624,900,2240,0
8344,480,11860,18936,1208,-212,0
32767,-4104,-1020,30084,-3300,-5992,0
17276,-5304,10164,22036,10408,6148,0
13924,4908,6016,11188,8040,18236,0
17156,-4868,3584,13540,-5396,6724,0
16676,-308,2720,9868,-1892,9128,0
17088,-2436,4852,11544,592,9720,0
15792,-1108,3216,14244,-4080,10512,0
15268,-2828,3388,21132,-3460,9332,0
17740,-1140,76,18616,1364,9376,0
18008,436,-508,6024,-884,9140,0
24752,-1956,-1156,32767,-2428,4200,0
20636,-3184,5524,14756,-5416,18024,0
16860,-11140,7548,18532,-1008,5684,0
7372,3732,7672,19160,5360,4788,0
24068,-4896,-3396,16880,1888,2636,0
13252,-1068,8092,15912,1956,3284,0
19808,3336,11340,18708,4760,2700,0
19956,2388,9480,19260,-1412,2144,0
17428,1152,9876,18656,2872,576,0
7356,1696,9848,17984,-644,-164,0
32767,-2768,5912,24812,388,-4276,0
11476,2300,12028,22184,8040,6096,0
17588,5568,3748,16976,8836,6648,0
19204,-5300,3864,12148,-4996,6504,0
16784,1680,2844,7360,-1160,7984,0
16404,-3240,3836,11900,-3056,8964,0
16552,-1064,3708,13792,-4512,10976,0
16000,-2780,2600,12016,-15076,22548,0
17256,-1584,392,17232,1100,12424,0
19032,-392,1324,9696,688,8676,0
25000,-2616,-1132,32767,9496,7096,0
22988,2332,3008,14520,-2220,8600,0
19484,-10700,8012,19140,-7244,4244,0
8232,3340,6012,18700,8236,3596,0
13868,2124,11392,17592,-1012,1592,0
13360,-1716,12496,14388,1756,2904,0
13996,5576,11712,16888,852,1736,0
18072,1528,12400,15220,-1864,3260,0
18352,520,9060,17588,2032,876,0
4168,2088,8528,17784,-160,1852,0
30596,-2108,-32768,21176,1000,1892,0
7480,9668,6476,24748,2128,2876,0
20848,3164,5972,22412,6940,6708,0
18756,-6504,4844,6952,-516,10404,0
16740,-1160,1392,10000,456,9392,0
16164,-2432,4344,8988,308,9460,0
15724,-3428,3688,13912,-7556,10596,0
16580,-820,3448,18612,-4712,10784,0
16588,-2344,2668,21552,4876,6700,0
17952,-648,-388,2500,-3488,7300,0
19580,-128,-188,18036,6992,-328,0
25948,9908,-10716,8588,-6320,3276,0
26524,-9500,9176,20908,8180,8528,0
10400,-7020,24600,14980,176,4324,0
13320,5460,9092,16476,2696,2836,0
4248,3632,13248,17816,3844,3192,0
14372,-108,11372,19164,4564,1732,0
15020,5632,13400,15488,4484,3004,0
19128,608,12720,16596,-2096,372,0
17696,1900,10676,21760,892,-172,0
8428,768,11652,18524,2412,1196,0
32767,-10244,4372,28592,-4728,-7520,0
17456,-6940,10572,21368,10524,9228,0
14052,8568,2220,15668,7648,6168,0
16768,-11804,1820,10092,-4708,6460,0
15144,2052,428,9580,484,5312,0
16468,-4304,5216,11392,-4516,9236,0
16740,-708,3456,14064,-1140,9960,0
16664,-2044,3112,26496,3112,5388,0
18024,-1500,1892,20716,556,10700,0
17464,-2180,-2304,5380,2568,7728,0
25512,416,-2784,32767,-20,-436,0
20188,-3464,5148,14016,-3532,9192,0
17632,-10816,8916,18952,-796,3752,0
8448,4908,9192,17416,4500,4060,0
12652,892,10276,16116,3620,1248,0
9256,3532,10864,15104,1580,2488,0
12648,-1504,11728,16692,2400,2576,0
18916,3608,12876,12972,1780,1736,0
20104,296,8952,17672,1220,1856,0
7032,80,7576,17748,-440,1576,0
13124,-32,7288,18160,-2808,-852,0
2756,6044,3348,29268,468,-5488,0
22068,-2308,9528,25712,10612,8912,0
17656,-4180,5288,9756,-840,17372,0
17404,-4484,1892,10080,-4200,11896,0
16364,-1948,3132,9816,124,5392,0
16408,-2492,4348,11960,-11388,8456,0
16480,-1248,3896,17392,-3276,10116,0
15392,-1868,1856,9672,1828,9992,0
18332,-948,1212,14464,-6104,7476,0
18484,-1392,-1168,12736,3492,10596,0
25992,340,-4552,17144,-10364,-3724,0
22276,-4808,10112,17472,8456,7612,0
14128,-10056,7968,14844,-6936,4436,0
8800,5932,9160,17768,5920,2576,0
7188,660,9068,16724,576,700,0
14760,6712,11256,17060,4488,2564,0
15088,-872,12828,17104,3808,2464,0
20332,3032,11832,12668,5276,4332,0
19312,3696,7120,18532,1056,1960,0
2588,-4812,6936,17140,672,-212,0
30944,1636,-32768,20152,-2168,-528,0
8372,8416,8840,24460,11804,5456,0
17388,1296,7600,22532,10664,6244,0
19336,-6052,4440,10732,-3196,13216,0
17348,-536,1952,7420,80,10708,0
16924,-3052,4488,8796,5600,8380,0
15880,-3332,2776,14760,-9940,10596,0
17196,-600,2732,17792,-3784,10588,0
16400,-2788,812,24664,4760,8044,0
18164,-396,-80,1900,-5608,7384,0
20408,2340,-1084,20536,14544,-17108,0
23712,6072,-2788,3392,-6220,1904,0
25784,-12248,10132,20456,2908,7708,0
11280,-2236,14512,17832,1824,6040,0
10148,3364,9372,17008,2540,1396,0
9708,-224,9328,16588,3560,3620,0
13260,1072,10804,16376,4068,2416,0
19164,2928,11924,14276,2180,3992,0
20788,-348,11524,19548,388,588,0
13512,3536,11452,18464,992,1476,0
11632,-68,11076,19296,-636,-2668,0
6172,-828,6784,30988,2224,-7652,0
23004,-8116,11196,30172,9444,8664,0
14732,-2876,5952,6576,-428,25972,0
16004,-5916,2332,10780,-9120,8016,0
16876,-1568,3796,7512,1476,7292,0
16104,-3968,4316,14256,-7264,11284,0
16176,232,3276,14388,-3800,10304,0
14820,-2256,2944,26384,2968,7956,0
18068,-1192,2192,12684,-1992,5728,0
18240,-836,640,11756,2212,11080,0
26592,-2032,-2356,16396,-14132,3580,0
21288,-8268,6076,19636,7416,7888,0
13596,-8832,9428,15920,-6660,4892,0
11008,8348,7952,17760,3448,2620,0
9104,-908,9748,16768,2272,1464,0
10136,1744,10144,14432,672,3044,0
12368,1628,13924,16716,3816,2728,0
19016,-3192,12748,17256,6760,7688,0
18328,1672,7688,17408,1668,1004,0
3204,-700,7516,18040,-1236,2404,0
24992,-9020,-30796,20956,-332,936,0
5752,11856,8144,26576,1840,2956,0
20336,4592,6324,23644,9596,6624,0
19160,-6516,3148,8004,-96,8508,0
16904,1596,2560,11224,-1040,9060,0
15904,-2652,4032,9940,-3396,9668,0
16156,-2804,2716,13620,-5128,10264,0
16788,-2232,2640,21288,-1304,9060,0
16196,-1524,1488,23136,3340,7668,0
18016,256,700,9792,-3400,9016,0
19624,-632,-848,24788,11068,-13708,0
25864,4660,-4892,10048,3284,6008,0
26908,-8136,12720,18780,2332,10592,0
9200,-1864,15040,15852,4216,2300,0
11336,2456,11248,16220,4316,2276,0
7616,1316,10008,17264,1404,3040,0
15776,2888,10916,15480,344,1924,0
15932,3120,11996,15956,2704,2656,0
21568,1960,8112,15704,120,3152,0
17460,1932,8916,18264,-244,1916,0
7952,-596,6660,18496,1272,1740,0
32767,788,-15996,23888,380,-4244,0
9400,5908,12276,19332,-104,11212,0
18880,5584,3952,20656,7668,5224,0
18504,-6152,4060,9472,-1280,5596,0
16524,2864,2860,9884,-2196,7236,0
15604,-3052,4276,10212,-2844,8660,0
16404,-1004,3772,13396,-1876,10008,0
16760,-2588,2220,19476,-2624,10536,0
15496,-1520,1112,20636,828,9032,0
18120,-560,772,5308,-1284,8260,0
20164,-496,564,31920,10548,-28904,0
26036,8168,-5180,8912,-6136,7276,0
30932,-12200,12328,17772,1324,9140,0
10468,-2228,18876,16384,3268,3096,0
-32768,-32768,21060,16676,-872,2780,0
7756,3208,9112,16220,1960,3248,0
12400,-236,11532,19928,2752,2128,0
16488,2180,13752,17692,3488,1420,0
20840,-3400,10484,17244,1180,2688,0
10728,3104,7980,19368,-408,2312,0
13412,-96,10188,18484,884,-448,0
18072,-3688,5160,29344,-560,-8464,0
20000,-6312,13688,29328,8284,7724,0
15040,-3800,10088,7452,4548,25276,0
17488,-7300,5644,11800,-5276,7260,0
18048,-260,3868,10704,-2796,7768,0
16584,-5200,2960,13576,-5016,8172,0
16052,-316,2860,13932,-5160,9840,0
14792,-2132,4204,16576,1644,1260,0
18372,-172,1440,15076,-300,13552,0
19264,-560,1008,12228,3168,10240,0
24640,440,-4544,16860,1456,992,0
24832,-6772,8168,19096,420,10600,0
14376,-7348,6028,16420,-1792,4544,0
9664,6868,9092,17868,1584,3468,0
8992,788,9040,17856,-224,1856,0
13180,3076,11104,15448,2468,2700,0
12000,3772,13660,15932,4644,1948,0
17472,1736,12332,14132,220,3932,0
19076,1928,7280,16220,-300,4132,0
6920,1000,6052,17688,380,2452,0
14568,-2048,2468,19236,-1680,1128,0
3272,4896,524,28256,-1180,-6480,0
21388,-3360,7956,28344,12188,7708,0
17952,-3852,6096,8832,-684,13152,0
18112,-808,2324,10256,-2660,10792,0
16724,-2536,4420,9284,-4096,8344,0
16700,-3756,5064,12620,-2612,8876,0
15604,-560,2956,16672,-3488,10016,0
15168,-2284,2216,21948,2768,6764,0
18316,-1652,932,11816,260,8156,0
17684,-1440,1836,13436,88,11336,0
24484,1060,-2256,18012,-2608,-204,0
22560,-740,2700,20176,6584,6520,0
17316,-7332,10176,13020,-3376,4272,0
11736,3688,10448,16276,3808,3160,0
11488,1780,9020,18812,-2684,1340,0
13108,2700,11628,16572,4264,3304,0
15052,1040,12220,17884,3872,3724,0
15432,2340,11492,15664,-7764,4012,0
16244,4508,6904,17208,124,3500,0
12012,-1132,5520,16880,424,2652,0
12908,536,8008,17716,1196,2988,0
32767,6540,2504,23736,-3692,-1096,0
17532,2080,3144,24404,3768,3196,0
13168,6916,752,16972,6356,11908,0
16640,-8628,2704,8040,-4324,7436,0
16432,2316,3144,8892,-2332,9176,0
15908,-4676,2580,12644,-484,8956,0
16532,-992,1896,13408,-656,10520,0
16240,-3120,1456,17228,-1164,9588,0
15708,-1120,3756,17652,4836,8460,0
16396,-2308,4252,16104,-1932,10212,0
16260,-1468,4728,14948,3900,6000,0
17636,36,6372,13668,4596,7580,0
16576,-172,7572,17440,-8984,6796,0
20368,232,5936,17156,8456,5744,0
16552,3228,8112,18932,-11108,6184,0
10600,-7892,13464,17156,-908,2188,0
11180,1712,9396,16444,1008,1044,0
12464,3636,8684,16132,1120,880,0
15628,-1296,5696,16164,-256,1676,0
18836,7852,2476,16396,2808,3104,0
18128,4392,3368,16372,2324,2872,0
16908,-748,724,16704,-3088,3756,0
16352,1712,412,16792,-636,3696,0
16796,-1676,316,15848,2868,2160,0
15972,-1508,-24,15476,836,3140,0
15500,96,100,16304,1136,3680,0
13364,-5432,-2688,16852,-760,4048,0
14064,-620,-212,15696,112,3548,0
11708,-5108,3972,21684,4932,1236,0
32668,460,-3336,20864,728,-100,0
9540,-10260,5476,21312,2080,1784,0
16056,6080,1800,16836,3052,6420,0
17756,-6784,1028,13976,4004,14240,0
15592,-3436,652,12004,8784,10832,0
15676,-1484,2660,14068,-8724,8772,0
15796,-2220,1704,14916,288,8004,0
15920,-2028,4308,12828,4220,8368,0
15744,-1704,2896,21452,-1516,8776,0
17184,-1844,5136,20836,-672,9280,0
18736,-1032,3456,18676,1472,9496,0
17328,-708,1532,10364,-2120,7872,0
18856,-3412,-136,32767,112,-29076,0
24652,4828,-3908,11796,-7220,3416,0
24568,-6024,13608,17216,2440,5408,0
9604,-4388,16944,15648,3212,3148,0
-28200,22668,29688,16496,-1852,2096,0
8200,2756,9640,16348,1880,2548,0
17128,628,7128,18160,668,3540,0
16968,3920,11344,17620,1328,3052,0
19096,-1088,9280,11336,4296,4880,0
18208,1508,6692,17488,-356,2596,0
6776,-220,7140,18024,1248,1636,0
32767,-4020,-25372,20252,2680,1372,0
11800,10424,7432,27312,-616,-1708,0
20432,724,5416,23752,6444,10232,0
18216,-10236,2588,8068,-4216,4852,0
16596,3028,912,7160,364,7768,0
16404,-3652,3372,9756,1144,7800,0
17620,-908,5152,11804,-5348,10204,0
15828,-1808,3464,15728,-3572,11088,0
15224,-1944,3144,23044,2804,9176,0
17688,-1152,1616,21748,-360,10448,0
18004,-1752,-108,8220,1332,8388,0
22436,-3408,-2028,32767,704,-13016,0
22508,-1160,2260,16492,-5596,11528,0
20904,-11536,8432,18244,240,4508,0
9896,5984,7380,19812,5692,4960,0
7180,-524,12908,16720,5396,2312,0
11444,800,11184,17852,1444,2392,0
12928,-788,10852,16404,2144,1628,0
17720,1844,12260,15852,2056,3584,0
20232,560,7032,17656,1388,2432,0
7984,772,5020,17888,-416,1664,0
12600,-20,10660,18560,-124,268,0
7312,5292,1356,31016,208,-9588,0
18496,-8300,11124,27716,8252,9020,0
14428,3100,5416,7680,5556,20604,0
16120,-11940,2304,11528,-3648,3824,0
16708,4832,2208,9324,-5796,6568,0
15156,-3856,5524,11168,-3312,9488,0
16848,176,4032,16688,-2612,10264,0
15440,-2172,2612,19328,-848,11648,0
17752,-1408,332,12092,-152,9816,0
18352,-1932,852,11104,-88,8964,0
23148,-76,-352,32767,10192,8052,0
24328,280,-2180,14892,-2072,6696,0
20196,-10244,10444,18304,-2896,2612,0
9060,5220,7824,17724,7388,3064,0
6244,1552,11036,15708,-1272,1524,0
14852,652,10152,15400,2936,2356,0
14456,696,11148,16224,-1156,1796,0
32767,2160,12316,18836,-11036,2024,0
18584,4748,9340,17632,-1112,2568,0
5144,-2588,7780,18816,704,1472,0
19436,-7740,-19764,20932,-2636,-904,0
8888,9832,5136,28164,1296,-2788,0
20208,768,7312,23352,8928,8696,0
17828,-9108,6224,10720,-1488,6820,0
16704,-136,3116,7932,444,8468,0
16976,-3800,4116,11584,404,9800,0
15552,-3868,4860,13064,-4568,9976,0
16480,-688,2500,-18256,-13184,27296,0
16080,-1360,856,24876,4316,6092,0
18784,-360,1628,6496,-1192,6892,0
19100,-836,-2028,13220,6680,-4476,0
28516,3232,-5148,13500,-2732,6348,0
25936,-8396,13052,17948,4284,7264,0
5732,-1844,6448,16608,4828,4476,0
9300,-240,9760,16532,1468,2124,0
13292,1512,12068,15904,4264,1744,0
13728,6824,11804,16012,-1204,2484,0
17940,384,10224,15404,1480,3652,0
17860,2976,6616,16792,1756,1404,0
12952,-2116,6680,19124,-176,1760,0
13580,1680,13344,18572,1480,-676,0
20640,1792,1856,32767,-1180,-11948,0
19428,-7028,7756,26924,8440,12080,0
11844,6404,4968,10060,7052,10676,0
15936,-15876,2428,4200,-6500,9364,0
15804,1632,908,8456,4148,5072,0
16288,-5872,4748,11544,-6844,8540,0
16376,440,4484,12908,-2076,10536,0
16260,-2340,4708,22408,3068,8740,0
18060,-2172,2132,17312,412,10748,0
17600,-1980,1000,7896,1936,8224,0
23344,-1280,-2352,32767,10700,3608,0
22436,4436,684,13132,-5080,10220,0
23780,-5964,11228,17784,-6196,3472,0
7672,492,4284,17380,8720,2332,0
10308,-3232,9696,16176,-2864,724,0
12084,4740,9640,16820,6780,2748,0
11876,756,10852,18024,-596,3648,0
21092,1400,13724,16872,1692,3980,0
18628,952,9196,16532,536,704,0
2652,-2228,6732,18052,0,1024,0
21636,-4544,-20984,20012,-444,-604,0
6376,7240,5736,27944,-2716,-4132,0
26572,3560,8156,25440,7924,9536,0
17648,-9536,5172,6760,-2124,15644,0
17696,480,2504,9928,-1460,7456,0
15952,-3160,4384,9252,1900,8640,0
16336,-2904,3128,13616,-8540,10724,0
16452,-1328,3860,16772,-4252,11136,0
14964,-1308,1700,26864,4348,5124,0
17956,-748,1348,4780,-3992,6764,0
18668,-1176,484,14608,1996,9780,0
26788,6512,-10536,9804,-2516,2464,0
22852,-8768,9392,20216,1556,9652,0
12588,-5304,6896,15124,3212,5988,0
4816,4880,12896,17100,-388,3768,0
9316,-2440,7664,16716,-464,2816,0
12068,5152,11404,17464,1808,3792,0
13896,708,13788,14924,4248,4040,0
22316,5784,10448,13816,2408,5304,0
17600,-1972,6936,17172,284,2660,0
7968,2124,7364,17000,1084,1836,0
16088,-5960,-7500,19940,-2248,180,0
4212,9640,2624,28392,1248,-5564,0
24520,-336,9568,27540,9520,10220,0
18264,-5808,5608,7844,-92,22484,0
17724,-32,2160,10640,-3616,10660,0
16992,-2448,3696,7632,2640,9012,0
16632,-3204,4340,14208,-8068,9856,0
16924,816,3072,15880,-3880,10944,0
15416,-2556,2252,24176,5632,9316,0
18656,-1636,1196,9076,-3448,6840,0
18580,-876,88,17028,2836,10908,0
25408,2444,-9232,10760,-7064,12424,0
25340,-6984,7448,22180,7044,8448,0
10568,-5448,10524,13800,664,4788,0
10064,6912,12300,16672,1856,3304,0
2820,2592,11140,16316,2620,1608,0
11644,-1676,7308,19276,3152,2468,0
15576,3168,12140,15252,5100,3148,0
14688,-2400,13336,12060,-3700,4056,0
18960,3944,12452,17492,36,2916,0
5332,-5468,10408,18472,1076,1340,0
32767,-44,3076,26920,-2832,-5400,0
13368,-5964,11168,20884,2268,9560,0
15504,10272,924,19700,9368,8228,0
17568,-10236,2416,10552,-3364,5436,0
15784,4676,2728,7908,-1856,6024,0
17064,-3164,4700,11148,-1072,8788,0
16520,-2032,3956,12724,-1304,10260,0
16376,-1692,3516,18336,1532,14276,0
16244,-2084,532,22464,2884,7876,0
17588,-1472,2020,12020,804,7312,0
18124,128,488,15328,3956,1160,0
28208,5836,-7500,6716,-7940,4680,0
27584,-9996,9932,19996,6424,8760,0
11660,-2808,19564,16412,2832,5328,0
12624,4660,8280,16812,2664,3060,0
6916,3044,9532,16408,3632,1840,0
17440,244,11468,17496,2544,1860,0
13148,5920,14360,15868,3680,3856,0
19392,1612,10708,17336,416,-528,0
17120,-44,11520,18224,748,1968,0
10832,2248,11212,17892,2504,768,0
32767,-5764,-2912,25536,-1636,-6420,0
15452,-76,10476,12440,5480,14044,0
13980,8636,1428,18260,6000,5244,0
17880,-9724,3732,10124,-7484,4788,0
16688,5624,2520,6512,-872,7392,0
17416,-4764,3832,11448,-1424,9540,0
16820,1040,3748,12932,-5428,10964,0
16380,-3732,4196,22124,-4000,12492,0
16396,-1832,-952,16472,-176,10392,0
18304,-476,928,10056,1436,8712,0
24652,-1952,1672,32767,4772,4044,0
23804,5832,272,13264,-4168,9168,0
19740,-11212,10152,19220,-1532,3612,0
7696,4868,7872,18212,1040,3560,0
8396,936,19800,17568,-792,1588,0
13640,1604,10972,12804,1188,3824,0
11452,4808,12856,18628,1036,3756,0
13952,-2580,12304,16120,5344,2988,0
20128,1120,6220,17576,936,2368,0
9400,-2684,7788,19124,-176,1104,0
12132,1352,13624,19624,-228,-2356,0
9916,1264,6464,32767,-52,-13084,0
24580,-336,10868,26412,5936,13620,0
17284,-9708,5580,8196,3752,19748,0
17248,540,4756,9432,-4040,8500,0
16408,-4316,3304,8272,-56,7872,0
16204,-540,4976,13588,-1128,9628,0
15552,-1876,3984,13992,-3528,11364,0
15740,-2108,2568,32767,-4076,-32768,0
17340,-2644,1732,20896,3528,8072,0
17068,84,16,3924,-456,7768,0
22336,-4820,-1588,32767,-11128,-27640,0
23584,3296,-4860,14864,-8852,13168,0
23448,-10316,9024,19172,-1236,5408,0
7788,3288,11052,19016,6384,2920,0
23956,30276,-108,15768,14852,992,0
8408,3160,10560,17340,2004,3100,0
11232,744,11368,17196,2124,1816,0
18320,4772,13808,15756,668,4124,0
20840,-2556,7864,16788,28,2348,0
6960,4792,6564,18376,-920,1092,0
14780,-5292,6532,19676,-376,-1164,0
4552,4912,6316,29688,1732,-5044,0
24616,-2192,10576,27120,7704,11440,0
16140,-4668,6176,7780,-640,13872,0
14876,-5332,2792,10332,-10368,8000,0
16580,-2484,2812,7924,-220,7992,0
16416,-4476,4128,13560,-3852,10020,0
16924,-916,3168,16844,-5348,10308,0
15560,-1404,3044,21360,3692,8352,0
17712,-1840,192,12036,-2340,8240,0
19700,-96,-2196,12912,1644,12836,0
26252,8024,-3792,9344,-3224,12228,0
25360,-6784,9572,19084,6908,8596,0
9696,-9484,23760,14556,1912,5984,0
13344,1588,10480,16188,3068,3412,0
1212,8484,9788,15580,1408,3052,0
10056,2480,12104,12972,1920,2236,0
16692,1260,12432,16968,1764,2416,0
21360,-2020,10112,16280,832,2604,0
14900,3716,11740,18572,740,1372,0
13176,1020,12372,17848,448,-816,0
13840,1220,8428,31856,-1152,-10144,0
18996,-8872,11452,23676,5104,8888,0
15112,-7860,5912,9268,3804,21956,0
16612,-3192,1928,13620,-3272,9264,0
16100,-2604,2824,8636,-1596,8532,0
17624,-2680,5100,11676,-2600,10040,0
16664,252,3972,13488,-4216,10976,0
15480,-2272,1564,32767,7596,10976,0
17320,-1444,44,15936,3052,12052,0
18504,-500,824,11612,-1852,8828,0
25156,1196,-3216,19384,3064,3652,0
22168,-4880,7260,21048,7860,7060,0
17444,-13780,2876,14672,-8332,4672,0
10368,6868,12444,17288,6592,1288,0
32767,-9408,-32272,15464,7728,2028,0
6608,3884,11104,17140,2956,2288,0
6304,2632,17680,16568,1384,3120,0
22180,2856,12496,13296,-4112,3612,0
19748,5300,10528,17000,672,680,0
3208,-2608,11092,19276,1632,-628,0
32767,-12080,4068,26132,-2048,-5768,0
11216,-5280,8716,24264,8236,6368,0
16088,12936,3924,15824,7912,5624,0
17788,-7888,3128,8416,-7908,7768,0
15864,3724,280,6832,-2640,6752,0
16532,-3812,4048,13116,-652,8924,0
16332,516,3948,13764,-6164,11148,0
16752,-2548,5084,17432,-1948,7012,0
16848,-2020,808,-3328,4532,18808,0
17460,220,348,5080,-2072,7940,0
21068,-1472,-164,32767,4564,-32548,0
24084,5428,-7816,12420,-8776,4184,0
25436,-10324,9608,19208,3048,5436,0
10744,-3604,18000,17776,3944,5356,0
32767,-744,4480,16864,244,2836,0
9584,288,10832,16164,3256,2584,0
12268,4432,11380,17856,2432,3620,0
9848,-5512,15400,24448,12424,-2696,0
19356,-1660,11344,18104,5360,-1900,0
14396,1996,11380,17592,-1808,1360,0
13188,796,13052,19520,1920,-412,0
10800,416,4948,29828,-1916,-9352,0
20376,-7748,12812,25928,7324,8468,0
14280,2192,6276,8804,7704,18012,0
16004,-11352,1472,10540,-4624,7944,0
15416,-1088,1388,9764,-2460,9096,0
17248,-4456,4364,13036,-3400,10076,0
16444,252,4256,15508,-3260,10888,0
16136,-1744,3336,19348,-1068,9560,0
17616,-1080,440,15712,2876,9296,0
18908,-1496,1688,11240,112,7556,0
23548,356,-32,32767,8756,5932,0
24064,4632,-5044,14972,-1108,8084,0
22532,-10740,9016,18104,-4988,2596,0
8276,2184,8676,18444,8544,2348,0
7856,2944,16556,16404,1728,1272,0
9680,2688,10496,19888,4032,1376,0
13700,-1016,13500,15692,1340,2324,0
18444,3328,11460,15404,1368,2780,0
18912,1376,6012,16132,2256,3128,0
12804,-272,6652,17680,-600,2600,0
12672,1136,11584,19420,160,2200,0
24232,-6452,1152,31824,228,-9588,0
19464,1776,8092,27348,11164,11508,0
14476,-616,6508,8824,5064,21916,0
16312,-3572,2924,9768,3576,7880,0
15448,-2608,2408,9072,-2564,6868,0
16648,-1512,3840,13764,-3484,8380,0
15708,-1812,1904,16236,-3948,9240,0
15900,-1156,2436,20084,-804,8476,0
17664,-1700,1660,17060,1908,9768,0
18356,-552,2424,11680,-1944,7500,0
24064,-2524,1248,32767,12692,10832,0
23868,4396,1508,18280,-968,8264,0
18984,-6088,9508,17692,-4076,2688,0
7260,4320,10796,17716,6436,2556,0
9112,-1312,9736,16328,1580,1420,0
12020,5180,8748,16124,3616,3768,0
12172,4572,10108,14088,1468,2936,0
16812,3108,10776,16640,808,4184,0
20852,1352,8728,16944,1308,2912,0
15928,1396,9500,18112,-704,2580,0
10188,424,10928,17780,1620,1036,0
22248,-1216,-2132,30092,-1844,-3084,0
17752,-4636,9032,23288,7544,4240,0
14968,4964,3828,12936,6316,9220,0
16524,-5572,1592,11980,-5088,5608,0
16120,1576,1928,9416,-3332,7988,0
16440,-3040,1732,11848,-2116,8176,0
15876,148,2836,15864,-4296,9536,0
16440,-2876,3456,21740,-2492,10624,0
17744,760,1192,16892,-2452,13436,0
18320,-3184,2836,10576,1740,6476,0
20904,-4396,-228,32767,868,-9016,0
22432,640,400,16312,-6636,11792,0
22588,-4444,11916,18504,3004,4000,0
7424,-376,9872,17328,4208,3084,0
8184,-1284,10760,16644,3520,-380,0
11880,3696,10604,15596,2880,2020,0
11304,5400,10716,15880,1756,1348,0
16444,1784,11876,17092,1944,4068,0
19524,276,6260,15796,2732,4908,0
16996,1240,6812,15964,764,5904,0
9900,-2924,780,16900,1752,6092,0
14496,460,6092,17364,-452,4456,0
9200,2680,276,25440,-3060,-3484,0
19680,-2144,2780,20032,3280,9528,0
18412,-2732,644,9040,4176,11844,0
15620,-536,2516,12916,-7272,4796,0
15932,-648,704,13912,2188,5576,0
15952,-3012,2192,15416,-28,6520,0
16492,-1844,-252,15728,-5152,5956,0
16068,-2068,440,18496,1924,4908,0
16268,1716,692,17856,2596,4308,0
15788,-1764,1716,15588,956,3804,0
16180,-2096,3008,11908,1832,5576,0
15944,-2228,3952,12376,2164,9328,0
18724,-2964,6188,32767,-13156,-10312,0
18480,-560,1692,17380,932,3524,0
14228,-1180,3232,16372,-3408,2708,0
16500,-2912,5600,17748,1936,2016,0
15008,-116,4988,17552,-288,-68,0
15756,-216,4880,16428,2072,-548,0
15244,1164,4556,16260,1000,-1480,0
17032,-3508,2472,16664,6488,-436,0
16704,2840,24,16508,-424,1752,0
16316,1960,-240,16896,3264,2172,0
15600,-804,-284,16696,-2256,4024,0
16112,1912,324,16736,-184,4596,0
16636,608,708,16712,-856,4268,0
17992,-804,324,16488,1900,1412,0
15844,2884,952,15964,2952,3372,0
15972,1044,-236,16284,-708,4212,0
15968,5156,1088,15844,516,4544,0
15800,-7432,640,17288,-692,3468,0
15648,-2884,948,17268,760,1896,0
15888,-9940,416,18840,1204,516,0
15872,640,476,16476,3708,7924,0
16284,-6916,1552,15680,-560,5884,0
15780,-1000,996,15356,1848,4556,0
16068,-2648,408,15008,1732,5652,0
16184,-1752,1992,16664,832,5128,0
15828,-2340,1700,17996,2064,3844,0
15816,-1816,1576,18800,1212,544,0
16436,-1112,2056,15780,-3736,1120,0
16244,-3600,2776,14780,700,1676,0
17560,1648,2332,13500,2080,-664,0
18152,-2844,3188,13620,3084,2012,0
19040,-1696,1400,32767,-4992,-25612,0
21552,3648,-3572,15544,-11860,2984,0
22296,-7384,6696,15504,4432,3424,0
13968,-2204,11180,16020,152,108,0
16332,6172,5716,15656,4200,-180,0
10680,6636,7728,15800,-332,2268,0
13776,2980,9144,15880,2664,1800,0
14804,4328,10740,15432,2096,208,0
20200,4808,11468,16380,1884,4388,0
17740,2576,10440,18236,-3344,2168,0
8404,-5164,8976,17476,2556,-3124,0
24844,-1888,-3704,31456,-2564,-4172,0
23084,-3692,10948,28576,11648,3200,0
15776,6328,1192,12956,-208,9236,0
15912,-9952,-796,8820,-4936,9552,0
16916,4248,1108,10556,-2320,6008,0
16584,-6116,4816,15792,-6192,7488,0
16220,1416,3392,15680,-6376,8056,0
16180,-3152,2928,18608,-2612,7196,0
16444,-712,4820,9484,4344,1116,0
16680,-520,2584,5700,-1424,1472,0
19000,268,2456,12344,7556,7852,0
25920,1388,-3680,20884,18060,12048,0
23760,-2556,3320,23436,-880,7204,0
18248,-7616,7204,14388,-4944,6212,0
11488,3948,4684,15828,5012,4212,0
8392,2464,9852,16828,-604,1196,0
12992,1128,9604,15984,4680,2956,0
10880,-1188,11128,16044,5508,5852,0
18000,5500,11104,15048,-176,4200,0
19624,-2564,6440,17412,-284,1940,0
8336,1868,3344,18912,-560,4252,0
14044,-972,11340,20160,132,2024,0
15792,-3672,772,30944,-648,-5004,0
20092,-18072,12856,23828,11384,3600,0
13192,-1604,8720,15036,3440,17392,0
16596,2048,4472,16040,-7308,5380,0
16256,-4536,2120,9096,-8620,6736,0
16740,2020,4068,13712,-3016,8624,0
17040,-2912,3272,16984,-4592,9356,0
16516,-648,88,11216,-3060,11220,0
16172,-428,420,12088,-5304,6836,0
18968,-276,440,11080,2660,13412,0
27480,856,-4836,11712,-8152,7660,0
24876,-5408,9628,18632,2236,14188,0
12556,-3856,13624,15196,1308,1836,0
9324,80,9316,16776,3112,4208,0
32767,-1912,-17056,16892,6292,2484,0
11780,7000,9772,15928,2112,1688,0
17560,4148,11704,16644,3076,2200,0
18456,3652,10124,14624,1000,1824,0
19588,2768,5484,17048,572,7828,0
7072,-1464,144,17908,880,3016,0
14992,-3104,12748,19568,44,804,0
23772,1444,-1952,32767,-368,-8672,0
21104,-3292,8676,24120,10028,8676,0
14732,3708,1456,10840,5664,15360,0
16632,-9064,492,8868,-5836,7852,0
15896,2252,928,8308,-1872,6876,0
16904,-5472,3840,14156,-1424,7120,0
15920,552,4804,16888,-4684,8644,0
15856,-2528,3844,18644,-5544,6912,0
17152,832,2368,18584,1384,7224,0
17504,-1492,756,7888,156,5212,0
19452,416,-860,13192,8080,9736,0
27636,3528,-6656,9136,-9672,6348,0
26304,-7504,10032,19760,12292,9276,0
9104,-568,12352,13944,-2108,4152,0
10356,1240,9600,16708,4564,2016,0
11204,2652,9184,15872,-1452,1576,0
11884,5600,9172,15276,3968,2388,0
16284,4324,10304,16720,1996,3764,0
18220,-964,8928,16576,-24,3444,0
17272,3136,5688,19328,-580,4196,0
8976,-2248,4068,17832,2092,2464,0
32767,-676,-22148,21712,2048,1180,0
10728,10884,8812,25964,1856,-5320,0
19876,2952,9356,24304,7856,6700,0
17476,-7232,3136,7696,-2096,5548,0
16296,1660,760,10472,-4140,8656,0
16224,-3084,3000,11760,-1816,6876,0
16028,-88,3316,13052,-3972,8356,0
16244,-2508,2460,18536,-5272,10216,0
17424,-824,2584,26720,3672,5048,0
17080,-1120,-684,2584,-2804,5864,0
20136,2528,-492,21864,12196,-12476,0
26872,2352,-8088,12116,-7216,9472,0
26632,-7048,10408,16512,5772,10556,0
10844,-3068,16228,16916,3724,5088,0
14028,6828,7780,16636,2128,1416,0
8788,2924,9596,15988,1988,3920,0
12744,1688,10976,15532,-1496,2076,0
16848,5456,12392,16912,2188,2664,0
19956,-872,8312,17404,-920,4068,0
11800,3168,7960,17412,752,2284,0
11248,1900,13800,18968,-108,36,0
12720,-2668,6864,32767,456,-10900,0
21216,-12052,13040,29376,11660,9192,0
12632,2200,6912,9368,1724,15392,0
16448,-4276,1620,9588,-2416,9944,0
15920,-3136,692,9960,-1748,6832,0
16284,-2484,2908,14936,-2160,8220,0
16320,-1856,2916,16420,-7000,8724,0
15596,-720,2556,21592,-2128,7344,0
18012,-644,2604,16552,-188,8044,0
17600,-1432,1080,6900,1256,5312,0
19724,1520,-856,23612,16680,-28908,0
27260,2224,-5124,6372,-10444,6924,0
23484,-9944,11420,19700,-196,9736,0
9952,-44,6564,19092,10228,3412,0
10604,3072,8564,16856,-128,1456,0
12456,3068,9188,16160,4144,2196,0
12232,424,10896,15644,1008,1944,0
16896,5252,11528,15536,1448,2468,0
19332,-736,8304,16224,808,4100,0
11496,1920,6252,17812,-1236,3552,0
13012,1040,13892,15992,1644,-316,0
16580,1576,4104,32767,2520,-12776,0
24240,-7568,13836,27916,10028,9636,0
14072,5048,4992,9804,1824,16604,0
15052,-11528,1992,8932,472,6848,0
15632,584,1688,-4068,-2448,8140,0
16384,-5756,1452,12744,-2264,9664,0
16280,852,724,17852,-6872,9400,0
15880,-2136,2596,21924,1300,6544,0
18064,-396,4180,13240,-3880,5496,0
17912,-1184,1060,12600,1388,6180,0
23960,-3036,-1404,32767,9660,11300,0
26832,2116,-356,17016,-7408,10236,0
16068,-7028,10400,17224,-3672,1372,0
11456,5312,7616,16792,2020,1952,0
3976,1508,3824,15504,828,-652,0
12868,1944,9108,15724,5336,304,0
12640,2668,9144,15724,3340,1060,0
17668,1932,7964,15492,1544,6264,0
21008,2124,5032,17108,-904,4716,0
12128,572,2276,18968,-1760,5344,0
13668,416,8252,17300,1524,1976,0
30088,5652,-32768,26236,-2468,-2708,0
12268,13620,10688,24804,10200,2360,0
16552,-2188,5244,15400,7388,8808,0
18636,-2968,3612,10928,-4588,6556,0
17036,1068,832,9524,-1692,6408,0
15624,-2996,1972,11796,-1388,7464,0
15524,-1804,2792,14948,-3000,7704,0
16344,-2436,1684,19392,-4940,7296,0
17160,-796,3584,22028,4704,5108,0
17264,-380,2428,3968,-5596,4732,0
18800,32,92,13296,4400,10592,0
30080,6912,-5380,19184,6916,17100,0
28096,-10872,10144,23776,6416,8780,0
12360,-6040,19076,14548,-9012,5768,0
9744,5736,8552,15508,5816,1956,0
6204,2004,9124,16088,-1264,1396,0
13744,5224,10144,16280,2440,2544,0
17608,5060,10008,15484,608,940,0
19904,2436,9384,16548,248,3492,0
18896,-1364,5968,17600,892,2812,0
6756,4320,2504,18536,492,2476,0
14368,-6232,7964,18920,-1844,-312,0
3872,5932,4268,28016,536,-10444,0
22224,-4740,11260,28548,9728,9016,0
15352,1536,5724,8900,3816,15744,0
13344,2884,2820,12888,-10044,8872,0
17680,-612,3740,11304,-900,6796,0
17284,-5056,4684,11496,-2520,10176,0
16132,44,2732,15020,-6612,10376,0
16164,-2348,2336,25040,368,7872,0
17472,-124,996,19048,1060,8412,0
18812,-788,1184,8536,500,5556,0
20412,-3792,-480,32767,-2016,-25996,0
25084,4308,-3964,10604,-12280,7492,0
27292,-7808,9576,19360,1224,6560,0
9320,-2676,15332,18248,4412,4500,0
14104,5048,9552,16792,3216,2012,0
7384,1992,10276,15988,2604,3728,0
11956,-3144,10156,15732,2824,2688,0
14736,4972,12052,15628,1236,3192,0
20416,656,8888,17364,2200,2676,0
16908,-204,9248,18460,308,248,0
9588,3780,10192,18812,692,484,0
32767,-3508,-5404,26324,784,-7184,0
18020,6636,13088,23252,7756,6192,0
18092,2848,4312,16100,6400,8304,0
18468,-10196,4372,10228,-10824,7200,0
15496,3312,1028,6676,-2728,8192,0
15416,-4428,4212,12512,-1648,8072,0
16396,972,3516,13872,-6100,9516,0
17132,-3028,4064,10864,2124,7292,0
16340,-880,904,20916,2728,7820,0
18040,-4,824,6668,-4304,7776,0
18900,12,-12,22196,9936,-15940,0
24724,8436,-9828,12068,-2984,5684,0
24968,-8148,10440,17316,7832,7880,0
11000,-4024,17148,14988,-1412,3796,0
13108,7764,7984,16440,4496,1252,0
9396,1428,8592,16196,696,3244,0
12608,2408,10500,15968,948,1868,0
14180,2288,12336,17724,6948,2524,0
18444,1844,9544,16516,584,3712,0
18340,-1556,6240,18044,-488,2764,0
7724,2864,5520,18532,2144,944,0
14844,-9232,-12484,21012,-3640,-2976,0
3976,8496,8624,26676,844,804,0
25104,5280,10692,30768,7492,7652,0
18832,-11800,6816,8916,-1860,8788,0
17856,2232,3064,11604,-5888,7196,0
16120,-5372,2672,11180,-1532,7852,0
15220,-1572,3024,12948,-3412,9716,0
16312,-2400,3184,16776,-5728,10028,0
16180,-656,2964,20872,3768,7392,0
16932,-436,-240,-11736,-6692,4092,0
19412,476,-80,14920,5624,1920,0
26648,12052,-5748,8460,1340,5600,0
27436,-9664,9336,21904,4832,13552,0
10688,-5996,20580,15176,3268,4960,0
13996,5860,8496,14972,3536,3244,0
8180,4432,9260,17628,1160,3880,0
12576,1248,10192,16240,1396,3268,0
13264,5104,13088,19072,5736,1636,0
19376,200,10028,17096,332,1856,0
16392,696,9132,18040,-440,2540,0
7632,1504,9824,18200,1588,524,0
32767,-9376,2252,28716,-2608,-4864,0
16404,-3980,12536,21272,7520,7376,0
15516,7728,5844,13300,4280,10000,0
18064,-6200,3944,12140,-8552,8728,0
16608,3020,1296,7608,-2104,7264,0
15912,-2468,3184,12696,-1448,8536,0
16428,-84,3368,15380,-6296,10404,0
15356,-2080,2568,19924,-4504,9844,0
16636,-708,152,19232,1456,8956,0
18476,1340,296,6216,312,6944,0
20936,-3328,-824,32767,1360,-32768,0
23660,3812,1124,7804,-7212,12048,0
21344,-8180,7940,20420,-1468,9372,0
8204,3464,8612,18224,6524,4376,0
12108,2012,10328,16048,1372,1120,0
11172,3656,10060,15536,1228,1016,0
12276,1832,10844,16376,2652,1944,0
18772,3728,10248,18856,740,8396,0
20252,2128,5092,21160,772,2052,0
7948,-2568,3780,19520,884,-2892,0
14216,-196,10844,18536,-644,-3160,0
15488,2256,5600,29088,-1792,-15576,0
21228,-4440,13780,30040,10580,4332,0
14924,-3748,10388,11052,4016,19024,0
15968,1268,4896,12512,-4552,9476,0
15816,-5156,2220,10180,-2420,9736,0
15380,-816,1184,12992,-2624,9684,0
16432,-3800,1460,18436,-4112,9688,0
17120,636,1932,21620,1848,7700,0
16736,-1784,448,8364,-4076,8244,0
19924,396,-96,12860,2528,10804,0
29044,4012,-1048,10576,2920,5788,0
24456,-8936,10908,21272,10196,11212,0
8076,-2420,15960,14940,-4288,5316,0
10656,720,10368,17000,4108,3940,0
8452,3152,9608,16876,-1348,2116,0
12020,8376,9836,16308,3544,1912,0
17580,3928,10600,17212,2132,3132,0
23180,-1708,7980,18184,1180,4208,0
14536,388,6384,18832,752,3672,0
12832,1948,10016,18256,1544,5120,0
32767,-2776,-8552,26032,2336,-5036,0
18704,9892,11580,22504,6620,8148,0
16552,-3272,2556,13888,7016,11048,0
17204,-6284,3688,13040,-1680,1564,0
15512,2492,-616,8344,-4132,10068,0
15036,-5028,1708,14608,416,9176,0
16924,752,5256,16020,-1292,8964,0
16956,-2792,3352,20808,-5976,6988,0
17204,376,1052,19348,772,8200,0
16820,-2036,1804,8884,-564,5816,0
19504,-356,-104,26784,11124,-18532,0
25236,788,-4116,13128,-2144,5148,0
26000,-8064,11196,18808,5704,10152,0
11272,-2844,12564,16512,2952,4000,0
13212,2236,8064,16948,3072,2832,0
7764,4256,11884,16852,3376,3948,0
20352,3956,7480,18360,728,4100,0
15252,2736,12232,17276,2596,3116,0
20400,88,10392,17700,1892,1800,0
15188,1920,9424,17944,-1056,2276,0
11196,2484,13236,19212,1020,2060,0
13488,1720,4132,32767,-2048,-6812,0
20868,-9428,14128,30068,11936,9164,0
13084,6388,7096,6828,3496,20868,0
16648,-7240,3952,10680,-3824,9724,0
15184,1620,2812,10640,-4648,10100,0
16328,-5252,3676,15004,-1148,9252,0
16928,1876,2968,16920,-5996,9724,0
15756,-3056,2460,20760,1428,8204,0
17524,-920,-196,12584,220,8652,0
18552,276,2268,13524,1424,9528,0
25044,-620,-7596,20152,-2680,3044,0
24160,304,2172,18148,4168,9832,0
18076,-7316,5012,17800,-5872,3916,0
9624,4980,8788,18420,7424,4236,0
7736,-52,9808,17284,-864,2740,0
12524,4728,9760,16824,4272,3316,0
10252,2132,10552,19224,828,2668,0
18148,2848,12008,17316,1384,3528,0
15292,132,4668,17312,948,4568,0
7472,-452,6516,17900,-172,3592,0
15436,-3008,-1568,19728,-2340,2332,0
3900,6444,5720,28868,1776,-2428,0
21876,-3012,11392,24496,7612,8604,0
15972,-2116,5328,7096,-1644,11984,0
16692,-4744,2608,8616,752,8284,0
15472,-2932,2576,11468,-2488,8996,0
16364,-4464,3508,15808,-4224,9768,0
16636,-1204,3384,19092,-3772,9876,0
15940,-2264,2180,19208,4392,7200,0
18092,-1216,2476,11992,-2108,5760,0
17372,-1620,1404,14100,2700,8308,0
25152,1560,-2460,22292,1156,5768,0
26048,-52,-1840,17768,2544,5744,0
19600,-8312,8940,17716,-6280,2740,0
9096,5044,10240,17872,10616,2332,0
7716,952,8840,17012,-1360,2392,0
13756,4252,9856,16644,3888,4112,0
11064,3076,12716,18380,204,3724,0
19120,4560,12304,15780,2524,1760,0
19260,3468,6892,18248,-1432,3540,0
5536,-3992,3080,18076,876,2984,0
32767,-3300,-13128,21548,3384,3920,0
11224,1800,6268,26536,2620,120,0
22308,9016,8396,21508,7208,9164,0
18140,-10348,3380,5568,-748,9180,0
16264,2212,3328,9840,-3100,11144,0
15812,-3880,2688,12368,556,8348,0
16180,-1536,2312,12732,-3064,9756,0
15388,-3008,1040,16984,-1844,9828,0
15820,-1768,2968,18408,4628,8388,0
16840,-2472,5052,16488,-252,9892,0
15184,-3008,5556,14280,4096,7960,0
16608,-1172,6072,12664,1020,9760,0
18212,-4496,7128,32767,-7976,-1736,0
13176,608,9632,15028,3040,6260,0
14040,-4256,11228,14612,-4660,4776,0
13844,-924,8236,17680,6972,1768,0
14752,2192,7760,17260,-1376,-212,0
14428,3160,7416,17704,4372,2240,0
15860,2760,5856,16996,1344,3572,0
16228,3300,3336,17464,-1160,4860,0
15924,196,1044,16620,568,3616,0
15896,3384,3300,17216,-248,3304,0
15924,1892,3452,16128,3284,3336,0
16364,668,2764,16480,2172,4572,0
16432,2152,2324,16028,4428,4268,0
16488,-132,1488,16488,-292,3972,0
16488,72,-196,17168,2096,5172,0
16412,28,-704,16512,1552,5024,0
16184,-924,-24,16592,1692,5844,0
15092,-896,1084,16328,1232,4768,0
15316,-440,-36,16200,1180,4124,0
17604,-1196,-1584,17444,856,3544,0
16176,3580,1232,18404,36,600,0
15732,-6448,1352,20040,2272,1692,0
16212,-1280,1908,16496,3792,10440,0
16056,-4728,3028,17788,-2112,7388,0
16656,-240,1740,14324,3828,7272,0
16188,-2712,3512,16356,460,7264,0
16848,-1536,5592,16280,-984,8204,0
16248,-1776,4360,17120,1660,7768,0
16220,-1884,5012,18964,1880,6176,0
15116,-3348,3760,17716,80,4584,0
15780,-1168,4436,14260,-76,3304,0
16640,-2216,2148,11692,2212,1144,0
17812,1096,1672,13372,2752,5728,0
22240,1168,-1904,16152,-3312,-420,0
23688,1712,-1452,19188,4792,1608,0
23268,-3516,9704,17024,1256,3540,0
7888,2224,10228,17152,3688,2440,0
11384,-304,8532,16324,2196,2408,0
10920,4500,9228,17288,1444,4416,0
11696,1376,9836,16780,1240,4712,0
15932,1972,10496,17556,2752,3908,0
19412,1372,10060,19936,3064,2424,0
15720,760,10468,17588,536,2856,0
6596,1012,9584,17412,2248,132,0
28536,3244,-1096,30656,-36,2692,0
21840,-9760,6020,27716,9220,5956,0
13396,4556,1892,11204,2228,15044,0
16912,-7872,-396,9792,-4232,9228,0
16612,5456,-996,10036,-1408,21124,0
16904,-2748,4804,14268,-2880,9676,0
16512,-996,4556,16228,-4708,9732,0
15860,-2072,3900,18988,-840,8468,0
15860,-2452,2504,19832,1496,5532,0
16592,556,2352,11844,-1408,4332,0
17456,-2236,3228,12744,4604,6696,0
22260,-988,-1064,32767,4316,6176,0
24608,1556,-1156,17016,1116,8688,0
17464,-7672,10820,17104,-4108,2864,0
7028,2296,8016,17876,11656,1636,0
9244,2032,9504,16488,-48,1484,0
10080,3052,11416,17140,4500,3400,0
11640,-1164,11508,19020,-560,5140,0
17604,5508,12660,17728,2692,5520,0
19412,252,9068,17640,2164,3716,0
12832,-3680,6480,17156,1116,2600,0
12396,2120,10112,17964,2128,4400,0
18760,-4212,2844,29220,-764,-1620,0
19392,-6044,6644,27276,6792,6132,0
13136,6496,3120,15156,3244,11464,0
16376,-9860,1440,13644,-2504,4364,0
16072,3600,-772,6500,-540,9280,0
16356,-5172,2092,13136,-1188,7768,0
16636,1360,4900,16936,-4016,9816,0
16280,-2432,3812,20652,-3020,10020,0
17872,228,1880,17312,2252,9264,0
16600,-2448,1376,8948,-188,6936,0
19328,-1908,1240,32767,7896,-32768,0
23292,768,-1212,12372,-6180,5604,0
24624,-6292,12880,18096,4080,7216,0
11388,-2120,15540,16372,3708,4716,0
11468,4756,8360,16704,2892,2996,0
10228,1692,9920,15544,1784,2664,0
11432,8596,13852,19788,3880,1348,0
15372,3824,10916,15876,2824,5592,0
20556,-1212,6544,16644,840,5708,0
16508,1116,7776,17156,292,5712,0
7384,3548,7740,18200,1276,4536,0
25940,-9244,-26620,20784,-2384,2312,0
6880,8244,5240,26668,2968,-1880,0
20476,-2968,6060,26056,7784,9424,0
17608,-1168,3404,7020,128,13136,0
15824,-3716,2552,9832,784,8888,0
15456,-972,2032,11252,-1576,8076,0
16384,-2816,4072,13872,-3132,10052,0
16852,-776,2944,16628,-4244,10408,0
16692,-2072,3944,21648,2504,10064,0
16944,-1312,1864,26272,2028,7632,0
16624,-2816,3084,11500,2048,6784,0
19300,-2412,3776,32767,-1200,-32768,0
22792,4312,-3792,12016,-11764,5376,0
26356,-7892,10140,18644,4384,6812,0
11444,-4276,10844,16980,2180,4240,0
5992,6976,10776,16848,3364,3940,0
11016,-3852,9072,17236,1884,3232,0
13272,4600,9756,16408,1968,1932,0
15900,1588,12640,17080,2620,4572,0
19796,-1268,8888,16776,2088,5516,0
19672,1064,7928,17016,-240,2484,0
6720,-224,5280,18456,1604,4296,0
19660,-11044,-18632,19220,-2868,2644,0
4928,10772,752,26492,1204,-2640,0
20896,-4424,8204,25928,7912,10280,0
17816,-256,6012,7144,608,17984,0
16028,-3524,3556,7680,100,10104,0
16288,-2676,3236,13516,-408,9088,0
15292,-1240,3944,14284,-5016,11076,0
16924,-3036,3476,17500,1020,9700,0
16492,-1444,2744,24400,-1616,9340,0
17556,-1044,2844,16420,-1968,11396,0
16252,-3124,1320,9340,2800,5936,0
23692,-1864,-2044,32767,8716,5088,0
23120,5908,2868,14092,-8,10320,0
16112,-8164,10460,18268,-4272,4552,0
8576,2216,19340,18776,8992,3652,0
13560,-1736,5732,17036,800,2592,0
8320,7104,8912,16820,5936,2720,0
14740,2124,11436,16800,1764,1832,0
17452,2056,13416,17092,1336,4628,0
20476,900,9356,18448,732,2940,0
5132,-68,7108,17912,1140,2740,0
16628,-9220,-9704,19912,-508,3088,0
3460,8212,1596,27044,1596,-1016,0
22680,-5512,9112,26204,8800,8092,0
17788,756,4284,5304,336,20176,0
16184,-6348,3724,13276,2504,9116,0
16160,320,4576,12768,-2584,7008,0
16136,-2924,4148,15108,-4940,11404,0
16604,-428,2972,16128,-4556,11640,0
20772,-2608,1892,20684,5480,10128,0
17208,-880,3192,23876,-4436,7964,0
17976,-1916,736,10460,3132,8624,0
25228,2364,-4344,32767,10764,4560,0
22772,840,7648,15588,-1556,9252,0
17072,-9660,10444,17812,-6436,3404,0
10072,1756,14828,18676,8184,3920,0
4444,1144,5868,18236,-636,2140,0
8420,-3476,10208,16500,4348,4736,0
13608,1360,12612,17636,2372,3472,0
18024,1088,12956,16916,1180,4088,0
20600,2084,7076,17328,1632,3864,0
10128,1044,7288,17380,1812,4100,0
12064,-628,11932,18176,1040,3208,0
12220,-1616,3208,31512,-1608,-5612,0
20584,-6544,9488,26404,11472,4952,0
12924,1308,6376,15116,2292,13588,0
14956,-3544,2708,9400,-8936,8144,0
17124,-4040,2480,14672,2548,4100,0
15940,-1860,4408,14712,-7572,10060,0
16976,-2596,3528,14492,-3916,12868,0
16392,-2188,1908,22464,780,13204,0
17760,-832,3424,17216,-76,12080,0
16392,-1920,560,8760,2812,7328,0
22852,576,980,32767,5932,5412,0
23148,2364,-400,15568,-7988,7472,0
19920,-8800,10024,19200,3228,4664,0
9428,1132,17428,17992,4180,4560,0
10928,1996,9468,18300,3992,3152,0
9288,2628,9448,16556,2376,3916,0
11472,2172,11996,19996,1804,2852,0
18344,3324,12648,16936,2776,4028,0
21724,236,8768,16876,2216,3472,0
14220,2016,8148,18224,-48,3948,0
9992,904,12700,18956,2456,2160,0
19652,-768,2660,32252,-3176,-5300,0
20488,-5416,8672,29188,13776,9336,0
13460,5148,5072,10248,3768,11128,0
14872,-7700,3712,5396,-11544,8200,0
15780,584,2636,9980,4112,5908,0
16452,-3812,2816,14816,-8016,8832,0
16076,-1264,3132,15100,-3716,9600,0
16940,-2832,3824,21140,-32,8740,0
17764,-384,1824,20452,1924,7876,0
17796,-1180,2052,2068,-3120,7540,0
19576,-228,1044,26332,11428,-18276,0
23952,2044,-2752,9576,-1708,4208,0
24184,-5848,10600,18420,6216,7744,0
11296,-8192,6208,15920,-248,4468,0
7452,7232,8860,16816,5584,3400,0
9940,-5584,8384,17700,2328,2784,0
12060,11956,9180,16924,640,1944,0
15860,1148,11444,16740,2932,3920,0
19896,192,10864,17160,3692,6260,0
17632,3472,9088,17668,800,2792,0
5200,-2872,6168,17984,2764,2240,0
16820,-5420,-10552,19616,-1836,1564,0
3700,8260,536,25852,68,-1408,0
20360,88,5980,24616,7360,8564,0
19392,-5604,4672,8528,1556,18380,0
19492,668,2036,9464,-1748,13696,0
16392,-3728,3868,9368,4784,6584,0
16720,-1696,4404,16276,-10444,10016,0
16984,-2696,3124,16632,-3532,10684,0
15180,-896,1484,21300,916,10208,0
17868,-1980,2636,19944,3536,7660,0
16708,-672,1808,9220,1896,8032,0
20344,-5308,2368,32767,-13880,-32768,0
20624,2392,1524,17488,-9544,10228,0
22468,-7184,8460,18040,5664,5164,0
9172,-4024,17676,17804,1844,3748,0
12472,5532,10068,16516,2796,2172,0
7628,5700,8148,16580,144,4600,0
12804,2472,10060,16944,2888,3168,0
17284,4680,13316,17272,1604,5036,0
20736,-2800,8624,18860,1988,3660,0
13172,4572,9868,18480,300,1680,0
10912,780,11892,18892,2524,932,0
18784,-3616,-884,29536,-2944,-1304,0
19996,-5068,8548,25368,3972,8392,0
11944,2608,5892,13800,4808,6176,0
16212,-5072,2876,9724,-3996,6384,0
16632,-2196,2388,8936,4488,5784,0
16920,-1444,3520,11536,-6104,8712,0
17000,-1668,4936,16272,-2884,10152,0
16568,-2372,3504,20004,-1744,11116,0
15668,-1632,1792,19628,184,9552,0
17324,-96,1668,9576,-3768,9520,0
18484,-1044,1436,14188,1504,11112,0
24924,4836,-2016,7784,-1868,8604,0
26556,-9792,9656,20040,17960,11208,0
11708,-5504,9600,14136,-8044,5500,0
6344,8164,11228,16484,8764,3464,0
9700,-9092,9096,16900,-1736,2948,0
17980,11420,6796,17792,4032,2380,0
13236,3656,11580,17352,3256,2600,0
18384,188,11052,18236,2912,5248,0
20044,2164,8504,18088,92,3072,0
5020,-840,7308,18344,1824,2576,0
14156,-2952,356,17996,280,652,0
3868,2564,1476,26952,964,-7952,0
22648,-2112,10560,29140,8460,7060,0
15568,1496,4768,9260,2992,17108,0
16668,-5172,2280,8888,-12132,8880,0
15972,-24,1736,12716,2464,5248,0
15804,-2900,3788,14632,-10480,9852,0
17440,-528,3956,14768,-3796,10784,0
16444,-836,2968,16360,1788,11056,0
17740,-1600,1480,17684,-1080,10296,0
17464,-228,236,7632,2468,8676,0
24224,-2712,-1516,32767,12520,8764,0
23088,-668,1436,18388,-3900,9900,0
17376,-9236,11100,18864,440,4736,0
6828,7284,14992,18612,3704,3880,0
11908,-5804,10984,17444,1784,2836,0
10496,6804,9084,16652,1864,4348,0
8272,1460,11640,17600,2036,4224,0
17676,876,13136,16176,2916,4620,0
22420,3168,8432,17108,1640,3308,0
13976,-700,9244,18260,-8,3828,0
9884,1056,11892,19468,1996,972,0
25736,-7896,-1532,28444,-2608,-5144,0
16456,-1824,6636,24664,12016,7256,0
15932,-356,3016,15192,8064,5584,0
17668,-8004,2776,9840,-5728,6440,0
16336,3516,1096,4100,2452,7944,0
16228,-4256,4104,11292,-612,8952,0
16588,-100,3896,14392,-3256,10888,0
16484,-2868,2476,20296,-4468,9976,0
16692,-3028,344,20144,3904,9004,0
17828,-1044,2888,6672,-932,5668,0
19752,-136,2544,32767,11888,-27908,0
25056,6992,-4324,9388,-3964,4156,0
26720,-9124,8968,18996,4304,6964,0
10464,-4732,13216,16092,828,4048,0
10436,7252,10592,16748,4224,2568,0
8688,372,8380,16324,3440,2720,0
14192,5520,9640,15912,2692,1944,0
13904,3484,11964,16368,2480,2992,0
19256,4212,11368,16756,2416,5164,0
19496,-1236,6240,19172,816,3108,0
5892,2504,4960,17944,2208,2176,0
15464,-5576,3012,18400,-100,2028,0
4416,7236,224,27472,-428,-7416,0
23008,-4072,7496,26672,7492,9416,0
15036,2740,3752,8096,3604,18560,0
15856,-9912,1740,13252,1704,9516,0
15776,1336,3504,9328,-3348,9608,0
16664,-4160,3576,12944,-1140,10088,0
16420,-844,2876,17428,-3436,11004,0
15944,-3652,4316,1664,-5212,11872,0
16772,-732,1048,19152,996,8376,0
17184,-928,2732,9416,204,6320,0
19972,220,1724,24032,9520,-14168,0
25972,10328,-4112,8572,-3208,892,0
26832,-10900,11420,20132,6988,7452,0
9124,-6176,20676,15860,560,4244,0
11572,3160,10784,16188,5844,2108,0
3060,3568,12144,16568,2384,2576,0
14936,3068,11844,19048,1668,2016,0
14916,1952,12392,16444,3612,1492,0
21428,1792,8328,14848,1172,4712,0
16396,-2128,5500,16324,3996,9732,0
9796,-596,3032,18048,1084,7704,0
15288,-7448,-4624,25672,-1244,-5040,0
5276,16136,5004,30388,1536,-2044,0
23072,-3672,8552,19452,9308,10060,0
17224,-6608,4704,12252,136,3204,0
16236,564,-248,11136,-5552,8720,0
15248,-2072,-1488,13476,620,9740,0
15044,-3612,-1560,16804,1068,9148,0
14384,-192,252,19908,-4768,6464,0
15828,-88,5568,16748,4048,7060,0
17752,-956,4296,9736,-1152,2556,0
17512,1544,2516,17380,6968,3004,0
21384,-12,5656,8664,-13064,-1500,0
20572,-8476,12096,17976,14100,4752,0
8000,4324,16196,16616,-1068,4304,0
12012,4572,9568,18200,7184,1624,0
9276,3968,8656,17052,1644,2868,0
13544,2520,9028,16192,5224,1008,0
15504,3028,8492,15928,3568,3220,0
18136,-820,6160,16228,3316,3412,0
17572,508,2128,15160,2016,5004,0
16032,-64,4524,16696,2324,5784,0
13968,-1136,84,16396,2312,8740,0
13664,-1132,-1028,16240,-180,10360,0
14840,-2008,2796,18100,-520,7552,0
20764,-6404,-21880,20652,-1120,3516,0
9176,16660,-4744,26468,2688,-2588,0
15508,-9340,328,20140,10652,7840,0
17892,-2544,972,10572,1628,13012,0
15684,-2728,404,14728,-2172,5504,0
15664,-2604,-656,13676,-2656,7864,0
15324,-2724,1464,13960,3576,9180,0
16768,-1224,3508,17196,-1064,8972,0
15260,-2404,3168,17712,-2836,7908,0
15680,-3572,4876,17744,1908,5144,0
15828,-1044,5252,15376,-1300,4236,0
17632,220,3940,13476,4356,1588,0
17860,428,4092,13524,208,10028,0
27872,3556,-1032,13260,-6728,2284,0
22400,-7136,11500,20328,12496,8080,0
12336,-5364,9176,15660,-840,3616,0
6684,5392,6568,17080,7404,1208,0
7532,3740,10728,17396,-856,1936,0
14008,720,9588,16616,2444,5076,0
15640,1280,10160,16740,2868,4784,0
17280,2484,9072,14952,2032,5508,0
17864,-1024,6672,15436,2600,5776,0
16940,116,4316,16240,-64,3520,0
10024,-2392,500,16376,740,6808,0
12028,-920,8980,14844,-848,5488,0
7164,4696,4236,30508,1476,-5636,0
19892,-3168,11052,26092,5320,7428,0
16760,-484,5892,9340,4048,19404,0
16712,-4996,1496,12812,172,8092,0
15520,-1604,716,10272,-4648,9832,0
15936,-4056,3464,13280,596,10548,0
16016,-620,4072,17588,-2516,10592,0
16324,-2316,3760,19088,-1220,8884,0
15600,-2580,3864,20256,620,5448,0
15136,-2752,6420,13092,-3596,-376,0
16548,-656,6796,12320,1336,664,0
16576,-616,5876,15768,1624,5080,0
23336,828,1324,18900,-636,4576,0
23952,3944,2452,18840,1628,2856,0
15804,-5704,7992,18240,4268,-100,0
6480,-1040,13888,16880,1852,648,0
-24016,-4488,32767,16472,3888,560,0
12056,3068,8908,16656,2444,3856,0
13112,1580,10112,16944,2064,3128,0
15896,3532,10412,16476,1744,4332,0
16516,-2992,7596,17052,3588,4596,0
20248,2648,3448,16168,2052,6676,0
14692,1172,3076,16084,1288,4512,0
13716,-2284,2728,17852,1080,5548,0
14916,684,7764,17712,380,4312,0
32767,-5448,-2368,23840,1340,1732,0
19892,-1240,2280,22216,1100,-1416,0
13576,-2592,508,23004,6200,10520,0
15764,-2764,92,9728,1144,14160,0
16060,-1052,-416,11568,64,8696,0
16364,-1672,1964,13380,-3556,8536,0
17124,-4044,3104,12372,-1848,9492,0
17080,-1528,4992,17600,-3208,9932,0
16992,-1620,5160,17852,-1316,10208,0
16316,-1220,2268,19624,1828,6636,0
17044,-1264,2656,10400,-3904,5672,0
17392,0,3692,14148,5428,7616,0
21636,-2632,1252,22320,6576,5504,0
21376,6716,1368,20288,3584,5548,0
21352,-7140,10972,16804,-5388,2276,0
7884,-736,12312,18860,11512,3404,0
13376,708,9976,17044,-3900,2412,0
10124,2068,9484,18000,5788,3980,0
13416,3564,9796,17404,1516,3112,0
15768,4232,12804,16672,1888,5412,0
18624,-1184,9508,16352,2036,5364,0
17940,2780,7052,15920,264,4152,0
12316,-152,2724,16572,2200,5220,0
14548,416,7200,18000,1056,4436,0
32767,-3752,-24492,19024,-468,3864,0
11376,11396,-3180,23828,-2428,-1704,0
18000,-300,132,20464,7904,13712,0
17188,-8428,132,5792,3000,15184,0
15612,1672,-32,10320,-4980,10352,0
15388,-4932,-220,12780,344,8420,0
16048,-2744,1016,13276,348,11008,0
16232,-1876,2316,15040,-1364,10388,0
16132,-3812,1792,16384,2508,9744,0
16040,-1804,1920,17672,2100,7808,0
15828,-2572,3268,16304,1864,6332,0
16304,-2304,3464,16540,476,5764,0
15936,-1740,3728,15420,4136,6964,0
16076,-2592,3788,15028,-1596,10176,0
18260,-1592,4460,20700,-7960,1776,0
15896,1076,4772,20316,2388,5916,0
15304,-1088,5960,16660,-4800,3308,0
16452,-380,5700,16820,4140,1156,0
15276,108,5176,17332,1580,1104,0
15228,1248,5188,16852,304,1348,0
17044,2136,2916,16992,908,2596,0
15948,1056,2448,16968,2752,3552,0
17796,1148,108,16980,1996,4524,0
17480,1524,1648,16056,4528,2732,0
17156,1232,256,16928,-824,2436,0
16924,3360,-868,16680,1080,4740,0
16668,2920,112,16876,236,4344,0
16512,268,1800,16432,1448,4308,0
16216,-644,424,16872,760,4384,0
14652,420,-136,17244,372,6160,0
13504,-3248,-52,16552,1544,4240,0
12252,-2320,4104,16448,2036,4088,0
29352,-7744,-18592,17504,3464,4652,0
10712,6644,-4420,19120,-60,3896,0
17124,-4844,1700,18424,-156,1312,0
17464,-1892,488,16796,1120,4648,0
16764,-2096,-624,17576,13908,7080,0
15768,-4416,-472,17232,-12032,8072,0
16372,-1716,-880,16304,-612,6948,0
16768,-3988,588,15304,3008,7028,0
15412,-4208,-2648,16704,-328,6788,0
16140,-3208,44,18000,-1592,5384,0
16172,-1376,252,18964,104,4168,0
16112,-2244,164,16172,208,2740,0
16148,-2176,-680,16684,1384,2200,0
16196,-2908,876,12952,-400,260,0
15280,-3528,-1008,15520,4396,-1668,0
15124,-3260,3060,14912,-264,-2460,0
16204,-3116,4984,16748,380,-3748,0
15696,-1336,5264,14424,1460,-1936,0
17480,-1380,7064,32767,2732,-32768,0
22432,-688,4972,15388,-5620,1236,0
20908,2236,680,17148,2592,2848,0
18276,-100,3460,16548,-2304,1900,0
10908,-3376,13484,16588,7588,-280,0
15572,-2176,5388,16516,3928,768,0
11980,-2036,7596,16084,3388,2148,0
14328,4528,7912,16204,2416,2220,0
16212,3212,7424,16904,780,4184,0
16768,-4280,6228,16868,4308,4652,0
18260,1344,4696,16048,3108,6736,0
16640,1180,3092,17120,1040,5252,0
13576,-2184,1100,18776,-164,5124,0
13572,-3308,9964,17780,212,3056,0
15784,3612,1012,27424,1328,-2440,0
19980,-11964,3788,24196,9272,6584,0
15056,5468,1012,12388,3344,11472,0
16716,-9816,-180,14660,-708,4964,0
16160,-400,164,10272,-1776,7960,0
16052,-3284,2928,13976,1308,9608,0
19372,-44,5404,16108,-1576,9604,0
16436,-2136,4056,20564,-1972,8200,0
15052,-2432,2224,18112,2656,5680,0
17464,-496,2652,10748,-2952,5248,0
18496,-592,1656,14136,1968,8120,0
26180,2560,-4248,26784,12432,11456,0
26688,612,6676,18852,-584,4352,0
16288,-9140,9520,17804,1228,2232,0
16404,4016,10604,18132,6676,2304,0
11140,-256,9768,16020,-1824,2556,0
12036,3132,9704,16384,4556,2428,0
16528,1468,11224,16760,464,3088,0
20912,2680,9024,17152,3108,3860,0
14412,1632,7924,18256,480,3640,0
8696,584,4348,17040,692,5404,0
12268,-2316,9628,18156,-388,4520,0
7104,4404,-316,30164,828,136,0
20036,-9220,10116,23812,7696,8596,0
14800,3052,5528,5348,4872,15744,0
16472,-8632,1864,13256,-6520,6996,0
15904,-184,1672,10484,-1712,8952,0
16316,-3756,2456,14552,8,8508,0
15704,-884,4796,16888,-6580,9160,0
16032,-1120,3584,21588,-296,6144,0
16876,-1140,4296,18848,412,6000,0
17212,-1388,2940,11196,516,2916,0
17800,680,3864,15740,4900,4408,0
23176,-252,-1168,15156,-2756,8304,0
24344,-1456,3804,19708,10272,8564,0
14512,-4932,10380,14984,-5096,3536,0
8480,5364,7224,16408,8912,2204,0
9132,56,9804,16808,-1852,3068,0
12432,2596,10848,16976,4468,3844,0
14160,2024,10732,16936,3228,3312,0
16888,2912,10472,16540,4676,4804,0
18816,952,7152,17192,2132,4888,0
17844,1076,8252,17344,232,5216,0
10316,-1228,5260,18192,824,4360,0
12744,356,8892,17944,552,2816,0
4552,8936,1308,28408,-504,-3952,0
19876,-11492,7728,27284,9772,8080,0
15480,5540,4172,8744,3924,19472,0
16040,-5804,1952,12628,-6284,9332,0
16772,3856,1528,19944,-4416,7552,0
18252,-6568,3504,9472,-1008,9376,0
16452,332,3044,16632,-3948,10580,0
16852,-3732,5416,20508,636,8544,0
16620,-536,3312,21060,1588,4424,0
16868,-2428,2424,-2068,-3152,3644,0
17724,8,1360,13320,4124,7616,0
23280,-2128,-384,31004,4412,6732,0
23740,4536,-2300,19720,72,8992,0
22100,-7760,10808,17800,-224,3272,0
7688,-568,14196,17996,7264,2524,0
11760,1032,7688,16492,-232,2036,0
10304,4584,10260,15952,6164,4308,0
11128,1128,14584,17424,216,2976,0
17140,5308,11812,16640,2840,4696,0
20716,-1616,8376,18328,1084,5004,0
15044,4132,8860,17612,1176,3180,0
11896,-1408,9412,18184,1016,3568,0
21904,-5140,-1492,27400,836,56,0
17244,-3592,7492,24292,6084,3984,0
15236,4224,3340,16848,3520,9452,0
16944,-4736,2928,13336,-2660,3796,0
16400,1088,2044,10924,-1432,6460,0
16284,-7200,5072,12600,-608,10392,0
16360,1832,4412,15012,-4500,10148,0
17480,-3640,3140,18956,-2808,10212,0
15844,-476,1640,20484,3980,7236,0
17572,-496,916,7256,-3736,7300,0
19156,608,-384,17392,6596,-3240,0
25156,7172,956,6648,-1236,2332,0
27288,-9120,8104,20788,6612,9668,0
8292,-5272,20080,16388,3116,4544,0
14088,4744,11296,16624,3740,4212,0
32767,1676,-32768,15748,11932,4460,0
14248,5672,11656,16224,1568,3292,0
16224,4108,11848,16236,2396,4832,0
19684,1324,9308,17716,2196,5604,0
17528,2040,8052,17532,1324,3324,0
8784,480,6336,17864,1284,3516,0
17592,-4664,-13916,21356,-180,-444,0
5152,9912,628,26772,900,-4436,0
20096,-3404,7752,32767,10224,3736,0
17436,-1096,5464,8456,3196,17852,0
17732,-4052,3984,13732,-3048,8904,0
15912,-1108,2984,11988,-1972,8568,0
16624,-2824,3148,13152,-2656,10576,0
16176,-1144,3044,17104,-4220,10792,0
17076,-96,5408,-6492,-8272,13492,0
17844,-3080,1976,13384,916,10152,0
18324,648,2516,12336,84,8888,0
27832,1392,1096,20688,3724,2424,0
25916,-3500,9580,20792,1556,6768,0
10876,-8256,10672,17452,-4376,2868,0
8500,5424,8212,17648,7956,2944,0
32767,-3720,-6880,16352,2308,2004,0
12288,5144,9748,16116,5612,3280,0
13360,3484,10436,17076,3052,2036,0
17284,2064,10176,16240,4496,3652,0
17088,1588,4736,17348,268,5276,0
8824,-2220,1724,13516,1056,11340,0
11708,136,9476,20524,-756,4144,0
6664,6620,1332,25828,384,2364,0
17280,-9012,10588,18816,9744,8140,0
15560,-268,4860,5984,5884,17548,0
18136,2776,4784,22428,-2952,4568,0
15576,-1080,2432,14936,1456,7572,0
14704,-4244,892,15104,4076,7336,0
15236,-2128,2136,18340,-6272,8220,0
17180,-1296,5676,17228,2656,4892,0
17972,992,4232,14828,2304,6044,0
19836,220,184,11596,-236,10416,0
32180,1836,-992,12232,-12328,8560,0
18224,-8864,13308,20856,23092,9752,0
5816,-736,8376,16480,1908,4844,0
9848,3736,10164,16604,5352,2520,0
11552,2656,8376,16352,372,4268,0
16240,12412,9672,20176,-12204,3884,0
18112,2444,7432,15940,780,4528,0
18708,-296,4208,15252,3016,6564,0
9432,-1616,1104,15836,900,8196,0
11556,-3672,10652,19696,-1804,4968,0
22444,-11700,8988,32767,-656,-40,0
26456,-7568,7820,20112,13072,10868,0
12740,6192,6688,6952,1180,11424,0
15472,-6428,2944,13232,-6632,6388,0
15384,164,-332,12900,-3280,6420,0
15972,-3456,268,15960,-832,5708,0
15616,-768,704,17672,-3784,5892,0
17076,-1980,3928,18660,-2472,5812,0
16780,1508,3560,17944,2400,3948,0
17480,-908,4700,7632,1272,2644,0
21424,4348,-7128,27908,9732,-30572,0
27276,-1856,4252,10244,-12068,8236,0
11648,-8504,10860,16096,10236,8908,0
7708,3672,7648,19140,3900,5264,0
10036,3368,9496,17832,4104,1412,0
13124,4368,8396,16280,2880,3180,0
13568,4684,9296,16780,4148,3504,0
17372,4292,9068,16932,4012,4588,0
20852,2032,5860,17340,-908,5092,0
15596,-1996,6036,17456,96,7268,0
11292,-920,9704,18376,680,3536,0
32767,4800,-11004,25768,3088,-3840,0
16704,6656,9064,24192,8904,-572,0
16456,1476,1068,18208,3940,8688,0
18040,-820,1512,12692,-5292,3264,0
17000,380,2892,7144,-1840,8344,0
16024,-2048,6116,12596,-208,8648,0
16756,-2036,3696,16000,-3676,9968,0
16592,-1468,4192,18776,-4616,9400,0
15712,-792,2560,19896,4556,6492,0
16896,-1400,3444,10172,-5256,6024,0
16364,1400,3956,13372,3784,8648,0
25896,3024,-5684,30556,12124,13584,0
22872,2268,9056,20228,-948,6256,0
15136,-9236,11760,16156,-3156,4456,0
6760,3584,7400,17136,5532,3264,0
9104,1860,9192,18136,-2092,2360,0
14836,420,8896,18036,4140,3460,0
14032,3088,12504,16676,1904,4212,0
18560,3424,10932,15956,4340,5400,0
18800,-1976,5000,15604,796,4600,0
9896,2340,5132,17088,528,5396,0
11500,-1944,12736,19628,-496,2664,0
14236,1764,7688,31736,396,-7428,0
20148,-4856,10524,22520,8816,8180,0
15524,1536,5556,7408,7708,19508,0
15548,-3380,2800,15432,-2652,7440,0
15664,-2572,2008,10620,-2740,9488,0
16144,-1056,4468,11436,2152,10324,0
16744,-2012,4200,18084,-2988,11120,0
16536,-1376,3084,24056,2088,11520,0
16688,-1832,1924,11276,-828,11196,0
17956,-1376,2008,12284,1992,8680,0
25116,2424,-4464,32152,14568,9760,0
24264,4708,4896,18856,-1680,9716,0
18216,-12200,9552,17176,-1608,3172,0
3780,1768,7844,18004,8984,3036,0
11364,588,9852,17672,-3232,2712,0
18448,256,7708,17472,-1776,4076,0
5456,748,10584,18084,192,-200,0
25368,-15040,5248,32708,-904,-5432,0
21068,184,11176,29028,8160,5156,0
17388,7204,1104,11580,6476,20980,0
17256,-8440,2268,10004,-6612,7192,0
15808,2156,-1044,8052,-1624,8980,0
15728,-3380,4220,13380,-4272,9820,0
16392,-2180,2036,14320,-6644,10596,0
18476,-1216,5376,24144,1644,8908,0
16884,316,-548,14788,-7260,5564,0
20820,264,-508,14084,3156,9604,0
29908,5032,-8096,15052,-8932,2020,0
29084,-10468,9144,20612,8,12564,0
9252,-5780,21292,15552,1164,2760,0
10660,1024,9080,17388,1776,3896,0
5724,1916,10184,17112,3240,1532,0
18680,720,13564,16912,2716,5424,0
20668,724,11460,19144,-848,2948,0
4212,-2260,8884,19020,3076,-104,0
31792,5752,-22248,25068,-7732,-216,0
12040,14772,12304,30348,5044,13956,0
17240,2752,1080,13520,6556,18036,0
20132,-3520,2764,10148,-8164,11256,0
18804,-1044,1836,6556,-2808,10144,0
16224,-2092,3388,8580,-1716,9932,0
14340,-1056,5368,8280,-5124,9952,0
12388,-1844,6528,12404,68,8656,0
12496,-2568,2624,16676,888,6476,0
16620,1052,1444,16388,2544,2076,0
20288,1920,4964,16328,580,2096,0
22992,-420,4348,17384,3892,4276,0
19900,2544,2668,21432,8420,232,0
21756,3516,1396,16168,3288,2832,0
19804,-11044,13312,17556,-1944,2760,0
12756,940,14684,18952,5996,3324,0
10952,1952,8376,17896,-2260,2344,0
4936,-4568,6396,17600,5964,2216,0
7772,-4552,11424,16552,2676,2572,0
10620,504,13784,15416,5084,5264,0
16192,-2864,16548,13636,2348,4892,0
17948,-1976,11968,18368,1956,6984,0
19252,-4144,7908,16248,1068,3488,0
6504,-2284,6044,17408,1428,5940,0
20244,-136,-9776,19060,300,3468,0
4488,9768,8132,26740,-1604,-6424,0
21084,7204,4108,27152,5152,12088,0
19096,-6388,2076,5600,-6176,16776,0
17696,1764,172,5156,824,1960,0
15932,-2932,2072,9792,-7948,5528,0
14712,-2728,3460,16924,-7680,6900,0
14944,356,5272,17216,-9820,9216,0
15852,-876,4524,21300,436,8972,0
16908,496,2228,19128,3340,6200,0
18840,1048,1392,11556,-868,6548,0
20384,-1476,-204,21284,9016,-4024,0
20744,2556,884,9792,2480,3224,0

13388,-16224,9768,18120,2772,3036,0
11992,-468,9552,18544,4132,2488,0
8372,732,9132,10436,-1292,4148,0
13588,-3144,12028,14836,1840,2216,0
18128,-2288,12884,16696,3976,3696,0
20524,-3036,8180,15948,108,5192,0
10084,228,5780,17620,808,2272,0
15472,728,9992,24016,-1428,-3056,0
11992,5804,9380,31640,-2292,-5476,0
20560,-8652,13404,26732,9052,4612,0
16208,-3924,6668,8668,-4636,844,0
17852,-1340,2736,7748,-3476,9396,0
17996,-2164,376,11840,-1580,7688,0
15400,-3464,4192,15340,-5232,9292,0
15036,-2388,5808,20068,-5144,8976,0
15308,2124,-312,17144,3056,9428,0
22192,-1784,-628,12448,-1208,9432,0
22520,-4432,-9840,32767,-10568,-28872,0
26588,-3676,5796,9400,-12752,9972,0
16268,-14016,4960,18800,-748,1880,0
12396,3532,4456,19388,4532,3064,0
9136,4380,9636,16296,144,2024,0
15892,-2116,10056,16432,3428,2524,0
16340,2300,11908,15640,988,4276,0
20576,408,9204,16740,532,3260,0
11368,1988,7620,19584,-1024,404,0
12484,924,14820,20516,1408,-7004,0
11164,384,8320,28884,-1304,-12044,0
20768,-6148,14288,26888,7800,-2916,0
14472,-3940,6096,8836,-5880,3556,0
17084,-4300,1476,7236,-1784,7340,0
15312,-2872,1808,12180,-1976,7796,0
15944,-2600,4392,15592,-5620,10464,0
15756,-1484,2664,19512,-5840,7812,0
16664,-960,1856,20320,668,8672,0
19532,-116,2496,6400,-2060,7168,0
21944,-1916,-412,32767,8172,-32768,0
26892,3116,-7696,8528,-10392,7476,0
25472,-11640,7144,19084,3944,6352,0
11248,1524,4756,17324,2172,2484,0
3868,3604,11692,21636,6972,-1340,0
13012,-280,9076,16508,1356,2612,0
15420,2528,12528,15908,3272,3616,0
21312,2296,8056,17012,-1132,4036,0
15704,1148,9548,18600,-140,1020,0
14632,4700,15340,20760,856,-2112,0
11432,1776,8228,32767,-2388,-9032,0
19868,-12356,15284,28160,7980,8188,0
15596,-4268,7944,7480,-3676,1332,0
17792,-3716,2404,7272,-3460,9012,0
15760,-2572,1264,12368,-560,7152,0
16004,-3068,4816,16524,-5228,11664,0
15580,300,-920,21932,-5036,9624,0
17128,-1532,312,14272,2864,9796,0
20520,-60,1480,14388,-2840,10808,0
29424,6092,-10512,30632,-288,6960,0
25564,-6964,13636,16468,-1260,9016,0
9156,-10792,18208,16984,-7564,2336,0
10712,3240,8052,18340,4060,3100,0
9016,3956,8772,19044,-632,752,0
14864,2260,11180,17248,3156,1772,0
19696,2468,10524,16948,600,2636,0
19000,184,11356,17160,536,-456,0
3732,-356,11044,19836,-116,-868,0
32767,3500,-380,28368,-2340,-7120,0
13572,7836,15536,25808,8380,9444,0
20820,2460,5588,7872,12024,20316,0
18788,-3256,3448,12260,-4200,7736,0
15436,-1156,816,7796,-3516,7680,0
15204,-2516,1716,15260,-2588,8688,0
16556,200,3440,17236,-6440,9112,0
15908,-2212,1136,22656,4016,5492,0
18216,392,-420,4540,-1336,8764,0
21136,-532,-3184,21804,11016,-14196,0
29708,5924,-8120,7804,-10136,6916,0
25744,-12156,6756,22804,-1548,6864,0
11044,1816,4288,18396,1712,4744,0
8760,3132,9940,17540,-892,2360,0
16888,-2416,9636,17352,1884,3924,0
18036,3736,12960,13680,1752,1204,0
19760,852,10008,15868,1660,620,0
11140,416,10720,19740,-1396,496,0
12576,2976,15500,20156,-1608,-3852,0
4024,476,6120,30512,1272,3052,0
24556,-6156,13780,24680,10436,6012,0
15400,-4808,6168,9760,-8224,4472,0
16436,-5560,3132,6236,-4732,7048,0
15820,-944,2296,12616,-88,7380,0
14668,-2580,3068,15420,-4260,10840,0
16692,-904,3348,24000,-3952,8632,0
17052,-432,-168,14004,-2040,6364,0
20700,-1172,-1128,15248,-3056,11772,0
28252,5324,-11784,17812,-7996,7648,0
25692,-8396,9500,18748,-1312,10448,0
9564,-12428,16096,16192,2744,4104,0
11684,5596,9724,18332,-2412,3396,0
10084,4612,8428,17548,5740,3312,0
15556,2508,11624,14396,5032,2444,0
18876,5064,12364,16288,1928,568,0
21932,-1472,8024,17720,-248,2568,0
2748,-500,6732,21228,316,-176,0
19908,-5512,-29444,19956,-2752,-2256,0
5664,11612,11112,26496,8532,10136,0
23932,6212,7160,18736,11224,6300,0
18468,-4684,4304,11852,-6124,4200,0
15812,1064,1336,7076,-2300,8152,0
15304,-6020,2612,12100,-2720,8880,0
14996,-460,5264,16104,-4944,10620,0
15028,-880,512,22616,-508,7644,0
19160,-2348,1212,12124,-336,8128,0
19908,-1372,152,14844,-644,12720,0
26216,3620,-9336,18384,-3368,2940,0
21512,-7788,6064,17164,5028,4688,0
11244,-13288,11884,15188,-9696,4468,0
13116,5636,6032,17956,6604,3564,0
5412,3408,10848,18904,1108,2896,0
14616,-372,11420,15828,2196,2400,0
16752,3424,12228,16364,1720,1724,0
22680,-412,10340,15832,1348,1724,0
9700,1752,10124,20224,-8,684,0
14488,1936,14568,18876,-1060,-5256,0
-116,8412,7420,32736,-1564,-10036,0
24824,-5840,10896,25248,8832,2152,0
16620,-5276,7252,9744,-2936,2884,0
16604,-96,2476,4900,-680,9100,0
16732,-5560,2096,11192,-5124,8540,0
16848,-1456,2960,15628,-4156,10176,0
16924,-844,2636,21516,-2692,11544,0
16984,-1896,172,16700,140,13168,0
19044,-944,1084,12212,576,11148,0
24580,-268,-8952,32767,4728,7056,0
26824,-4492,4572,13380,-5340,8312,0
13920,-10136,7264,20208,-1404,3336,0
10540,6240,7644,17448,5772,4328,0
4088,3832,9592,18424,5560,1912,0
15472,1248,9972,15548,1236,1612,0
15608,5628,11988,16516,3128,1540,0
21668,2616,9412,15896,1208,2792,0
16648,2944,10652,20284,-1556,1244,0
14392,948,14596,20436,1552,-1028,0
32767,-11112,-964,29176,-8980,-10964,0
14600,-1624,7976,25648,10488,8880,0
15792,4396,3556,10624,10328,17232,0
18868,-6404,2504,10888,-4336,8980,0
16144,-188,728,8416,-1232,9056,0
15952,-2728,3748,12884,28,10700,0
15752,-456,2676,18492,-5064,12648,0
16764,-2032,1788,20668,632,5144,0
17364,-68,-164,4128,2220,7300,0
21620,44,-2316,14180,3764,8188,0
31032,11272,-9092,8660,-4520,3304,0
25180,-10860,7064,19432,8452,9572,0
9952,152,9128,16752,10708,7352,0
7504,528,10824,18428,752,3836,0
9600,3364,11212,17172,2616,1544,0
14128,260,12504,15512,5740,1228,0
21640,900,10432,16276,548,1824,0
19688,2372,11508,19476,-404,604,0
6064,1844,14720,20232,1224,-4388,0
32767,-14600,-1656,23760,-4552,-18488,0
13572,-2600,7320,26156,8636,5972,0
15952,11116,2424,8196,8932,23520,0
18204,-7748,3408,10472,-732,6176,0
16200,1468,2296,8908,-4576,9400,0
13688,-2996,6440,13100,-984,8808,0
16356,-1008,3140,17204,-6884,11312,0
15256,-1540,2300,21928,1852,9252,0
18676,96,560,12508,1880,10376,0
19872,-744,-692,13964,-2152,11400,0
31744,7660,-6748,11412,2788,10452,0
27008,-7500,13164,19640,9164,10372,0
7092,-2136,10840,15004,2224,4360,0
10208,-324,8320,17040,2072,1164,0
10628,2464,10472,17224,380,2016,0
13372,1852,11840,15836,1932,2004,0
21092,4404,11428,14288,2696,3024,0
20536,-2652,7112,16812,-340,3032,0
-1124,-544,8056,17500,-1884,284,0
17416,-12548,-29120,22948,-7436,-4448,0
3184,19952,12540,26504,7636,8900,0
17240,2884,5432,11676,8776,18772,0
17752,-8924,5140,10116,1980,7964,0
17284,3308,2880,10284,-5536,10000,0
15828,-3184,1920,13576,124,9344,0
16588,-2244,3212,19080,-2104,9896,0
16916,-1032,-336,20180,-872,8004,0
17040,-1460,-1688,5452,-624,11680,0
21452,1552,-2040,12660,-2872,13720,0
30820,8600,-7580,5820,1880,9088,0
25112,-10484,11128,20012,5760,7980,0
7364,-584,7424,13648,3068,6812,0
9268,2660,8704,15708,3120,3228,0
10452,2988,12016,18392,-620,1336,0
14008,1056,12240,16804,1640,2320,0
22844,1608,9740,16128,2328,4016,0
19796,3280,12336,18532,520,1388,0
8296,-64,14404,20284,2768,-2404,0
32767,-12148,584,24652,-6180,-15024,0
13460,-316,12460,24760,8460,9284,0
15468,6424,1408,10376,11212,20716,0
18124,-11536,3088,10500,-2140,8080,0
16164,6212,2148,8892,-4940,7780,0
16092,-4588,2292,12524,1080,9648,0
17832,-1352,3420,18136,-4640,11336,0
15504,-2828,420,21540,144,9596,0
19228,-268,404,5080,1276,9404,0
21468,-516,-2508,26324,6852,-27556,0
28452,4952,-4388,9780,-1080,7572,0
22436,-9284,8972,18272,7880,9884,0
8540,3876,8540,16120,2644,5264,0
9640,-848,8580,17392,4304,1252,0
10336,3140,10548,15092,-816,2032,0
13132,4372,12200,16028,2380,1500,0
20960,2820,12168,14036,1660,2804,0
20516,-1680,7228,19304,168,2280,0
2788,824,9420,20068,220,-216,0
32767,-1772,-31732,22860,-2108,-2584,0
9868,14656,9796,23944,3788,9560,0
18892,1120,7244,18020,9000,9256,0
17732,-8620,5860,12404,-3460,5120,0
17172,-992,2804,7016,-3956,10896,0
16628,-3316,4428,13512,-3436,8768,0
16696,-2876,3196,15488,-6736,10092,0
16548,-1124,2316,20876,-600,7760,0
16736,-1372,-820,17824,-1620,12248,0
18652,-732,2504,10884,-2056,9216,0
24312,-480,-3672,32767,10224,7936,0
23992,1388,1880,13508,-6776,9392,0
19148,-9280,8272,19952,-4532,3628,0
7048,4584,8084,18460,7524,2992,0
9584,116,9948,15992,664,1132,0
11028,2700,10264,14120,1288,3712,0
13940,4552,12276,16392,760,2424,0
21468,4084,12308,16936,652,4164,0
20556,-828,7320,18492,536,1452,0
3112,-1156,7172,18536,-180,672,0
20976,-6688,-31400,19080,-1572,2040,0
8140,13224,6772,25348,1028,3312,0
19524,-2964,7376,21380,7132,8020,0
16340,-6212,3824,11312,-1480,3072,0
15912,-2068,2472,12236,-6244,8120,0
16860,-3988,4048,13224,-3544,7908,0
16128,-640,3600,14896,-3700,9184,0
17052,-2816,3024,19896,-2040,9864,0
16628,-536,1012,17508,-536,8580,0
17916,-744,1748,9176,-12,8244,0
23352,-3632,-52,32767,-5332,1920,0
25312,2064,-3628,10732,-7648,9300,0
24612,-6728,10932,19056,908,6668,0
9940,-3980,9252,15684,6260,3416,0
10336,-1304,8332,15000,1532,1184,0
10212,3468,10008,15024,-1412,1880,0
11724,4792,11108,16008,2748,1284,0
20620,1980,12612,16756,1668,4124,0
19836,-2980,8072,16928,364,1924,0
9200,1192,9704,19124,1280,1948,0
12120,800,11604,23320,-1428,-1796,0
5316,4368,296,31052,-2308,-6552,0
18544,-10336,9492,27912,8276,9172,0
14300,3060,5640,-1076,10948,22664,0
16980,-8780,2564,8200,-2928,9108,0
16824,-348,3464,9460,-3280,7688,0
16044,-2124,3504,14036,-5932,10616,0
17376,-2064,3892,19620,-3012,9548,0
14856,-1804,400,21968,3156,5768,0
18136,-1288,1796,5736,-4368,7672,0
19448,88,600,14848,3920,680,0
27176,5012,-7824,11248,-2228,5792,0
24180,-7516,8676,19588,5596,7564,0
11020,-5288,11900,14344,4408,5612,0
9444,6760,5308,17376,2836,3648,0
5764,2412,9400,16488,3972,2828,0
15048,-2292,10804,17776,5944,2888,0
16600,8268,12936,15740,-380,3616,0
21472,-2184,8768,15464,684,3444,0
14380,728,7196,17584,168,2608,0
11380,2704,13000,16856,2588,192,0
22804,4432,3160,29300,-3472,-5436,0
15564,-6036,7248,23664,3960,8716,0
15024,8724,2424,14788,4372,4912,0
16792,-9852,1036,4488,-6472,7932,0
16336,1376,2192,8760,7300,7104,0
15356,-3628,3528,13180,-8172,9892,0
15944,-1476,4080,15112,-5580,10324,0
16540,-1968,4604,19092,16,9256,0
15592,-2564,1508,20548,2952,5104,0
16924,-1172,2308,12024,-4460,7028,0
17260,-1200,2732,13200,1720,6372,0
21076,-2524,104,32767,1896,1000,0
23816,5760,-3628,14840,-2816,6612,0
23944,-5132,11928,18160,904,3720,0
10992,-2496,14152,18404,3916,3116,0
8792,5752,8628,16348,2592,2188,0
8104,-1652,9212,15812,1832,2572,0
14400,4868,8684,15848,3276,1916,0
14684,3904,11540,16116,2428,3960,0
19416,-276,10256,15628,1704,3376,0
17944,-368,5852,17352,-16,2912,0
10140,2024,4800,16520,876,3128,0
15156,-980,6068,17496,512,1820,0
8408,7060,2736,24680,-2116,-2732,0
21408,-8412,6488,19552,3420,9092,0
15252,-3700,1124,13288,4128,12200,0
16348,-1048,660,11108,-5508,6384,0
16040,-4856,992,7392,-6036,5328,0
15336,-2844,3348,12416,1380,8924,0
15812,-1192,2364,14756,-5508,9872,0
15988,-2832,3144,17940,496,10088,0
16016,-664,2920,16132,2448,10704,0
16696,-2340,5780,14632,-3964,9928,0
16352,-2252,5484,14096,6052,6536,0
16816,-1940,5364,13552,1884,7644,0
17624,-2688,5164,30232,-12500,-788,0
14264,1132,8076,14016,-1472,5232,0
15232,-904,8900,15320,-3752,2556,0
14080,348,7856,16392,1048,1192,0
14592,600,7988,16436,-912,1440,0
14176,1972,7920,16140,3464,-140,0
15168,952,5836,16140,3864,1088,0
16604,1664,3152,16364,-4236,3240,0
16840,4172,2384,16804,1544,4556,0
16888,2216,3268,16124,3292,3172,0
16660,2648,1932,16040,-1380,1676,0
16564,3200,1740,16420,2388,2840,0
16164,544,896,16516,-1244,3752,0
15544,476,2164,16264,1636,3052,0
15748,-3032,1728,16732,1216,3164,0
14260,-4352,496,16032,-1288,3332,0
15748,-1080,-452,17632,1924,4980,0
15364,-1100,-1468,17520,256,2932,0
15644,-5308,200,17400,724,1260,0
15668,5164,1664,18480,-52,2056,0
16520,-8712,636,15464,-476,3456,0
17048,1896,884,18768,12732,8128,0
15684,-5284,1516,13372,-6120,12680,0
16556,-2544,3076,16904,-4912,5764,0
16464,-1828,4468,15016,7052,6512,0
16732,-3468,4780,16180,-1148,9476,0
16392,-1380,5084,14920,-2212,7232,0
15960,-1340,5464,17520,4028,6384,0
15076,-2440,3924,17448,228,5144,0
15876,-1124,4160,16368,-2628,5620,0
16048,-2532,1348,9732,-1088,3036,0
18568,1012,3316,14744,1768,6016,0
20840,-96,-964,30748,-3448,4124,0
22440,2544,1532,16384,5400,3288,0
20340,-4480,8988,16772,-6852,1620,0
9112,436,14116,18536,9080,1036,0
13824,4032,7184,16408,-1236,1396,0
11336,3332,7116,15696,2948,3132,0
14192,1116,9996,16884,-1440,3120,0
17124,9076,10468,16368,3052,4124,0
19632,-1760,9348,16320,2344,3484,0
16140,2376,8332,16208,308,2228,0
14532,-968,7956,16376,-536,4504,0
10720,640,8264,16440,1548,2884,0
28576,-7096,-5300,23044,-1116,3840,0
18460,-792,2296,21560,-248,872,0
15232,-1904,-124,20132,3720,7656,0
15256,-2548,-1228,6436,1132,12876,0
15636,-3512,196,12896,-1752,9104,0
16144,364,2328,13596,-516,6948,0
17216,-4528,5440,14816,-5644,8260,0
16384,-588,4572,18196,-5468,7812,0
16456,-2816,4256,17640,1180,6408,0
16352,-2324,2936,18348,-2176,6452,0
17524,-164,2320,15460,-852,6460,0
16980,-2780,3556,13516,-40,6284,0
17736,-868,2956,30384,3536,-20832,0
21496,568,-4540,14000,-2444,1564,0
18656,-352,5172,18224,1648,2400,0
15876,-5132,10652,16384,6544,420,0
12572,2304,6740,14820,4332,-1916,0
9064,3740,8824,16272,8116,-980,0
14304,-2680,9556,17092,1368,1092,0
15656,7488,10636,17068,4204,2908,0
17932,1044,9372,16484,-752,2248,0
16856,-2488,6812,15824,2804,2304,0
16452,1564,4900,17476,-476,3800,0
14000,-1124,5764,16712,2908,4432,0
12168,1608,6668,17340,280,2768,0
31980,-480,-19716,18916,3716,132,0
13564,7652,396,23520,-5316,-3772,0
17648,-1320,956,20452,4680,7320,0
16408,-3256,-212,9812,5260,10024,0
15160,-3704,-48,10960,-4436,8412,0
15624,-2760,844,10928,8,8888,0
16372,-3700,4024,14204,-1948,8716,0
16448,-1116,3368,15548,-2120,8860,0
15900,-3044,2680,17204,-1204,8276,0
15344,-4396,1496,19272,-2076,5520,0
16828,3856,4352,16496,288,3816,0
16848,-4552,1980,10900,-500,2392,0
17532,0,3796,14156,1536,6236,0
19064,-2540,924,32767,-2812,-3716,0
21536,2512,-4600,17344,-2324,2272,0
20200,-4276,8768,16968,868,1212,0
14748,-5892,6572,15924,-396,3328,0
8168,5008,9960,16372,6924,516,0
10436,-768,8696,17224,1120,1440,0
12012,2080,9180,16164,784,1140,0
13596,652,12460,15772,3584,1284,0
16756,1844,10132,16276,2092,2808,0
18564,-2216,6852,16316,1024,5532,0
17064,1312,6128,16124,1484,3368,0
14056,2028,4272,17476,480,2820,0
14028,584,9388,17652,1260,2852,0
30840,-3372,-3388,20792,-2700,1764,0
18288,-6192,3892,23716,-48,-3892,0
15680,1048,712,21208,4628,10616,0
15852,-3584,240,9080,4596,9128,0
15908,-3832,288,9432,-4528,7292,0
15196,-2676,900,10564,1720,6396,0
16068,-2080,3372,15544,-6616,9824,0
16088,-3100,3884,15884,-4244,9128,0
16548,-972,2936,17396,1036,7444,0
16372,-2148,2988,20128,1656,6644,0
16304,-2588,1952,15452,-2616,6416,0
16916,-1124,4588,11160,1924,3012,0
17348,-1020,2872,15128,128,5744,0
20500,-856,584,12828,-1404,2136,0
23212,2628,-1820,17660,12296,1632,0
20804,-5072,9352,16824,-8756,2168,0
12464,-1996,14500,18948,10256,824,0
12836,2940,8320,16644,-2516,2164,0
8580,3528,9372,16616,4100,1956,0
15252,-2556,10356,15408,240,1468,0
14268,3896,10616,15680,3472,3940,0
17176,-8,9924,17140,1104,4440,0
18664,3208,6316,16544,684,3200,0
15952,-716,4636,16640,512,2664,0
9112,1772,7292,16524,680,2632,0
24184,-5908,-13272,16144,-248,1408,0
11204,7484,-844,23376,-3792,252,0
18220,-4248,1588,20012,3608,7464,0
16176,1748,1132,12224,4788,9572,0
16064,-5956,-304,11372,-3312,5460,0
15752,-1236,1056,12680,-4624,8516,0
16792,-4856,3096,14756,-2632,7712,0
16776,-608,3760,15964,-4472,7352,0
16092,-1660,4304,17712,-2768,7408,0
16468,-1936,3420,18536,760,5688,0
17044,-2352,2000,17156,-1344,5320,0
16716,-1944,2188,10236,-1312,5932,0
17508,-752,4840,13172,824,5180,0
18652,-2516,2184,16692,-2976,460,0
21632,5292,-1652,18156,3552,4244,0
17904,-2056,9704,18068,-3724,-196,0
13496,-3796,7604,16656,4844,192,0
12636,6456,7356,15988,1412,1788,0
10564,-168,7816,16828,2416,3592,0
14796,2680,8568,16920,3320,1576,0
14420,4168,10868,16636,1816,4252,0
16636,3368,10904,15560,1640,3760,0
16864,52,8336,20104,1048,4192,0
15888,2100,8140,15236,2164,1260,0
13168,1112,6660,16932,916,2584,0
15444,2172,6688,16488,1764,1524,0
9092,-1548,72,24452,-5508,1944,0
18340,-7136,3912,20544,3536,3240,0
15408,2056,644,17712,4780,9060,0
16192,-7276,-1464,8468,-3372,7196,0
16172,-976,148,10076,-1620,8264,0
16580,-3960,2784,14288,-4096,7424,0
15652,-916,3932,13292,-4796,8320,0
16672,-1776,4704,18484,-3584,8532,0
16816,-1192,4604,18756,2032,5584,0
16444,-1580,3232,18492,-1028,5076,0
15980,-2036,2084,10164,-3172,4976,0
17296,-288,4516,12716,3388,6260,0
19536,-1464,2656,26636,-4892,4544,0
22904,2660,-364,18760,1540,4148,0
19476,-5124,11300,16632,-1380,544,0
11736,-2732,12688,16916,5868,1672,0
11244,4936,7268,15600,800,1776,0
9404,2484,9164,16784,3964,3056,0
14772,1352,10004,16768,328,1964,0
14608,3648,10860,15940,3476,2540,0
16764,296,9904,16316,2600,3844,0
18528,320,6108,17036,1136,4048,0
17492,2220,5796,17628,296,3332,0
12220,-752,5136,16700,1916,2852,0
13136,2116,10472,17880,216,3204,0
22404,-11100,-2324,22528,648,2164,0
18256,-7976,4520,23016,-2176,-1944,0
15296,1908,332,20204,2436,11776,0
16612,-6516,24,5580,3624,13364,0
15428,-1632,1048,11100,-2828,8484,0
15752,-5108,2288,13748,-716,7792,0
16280,-1272,5036,13924,-4840,8884,0
15748,-2536,4436,16920,-3924,9056,0
16544,-1652,4740,16772,3164,8256,0
15648,-1676,3144,19808,-636,6808,0
16448,-1464,3864,15960,-1964,6000,0
16424,-1384,4132,10596,1388,3796,0
17576,-96,2172,14516,-16,1828,0
22700,3336,-4952,11208,-3748,3964,0
18896,-1288,8376,18424,11204,4180,0
18120,-6988,7596,14200,-4292,2296,0
10052,1856,15108,16424,5208,2728,0
13188,2988,7960,16780,-1108,2740,0
12280,3468,8136,16960,1548,3060,0
14288,412,10268,16472,4388,1696,0
16644,5272,11256,16520,792,4360,0
18764,1212,8592,16636,540,3456,0
18116,-1624,6036,16592,404,3460,0
12956,4084,5416,16212,2040,3588,0
11796,1708,9884,15984,1340,2880,0
28456,-8184,-1760,23504,576,1500,0
16492,-5900,2864,22552,-920,-1852,0
14752,4368,536,21052,2536,9964,0
15876,-6256,-396,8564,1128,10616,0
15468,-1896,-1032,12244,-1900,7232,0
16064,-2804,1500,12156,-2572,8052,0
16340,-1992,4360,13180,-6072,8812,0
15668,-1848,4000,16132,-3628,9980,0
16956,-1864,3388,17120,680,8832,0
16228,-1592,2748,19292,2032,5492,0
15940,-2356,2412,14208,-1868,6128,0
16960,-1776,4712,11240,-452,3200,0
16888,36,2992,17276,3408,-1852,0
21064,52,1988,9208,-1768,3108,0
20708,5696,2612,19092,7020,3804,0
22116,-9624,10004,15740,-1272,2012,0
10356,-2072,12576,17124,5720,1744,0
10692,6364,7920,16268,732,2084,0
11024,-3012,7724,16640,2948,2648,0
14864,656,11688,15344,896,1676,0
17340,3152,10696,16096,3056,2452,0
18672,-2568,8480,16300,568,3572,0
17660,4384,5272,16180,1956,2584,0
16068,-3452,5720,14588,2176,3648,0
11656,2760,5040,16444,-276,4140,0
13308,1180,9468,17868,980,2036,0
17672,2396,-184,23424,-2888,-816,0
17044,-14012,3124,22176,-784,3772,0
15288,4936,1360,19548,6088,9780,0
16124,-7440,-384,8272,-2628,11548,0
16364,-1720,-276,9944,-1356,9200,0
15792,-3536,2020,12880,1040,7768,0
15860,-1548,3124,12376,-3380,10692,0
15768,-2252,3656,18620,-1832,9192,0
16640,-1904,3292,16736,2516,7760,0
16508,-1176,3820,16760,-2392,6032,0
15844,-2952,3544,15476,84,3160,0
16208,-1428,3056,13784,-696,2688,0
17808,-284,5312,14636,356,4104,0
18680,-2152,3112,22972,128,524,0
19588,2664,-2684,17420,1500,3372,0
17052,-512,4144,17556,-3664,-72,0
17376,-5368,10892,17024,7388,332,0
12144,2020,6156,15380,1204,92,0
10752,5228,8584,17100,2936,2508,0
14084,-1672,9776,16548,136,2472,0
14040,3880,9980,16480,5948,2920,0
16600,1984,9788,16604,384,3448,0
18396,-608,7752,18860,2428,2564,0
18340,276,5984,15948,720,3548,0
14752,-32,5268,16588,2352,3392,0
8564,-1404,5084,17104,-16,3788,0
17772,-3840,-6684,16936,388,1708,0
6248,14276,-796,22288,-1712,-1524,0
20708,-9068,3624,19144,1200,5552,0
15724,812,1348,17148,2160,7780,0
15360,-3788,976,6976,-1800,8908,0
16080,-1860,1136,13100,-2716,7796,0
16680,-856,2964,11904,-1140,8000,0
16328,-1408,4124,15720,-2200,8396,0
16532,-1656,4468,17160,-7044,8716,0
16956,-1972,4400,18408,2408,6080,0
16588,-1176,3408,17476,-2536,6792,0
16344,-1756,2996,12100,-2860,4920,0
16352,-1756,3784,12868,2576,5540,0
18476,-1256,3668,32676,2388,-72,0
19116,100,3616,14836,-3792,1860,0
18728,1348,612,18216,300,2884,0
19220,-4396,9192,16188,2412,1168,0
11932,-20,11896,16024,1696,448,0
14664,2604,9008,16436,2596,2288,0
11520,2268,7952,16752,464,2404,0
12792,2340,9724,16156,2648,2220,0
15864,4164,10424,16716,2384,4424,0
17976,636,9808,15720,600,4592,0
16832,2204,6708,16532,-248,3876,0
16288,468,9460,16752,1492,4140,0
10312,-2632,5544,16212,1156,3408,0
17008,-3388,-10716,17492,748,1004,0
5640,10180,-3860,22564,-4172,-1248,0
20856,-5104,3100,20232,3204,4128,0
16628,616,2776,17496,2480,9520,0
16408,-5916,432,8444,-2136,7348,0
16024,-624,260,9972,-3104,7512,0
16312,-4992,2568,12520,-796,8452,0
16056,-152,3816,13996,-3756,9124,0
16152,-3008,3416,16632,-2432,9000,0
16524,-1172,3756,16700,984,8328,0
16912,-1672,4244,18680,-1600,6084,0
16260,-744,3184,15848,-632,4576,0
16452,-1884,3812,11408,1420,2904,0
17132,-944,4360,13156,-780,5496,0
19568,-1244,1592,17016,-900,3652,0
24096,3772,-1652,19648,3348,808,0
18872,-3984,10556,16896,364,896,0
12156,-4924,7108,17164,4020,2240,0
11572,4788,7624,16292,2756,4544,0
9912,-1264,9412,16820,1220,2924,0
13384,1336,11396,17072,2412,2360,0
14812,3296,10972,16764,5048,2656,0
16156,8,10456,16924,-548,4112,0
18956,-456,7336,15444,1388,3656,0
17740,376,5272,15828,2116,3556,0
12724,-2216,2612,15920,1160,4884,0
13188,1512,6936,16148,52,4500,0
32767,-4720,-6988,20236,1860,428,0
21716,7564,4192,25540,-3200,-6004,0
12784,-2328,-1580,21472,5768,11520,0
15944,-7492,-708,7960,3364,13760,0
15292,1144,424,10120,-2004,8644,0
16224,-4116,1800,12392,-232,7012,0
17228,-1660,3728,13632,-1068,9380,0
16756,-1708,4728,16816,-4128,10012,0
16604,-3204,4076,17532,2124,9040,0
16156,-1892,3496,19508,2440,7864,0
16108,-2560,2544,13832,-472,6700,0
16636,-1416,4160,12468,384,5580,0
16924,-300,4060,15192,-968,2096,0
21988,1408,-304,11060,-3996,3512,0
20788,2848,2664,17124,11164,5316,0
20252,-6516,10772,15552,-2236,4628,0
10188,-560,11388,16648,4692,1604,0
14012,608,9236,16660,1468,1992,0
8488,1156,10324,16308,140,2484,0
12936,-2704,9876,16260,1556,2732,0
15652,2684,10692,15332,2648,4712,0
16856,-2144,8544,16064,2868,3672,0
19832,672,5920,16252,2696,2760,0
15940,-536,6148,15384,2644,2928,0
9220,-428,5356,18284,-3020,1184,0
17724,-2188,-4632,19300,456,-1436,0
5656,14200,-2580,26216,-3752,-9124,0
20392,-7892,4460,20564,5420,11516,0
16184,2700,428,11760,2108,16684,0
15456,-7256,1152,8444,-6604,5484,0
16704,628,-416,10652,1696,6488,0
17136,-4124,4808,14264,-2352,9244,0
15752,2392,4884,16368,-1420,8972,0
16224,-3920,2796,18580,-844,9128,0
16320,-2380,2156,19252,-696,6852,0
16644,-2312,1964,13656,-724,7152,0
17284,-2164,4840,13796,168,3772,0
17440,-1036,3900,13180,864,6712,0
19708,-1488,248,17680,-3220,-948,0
22552,5740,-2112,18836,8092,-144,0
21524,-4876,7096,16088,-3764,-812,0
11428,-880,10840,16992,5644,-1032,0
10652,3644,8444,15720,916,912,0
9576,1416,9404,16544,2088,1628,0
14112,2984,9788,16360,1504,1568,0
14988,3696,11080,16040,1848,2768,0
17480,392,9880,16656,2288,3892,0
18848,2612,5692,16492,-1268,3440,0
16588,-424,7180,17200,856,3592,0
9848,-3024,3456,15500,1336,2040,0
13960,444,9020,17480,1128,1756,0
5976,5432,-1764,21272,-1980,212,0
19516,-10940,3916,20764,-1148,-1656,0
16072,4904,1984,20692,4648,11252,0
16528,-7092,-296,9644,1464,11192,0
16300,-992,268,11352,-3460,7768,0
15964,-2676,1096,12380,1144,5348,0
15176,-2212,2300,13840,-3536,7812,0
17092,-1020,6148,16016,-5236,8840,0
16412,-2856,3592,18132,1084,7348,0
16224,-1280,2220,17632,-1324,7000,0
16672,-1904,2880,15368,400,5384,0
16628,-2624,3664,11180,-868,4448,0
16820,-492,4280,15180,1140,2500,0
18772,-2632,2180,12356,-5384,-216,0
20936,5960,-3808,16100,13936,2996,0
18744,-2024,8920,16836,-11012,1016,0
15932,-5324,7828,17216,10196,-712,0
12492,5180,7132,16072,-3000,3732,0
10124,2508,9332,16732,4728,2584,0
12608,252,9000,15888,-1000,1828,0
13448,4356,9244,16436,3016,3356,0
17760,3368,9824,16528,1504,4180,0
20508,-112,8000,17224,968,3904,0
18072,1544,6588,16844,592,2452,0
7280,44,6764,16936,1908,2176,0
13168,1704,7416,16576,152,1436,0
4940,8780,-636,22884,-2480,1268,0
21296,-14776,2820,20060,2772,6488,0
17356,9348,2008,18032,2092,9036,0
15780,-8032,-1320,7560,-676,11348,0
16212,-1468,-736,12000,-2964,7500,0
16108,-3120,1996,11048,-1776,8144,0
15388,-1764,1948,14772,-4984,7784,0
16076,-2060,3332,16984,-5748,8636,0
16576,-2008,3924,17192,1380,7156,0
16992,-1368,5044,19932,-752,5360,0
16116,-1424,2204,14916,-420,5520,0
16640,-2772,3716,12724,932,3704,0
17548,732,4800,22928,5632,-10296,0
18876,-1928,3544,12124,-552,-260,0
20208,3004,-172,16628,11676,1508,0
19652,-3584,9380,16872,-8340,1816,0
11372,-3424,8916,17120,9828,156,0
11468,5656,9244,16128,-1168,1072,0
10084,-132,8624,16168,3808,1576,0
13600,3004,9948,16244,988,1484,0
15732,1980,9516,15940,3164,1884,0
16128,720,8832,16488,380,4132,0
17608,240,6664,14888,2032,2744,0
17452,368,4988,16292,2276,3740,0
14904,1116,4056,16444,1416,2968,0
11212,1324,5588,17636,380,2808,0
32767,-608,-4968,20148,3004,-748,0
15544,1664,2908,23604,-4732,-4776,0
15584,-1172,976,18732,2896,7628,0
15848,-2624,-140,11912,6396,6384,0
15572,-5512,-984,10464,-5168,7992,0
16044,-620,1244,9972,2836,8492,0
16024,-4748,2984,15564,-1868,10292,0
16328,1016,3532,13620,-4568,9564,0
16252,-2944,3948,17280,1168,8052,0
16012,-2676,3976,18968,2524,6260,0
16864,660,2436,18068,-3404,5160,0
16400,-3796,3236,9484,-236,4172,0
17096,8,2440,13088,1272,7264,0
21592,-924,1736,18848,-7104,876,0
23672,5600,-860,17648,7516,1920,0
20964,-4896,13436,17652,-4624,568,0
8560,-1808,14152,17332,7252,1308,0
9680,2024,9156,16976,832,2272,0
10756,300,9180,16228,1812,2932,0
13320,4056,9572,16124,656,1480,0
16400,-112,10344,16740,3120,3960,0
17528,1932,9880,15912,1364,3532,0
17984,1520,6140,16856,1168,3016,0
17536,-1948,8712,16408,824,3004,0
9044,1260,4228,16196,1548,2904,0
18092,-2444,-2808,18036,1420,2780,0
9648,5712,-2548,22004,-2756,184,0
19876,-4960,3572,20624,-496,-1672,0
16304,412,1484,20816,4104,8384,0
15176,-4936,-1484,10716,1816,10644,0
15780,-2596,-96,14212,-2240,6844,0
16540,-2068,1756,11404,68,7936,0
16228,-2440,3788,13884,-7304,8908,0
15920,-1836,4480,16888,-2412,8732,0
17052,-1580,5052,18004,2156,7696,0
16188,-1964,2380,19932,-1648,6124,0
16768,-1516,1708,12788,-252,6064,0
16908,-1616,2392,12972,-1112,5976,0
19560,-1600,1892,32767,1392,-1688,0
22856,3196,-2220,15392,-960,3684,0
21512,-2588,10168,17888,-1304,1232,0
12956,-5656,7236,16000,5668,1008,0
9416,6812,8668,14732,124,692,0
9308,-40,8960,16484,2100,3084,0
13020,2012,9096,16712,324,2504,0
13436,5076,9740,15556,3300,2496,0
18232,2724,9520,17080,904,3940,0
19264,2184,6964,16168,1520,2256,0
16560,2036,7368,17248,756,3288,0
11316,-1616,6100,17240,1768,2048,0
17224,-2396,0,17740,764,1996,0
7728,5724,-2176,21532,-2072,1136,0
19516,-9052,2364,20744,-232,-1640,0
15688,2592,408,17324,744,13740,0
15532,-4956,-1408,10372,4148,9708,0
16544,-1852,-32,11204,-2332,6608,0
16068,-3156,640,11336,1424,5924,0
16100,-3760,2284,13844,-6068,8984,0
16252,-1932,3428,15640,-4816,9656,0
16376,-2076,3080,17784,1044,7340,0
16720,-1280,3788,19608,364,4560,0
16092,-2436,3352,17536,-1684,3944,0
15644,-3092,2448,12140,160,1276,0
17868,-520,3868,12876,616,3644,0
16976,-200,3680,20028,3856,-5928,0
19160,-1388,1960,10540,-3272,1744,0
20992,3320,24,16624,10924,404,0
18408,-3116,8856,14860,-3732,1540,0
13568,-5676,10800,15804,6800,1388,0
15324,2088,6688,16992,2072,3276,0
10496,4512,9120,17392,3236,1308,0
12596,-3024,10840,16580,3040,1208,0
15132,-1140,10636,16648,4236,2540,0
16384,3648,11084,16144,1624,4024,0
18352,324,8256,17972,868,2984,0
17632,-3880,6312,16604,1716,3168,0
15080,416,5332,15976,2248,3684,0
11796,2328,6412,16484,1616,5132,0
32144,5128,-21368,16132,3644,5304,0
9872,17596,-3060,17104,-472,5024,0
19928,-11964,656,14260,408,11872,0
15068,7152,-1260,12632,1284,12712,0
15184,-4864,-2240,13096,-1780,10252,0
16324,1216,-352,13272,-1804,7768,0
16896,-2720,920,14184,-2348,7272,0
16204,-1896,2168,14716,-3208,5568,0
16436,28,1240,14376,-2856,4284,0
17568,-688,2188,14180,-2920,2172,0
16292,-1488,3120,15784,-3836,1096,0
15880,-2264,3420,15324,-4536,128,0
16136,-1132,2828,15800,-4880,-424,0
15844,-1452,2464,16092,-5384,-1008,0
16392,-1476,2916,16088,-4012,-2168,0
16280,-2056,3224,16488,-2620,-2556,0
16136,-812,3380,16592,-2824,-2160,0
16196,-1380,3968,16548,-2216,-1524,0
16288,-908,3792,16332,-1200,-732,0
16024,-740,4100,16616,-700,-2000,0
16008,-484,4076,15872,-1024,-2740,0
16324,-4,5320,16880,1620,-3172,0
16532,-96,4040,16064,1572,-1992,0
16192,292,4988,16488,488,-932,0
16152,936,4512,16564,36,680,0
16396,920,3472,16636,2660,144,0
17176,136,1928,15840,1116,1120,0
17004,-1968,5140,16568,3952,1432,0
16948,-52,6412,16372,3024,1036,0
14348,-1264,8572,17136,1032,2560,0
15016,1708,9656,17152,1716,3112,0
14836,-3068,9104,16272,1960,3860,0
16184,-304,9820,16356,3144,4876,0
17940,136,8708,14924,1620,3524,0
17740,-620,6028,15424,1604,4488,0
16084,3876,6664,15200,880,4360,0
12984,-3984,3656,16292,1136,4604,0
12948,1316,8864,16676,1708,3808,0
32767,4980,-16336,18600,3540,508,0
15960,8364,2920,21556,-5696,44,0
14404,-4692,-396,19652,3624,10776,0
16860,-2448,752,16212,2000,10552,0
15268,-2240,168,10900,-2696,7516,0
15920,-3664,1620,12084,-188,6312,0
16120,-1512,2784,11272,-3440,8896,0
15924,-2736,3960,13608,-2384,8440,0
16588,-2424,4848,16332,-4708,9880,0
16124,-1724,3844,16892,1560,8300,0
15260,-1824,3076,19740,2804,5224,0
16124,-1544,2868,11564,-2492,2700,0
16604,-2516,3868,12312,1392,4848,0
19208,-2472,700,32767,-1432,-4232,0
23216,6832,-7496,15612,-3880,7104,0
19684,-5364,9380,17020,-3344,1688,0
14072,-7836,8216,16876,4548,1796,0
10980,3688,8368,16624,2824,232,0
8320,1936,9828,16108,2244,1192,0
12640,476,9984,16720,956,1832,0
13348,648,10664,17780,2968,2868,0
18092,3436,10600,16080,2236,4072,0
19580,1540,7108,16448,1344,3128,0
15692,-460,8568,16420,-80,2740,0
9976,-1148,4908,16892,1544,3600,0
15764,-2836,1996,17124,-48,1184,0
3764,6976,-1336,25788,-2452,-5656,0
20876,-6644,4564,23488,7540,4944,0
16520,1580,480,9636,1292,11436,0
16896,-3104,684,10620,-6808,5324,0
15880,-400,968,10016,-1392,7712,0
16408,-2776,2324,14544,-1432,7492,0
16144,-2240,4232,16348,-6080,9024,0
16704,-1536,3800,19220,-3780,9168,0
16292,-2480,3028,19316,2828,5464,0
16804,-804,2552,12132,-3060,6160,0
16904,-2988,3504,13048,1736,4712,0
17976,-408,4664,29416,5728,-27064,0
21032,948,-3328,10112,-8064,1516,0
21068,-568,2428,17160,6212,4248,0
19696,-8108,4600,14960,-828,5692,0
10096,5364,9196,17388,3656,2808,0
12480,1088,8096,16832,2196,2384,0
11804,3408,9332,16452,-208,3204,0
13500,1900,11096,16316,4264,2236,0
17064,4348,11668,17804,1996,3760,0
19720,1340,7924,16856,320,2996,0
17412,388,9916,17056,460,2696,0
6780,-1016,5168,17860,1456,3060,0
32767,3404,-16716,19808,1428,1484,0
16272,4060,6188,24520,832,-4156,0
18388,2380,1272,23520,4928,7708,0
16704,-5276,500,7672,2424,14908,0
15200,-1852,-1284,11556,-2660,7904,0
15820,-3068,1736,9716,-552,8088,0
16144,-2132,3252,13800,-3004,7816,0
16448,-1764,4668,15188,-6300,9784,0
16716,-2860,3720,18500,844,8416,0
15212,-952,2344,20560,1800,5928,0
16904,-1872,3480,13280,-3508,4980,0
16504,-1760,3708,12572,1952,6224,0
19332,-2736,2604,32767,-1380,-4320,0
22572,3016,-4604,15372,-6016,6100,0
19348,-2020,6108,16604,5492,1324,0
13976,-8308,9620,16656,2860,1252,0
11952,6100,7244,15732,2660,1488,0
9416,2668,9488,17268,2436,3800,0
13040,1740,8984,16408,16,3340,0
14836,3956,10084,15860,4224,3140,0
18388,4688,10044,16612,1416,4372,0
20432,-672,6556,16772,704,3704,0
15828,12,9932,16080,816,2768,0
7596,-1288,5388,16296,1316,3636,0
16300,-3408,-7208,16952,336,2552,0
6152,13364,-2104,25872,-3536,-4460,0
19884,-4496,3008,23408,3072,7100,0
16256,-508,1768,12504,4220,7144,0
15812,-6760,1012,9216,-6768,7384,0
16960,-472,3072,9364,652,6292,0
17080,-2956,4300,13476,-2924,9712,0
16592,-372,4588,14108,-4764,9260,0
16868,-2224,5108,18812,-2576,8720,0
15496,-1304,3220,20272,1944,7080,0
15828,-2952,1764,14392,-4012,7304,0
16492,-988,2900,10644,1512,4548,0
17852,708,2524,13564,1200,7384,0
23992,728,-7964,9948,-236,3956,0
24276,-1480,7040,17656,6780,7132,0
13712,-6332,6916,15512,-3716,3560,0
7484,4800,11100,17024,5732,2668,0
9744,-760,8256,16864,400,2428,0
12492,3576,9624,16312,3004,2464,0
11876,6304,10900,16360,1176,2004,0
17996,-1320,10244,16124,2604,3296,0
19972,1776,7276,17452,800,4172,0
16608,1084,8128,16788,20,3416,0
10016,-76,5008,17076,848,3416,0
13764,-1264,5352,17820,1348,1812,0
5804,8312,-2148,24204,-1680,-3140,0
21672,-10124,3352,21556,2044,5732,0
16516,3592,2244,17612,4316,5532,0
16212,-6512,-180,9516,-3836,16156,0
16780,-1144,1196,11576,1032,6912,0
16648,-3344,2752,11212,-4220,10324,0
16616,-408,4344,13888,-1672,9636,0
16952,-2476,5404,17208,-2824,8944,0
15856,-1432,2784,19284,120,6280,0
15980,-3540,2344,19564,-328,4304,0
16292,-1136,1788,7860,-2700,3552,0
18560,-648,3896,13464,4104,6324,0
20632,-2112,1328,32767,860,6008,0
20932,3720,-4396,18992,-336,4700,0
23316,-5788,3500,17956,2068,1888,0
11632,-4824,9748,15892,-1048,2852,0
10984,5944,8040,16056,4976,3264,0
9272,-3208,7448,16356,-2744,3344,0
14464,3292,9936,16964,1836,2668,0
14952,4604,12328,15140,2796,3868,0
16500,-752,10836,16940,2452,3332,0
18784,1992,6984,16668,-468,1848,0
15408,-1076,6616,16968,1824,2864,0
10332,-784,7276,18144,2204,2004,0
32767,4936,-11644,18640,4044,-1088,0
17528,12888,764,23312,-3424,-9392,0
13052,-5980,444,25004,5132,3744,0
15088,264,196,13696,4752,3452,0
15328,-4848,1324,10104,-5108,8880,0
15940,32,2564,10120,376,3652,0
15612,-2468,2732,12616,-6140,10704,0
16412,-1556,4300,15408,-3504,10096,0
16820,-1760,4728,18428,148,8388,0
16820,-1036,3432,20084,116,6404,0
16040,-2596,2336,13880,-2096,6220,0
18132,-496,4956,12920,2448,3412,0
19136,-3836,1324,32767,372,1800,0
22620,4804,-5020,14844,-6208,6004,0
19348,-4640,6596,17664,4008,2928,0
14456,-6504,4636,16252,3152,2272,0
11484,7576,6800,16208,412,1784,0
10044,-144,9000,16924,2964,3024,0
11680,3064,10100,16256,-1724,2652,0
14584,3628,10312,16012,4004,1680,0
18004,5028,10808,16760,1676,3060,0
18520,312,7968,16756,-324,3824,0
17468,2904,10360,15972,1684,2676,0
9192,-5864,4616,17528,-408,4024,0
32767,2664,-3004,20032,5028,532,0
17256,5464,5404,23120,-2780,-6652,0
14700,816,1404,22552,3944,7932,0
15748,-3392,-824,9112,4456,5036,0
15232,-3788,-4,7240,-5832,9420,0
16824,-216,1420,10148,2780,7316,0
17400,-5740,3476,13144,-5812,11924,0
16116,1484,5148,13592,-5096,10472,0
16840,-3972,3964,17260,1288,8480,0
15848,-1640,3096,20152,2764,5020,0
16456,-1204,2952,16080,-6212,7204,0
16724,-2520,3296,8340,776,5348,0
18596,444,2384,18688,7788,-4316,0
22176,3800,-5104,11420,-8,3404,0
19952,-3160,4872,18376,6356,5004,0
18520,-7616,6096,15108,-1148,2844,0
12028,4304,13872,16432,3708,1776,0
12372,744,7192,15520,216,3276,0
9972,1444,9796,15964,1512,2420,0
14272,3272,10668,16552,1896,2008,0
16684,2796,12304,16624,2720,4664,0
18128,-844,9464,16796,668,2032,0
18088,856,8104,17068,772,2828,0
9400,1060,5220,16632,1308,3896,0
13436,-1020,9480,18076,44,1536,0
3604,10912,-1216,25008,-3684,-6492,0
20604,-12308,3548,21268,4548,6644,0
16568,4544,2208,14784,4192,4660,0
16532,-7192,72,8804,-5504,13164,0
16868,-568,1908,8512,248,5848,0
16512,-3192,3036,12648,-3480,8712,0
16840,176,4612,13848,-7380,10212,0
16504,-2808,3904,17760,-2612,8640,0
15648,-2400,2152,20456,1908,5880,0
18012,-1080,3016,17536,-2400,6400,0
16828,-2120,2032,9376,1184,3520,0
17892,68,3236,20728,7432,-11384,0
20484,-708,-3840,10288,-2204,3628,0
21124,92,1740,17984,7380,4936,0
19876,-7004,5824,15060,-2988,1208,0
10000,6452,9476,16984,4596,836,0
11120,-848,11296,17632,1072,712,0
11880,2236,9392,16012,1260,2132,0
12872,4896,10196,16548,3184,3008,0
18328,3632,11548,16672,1036,4356,0
20632,-1264,8384,17104,380,2320,0
17360,2916,9908,17088,-184,2452,0
7156,-1512,6840,16484,2104,3308,0
23760,-5688,-23500,18852,-320,1700,0
9936,12828,-388,23904,-472,-9108,0
18604,2516,1664,24468,2956,8336,0
17536,-5140,396,9320,3508,9368,0
15512,-2268,-324,8212,-3996,9424,0
15372,-2300,-88,10228,4016,5656,0
16076,-3436,3204,14648,-5080,8544,0
16740,-784,4756,14616,-3088,9600,0
16044,-3400,2576,18352,-12,9604,0
15732,-1340,3972,20832,-576,3600,0
17092,-628,3560,11332,-3684,4124,0
18408,-1840,3684,13336,2032,5012,0
21716,-872,-100,28328,-6096,-1260,0
24720,5100,-4636,14236,792,7928,0
20536,-6168,6944,17228,-3492,1540,0
12260,-2888,15584,16900,2540,1916,0
14156,2128,7212,16912,1104,2076,0
10976,292,8292,17916,4044,2928,0
14116,360,10328,16432,2144,2276,0
14580,4852,12396,15012,-272,3748,0
17648,-756,10308,16168,2060,4052,0
17584,736,6620,16088,-164,1980,0
11240,-48,6656,17676,-404,3444,0
14236,-576,5004,19752,712,-644,0
9484,10844,3552,25680,-2368,-12164,0
16924,-14048,4988,27680,5892,6992,0
14768,4364,2288,8908,5720,12608,0
15468,-8408,72,9016,-6944,9160,0
16076,-1468,1184,10916,6288,4060,0
16724,-3256,5396,14660,-8964,8864,0
17804,192,5108,14960,-4236,10624,0
16600,-2676,2848,19404,2268,9624,0
16112,-1700,2808,19164,1572,5004,0
16436,-1836,3548,9316,-3904,3656,0
17732,628,2728,13016,1804,7140,0
23296,-1776,-300,28584,-4452,3380,0
22328,-1968,-632,17276,-3856,6840,0
20372,-6236,6132,15472,2524,3192,0
9560,-456,13796,17008,1460,2660,0
11664,1596,6996,16996,3620,1832,0
10972,664,9892,17920,2948,2700,0
14772,4768,12028,16668,2260,2288,0
15936,3464,12220,15876,1820,2368,0
19436,-1184,7516,16808,1192,4596,0
17568,2652,7752,15740,420,3912,0
7768,136,3916,16888,52,3416,0
14292,-1936,5016,19444,-1720,392,0
6228,4848,1200,26116,-1580,-7372,0
21256,-4024,4912,26268,8448,9000,0
15900,-2612,2132,9976,1420,13824,0
15092,-3072,236,10068,-3320,7492,0
15832,-1044,-556,11332,-412,5276,0
16664,-3908,4036,14544,-5576,8580,0
16444,-444,3252,15144,-3968,8740,0
17476,-2432,4688,17936,-4276,9700,0
15812,-2056,2168,21704,3764,7544,0
16636,-1088,2856,13404,-2124,10060,0
17208,-1480,3536,12260,-240,6368,0
18604,-2112,1968,32767,-2764,-30976,0
23900,1352,-5716,10672,-6068,4020,0
20104,-6900,6352,18784,-392,5884,0
12140,-6584,6644,17444,3716,5176,0
9388,5552,11216,16748,2132,2160,0
12204,-924,7956,14512,2540,2228,0
11612,4336,8912,16392,276,1948,0
13956,3304,11296,17988,3296,2464,0
18832,-76,11764,16108,776,3924,0
17632,1244,8520,16000,484,2416,0
13060,204,6640,16708,828,2804,0
12724,1484,11980,18388,1332,2168,0
19316,48,4936,25196,-1008,-4872,0
18320,-9532,3608,20296,-656,3984,0
13004,4896,716,22832,3908,5124,0
16464,-9260,-236,8424,-3260,14812,0
16160,1260,300,9820,-2088,6212,0
16936,-4436,2576,10528,-1736,8516,0
17020,-820,3580,12708,-8636,9848,0
16548,-2956,4896,16468,-684,9432,0
16564,-2220,4252,22084,1696,6804,0
16720,-920,1416,16612,-2784,5732,0
17460,-1092,3584,9280,1488,4860,0
18180,-676,108,27280,7604,-19152,0
26472,3660,-8152,11276,-2664,1948,0
19460,-7660,8392,18288,876,7344,0
12480,-6768,8836,15812,5832,3296,0
11296,4248,16272,16832,800,2144,0
13512,2056,8472,17180,3780,3052,0
9616,2876,9956,16168,552,2860,0
14728,3204,11908,16140,2884,3012,0
18104,2920,11172,15924,120,4080,0
19000,-756,6724,16596,1212,2656,0
13188,2648,7424,17216,-136,3340,0
11844,-1944,10656,19000,1884,-844,0
14648,3384,4308,23500,-3568,-9584,0
15604,-6536,7320,23816,2380,8016,0
14700,1668,3460,14684,3280,5224,0
16972,-6072,2252,9144,-4976,10912,0
16976,-876,2540,10156,3276,4472,0
16064,-2788,3680,13868,-5788,10996,0
16680,-2436,4088,13880,-5912,10808,0
16124,-1696,3088,17040,1348,10228,0
16292,-1804,2604,21752,2056,6092,0
16928,-884,1856,10960,-7512,4300,0
18004,-1056,1192,13404,3536,7120,0
22812,-744,-2528,18640,-7200,396,0
21516,2668,244,18480,5604,5236,0
21512,-6768,5052,14640,-4688,2816,0
11908,-408,8568,17056,2568,2868,0
8240,5156,6384,17352,2088,2444,0
10992,-4864,8736,16944,2616,2932,0
15676,5692,10984,16412,5044,3028,0
17144,2916,11668,15848,2084,3920,0
19644,-224,8796,16276,1216,2812,0
18052,3000,7744,17208,404,1720,0
8480,-1540,5772,17820,928,2348,0
18392,-4928,-4860,18112,1660,-1476,0
8096,3704,3052,22212,-3316,-7276,0
19900,-4244,6876,22440,3924,4156,0
15620,-2228,1764,17028,4464,3412,0
15904,-5092,1740,9196,-4956,8812,0
17824,-488,2256,9656,8260,6612,0
15672,-6784,3552,12164,-7916,11708,0
16716,656,4124,12184,-5156,10920,0
16600,-3556,4108,17900,2160,10204,0
16016,-908,2828,22152,3144,6448,0
16212,-1960,1744,12648,-4984,7780,0
17592,-1236,3092,12396,3876,5036,0
19468,-2552,-832,32767,4244,3396,0
23404,5580,-4592,14800,-4184,8180,0
23224,-7112,7636,19456,-5000,3864,0
11840,-3908,8132,18588,6788,2212,0
11684,4484,12520,16640,1348,1844,0
12616,3568,5484,17300,3916,1788,0
11012,976,9424,15636,540,2904,0
14424,5048,12648,16368,2940,4592,0
16420,1964,12000,16376,872,3736,0
17772,-1220,6940,16800,208,2000,0
12680,3272,7392,17344,292,2796,0
11568,-944,8500,18328,720,1676,0
25236,300,-1376,23376,1840,-4864,0
15144,-3596,6412,21124,-904,3276,0
15212,3412,1728,22324,2396,5624,0
17348,-5340,3212,8992,-1484,13504,0
17552,1636,3648,10220,-1376,10316,0
16372,-4776,4112,14004,2812,4108,0
16408,-1344,3928,13752,-11956,8556,0
15588,-2900,4344,17180,-2188,9848,0
16172,-1252,2536,19908,2856,8652,0
16704,-2128,2052,14696,-3384,6980,0
16580,-348,1356,7800,1156,6068,0
21252,-1744,8,32767,3740,3644,0
22632,4792,-3300,14336,-5508,9732,0
21860,-5528,8784,18844,-1100,4868,0
11280,-2760,8876,18380,1268,2660,0
10400,6660,12120,17416,2260,2736,0
12472,-1844,7380,17968,3280,3580,0
15232,4100,9156,16992,704,3076,0
15300,6020,12356,15652,660,3520,0
16140,-1348,9584,16172,2024,3844,0
17724,228,6256,15400,-292,3516,0
12340,1228,5376,15852,884,3412,0
11804,-1644,7220,17544,336,2688,0
32312,-3892,-916,23456,224,-496,0
16292,144,5528,21916,-1040,-1316,0
15724,3584,2400,22936,3788,7932,0
17436,-4228,2680,8528,3840,11384,0
16256,68,1668,10548,-4848,13496,0
16416,-2348,3824,11660,-1500,5128,0
16200,-1452,4108,12448,-10504,7408,0
16148,-2040,3900,14776,-2680,9456,0
15876,-1624,3188,18628,1248,9184,0
16180,-2472,3096,19708,-924,5964,0
16256,-1676,2100,7448,-2648,3860,0
18308,704,3912,14068,2380,4788,0
21268,-2840,432,14088,-3604,5196,0
21832,5632,-800,17876,6420,5488,0
22996,-6356,7140,15076,-2192,2604,0
10232,-1896,8416,17204,4004,1932,0
10544,6952,13984,16984,-356,1452,0
12256,-9280,8240,16148,3104,3236,0
14972,7332,9768,16828,688,2012,0
16408,3688,11620,16316,1644,3584,0
18468,-1852,8604,16532,1088,3696,0
18356,836,4500,15636,1936,4060,0
14428,1540,3752,15832,1756,4392,0
11620,-232,4596,18144,344,3860,0
26880,-4472,-13836,19016,1580,912,0
11584,8072,-684,23804,-1048,-6868,0
18592,-2460,4388,21012,2200,8092,0
16640,-5084,2288,15212,1172,6696,0
16560,-1340,160,7420,-4064,14008,0
16164,-2868,1120,10200,4852,7904,0
15768,-2156,1924,12604,-3476,8376,0
15984,-2448,3564,12912,-4168,10508,0
16548,-1740,5364,17208,1224,9640,0
16636,-1852,4776,17592,4556,9700,0
15636,-2868,3968,18064,-2412,9488,0
15740,-2080,5436,12656,912,9036,0
15916,-1932,5012,11688,2436,7548,0
15700,-5128,3520,32767,-19520,-16064,0
16108,2868,8748,11780,-8540,6204,0
13828,-1292,12996,17140,-348,2336,0
14360,-1268,10332,18268,3132,2032,0
11696,1244,9852,17468,-3004,1628,0
14044,4420,7928,16200,2444,2296,0
14572,4296,6428,16384,1096,196,0
15864,3152,4088,15948,2732,1108,0
16476,3764,4436,16756,312,3592,0
15776,3616,4060,16300,956,4404,0
16268,2256,3216,16632,-704,3520,0
15576,636,1736,16456,-140,3520,0
15480,-20,80,16176,-256,4524,0
16184,1460,632,16208,4,4228,0
15356,-356,556,16112,256,4892,0
16540,1948,-520,15936,-408,4644,0
19324,-1280,-1532,17396,-184,4640,0
15076,-1244,-340,16192,-572,4004,0
15460,-12,4,15640,-656,4320,0
15952,372,216,15200,-180,4604,0
15816,-3472,-1764,15988,12,4924,0
15896,-4092,1020,16660,-976,4240,0
16376,92,2468,17376,1324,2396,0
16140,-1784,2896,18452,1268,6816,0
16056,-2076,1208,13936,1480,11168,0
15980,-3388,1716,16924,-1228,4624,0
15908,-2040,1004,13848,-248,6652,0
16008,-3008,4876,17860,436,7372,0
16128,-2040,4708,15560,-984,7968,0
16200,-1244,5656,18088,-72,8444,0
17120,-1888,4992,18480,-412,6896,0
16672,-1912,3720,16772,-2012,6188,0
17176,-2020,3488,9904,380,5692,0
16580,-568,2824,12452,684,5308,0
18752,-396,984,9560,-4068,3460,0
20624,2668,-916,18612,10260,5812,0
23116,-5216,6588,15700,-6892,3704,0
12444,232,11396,17280,8276,852,0
12096,4220,7396,16060,-2212,2396,0
9444,40,8228,16492,2324,2404,0
14644,2340,9804,15724,1068,1888,0
14852,6064,11648,16040,4112,3344,0
18456,20,9324,16528,324,5256,0
19736,44,5172,16128,420,3748,0
12996,5640,8048,16140,-152,3456,0
8376,-1020,9280,17344,640,1780,0
32767,-13776,2564,21472,-964,752,0
17416,3316,4312,24032,-892,1624,0
14840,-3724,-472,20128,6328,13956,0
15972,-2976,-384,6756,-836,9824,0
15132,-2600,-248,8588,-6920,7984,0
15876,-3644,2472,11372,940,7384,0
16176,-2524,4456,12944,-5016,9008,0
16548,-1592,4928,16428,-4060,9724,0
16496,-2040,3872,17652,3320,8184,0
16588,-1088,3476,20444,296,4776,0
15792,-2968,3188,13684,-2504,3548,0
16856,-584,2816,10468,1520,3976,0
18812,-4272,1116,32767,-2344,-25728,0
24216,4412,-9312,11392,-7768,5904,0
23180,-6140,6136,19200,1836,4860,0
13132,-5332,6296,17296,5132,3080,0
8860,4232,9528,16368,2124,2540,0
11620,-3632,6864,17352,3580,2224,0
11396,4976,10508,16968,400,1692,0
14228,1716,12104,16264,1636,2728,0
20240,3124,11580,16556,852,4356,0
19036,224,9740,16936,-332,1592,0
7680,-916,6196,17464,264,3300,0
13392,264,12656,17264,888,788,0
5456,6684,5264,25444,-2452,-3264,0
20676,-7680,8976,22820,6152,6408,0
15664,1864,2488,12568,1024,7800,0
15940,-5732,772,10044,-6668,9356,0
16224,-504,1608,10332,740,6636,0
16756,-1792,4804,13316,-5612,8024,0
16776,-1028,3876,14152,-4912,9872,0
15876,-2296,3688,19276,-2880,10152,0
16348,-1360,3448,19936,2668,4920,0
16068,-2004,2324,10776,-3988,4780,0
17844,-736,3408,13096,1228,6516,0
22640,-1744,-784,19356,-8476,2584,0
23232,5220,-2312,18384,3964,5940,0
22428,-6252,6624,16784,-3780,1760,0
11816,212,12236,17720,6160,2480,0
12428,1524,7072,16992,1028,1232,0
9432,344,9592,15796,3284,2620,0
13464,3420,10496,16444,2628,2356,0
16176,2224,10800,16004,3412,3780,0
19772,2136,9156,16460,2204,4092,0
17680,540,6164,16324,20,2688,0
11816,400,5032,18068,1092,2720,0
14400,-528,9436,19080,-92,24,0
16424,-1308,4216,26072,-4788,-188,0
18936,-5064,3780,22008,5044,6664,0
13164,-796,2476,14836,4216,5076,0
16512,-6336,1924,6388,-4808,10892,0
16616,-2216,232,9440,3572,7484,0
16848,-3564,2664,10884,-5880,9696,0
16948,-216,4640,12532,-4492,11144,0
16424,-2132,4612,18304,2012,9124,0
15984,-1672,3000,22252,1816,6408,0
16624,-1900,2996,13784,-1676,9340,0
17220,-1524,2272,11492,652,7760,0
19868,-2044,-12,32767,-10692,-24404,0
22716,816,-3460,13868,-10124,9064,0
22332,-5380,8812,19064,1116,924,0
12228,-3460,7260,19220,7160,3620,0
9364,4020,8592,16836,-596,2464,0
12564,-7800,7752,18064,4956,2500,0
14840,6756,10768,17436,4232,3072,0
16828,1888,11412,16268,3308,3296,0
19860,364,7888,15968,684,2808,0
17968,604,7292,16332,624,3904,0
8892,-1624,4436,17100,1196,3312,0
14532,-1904,2672,20348,-1488,-840,0
5968,8132,2012,27032,-2652,-8428,0
21424,-5256,6472,25136,5512,8272,0
16440,-4484,3696,10428,4216,11136,0
15876,-3076,4108,9812,-4024,10512,0
16952,-2940,1556,11796,4576,3888,0
16512,-1180,4576,12560,-9924,8692,0
17024,-1820,4028,16064,-1080,10620,0
16288,-1640,3604,19164,2696,8884,0
15544,-2352,1780,20156,108,5432,0
16180,-2268,3060,4160,-2556,4744,0
18168,220,2008,14612,6412,2716,0
24512,2444,-7532,9848,-1908,6368,0
21344,-2492,5952,20208,5860,7560,0
16164,-6040,5908,14036,-456,3420,0
11084,5308,15740,16336,2096,3144,0
11176,2888,5644,17628,1384,2416,0
8192,-900,9076,15888,296,2384,0
14676,4784,10672,17108,4688,2748,0
17868,-1796,10568,15732,2312,4868,0
20836,1940,6068,16092,1080,4916,0
15504,3076,5140,16608,-192,3820,0
9300,-1584,5672,18260,412,2528,0
25408,-4284,-25048,20868,-1052,-932,0
12464,14884,7204,26192,-368,-7336,0
18328,-1124,5200,26644,5296,6740,0
17196,-10644,2476,7868,-1588,14976,0
17000,2184,2620,8648,-4872,5168,0
16672,-5368,3992,9256,5600,6868,0
16480,-456,4048,13232,-8532,10312,0
16308,-3640,4120,16836,-1236,10176,0
16276,-1184,2976,20400,3072,7364,0
16592,-1628,1624,17576,-3224,7496,0
16448,-2176,1768,6524,872,5040,0
18400,528,256,19848,9220,-18664,0
25436,5268,-2624,8968,-2780,6596,0
23884,-6072,8056,18996,3232,8224,0
12532,-5720,8308,16388,3872,2148,0
9420,6892,11516,16520,3116,988,0
10568,-1132,7400,16536,776,1680,0
11904,4136,9000,16352,876,2472,0
13764,4224,11864,16584,2940,2852,0
19192,1808,10576,16420,1884,3468,0
19668,-552,4232,17040,-276,2792,0
11860,3956,3684,17248,488,2484,0
13352,-1444,9744,17436,444,2468,0
29336,-6432,1348,24568,-1328,-2028,0
12048,-5700,6712,23632,2100,1536,0
15548,6040,4584,23316,4708,7884,0
17240,-4020,4536,8484,36,15364,0
17152,1516,3148,9752,-4236,9480,0
16664,-3708,4608,11212,4380,6536,0
15644,-1840,3728,11424,-9792,9764,0
15676,-2724,3312,16076,-2352,10704,0
16364,-1420,3064,19436,3460,7840,0
16120,-2520,3320,19404,-3736,5084,0
16948,-1652,2564,7300,3308,4000,0
17536,-544,256,16276,1380,-1072,0
23108,3404,-3892,12584,-1380,9992,0
20020,-748,5580,20240,-5660,6904,0
16236,-7040,3932,17664,10728,2656,0
11204,2940,12540,15964,-1608,1276,0
11764,2684,6380,16644,3944,2256,0
9288,216,10744,16976,-64,1920,0
12136,3932,13252,17208,4476,2608,0
17976,1308,11416,15900,1920,4648,0
19908,688,7500,15896,300,3336,0
15248,3260,9176,16736,812,3372,0
9252,-2272,7292,15896,1228,3896,0
32767,2384,-3716,19840,3920,172,0
15924,3828,5364,23012,-3224,-5016,0
18960,-112,3912,23520,1800,9396,0
17568,-4284,4372,10232,4268,8004,0
16140,-1540,1064,10652,-5288,10680,0
16296,-596,2952,9776,6740,4376,0
16548,-2776,2360,15528,-13228,10060,0
16244,-2264,3988,14564,-6600,10384,0
16016,-2248,5692,16688,3836,8716,0
15872,-436,3496,21768,808,6608,0
15764,-2172,1728,12692,-5700,5056,0
17504,-904,2192,12476,2328,6488,0
19312,-4356,324,32767,-10536,-19356,0
23108,6024,-5772,12280,-424,5768,0
22208,-5484,7020,18364,360,4728,0
12900,-5616,6716,17456,5764,2004,0
11280,224,19916,16752,916,2020,0
12452,-1260,8892,16720,3308,2308,0
10808,8140,11024,15992,-272,1976,0
14612,1132,11872,15952,2232,3068,0
17424,-2308,11124,16072,2712,3764,0
19140,6340,5820,16476,-456,2548,0
14656,-2668,8680,16600,1536,1692,0
11436,1476,10520,16772,684,1724,0
32232,-8940,4072,24220,-60,-3904,0
16844,-3952,5496,23616,4064,6428,0
15908,4124,1076,21520,6852,5500,0
16972,-7016,-1708,8284,-4856,16252,0
14288,-220,-1004,9988,-7860,5480,0
16924,-4892,3008,8844,960,7780,0
17560,1256,2696,11656,-9760,10460,0
17532,-3148,5032,16200,-1348,9824,0
16044,-1504,3116,21712,2660,5208,0
16736,-1504,2956,16884,-2332,7508,0
16760,-2248,1992,8184,-124,6772,0
20756,-1008,-892,32767,2192,-644,0
26428,5124,-5532,13204,-1936,6508,0
22572,-5644,7856,18432,-4212,2080,0
10756,-1248,12988,18220,7348,3752,0
11752,5864,9024,17556,-936,808,0
9228,-2436,8488,17496,4020,2900,0
13836,4228,8840,17168,-88,2844,0
17460,3884,10092,14936,2732,2840,0
18320,1560,10996,16312,1788,4260,0
18404,-32,4576,15996,-100,2960,0
12156,-572,6544,17916,1468,2840,0
13736,376,11672,18448,-592,564,0
14356,9952,5624,27020,-2592,-11340,0
19244,-18548,7716,21108,5412,7616,0
12792,6384,4288,14288,3820,5256,0
15892,-8808,680,8224,-5552,14768,0
17044,-472,816,7528,3848,5848,0
15312,-2408,4228,11804,-1508,12112,0
16776,-1380,4124,14496,-6300,11332,0
16240,-2968,4624,17268,-8,8924,0
15088,-2084,2824,21936,2724,5424,0
16396,-1072,2104,13380,-3000,6756,0
17804,-2196,2784,11548,2828,5048,0
18816,-2556,1012,32767,-8876,-32688,0
26992,3380,-6148,9756,-5444,7016,0
22160,-6208,7172,20048,-360,6200,0
10816,-2328,11240,16920,5848,1708,0
10724,6968,9008,15964,1204,3548,0
9692,-1676,7944,16568,1764,4200,0
12828,1332,9688,15184,2596,2836,0
14464,6120,12120,16300,2016,2820,0
19088,1804,12248,16632,2568,3256,0
18688,-3716,7340,17188,-608,2108,0
11888,4952,5624,17628,1176,2068,0
14580,-1880,10380,18048,380,2560,0
15980,-68,3640,24564,-1104,-6768,0
15588,-8292,6404,22972,1564,7960,0
13368,4976,4172,16476,3400,6160,0
16536,-6740,3604,8196,-5732,15596,0
17392,996,3364,10652,180,5892,0
16540,-3288,3428,11728,-620,8224,0
16356,-1544,3800,10852,-9800,11304,0
15548,-2628,4020,16892,-1228,9316,0
16360,-1200,3156,21784,5560,8292,0
16236,-1252,1540,14740,-8080,11148,0
17904,-1172,1320,11836,3724,7168,0
21952,-772,-964,32767,4464,6276,0
21892,4520,332,15320,-4192,6788,0
21640,-9052,7316,17056,-1752,3460,0
11380,-440,15536,18004,2744,3368,0
13244,4716,7212,17488,404,1604,0
9728,-632,8580,16852,1800,3824,0
13784,1744,11464,16752,3212,2016,0
17052,5144,11860,15220,4072,3100,0
20112,-1248,8732,15824,1692,3172,0
18040,3420,7756,17056,756,3560,0
9108,-3228,6792,17032,-1900,4184,0
32767,-444,-22516,20748,2872,644,0
12152,11524,6348,26828,-1956,-4016,0
20184,1704,2816,25580,4640,8608,0
17252,-9112,3504,8824,424,14956,0
16844,3092,2280,8908,-7636,7816,0
17480,-3940,4108,9540,6212,7224,0
16176,-208,3564,14504,-6840,9124,0
16580,-3144,3656,14936,-4744,10140,0
14980,-1932,2900,20952,3588,7860,0
17080,-1516,3520,19728,-428,5244,0
16208,-2476,2048,4208,-1060,2696,0
18064,-16,2512,14204,3676,7392,0
23196,3388,-5172,8256,-4620,7064,0
23268,812,2892,20108,5256,8664,0
18384,-9408,6948,14472,-232,4132,0
12348,3312,14000,16188,2856,3748,0
9964,4112,6012,17308,528,1332,0
10532,-2324,9164,16680,3104,2396,0
14028,5700,9988,15740,2596,2648,0
17276,-140,9924,15680,3788,5184,0
20272,2844,10088,16640,12,3420,0
17680,4036,7072,17044,736,2060,0
8032,-4892,6032,17612,252,3568,0
14588,280,-2480,18824,164,-936,0
3908,8328,52,25284,-1508,-5364,0
20960,-6012,6540,27440,6628,8696,0
16188,3220,3208,11516,2364,11396,0
16296,-8204,-404,9012,-3796,9576,0
16856,-268,1332,9888,8188,4988,0
15212,-3028,4156,17828,-7552,8820,0
17488,-388,5292,14340,-4048,10584,0
16252,-1852,3052,19476,588,10516,0
15752,-2076,1504,21160,1060,5320,0
17328,-1904,3348,7320,-3436,4420,0
17460,-1408,1800,13120,-436,9140,0
22820,1068,-316,21196,-5284,4328,0
21448,48,-1192,20340,3352,4508,0
24040,-9480,6672,15948,-4540,1264,0
11120,2488,13292,17680,5652,1552,0
11716,2016,9736,15592,-2456,2212,0
9144,1984,9096,16048,3648,2168,0
12608,2096,11224,17476,4084,1580,0
18200,2276,11464,15524,4044,4536,0
20560,-1284,8596,15656,792,4116,0
15468,3324,8452,16664,712,2156,0
8828,-1188,5372,17232,-508,2584,0
15580,-2708,2304,18284,1868,-4320,0
5008,9348,-2420,20804,-3204,-17400,0
19488,-7844,7644,25888,9868,-120,0
14452,5480,4240,13988,5524,4656,0
16024,-10472,2132,10048,-5948,13552,0
16872,3216,3384,8172,648,4720,0
16984,-4604,5172,11288,-992,8932,0
17452,880,3484,14612,-7268,10684,0
16320,-3104,4428,19196,-1208,9164,0
16448,-2072,2220,20544,3448,4940,0
16304,-976,2064,9952,-4260,4288,0
17532,-584,2180,13836,1528,7288,0
22328,-840,492,32767,5772,11308,0
23676,948,1508,17312,-3456,5672,0
19984,-6636,8516,16772,-3844,1836,0
9516,3868,13136,18600,6840,3896,0
9296,1456,6864,17432,-764,664,0
9760,-436,10292,16504,4060,3016,0
13392,4936,11268,17020,60,2792,0
17948,3692,10988,16216,2968,3104,0
19868,-528,8736,16536,464,1996,0
18236,900,8112,17256,24,3048,0
6648,1348,5612,16020,352,3820,0
13732,-3388,432,18452,-1628,2184,0
3480,8672,-276,26576,56,-4324,0
21972,-6952,8296,28908,7640,7076,0
16064,1888,3760,9088,928,9788,0
16760,-6896,1332,8308,-6940,10472,0
17028,-1112,2784,10476,5824,2408,0
16368,-1956,4508,15584,-8692,7028,0
17232,-1720,5680,14356,-6900,9388,0
16080,-1828,3696,20596,264,9432,0
16824,-1540,2040,20848,2856,3504,0
16392,-1388,1740,4772,-3896,4812,0
18048,-40,1672,11908,376,9324,0
23016,1352,-5228,12844,-464,9140,0
21672,-2444,5540,19696,5004,7984,0
15968,-5960,8032,14052,-956,1472,0
9980,3664,12352,16288,2272,536,0
12488,432,8828,18756,3244,352,0
9476,3432,9500,16564,-316,2580,0
12868,4352,10904,16844,3980,2840,0
19568,1900,11100,15148,1560,4620,0
20344,628,8660,16108,792,2128,0
16320,368,10828,16672,-524,2980,0
7408,-2200,9296,18288,2488,1824,0
32767,-756,1960,22880,-1372,-3780,0
17724,1408,6616,21084,528,5640,0
13684,5036,-1112,20708,5244,6312,0
17428,-11004,-1276,4288,-5308,16824,0
15652,1584,172,10860,-800,8064,0
16532,-4600,3496,10628,-4828,6900,0
16556,268,5360,13496,-6476,9308,0
16940,-1292,4216,18552,-1716,8672,0
15836,-2540,3492,21628,1724,4960,0
15636,-1508,1160,15916,-2324,8824,0
16516,-1880,2764,8792,1316,5120,0
17332,736,1812,14748,3680,740,0
22884,2372,-2284,11396,-5160,1928,0
18228,-3564,7900,19132,9432,4716,0
15584,-5720,8684,16472,6732,1412,0
11252,5296,6856,16104,2328,596,0
9096,1348,9844,16960,3988,952,0
12688,-1188,10292,16300,508,1864,0
16056,3464,11408,17300,4280,2912,0
17840,4112,10868,16268,3248,4280,0
19500,-1272,5456,15896,1584,3136,0
15760,1044,6032,16616,-368,3156,0
12820,-220,4944,16372,2068,2392,0
12144,276,11972,17788,164,-100,0
14364,6328,2304,25900,-3468,-4384,0
20176,-12756,7004,19144,6236,8812,0
14152,2800,1296,17232,4452,5520,0
15856,-9984,452,6544,-5500,9424,0
16816,-964,176,8388,3400,7304,0
15848,-4264,2316,11240,-3348,9952,0
17684,128,5480,14260,-4672,9004,0
16264,-3040,4528,19564,2032,8632,0
16120,-2192,3164,18824,516,6348,0
15852,-2036,2580,16132,-1172,4496,0
15648,-1580,2180,10456,136,4992,0
16904,-392,3248,11792,-1752,8484,0
22800,192,2052,24152,-3136,-576,0
21280,2576,552,18748,6336,4152,0
17484,-3960,13324,14388,-7532,3012,0
9164,864,7132,15984,4012,432,0
11072,3584,10380,17084,924,412,0
11260,-168,8872,16460,2692,3348,0
14104,4636,9860,16868,288,2800,0
16416,4996,10508,16080,2612,2856,0
18264,-3164,8080,16760,1636,2816,0
17200,1928,5776,16428,236,4212,0
15244,-1228,5304,16000,1680,5348,0
12480,1028,3956,15960,2460,5492,0
14452,6396,1664,15848,1896,4968,0
16856,1512,3352,16296,1436,4616,0
17980,932,2124,15904,204,6148,0
17764,6076,1380,14460,444,10368,0
16956,-5848,408,12984,968,11520,0
16084,1160,20,14068,588,8648,0
16664,-1588,2228,15036,-1092,5132,0
16260,-504,2452,16164,-1040,3228,0
17288,96,4164,16796,-1756,1300,0
16084,216,2040,16200,-2192,-140,0
16468,20,3800,17512,-3080,-260,0
15600,-1624,3172,16320,-2768,400,0
16176,-2060,3728,16532,-2248,1340,0
15892,-1872,2888,16504,-3040,1188,0
16220,-336,4000,15288,-848,1844,0
17052,-2644,4540,20624,-444,-1916,0
16488,1932,4244,14912,-4396,-1140,0
16464,-1280,4496,15596,-1332,-896,0
15300,1068,5564,15640,964,-984,0
15472,-200,5288,15392,5032,-1976,0
16400,-116,3472,16580,3784,1304,0
16868,-460,3688,16672,876,4648,0
17224,-2168,1448,16832,180,4140,0
17996,-1600,6660,16364,1076,2168,0
16872,868,11176,16368,2272,2132,0
15244,-756,7276,17124,2480,3748,0
13008,40,8124,17348,1256,4016,0
14700,1148,9340,16928,1928,3784,0
15352,352,9340,15408,1836,4572,0
18436,-160,9140,15340,1516,4664,0
18952,2684,5700,15060,1084,4404,0
15012,-2424,6936,16240,1108,3848,0
8228,2604,7296,16820,764,2196,0
32767,1316,-17012,19344,2680,-176,0
13692,10448,3348,21336,-1824,-3028,0
17384,-4060,940,25432,5284,7496,0
16384,-1064,-512,8612,4112,19616,0
15244,-2216,-1428,17248,-3384,5076,0
16200,-2488,2520,11408,-5092,6528,0
16976,192,5612,13980,-2692,7212,0
17332,-1500,5020,16872,-7896,9404,0
16260,-1604,3656,21636,-1164,8748,0
16300,-736,896,16256,-3264,9016,0
16652,-472,1040,8640,3220,7704,0
21140,-3068,-380,32767,-3460,92,0
24260,-16,-2344,15568,-2972,10508,0
21832,-2388,8376,19312,24,4328,0
9084,604,10256,17360,1716,4284,0
10108,-1528,11232,17036,4456,932,0
11292,3712,9284,16212,752,3328,0
12936,4708,10220,16728,3104,3028,0
16168,3492,11260,15280,684,4148,0
20728,-1448,8280,16336,3100,3892,0
17056,2600,7904,17984,-1036,2268,0
9484,-1908,5560,16736,1568,3232,0
12624,-28,9076,18756,-1000,1212,0
7904,8816,1948,26484,-2664,-6784,0
19732,-12732,5592,22140,8624,6140,0
14536,3688,3744,12700,4648,9892,0
15992,-7144,704,10876,-3976,5476,0
16248,-1088,1372,10872,-972,6844,0
16996,-2708,4816,14000,-3292,8428,0
17208,-1484,3084,14768,-4176,8988,0
16712,-1560,3300,18356,-3004,9992,0
15968,-1500,1716,21368,2412,6332,0
16456,-1752,2932,10384,-4556,5540,0
17196,-924,2556,12396,-332,7836,0
22472,-3572,648,28608,-1332,6264,0
21836,4664,-272,18384,-3308,6516,0
20604,-6108,7520,16424,852,2600,0
11320,1096,15264,17700,-404,3392,0
12572,2508,8036,17816,1732,1492,0
10396,1692,8824,16676,1016,3448,0
13396,4260,10236,16236,4976,2384,0
18504,3168,11644,13932,2524,2896,0
20428,-696,8924,15912,-272,3644,0
17656,332,10928,16892,736,1656,0
5996,-520,8116,17912,-420,1712,0
32767,-412,-1256,22860,424,-5004,0
15384,3968,5036,24956,3580,3768,0
17340,2268,316,21840,3460,6788,0
17724,-5512,188,6788,-4424,16472,0
15596,-1108,-236,8864,364,10240,0
16076,-4316,1620,11420,4000,7592,0
16892,-1240,5124,13212,-9644,9896,0
16412,-1396,4188,15928,-1788,9504,0
15728,-2620,3472,22028,2156,8680,0
16392,-1164,552,15772,-3208,7944,0
17548,-1392,2576,12008,1200,6244,0
19304,-3460,-2208,32767,1004,-1380,0
26576,6176,-7660,13884,-7444,6940,0
23960,-9568,8228,18512,-192,1940,0
13060,-1824,14180,17288,1144,3868,0
11880,4328,4472,17260,2420,2612,0
7844,328,8276,17096,3744,1900,0
11984,-160,9640,15696,600,696,0
15220,5872,11644,15852,2728,2820,0
19480,4108,10128,16928,848,4068,0
19628,-4356,5624,18152,-680,2604,0
5740,2252,4028,16592,1204,2312,0
13472,-1492,8212,19816,328,-1536,0
5380,11048,-308,26912,-3288,-8656,0
21228,-7312,5904,25324,5744,7612,0
14100,-352,3180,10576,932,14444,0
16420,-6984,3296,8708,-6400,8924,0
16288,-1456,132,9268,340,6960,0
15976,-2272,4180,14212,-5072,7352,0
17796,-1224,5424,15720,-6116,8660,0
16948,-400,3792,20512,-500,9088,0
15912,-2968,1000,21456,1168,6460,0
17280,-632,2648,5352,-2780,6464,0
17492,-712,476,15004,2652,1840,0
25032,4396,-7772,10048,956,6424,0
23368,-7040,5492,20496,4928,9060,0
13664,-5916,5876,14156,-680,3824,0
9504,6764,8328,15740,2884,5260,0
9292,-1336,8844,17272,-104,2364,0
12096,3000,10044,16588,1236,2512,0
10912,4336,11772,16424,1064,3000,0
18316,2064,11684,15940,1616,4924,0
20912,-304,6088,16776,-32,2416,0
10596,3800,6704,17000,-16,2552,0
14528,-2280,12464,19280,888,308,0
10360,9776,3256,28308,-2496,-10184,0
16512,-15872,6540,19680,3820,6316,0
13880,-68,4868,11452,4512,11576,0
16444,-3156,1244,9036,-4984,7968,0
16868,-3440,1184,10036,-504,8728,0
16736,-276,4828,12972,-1344,8604,0
16156,-2892,4144,16788,-4728,9316,0
15672,-1644,3380,18772,-3536,9400,0
15688,-1664,2248,19456,2444,4524,0
16492,-1216,1648,11712,-3068,5076,0
17504,-208,1676,12476,-84,8672,0
23596,-164,248,24820,-4988,-1720,0
22200,-1248,632,17000,1540,6792,0
22740,-7212,6524,15560,-4068,3268,0
9464,3676,8160,17188,2252,2780,0
9936,840,10428,16792,1252,1948,0
8848,476,8904,16416,1028,3632,0
12132,3152,10588,17068,1752,2324,0
18948,4944,12764,14416,2552,3968,0
21304,-2644,8148,16404,840,3156,0
13656,3500,9344,17772,40,2216,0
13308,-740,13444,18716,1804,2180,0
32767,-7696,3340,23296,-3116,-3260,0
15088,-4556,5572,21816,2816,4956,0
14296,3564,52,22216,4748,7528,0
16968,-8088,-528,12008,-3632,7176,0
15792,-280,52,10148,-596,7012,0
16376,-3972,3072,12868,-3028,8128,0
16820,-992,4600,13948,-4260,8252,0
16736,-1672,3824,18352,-4872,8876,0
15696,-2752,2456,23112,4196,6848,0
16888,-312,2208,12764,-4712,7176,0
17228,-1740,2200,13008,824,7016,0
20188,-4228,-1540,32767,-8084,-13968,0
25828,2604,-6680,12308,-6636,8244,0
21944,-5684,8648,18336,-1148,2900,0
9792,1264,9232,19080,5448,3980,0
9864,1412,9756,17260,-404,1260,0
9788,1640,9448,17532,2668,3112,0
14004,1056,9032,16308,2200,2672,0
16404,4384,11848,15356,3660,3264,0
19712,-188,9256,15680,2264,3400,0
17564,1784,8404,17592,-1100,2824,0
6956,-3268,6984,18808,1384,1748,0
32767,2456,-26116,22252,1060,-4180,0
15332,11476,6712,25856,-1280,-2028,0
19176,788,2716,27716,5980,2836,0
17832,-8220,-80,8420,-1464,6196,0
14596,964,-1064,9740,-2212,8768,0
16556,-5128,2192,12200,-3760,7440,0
15948,196,4576,13864,-2988,8724,0
17404,-1748,5220,19116,-5036,9240,0
16116,-700,2504,22068,2900,6644,0
16932,-2180,924,10992,-5032,5636,0
17148,-556,2852,12832,1360,7624,0
21104,-2216,1704,26716,3324,7180,0
24320,5052,-2828,18480,708,6676,0
26324,-8448,11876,16856,-5056,1648,0
9596,804,12548,17764,5064,2696,0
11272,2008,9344,16556,-344,1892,0
11916,2328,8764,16920,3120,3916,0
12804,6516,9468,17132,-484,2516,0
16552,3700,10592,16384,2688,3160,0
17948,1076,10116,16188,1344,2820,0
17988,2140,9688,18360,-1384,2696,0
4668,-1552,8176,17240,2304,1724,0
32767,-9992,476,23820,568,-820,0
16300,-248,4856,22820,1472,2564,0
14792,3796,1164,21444,4324,6752,0
17004,-7988,184,7360,-4060,6984,0
16220,444,1120,9316,-456,9196,0
18124,-4220,4700,10872,3444,10300,0
17960,844,6792,14048,-8172,11740,0
15512,-3816,3360,18492,-3720,10524,0
15596,-1160,1796,20700,5896,6828,0
16500,-1072,1684,11612,-7048,5372,0
17052,-920,1252,12952,3736,7336,0
23872,80,-1088,32767,1336,-2384,0
22256,-1288,-6628,14028,-4480,9776,0
26628,-7664,6768,18860,-6876,3816,0
9932,1856,11584,18840,10012,3024,0
9588,2464,9804,17272,-1572,1408,0
7808,244,9512,16676,1720,2756,0
12064,-664,10468,16316,976,2540,0
18856,4004,11744,15816,3416,5332,0
21060,-944,7816,15600,520,3260,0
14112,2756,9532,17024,-284,3760,0
13336,232,12952,17732,2460,2804,0
26352,-9528,5668,25272,-3280,-2920,0
17704,-8008,5516,22328,3264,6496,0
12064,8868,-204,18672,4032,8144,0
16864,-9332,1396,8516,-5092,4908,0
16788,-124,896,8968,-1060,7320,0
17544,-4116,3448,13772,-2188,9044,0
16276,-1500,4860,14828,-5488,8992,0
15964,-1892,3092,17740,-5872,8888,0
15108,-1940,2544,21536,5796,6256,0
16896,-912,1868,13292,-3496,9776,0
17728,-12,1916,12268,-4,8840,0
23900,-1948,-792,28440,-5296,-780,0
21928,-1824,2784,15152,-1648,7752,0
19620,-7492,8216,16968,1564,3772,0
9188,4104,9452,17280,24,3672,0
9652,1268,8104,18140,2616,1488,0
12112,4100,10616,16116,-1392,2620,0
13188,1968,9656,15060,2800,4028,0
16800,4604,9872,12748,1604,5452,0
21216,600,6156,16400,1532,2984,0
15040,2140,8204,18568,-1320,2320,0
12584,-164,13284,19624,1832,-1208,0
17840,5944,5524,27384,-4656,-10904,0
17180,-15408,4728,21908,4984,5652,0
12904,1976,5348,13336,5508,5856,0
17032,-7512,5056,6968,-5476,9144,0
17040,1292,2964,8508,2416,6860,0
15860,-5444,4080,13160,-3212,11240,0
15564,-592,2816,14420,-3372,10760,0
14624,-2492,5324,18852,1276,9888,0
16172,-1116,2976,20008,2316,7192,0
16724,-3144,2376,7772,-2988,4444,0
18348,-480,2436,15876,2756,5772,0
19860,616,1092,32767,3432,-28188,0
23028,1724,-4956,8508,-16896,9444,0
24032,-5440,7200,15184,1608,4828,0
9864,1032,11744,18064,3872,2252,0
11280,-364,10672,17948,480,1716,0
9300,1068,10144,16988,1736,2348,0
13272,-1972,11160,15984,2672,4804,0
19028,4708,10612,13980,1340,5740,0
19224,-1024,7036,14992,1372,3384,0
14284,3368,8192,16412,-616,2676,0
11448,-940,10812,18028,-592,964,0
22452,9484,10344,26468,-724,-9524,0
17172,-16316,9504,20664,4384,7584,0
16560,1508,5432,15216,4496,8988,0
17924,-2052,3616,8856,-4272,7108,0
15936,-1648,1656,8836,-252,8672,0
15240,-4188,2884,14180,-2684,8384,0
15668,-1200,3624,16084,-7004,8988,0
14908,-2024,4564,19748,-3220,6984,0
16180,-2352,3280,18448,2056,3208,0
16592,80,1360,8740,-1456,4604,0
18320,-1252,200,15132,16,7400,0
26976,6940,-11780,18060,-144,13424,0
20704,-8408,8476,20288,3104,7348,0
14888,-7976,10112,15484,3480,5188,0
13508,2980,7152,16444,-112,4680,0
9396,2588,8280,17284,3072,1172,0
12428,1536,10520,16080,1772,3216,0
15352,2656,12044,15840,1708,3420,0
20180,3032,10324,15396,1176,4840,0
18624,3344,9448,17688,-496,2128,0
7944,-3924,10280,17456,1160,1300,0
32767,-2164,4340,23780,-816,-2532,0
15764,1824,5120,21268,628,1684,0
18292,4760,3212,22196,3572,6696,0
16176,-4416,3520,8584,-4356,3052,0
16692,600,1676,8284,-1836,8476,0
17388,-3200,4576,13492,-1408,7204,0
16008,-840,4340,14600,-9116,8100,0
15476,-2704,4336,18436,-6268,8228,0
14612,-2228,2052,23076,4936,6860,0
17368,1016,2560,12952,-7412,4884,0
18580,-1064,3116,12900,4192,4704,0
17720,184,3216,17252,3260,2320,0
21708,-168,-5452,10584,624,9308,0
22096,-6216,3596,19056,4608,6952,0
13412,-3748,8160,15328,3284,3124,0
10136,5596,12784,16412,2772,1160,0
12176,-424,9416,17072,4328,440,0
9724,2156,8832,16520,-508,2764,0
12488,3412,10284,15868,2492,3944,0
17596,4216,11412,15616,1116,5400,0
21956,-292,5324,16068,1860,1572,0
12764,-232,10708,18292,-1592,1076,0
22820,-4988,-2620,20824,4068,-3584,0
7768,9804,2960,27508,-3940,-13208,0
19408,-7444,7904,25812,9252,11092,0
19108,-4324,-180,9176,-832,10836,0
14920,-3652,-1644,6828,-3864,8496,0
16572,-4872,2720,12564,-460,6520,0
17872,1492,6580,12736,244,8588,0
16316,-2916,3816,17712,-5676,9488,0
15288,-1900,1876,19960,68,5592,0
16200,-1808,1840,17268,-136,7052,0
16688,-612,3312,6484,-2592,6772,0
19192,-5200,1632,32767,-980,-22152,0
23908,5416,-8660,10136,-5548,8020,0
23304,-3808,8156,20468,1804,5960,0
13992,-2888,9192,17784,2224,1072,0
11696,4548,6780,16616,2136,872,0
10260,4560,8288,18784,3016,3712,0
13532,1556,9032,16848,2160,3748,0
14188,7672,10504,11936,652,1372,0
20112,60,8816,16600,1872,3044,0
18232,-2108,6368,16028,388,2320,0
10772,3596,8524,18236,-924,2440,0
14200,-6500,-88,19824,1592,-5320,0
7768,18968,3000,22208,-1900,-13872,0
19768,-9708,4720,28112,3308,4300,0
19900,-2800,3200,12152,2204,13592,0
16604,1084,1284,9936,-8000,7712,0
17584,-5140,2364,8944,-12,6056,0
17940,-148,4916,13508,-4236,8764,0
15608,-3704,3072,18420,-5244,10064,0
15176,-1268,3616,22768,216,7156,0
15704,-1864,1368,18052,-444,9192,0
18612,-304,3788,6960,-488,7188,0
18392,-1252,620,27636,6444,-27240,0
27152,5580,-9392,9352,-5564,4944,0
23552,-8408,7152,19792,-3296,6280,0
12100,-5184,12916,18932,8076,3400,0
12760,5720,7512,16900,96,1656,0
11064,-244,9768,18992,3452,3764,0
11448,2892,9936,16096,1744,2396,0
12608,3984,10984,15212,3308,3072,0
19156,3648,9672,15108,1160,3600,0
18420,-3460,5696,16748,96,3444,0
9204,7548,4856,16836,568,4096,0
13700,-3480,9856,19272,-556,1360,0
10412,2548,4388,24956,-328,-11172,0
16504,-7352,5512,19812,2548,7904,0
14932,-4724,4524,13048,2396,6480,0
16320,-1580,2428,9916,-2484,6032,0
17152,-2472,4232,11584,2112,7444,0
16484,-2268,5928,15956,-6956,8692,0
15920,-1120,4988,14744,-984,8372,0
15360,-1940,3508,18652,-1296,8980,0
15576,-1028,3112,20312,1812,5492,0
15684,-2104,1088,10696,-6104,4276,0
18060,192,1744,12700,512,7972,0
24584,-2664,-872,26912,-4516,508,0
22396,156,4488,15848,248,7756,0
20220,-8076,6168,15020,1552,4400,0
8608,3348,8456,17456,448,2692,0
10060,1592,8812,17628,1720,1552,0
11492,2008,10116,16012,-596,3216,0
13104,2872,12480,16276,2528,2728,0
16148,4832,12808,14356,4168,4520,0
20896,-576,7460,16036,-648,1576,0
14120,2008,8948,17132,-36,4448,0
10996,-408,10040,17104,-468,4552,0
26688,-7848,1220,26140,-944,-456,0
16340,-4724,4392,21696,1952,4504,0
12688,3528,964,18848,5228,7852,0
16892,-6624,388,9972,-5516,4320,0
16080,-2196,-364,8396,832,7532,0
17280,-4936,2224,14444,-4148,9076,0
15204,-32,3196,13760,-4600,9064,0
16808,-2584,5104,18364,-3840,9596,0
16000,-1796,3004,20428,1484,7316,0
16876,-1200,1488,14504,-2716,8396,0
16680,-2256,2644,11344,-388,5272,0
17248,-336,1468,21744,5440,-16640,0
22192,2924,-6672,9912,1208,3376,0
20212,-3588,7224,17968,2200,6908,0
15636,-3612,9092,16108,3824,3224,0
10872,4172,8396,16300,1680,2956,0
8144,3784,8908,16864,1536,2564,0
10864,3032,9496,16372,-108,2788,0
14524,2520,11492,16676,3936,1576,0
17776,3640,10132,16380,628,4268,0
20336,-1008,6436,16300,2064,3280,0
14488,2772,4988,16796,-396,3376,0
10820,-1596,4668,16040,160,3312,0
32767,-5676,-8168,21316,1588,784,0
8896,6464,2324,25372,200,-7848,0
19984,-1408,1828,22788,5596,9504,0
18436,-3828,-408,9136,1732,12652,0
15512,-2500,1064,9216,-2412,11644,0
17336,-2424,1548,10176,1628,5732,0
16696,-2300,4824,13580,-8412,10308,0
15200,-2568,5628,14252,-1796,8824,0
14692,-804,4396,17204,2956,10264,0
15780,-3264,4072,18156,-992,7144,0
15832,-1680,3844,16404,148,6028,0
15896,-3136,6556,13688,2364,6548,0
15804,-2200,6368,13040,-500,7704,0
14332,-1556,5852,26696,-11140,-23028,0
18832,-1064,9288,9844,-8940,3280,0
15440,1152,11948,17420,880,3308,0
14524,-2328,12836,17632,3396,1816,0
11804,336,11356,17600,-5432,332,0
13108,500,9440,16892,1544,2408,0
13984,240,7572,16608,400,3860,0
15260,2808,6692,16408,348,3176,0
14904,4236,5536,16056,-120,2676,0
15292,2936,4564,15956,136,4428,0
15168,2600,3520,16476,-692,3496,0
16144,3240,2956,16192,1700,4060,0
16492,676,2120,16136,252,2768,0
16240,2552,2084,16640,928,3696,0
16088,136,628,16328,284,4780,0
16600,1540,620,16008,320,4080,0
16148,-600,676,16564,416,3544,0
16304,-992,796,15916,464,4584,0
16192,276,784,16128,-828,5396,0
17308,-1320,-1556,15956,-668,4432,0
16040,-1492,456,16320,428,3656,0
15676,-2768,608,16584,756,2328,0
16020,-1408,1504,18080,1740,328,0
16288,-1140,4588,17644,508,8800,0
16672,-2984,3664,18988,564,6520,0
17796,-928,5128,14412,692,6828,0
17060,-1660,5512,14504,-1288,8332,0
15592,-2228,5056,14688,-2708,7516,0
14832,-1804,7808,16836,-2232,7080,0
14848,-1012,5284,17716,-1176,4912,0
15988,-848,3776,15780,1316,6536,0
16784,-1796,2844,8996,-1572,5516,0
17156,144,2392,14712,876,6148,0
21448,1060,-240,11732,-448,4504,0
19360,1696,1244,17108,8920,5964,0
20240,-5732,7184,14444,-3140,3000,0
11968,108,13256,16588,5904,1576,0
12768,3012,5960,16040,500,3140,0
9684,1648,9720,16084,2616,3104,0
14536,3072,11344,16740,2072,1612,0
17236,6752,11744,17916,2008,4488,0
21556,-1036,7744,16448,988,4236,0
16328,4368,7720,15452,312,3108,0
8684,-3244,4924,16912,820,3752,0
14688,400,9912,17512,1232,2600,0
9328,5584,1972,25320,-3104,-736,0
18516,-10180,4332,20116,4756,4896,0
15548,2440,1380,17472,2240,7420,0
17048,-5896,368,8344,-1472,13616,0
16208,-2076,36,12192,664,7356,0
16740,-2800,2528,11560,-1692,9672,0
16108,-1908,4228,14676,-6468,9244,0
17084,-1988,4992,15600,-4924,9872,0
17116,-1208,3628,18596,3296,9056,0
15964,-2664,2012,19324,-952,4440,0
16548,-1264,2644,9832,-604,4956,0
17068,-364,2400,11884,-1712,7476,0
22240,-1328,-2068,20916,-1104,676,0
20576,5020,328,17632,4936,4784,0
20144,-6276,7504,16188,-4860,2824,0
10612,-1220,12468,17684,7584,2540,0
13720,1936,9376,16808,-2012,2144,0
11748,2088,8500,16160,-236,2380,0
13592,2160,10492,16116,3236,2868,0
13604,3264,12836,15488,1716,3720,0
17200,-2608,10144,16292,692,2744,0
16956,1560,7384,16980,-660,4764,0
13456,-1044,7804,17424,152,4748,0
11688,908,7832,18228,424,1200,0
9932,6160,2484,28352,-5404,-6704,0
19140,-11480,5268,23608,6068,8292,0
14496,1128,1128,10100,4972,8876,0
15700,-7956,-132,8596,-6020,6772,0
15908,-1220,560,7708,5824,7000,0
16876,-2484,2764,14244,-5912,11300,0
17244,-2164,4472,14144,-2092,10120,0
15860,-2116,3320,18168,3108,9460,0
16052,-1916,1256,21088,-1132,5144,0
16088,-1288,772,11332,-856,4848,0
18292,-464,1432,14904,-1552,6996,0
23020,1200,-4716,18408,-412,2820,0
19664,-2224,2356,19588,5836,8352,0
20528,-5324,2000,16264,6976,7636,0
11260,-240,11228,17668,-56,4156,0
12948,56,7788,17156,2312,2908,0
10336,1580,12404,15460,1908,3056,0
13088,1180,12600,14688,1716,3052,0
13272,3820,12720,16132,2016,4152,0
18308,2844,8648,15584,-588,4056,0
12672,-2196,7804,17364,1376,4440,0
13116,1548,9968,18656,-456,2388,0
25040,-6956,3872,26736,-2960,-1164,0
19184,-13416,4444,20332,8560,7156,0
9568,2584,2052,13184,-1444,16416,0
16920,-7368,3308,8256,-4500,5900,0
18128,1916,3356,9080,-2452,9172,0
16456,-3100,4972,13692,4372,8356,0
16524,-1460,3492,16332,-10528,9808,0
15196,-3652,3920,18644,-3604,8576,0
15380,-1248,2748,18096,3772,6884,0
16268,-696,3172,16636,-4700,6400,0
17192,-676,3580,11840,464,4076,0
17380,-1632,1756,13012,240,6756,0
22712,-484,-4112,19508,-292,2236,0
20312,1148,6612,17484,5172,4056,0
18912,-4576,7116,14184,1112,4404,0
10204,584,12848,16540,1156,2852,0
12376,2784,7636,17352,2152,992,0
11252,3880,8116,16332,444,2700,0
14952,2172,10072,16364,4176,2968,0
16208,2508,8980,15984,1180,5188,0
18960,1176,7640,16232,2200,3028,0
18048,76,6060,15160,-936,3760,0
11180,1944,7144,16852,44,3192,0
12748,412,10936,18320,-192,1772,0
10364,728,1604,26036,-2316,-6144,0
17148,-10332,5664,20920,4472,3548,0
14176,4236,3180,15128,2464,5308,0
16716,-9400,2212,9080,-2916,8088,0
17272,384,1592,9284,1204,8144,0
16736,-3800,4448,14408,-3044,9772,0
17116,-788,4972,14412,-3524,10068,0
15868,-2912,3156,17844,-1060,9468,0
15864,-1632,2300,19972,-268,7204,0
15464,-1352,1728,14260,-1288,6360,0
16668,-1116,2688,9708,1416,2332,0
16952,360,-732,16316,-148,-1088,0
24232,2304,-10800,11136,-172,9460,0
21512,-2720,6588,19616,1876,6956,0
18400,-5688,5568,17636,8064,5308,0
10848,3868,13432,16816,960,4660,0
10468,2280,6216,16684,1068,2764,0
9840,2360,11012,15484,2244,2456,0
13524,3148,11532,16400,2392,3016,0
15336,2424,12400,16016,1736,4328,0
19196,36,7960,16860,1556,2344,0
17864,436,8368,15988,1568,3476,0
5972,-1388,3540,17184,544,3856,0
25788,-5212,-29416,19136,-8,3224,0
10348,17584,1772,25956,-1348,-4536,0
18816,-5920,3044,23320,4164,8968,0
17820,-520,2728,9460,3300,8248,0
14968,-4264,-292,9732,-3452,9572,0
15868,-1052,1844,7644,-4988,1728,0
16228,-1844,4380,15012,-1836,8788,0
16360,-872,4660,14500,-6368,10180,0
16932,-1280,2496,17540,1588,9904,0
16328,-2088,1468,21520,1112,6560,0
16560,-1116,616,10116,-6160,6640,0
17880,-324,1516,12812,2892,7544,0
19164,-2520,-392,32767,2844,6096,0
22188,2960,-7752,16036,-240,5160,0
25608,-4568,7264,17808,-2048,2088,0
10640,904,8844,18316,3612,3088,0
7536,6112,8572,16832,1764,2264,0
10664,-5364,7392,17536,760,2372,0
14532,10116,9060,15836,1608,2532,0
14964,3392,12208,15988,3736,4164,0
18756,-540,9496,16396,1144,4180,0
18672,788,5472,17288,36,1952,0
8344,348,5924,17500,1024,3056,0
13220,-48,7700,18456,-68,284,0
5832,10564,-828,28252,-3204,-8272,0
20500,-8280,4472,21288,4288,8448,0
15944,336,1928,11248,3516,5076,0
15548,-5608,-56,7532,-5528,11656,0
17092,-1164,2036,9444,5384,5248,0
16680,-2464,4828,15312,-6244,11668,0
16876,-1880,4436,13572,-5680,11672,0
15680,-2992,2868,17268,2160,9664,0
16164,-2332,3000,19852,1576,7640,0
16236,-1356,2972,13520,-2608,7184,0
16144,-2260,1476,10632,-1028,6400,0
18108,392,-584,25172,8128,-21000,0
25532,5068,-10428,9620,-7424,2324,0
22644,-11520,7284,20068,6004,5768,0
13992,-5668,10912,15616,-12,3748,0
8860,8052,7992,16268,2848,1416,0
11072,-1084,10128,16380,2312,2236,0
14104,1460,9276,15252,2804,3364,0
15984,5428,9608,15932,1248,3424,0
18416,2596,10412,16828,1900,4188,0
19324,-3876,5944,16648,520,1348,0
12548,3328,6512,17884,1224,2136,0
12192,252,12228,16264,1040,2264,0
25340,-3404,304,24320,-2012,-2236,0
17444,-6980,3848,23156,4024,480,0
14288,-660,88,22144,4320,7940,0
16636,-4248,856,8220,-3400,15532,0
16936,-2608,-100,7988,-3540,5576,0
16884,-6572,1676,12412,744,7564,0
16572,636,3680,9836,-10024,10260,0
15748,-4184,3456,18420,184,9052,0
16684,-356,3060,20708,2396,5204,0
16828,-2980,2768,17652,-4224,4140,0
16836,-664,924,11840,-280,3464,0
18060,-1416,1004,13260,1260,5752,0
17660,-4488,-3264,32767,-6320,-17744,0
23384,3104,-9256,14384,-248,5760,0
29208,-5160,6492,17336,3484,2624,0
24512,-2820,-900,16092,-108,2352,0
8328,11108,1064,15852,4568,416,0
12708,-444,3232,15952,2464,1596,0
15448,6176,516,16176,2952,992,0
16640,6200,4476,16040,1984,4088,0
15392,3008,17028,16240,1972,4096,0
15908,14532,15728,16268,-656,2616,0
10916,2924,12196,17488,800,2960,0
6240,-60,8040,16588,1900,2080,0
32767,-31948,-10696,20912,2612,-1632,0
32767,892,26896,22888,-2184,-3548,0
18064,-3360,3612,25760,4120,7496,0
13876,2592,3156,8324,2872,12348,0
16628,-2204,-732,12396,-5012,8600,0
19396,-8272,5168,9552,2388,7860,0
17080,1992,1068,13764,-6308,9528,0
16944,736,3392,15584,-3804,10040,0
14984,92,-1172,17956,1452,9912,0
14968,-1552,-1992,19272,-384,6596,0
14812,-1352,-4924,13092,228,6196,0
15592,-540,-3292,13892,-1168,6056,0
16188,-4644,-7444,32732,3276,-420,0
14044,3184,-21688,12784,-3904,5000,0
22712,2672,-3876,17064,-2164,2856,0
14152,-1628,-156,17996,4180,2724,0
14816,9716,1348,18076,-188,3060,0
13092,900,-168,16600,1636,3580,0
14812,8584,2020,16040,2532,2024,0
16228,5656,4392,14728,1996,3332,0
14164,7836,11932,16164,2632,3512,0
23884,-16404,-7868,13068,-1804,3260,0
10340,7440,16648,15104,1784,2068,0
6048,-952,10508,18096,84,224,0
792,19828,-420,24852,-516,-7032,0
19644,2324,11260,21924,3592,5080,0
26304,-5696,-1780,21844,2352,4624,0
12892,-9056,-708,7732,-3400,9356,0
15188,-1004,4100,9836,296,7392,0
32460,-10204,-3244,11400,-2760,7400,0
18496,-6184,3324,12712,-6500,10064,0
17540,752,-588,17588,-2408,9520,0
19788,-644,4728,20532,3344,8712,0
16740,-3108,-6236,14184,-2924,8816,0
15236,-1032,-3408,11648,1840,4560,0
15992,-2712,-7124,32767,-4108,-32768,0
17596,-2264,-18364,12176,-4220,4976,0
25880,2044,-4324,18920,4760,6704,0
19288,1400,6892,17824,1000,3556,0
9112,8896,-4104,16664,2684,3012,0
8924,5120,2488,15900,624,2104,0
13452,6428,-1444,15924,1640,2484,0
15612,8920,-956,16024,1060,2536,0
17412,8784,4748,15328,3612,4868,0
17540,11416,4744,16924,752,2840,0
12856,9664,17060,17936,-92,3716,0
792,-4596,16660,17400,928,1744,0
32767,-6796,32767,25884,-992,-3432,0
29204,-1232,24388,22860,4712,8624,0
16028,744,3660,15628,6928,8400,0
15656,-5296,-60,8664,-3924,7388,0
15344,3168,5816,9224,1092,7732,0
32144,-11900,-4172,13104,-5656,8944,0
11680,-1156,4700,15068,-2972,9164,0
21664,6520,36,19060,-808,10380,0
18316,-1552,2476,20768,820,6164,0
17080,-4468,-5156,7636,-1548,6860,0
15540,-2948,-3608,12108,-1324,9812,0
15920,-12268,-12832,15176,-6956,444,0
14248,4152,-13092,20500,8312,4524,0
25540,-7216,8,14496,-5868,2260,0
14640,11680,6524,17316,3976,3124,0
13548,1004,-5204,17312,-504,2160,0
11632,7796,-768,16780,2212,3272,0
13812,10788,-632,16680,2524,2580,0
21048,14348,1712,15560,2588,4168,0
11048,11352,12788,15972,4,2604,0
12244,500,18612,17448,140,2964,0
-4000,-11936,-3620,17072,880,1896,0
32767,19520,-25292,26884,-2304,-3816,0
13460,4728,6684,22320,6720,6308,0
14392,588,6116,16780,3320,6424,0
16916,-6988,6588,6800,-4036,12656,0
17312,1820,3680,10652,2264,7528,0
18536,-2152,1684,11524,-2224,10172,0
6792,-4824,-1760,15048,-4880,10348,0
12352,2488,-2704,18376,-3672,9816,0
15056,-400,-2484,22776,1972,4948,0
16956,-880,-1320,14732,416,8956,0
15412,-4300,-5500,11336,964,5400,0
16036,-4220,-8104,32767,6492,-29936,0
13692,-3960,-20932,8904,-9196,6396,0
32140,-5396,-5712,19368,4424,5568,0
14212,4440,8492,18236,3944,4240,0
10908,12596,-464,17464,2236,2032,0
9312,4272,2760,14520,-12,3532,0
14488,4156,5276,16164,1716,2448,0
15832,15208,5324,15728,3004,3872,0
24136,7092,-7580,16396,788,3512,0
32767,4368,3192,17580,-20,2600,0
10792,-1940,8708,17372,520,2324,0
20288,8388,4620,19728,4192,-1048,0
9808,14932,13944,26736,-2464,-7836,0
12292,-32768,8516,26808,5544,9240,0
16640,9196,-1636,9780,-1136,14732,0
19196,852,1032,10976,-5144,6996,0
17128,480,3664,11160,5444,4340,0
840,15936,13656,15008,-11636,8456,0
7556,-1808,-6108,14784,-4868,9848,0
21772,120,792,19856,2096,9488,0
9396,-3908,-12104,19388,-532,8232,0
18840,-2972,-7760,7252,-372,6608,0
8636,-1800,-7252,32088,3496,-30052,0
12844,-3872,-19616,8400,-2172,3372,0
25408,-2020,-2648,18736,2788,6848,0
12264,-1008,-276,16140,1696,4368,0
8616,12660,-1616,16896,2256,2332,0
12932,-2948,2560,17040,1780,2600,0
15076,7620,956,14556,-184,2156,0
15368,10556,2836,15800,2788,2780,0
20304,5792,1464,15528,2228,4072,0
22528,-9808,1700,16672,740,1452,0
8088,4048,15352,17816,-596,336,0
11900,-1056,11572,19068,1428,-2832,0
4904,17552,9764,25320,-2576,-10548,0
19504,-7616,4528,22260,5400,7736,0
7648,31212,7576,10036,4320,16072,0
14792,1252,536,12068,-4412,6268,0
20792,696,2508,11152,-976,5820,0
23680,2248,288,13608,-2996,8460,0
14648,1344,1136,16128,-5948,9872,0
17236,3308,-1824,20308,1424,7304,0
12992,-464,-3268,18804,-1240,8184,0
14316,-1848,-5352,5360,-568,5820,0
17252,-2180,-5060,30572,7984,-24368,0
13628,-9388,-13932,10092,-1340,4544,0
23808,4872,-3948,18872,392,8280,0
13872,1212,-5864,15952,3556,3180,0
11884,8340,-3808,16560,2592,1816,0
11544,6776,2868,14352,792,2740,0
13964,9920,1632,16996,1000,2336,0
14404,7528,1888,16828,1668,2424,0
17248,3400,6976,15912,2072,4036,0
13164,8044,9184,15960,1068,3080,0
11980,7244,14080,17076,768,3156,0
1096,-9232,-1336,17632,640,1816,0
32767,-24492,-32768,23628,-2768,-5572,0
11220,12804,-16004,25228,5460,2172,0
18456,-9196,1280,19960,6388,5412,0
19648,-4728,-720,5616,-5800,11136,0
14184,3712,5560,7872,-360,9808,0
17048,248,564,12120,-1400,7812,0
17848,4956,1692,14404,-3720,9480,0
11292,1048,-3780,19668,-3480,9220,0
24540,280,4036,20388,2016,7420,0
13276,-2788,-4688,13924,1136,8632,0
14384,-1808,-5652,10328,28,5496,0
13320,-3024,-9264,29372,3416,-27252,0
15868,-5424,-19852,9740,-4484,5544,0
26780,-1736,-2304,19860,2608,5976,0
13508,1952,2096,19104,5664,4204,0
11716,13444,-1384,16540,956,2648,0
11132,1608,1680,16544,3196,2628,0
14808,7316,224,16992,528,3756,0
15392,7804,7096,16276,2552,2756,0
10172,9240,9708,15368,3312,3576,0
24980,-7876,10596,16496,1316,2076,0
9012,3632,10420,17728,-1568,3404,0
6480,-772,16036,17816,1568,1480,0
-24992,32767,28556,24804,-3696,-5692,0
25264,-388,8548,19836,5852,5584,0
20092,7328,17036,14968,5028,5120,0
18596,-8164,-280,8764,-4108,11392,0
15288,1676,3860,10700,2424,6132,0
19300,1256,-36,11428,-1712,8328,0
14364,-1360,4316,13844,-6948,9044,0
17588,1488,-5396,17440,-2252,8916,0
20512,184,2620,19776,2836,6280,0
15932,-3548,-5528,16696,-1672,8684,0
15188,-1332,-6232,8236,376,5804,0
12832,-2168,-7224,32767,-1240,-32768,0
9968,-2080,-21876,11324,-7952,5688,0
22912,4384,-76,19124,572,5880,0
14368,-1516,1364,18204,5496,2728,0
13276,12280,-1748,16644,1240,2512,0
11948,3416,3820,16436,3792,2308,0
14372,6236,972,16240,-96,2712,0
9820,13820,4816,16676,3064,2368,0
8204,32767,12396,16548,1280,4720,0
32767,-8228,10772,17016,1396,1972,0
15860,7384,18536,17112,-100,908,0
6788,-680,10280,17560,1172,2268,0
19856,436,7068,23060,376,-1056,0
16144,-3288,6036,23060,-1356,-1844,0
-5556,-12460,17364,22800,2408,8148,0
15848,-8332,1252,9772,-332,11404,0
16752,-2136,2504,9712,-2152,8328,0
19368,1740,4036,11624,5444,4716,0
16676,976,9352,13332,-12960,9164,0
16860,1616,-2176,14960,-3716,9964,0
17036,1228,1136,19364,6848,8300,0
16764,-1948,-1052,20712,-5372,5552,0
13696,-3080,-4632,5352,588,5488,0
17320,-84,-5608,13884,1532,6240,0
15500,-5380,-12780,11644,-4352,5536,0
17972,3644,-14904,18864,6160,7216,0
26200,-5604,-2676,14360,-4060,3096,0
15056,8640,3288,16920,4920,3184,0
7584,10528,376,17328,-128,1456,0
14564,300,2084,17024,1584,2152,0
14864,9608,-2400,16612,3936,2960,0
18796,7224,2480,15324,3724,3720,0
23652,5648,-10828,15836,860,4604,0
14904,11616,11044,16860,-44,3368,0
5412,7348,7252,16640,1984,4132,0
12780,-4212,11524,16228,1344,3564,0
19028,7588,15128,19336,444,1076,0
23828,14952,10844,23044,-4744,-4364,0
7920,-18700,456,18580,1996,7904,0
15404,1864,5492,15380,1384,7352,0
15748,2604,3732,7296,-2372,12496,0
14592,3216,1028,8512,3144,5448,0
16080,-2380,4996,12048,-6156,8452,0
16508,1296,1968,13060,-3596,9836,0
16840,912,4012,16676,3888,9832,0
15700,436,1908,17532,988,9872,0
17080,1104,2180,18284,1756,8016,0
16312,-664,1388,13804,560,10228,0
16644,-800,2680,12000,-776,9252,0
19288,516,3968,20692,-2956,1652,0
16660,2044,952,17840,3240,3364,0
16580,1908,3704,14392,-6672,3424,0
16020,1944,3960,16264,4388,2332,0
16156,2084,3896,16328,-1280,1536,0
16000,3268,4952,16572,-40,660,0
15352,10904,2232,16444,3004,1776,0
15208,2620,1752,16560,-1348,2568,0
16032,3996,1600,16152,2844,3036,0
15100,5364,-804,14796,1328,5204,0
16000,5372,-240,17364,-300,4340,0
16524,4964,-1116,15508,2136,3164,0
15356,10572,-632,16764,208,2300,0
16440,484,540,16668,-980,3568,0
15844,576,1112,16236,868,1760,0
15148,824,364,16316,1412,1536,0
13892,3856,6544,16236,2868,1288,0
19716,-6240,2200,16672,1120,3136,0
11652,12256,4524,16576,-748,3608,0
16808,-184,3408,16900,652,1640,0
17036,-5488,4736,17132,-3940,1388,0
18004,4884,1000,18664,1912,-1952,0
14792,352,7268,16560,3296,3172,0
17136,-2556,4616,14064,9104,6532,0
16672,-428,3072,15652,3344,9384,0
17228,-2036,2368,17960,-4748,5900,0
16656,1796,5932,16932,804,5324,0
16048,2384,1984,16056,1228,6656,0
17116,44,1520,16328,-2144,7184,0
16536,1124,1360,17672,-1480,5616,0
16304,-492,-868,17692,-392,4356,0
15732,-580,-300,16232,1620,4300,0
15156,-2784,-2156,14180,68,3604,0
16840,1424,-3988,11732,-124,6104,0
18044,-3236,-5404,31260,4,4260,0
13876,3388,-15536,16956,-3956,6820,0
20200,1960,-2284,17276,2884,364,0
19212,-680,316,17012,2824,336,0
10272,11140,-136,16600,784,1120,0
11696,3816,2808,16784,676,3948,0
14400,5580,-400,17360,1112,3000,0
14908,12024,5644,15584,2464,4168,0
19028,10548,9876,16536,952,4612,0
9944,2608,9248,16840,1212,2856,0
8548,5888,14468,16656,520,2480,0
2640,2892,8532,16464,644,2816,0
14172,6080,11772,18152,2576,2196,0
13328,8500,5840,23020,-3276,-2260,0
19112,-748,5528,20372,2172,7444,0
14448,4528,5044,14244,1948,12952,0
32767,2980,-2752,10384,-1964,8236,0
12752,-5840,3664,11648,-4216,7360,0
18148,3088,1900,12952,-4204,9812,0
14188,3656,11452,13804,-4508,9316,0
16072,1864,-2264,17732,-2084,9200,0
20944,1360,1204,18432,-876,8064,0
14636,-1608,-3208,16820,-2508,6660,0
14884,-1088,-4456,8896,-1524,5516,0
15680,-3888,-4460,27020,3056,-14364,0
18308,-3812,-12196,12936,-416,1920,0
18780,6644,-6068,17116,5292,6372,0
16632,-628,-2452,15856,504,1680,0
11040,5876,1260,15736,3764,2192,0
14548,2684,3984,16540,1164,2692,0
15124,8252,-400,17368,1220,2560,0
13192,13168,1292,16180,5076,2648,0
17664,1808,6316,16416,1772,3956,0
1448,12624,10144,15652,1448,3088,0
16492,1612,13688,16508,1208,2452,0
15224,8884,9464,16212,1996,2764,0
-10948,1480,14684,15088,972,1728,0
25760,20,6900,19012,-888,-1564,0
14456,13460,19228,23720,-2396,-8988,0
11440,-12700,920,23236,4568,10108,0
16436,-3532,344,11892,-984,14076,0
15804,1724,-248,7832,700,6480,0
15012,6788,3576,9976,-2532,7492,0
18588,-2644,2480,13204,-2412,8708,0
18748,352,2724,16608,-4084,8492,0
13892,2396,-352,18692,-196,8072,0
16992,-200,588,19904,-672,7532,0
13444,-1080,-6216,13276,-2572,8156,0
14496,-2064,-4508,11056,1712,7036,0
20672,-4692,-6964,27864,-6260,-948,0
18848,-2492,-12624,18040,-708,7640,0
21804,2560,-3020,17332,368,2908,0
14488,-76,4188,16952,2740,2200,0
12372,5460,-1100,17136,3580,1340,0
10980,4272,1920,16936,2924,2868,0
15192,7408,988,16008,812,1572,0
17604,8440,4020,16640,3096,2648,0
15452,5692,7460,16688,3828,2720,0
20156,8408,4680,16480,812,2956,0
5452,15664,12868,16948,228,2492,0
11812,-1584,11680,17580,1464,2856,0
18464,7312,11104,17196,1528,688,0
10872,7796,7388,22544,-2592,-4136,0
16452,-704,6844,21264,1572,4840,0
8596,8676,-7096,20124,3408,6076,0
15892,-2112,1988,8168,-1284,13252,0
25536,-4068,-216,12504,-480,7108,0
16144,1084,3220,10684,-156,9368,0
16916,3428,9384,13420,-3424,9792,0
14044,-140,-84,17268,-1036,9824,0
17508,-732,856,19208,1916,6520,0
16004,-1812,-2256,17416,-272,5164,0
15796,-2900,-2576,9256,-544,5200,0
15592,-1404,-4480,12532,-692,7300,0
19652,-3680,-7312,19412,-1360,4052,0
14020,3368,-17916,18996,4408,3444,0
31744,1668,-6836,16104,-2984,124,0
15940,5080,7504,17444,6212,596,0
11936,7224,-1052,14832,-1428,1696,0
12008,4820,1396,16452,3324,1988,0
14868,6360,-48,17360,1384,2524,0
16968,7960,4996,16628,3152,2580,0
24448,1332,-28472,15788,472,3724,0
1956,18084,9904,16288,2584,2112,0
11816,-3912,18884,17480,3112,4144,0
11672,684,9556,19168,-296,1284,0
16004,5348,11688,19480,3064,-772,0
13388,13844,8408,23664,-2848,-8088,0
13244,-7172,4572,19744,2028,7156,0
14200,8704,4196,16976,4964,5860,0
15056,-1644,2844,8536,-3972,11436,0
23908,-6732,-248,11288,4544,6728,0
17208,416,2976,14952,-8128,9780,0
19124,-3008,3368,15968,-2692,9980,0
18464,-344,-688,17344,1184,8980,0
21036,428,-540,18244,-1292,6524,0
17184,-3908,-2380,16968,508,4904,0
13896,-2692,-5100,10808,-2568,5964,0
14868,-2072,-5792,12924,-160,8532,0
21284,-6856,-12204,16996,-3300,-636,0
16116,1212,-15432,18308,7204,3072,0
22584,-3704,-3844,16100,-6560,1008,0
14120,6836,1936,17984,9164,1800,0
7104,9908,-1316,18136,-1064,1752,0
14816,-2556,2388,17572,3760,2392,0
16292,10164,-1980,16308,2620,3212,0
18312,7288,4416,16088,3180,4744,0
19844,3064,3908,16120,96,3436,0
18548,4316,7768,16756,1772,2312,0
10360,-1760,11908,17928,928,2256,0
12112,5956,14576,17704,1068,1492,0
-9520,12716,13512,23380,-4504,-1632,0
7712,4576,13136,22304,4340,952,0
32767,8280,11324,20060,3268,7708,0
17748,-2484,776,9280,-2072,10872,0
16868,-300,3472,9980,-852,12240,0
17096,500,1348,11840,6988,4804,0
16652,108,7272,12456,-13720,9352,0
15392,828,-572,16656,-16,9040,0
16496,-96,1372,19728,4476,6652,0
14196,-556,-3308,17344,-5336,5384,0
14576,-2252,-3084,8260,2708,4904,0
15836,748,-5832,13520,-1532,5504,0
18700,-3064,-8568,18292,1908,4024,0
14272,3572,-17252,17324,2720,5004,0
25956,-60,-1228,15764,-2140,2516,0
15012,4976,1320,16904,4128,2816,0
10952,8404,876,17388,-1204,1896,0
13868,12,-372,16172,3656,2548,0
15100,9052,992,16392,-192,2612,0
17980,6100,2128,15272,3712,4152,0
17548,6100,7460,17436,1120,4244,0
15012,1276,15836,16244,492,3276,0
13676,3340,18272,16704,1240,2676,0
8916,2232,8372,16560,852,2532,0
32767,8148,-32768,18964,3680,1148,0
17564,2252,14940,23920,-2572,-5376,0
15752,2984,5560,21204,5020,7364,0
16268,2936,4372,11760,1800,11020,0
16880,-3204,764,9068,-5848,8808,0
16624,1264,3688,10140,2552,7936,0
18396,-1572,508,14728,-4652,8108,0
10820,6524,8592,13504,-6904,8508,0
15016,2516,-2072,18692,112,7852,0
17356,-560,-176,21280,-688,5464,0
9380,-7608,-13988,15316,-1708,5696,0
16768,-2776,-4488,9872,1724,5432,0
15348,-740,-6088,15128,-200,-192,0
16352,-2532,-14500,10512,1824,2968,0
19172,7584,-10436,19200,6388,5972,0
21564,-6572,-4900,14920,-1508,1312,0
15048,9904,6260,16452,5060,776,0
10000,6792,-4768,16524,896,1284,0
11476,4180,2436,16804,3464,1240,0
16268,5460,3628,16252,2248,1740,0
17460,5316,4296,16492,2008,4016,0
20016,5900,4344,15900,1572,3016,0
17112,4116,10704,17348,1864,2840,0
15272,-4464,7528,16056,1228,2300,0
11564,-524,12424,18456,724,756,0
13688,12044,18752,25840,-2028,-5992,0
22032,1656,6124,20656,4472,5068,0
19832,32767,-7920,15188,3044,6016,0
16952,-4016,-1592,7912,-4604,14488,0
19164,3664,5076,9016,2304,5588,0
22308,-6864,-8172,13588,-2832,10672,0
12912,220,1188,13556,-6916,10388,0
13016,1832,-6428,17460,644,8948,0
18856,-1116,548,20144,2164,6804,0
15352,-2808,-4248,16552,-3028,5800,0
14572,-2580,-3796,8264,-176,4160,0
14644,-2860,-6604,15372,3460,2256,0
17356,-5972,-11520,11268,-840,5328,0
12588,5844,-15132,19188,4804,5860,0
24184,-1292,-8628,14592,-748,1216,0
16392,4304,3848,16436,3428,2100,0
9844,8444,-3356,19352,2756,1076,0
14152,2376,1824,16048,2024,2552,0
14860,5760,-112,16640,3280,3360,0
16012,11184,7632,16116,2776,5116,0
16140,4244,8248,16964,1792,3760,0
18044,2888,9048,16340,212,2444,0
9112,5100,14888,17236,1848,2980,0
11264,-5872,11108,17752,1312,2500,0
32767,-1248,-17124,23564,-2236,-3180,0
-12492,-23196,-29520,22976,2348,-372,0
-3520,-8620,13208,27072,6140,7720,0
17924,-6720,-1220,8768,880,13400,0
16800,208,5912,8356,-2932,9024,0
17096,1668,280,6304,-736,6884,0
11368,7288,14488,12188,-6500,7276,0
15220,3120,-5332,15684,-1056,10080,0
21448,-604,420,19380,700,8308,0
5420,-10700,-13604,19308,1264,5908,0
15544,-2896,-3544,9484,-484,3500,0
14464,-932,-7648,12708,712,5364,0
15572,-2588,-9592,32767,-10784,-31284,0
8960,1568,-20072,15292,-10312,4512,0
21136,2824,-5452,18276,-1824,1596,0
15792,-3412,-2620,18916,5920,3408,0
13032,9172,1740,17368,-1760,4076,0
13900,4960,-4264,16108,4328,1704,0
10668,7820,4048,15872,72,972,0
15876,6140,6672,16204,2264,3052,0
16048,7528,6820,16904,320,4692,0
14148,4972,-16504,16612,952,3540,0
12492,3404,18920,16964,2132,3524,0
11288,-10916,9056,17988,1092,1576,0
32767,-16304,-32768,23148,1668,-1228,0
14936,10992,7468,23892,-1040,-3704,0
14292,-15936,3684,22712,3928,7808,0
17084,-1444,2472,9504,1008,16892,0
16964,-520,1400,9736,-3712,9136,0
14460,2152,2596,13180,6416,5588,0
17140,-4160,-1508,9932,-9608,11092,0
20188,-1924,-764,14024,-1932,10932,0
14648,552,-1268,19484,5120,9240,0
12372,-844,-3300,19932,-4608,5004,0
14380,-3132,-6632,12264,-2404,3216,0
15512,-1332,-5736,12564,2060,5280,0
18300,-3616,-11556,26004,-2924,808,0
13556,204,-19000,16096,1908,3556,0
23948,-1636,-7460,16396,-4108,1348,0
15092,3424,948,17516,7740,1280,0
10500,8336,-1796,16608,-1228,1708,0
13484,572,2872,17216,4164,4124,0
15252,6560,596,16668,2988,3380,0
17656,8368,7868,16516,1536,3440,0
32767,1388,-9024,16444,1036,3172,0
-2048,14164,16896,15848,280,1540,0
8328,-820,16908,17464,1544,3328,0
14392,2444,7636,17860,552,2412,0
30936,-5204,13912,23456,-3000,-3456,0
20104,18760,29876,24900,4036,5216,0
9196,2288,8232,18896,5012,10268,0
16592,-5312,-916,8956,-7984,9512,0
16872,992,1120,6808,-1436,6492,0
22844,68,-5856,12292,-1368,6884,0
-12700,15144,24840,13424,-6388,9844,0
12912,7352,-3868,17196,-4184,9156,0
20532,-5888,-1088,20740,3220,5944,0
15880,-3524,-6148,16940,-1932,7456,0
15864,-3624,-5620,7804,948,4648,0
15344,-1084,-7476,32767,2284,-32768,0
9196,-2276,-22264,11920,-5460,5512,0
26876,-2076,-11020,18660,-4,7452,0
13244,352,-3492,15028,276,3508,0
10536,14632,3664,16144,4100,3072,0
12744,-1964,-2204,17036,2476,2296,0
10700,10512,1880,16640,1068,1724,0
16684,7644,6408,16648,2352,3696,0
22020,14924,-19140,16440,624,4076,0
19944,3828,5984,16860,544,2392,0
18888,2988,13028,17080,284,3964,0
11408,-4096,11212,17972,2360,-52,0
26416,22972,17752,27284,-3508,-8672,0
17980,-888,9688,25332,5908,2340,0
19212,-356,9680,15668,2292,5636,0
15272,-1440,1068,5784,-6536,11472,0
17192,-2068,2100,10308,4092,6028,0
16640,3240,-12,14140,-4008,10888,0
15032,-864,7108,13132,-8220,10300,0
17372,3100,-2264,17652,-312,8612,0
16980,-160,1428,21788,2280,4160,0
12208,1164,-6948,16288,-5312,9424,0
13904,-3800,-4856,9688,2076,5516,0
15708,-360,-9428,24880,8728,-25296,0
18244,-4680,-16940,8356,-4392,4740,0
28812,1372,5788,19552,5712,6132,0
16040,32,3744,14780,564,4076,0
9808,12620,-1384,16132,4104,2632,0
11860,-152,400,18004,1072,2608,0
15812,9140,304,17228,3404,2800,0
15036,11708,4712,16248,1796,2180,0
14652,-5648,8516,17132,1228,2744,0
6716,-10916,20580,17848,132,1220,0
812,1116,8076,17456,-252,2432,0
23316,5300,13176,20360,3912,-84,0
14128,4016,10724,26484,-644,-4128,0
18984,-8188,8648,21436,3592,9724,0
19080,-11400,5416,5892,712,12408,0
14260,840,4024,10412,-1740,8316,0
17164,3344,3440,11524,3020,7120,0
16192,-364,6728,14732,-10176,8820,0
15564,1192,4088,16016,-5272,9000,0
16604,3168,2312,19708,3120,7272,0
15948,428,480,19320,-1364,3464,0
12304,-1320,-8056,6796,-1400,4328,0
16768,-288,-3176,13260,2532,7796,0
22776,-1836,-6860,25524,-4380,3736,0
20424,3620,-11524,17932,-1812,5424,0
28904,-10924,-196,16460,-736,1452,0
15104,12992,6616,18028,3108,3528,0
7420,6936,-5308,17364,380,576,0
14840,5224,3212,16760,1484,2372,0
14148,7412,748,16956,4404,3388,0
19628,4004,3780,16060,2256,3756,0
18768,4268,-848,13652,2228,3328,0
12636,144,18140,17608,628,2800,0
2488,-2516,7708,18792,1384,2564,0
12820,4128,21456,20276,-1064,-1472,0
17124,-516,13900,26836,-2216,-9348,0
23968,-19196,18040,26752,7272,9436,0
17176,6560,-4824,9408,2472,12736,0
27948,9764,3036,9604,-4732,8532,0
19132,748,512,8528,5692,4844,0
14400,-204,29140,13812,-10292,9976,0
20480,-1168,-3108,14608,-3272,9988,0
11968,940,-2700,20780,4072,9220,0
14780,-1168,-592,19472,312,5720,0
7524,-2320,-12680,6052,-284,6592,0
18220,-1688,-1908,17692,3296,-3760,0
18448,-5016,-10068,12960,-2412,8508,0
19372,-2932,-9792,19140,5596,7368,0
21616,-2468,-2480,14060,-1648,2580,0
12924,9024,-740,15980,1756,2424,0
12220,6424,2916,16652,1280,2716,0
13468,4056,2224,16108,1792,4744,0
14212,7200,5604,16192,4364,2204,0
19404,10764,2388,15432,2304,4208,0
26012,12564,-9356,15948,940,2204,0
17400,-8576,18384,16648,172,1732,0
7096,-2004,9180,19308,1620,1536,0
-2524,-6544,11320,25316,-1752,-7112,0
-6708,-28368,-21016,21436,3608,3780,0
24212,-1604,2780,18816,5688,7608,0
14688,656,1940,8660,-1844,5684,0
9312,-4384,4904,11060,-3692,7460,0
15032,-6508,6220,14904,-372,8000,0
13752,2600,-3168,15064,-4048,9676,0
10720,5512,-2976,19484,-4136,10828,0
20024,1240,1944,19868,3240,5964,0
18948,-380,-1928,9308,-4636,5200,0
14636,-840,-5496,13528,1076,7832,0
15224,-7416,-11500,18544,-8396,-676,0
14356,-1840,-16364,18296,3372,7720,0
27880,-4712,-7124,17528,-5360,2520,0
13544,6748,3288,17444,6452,1204,0
10324,2712,464,16676,3320,272,0
15400,4172,1680,16392,756,3120,0
14504,10492,4196,15696,4072,2516,0
15312,9908,7776,16324,1400,2892,0
14524,22284,5864,15104,1240,2508,0
22396,-10384,10872,16596,-36,1816,0
8800,2724,7100,17064,1768,3140,0
9944,8288,17876,18716,80,500,0
-20768,21248,4996,25168,-2568,-12068,0
16312,5024,11352,22152,8552,5576,0
18248,372,14056,12832,4520,12604,0
17492,-9040,2388,4616,-6692,8616,0
17548,-4864,2112,8040,2584,9604,0
32767,-8200,-52,14580,-2484,8600,0
15368,-4600,2044,12384,-5284,8980,0
14196,1148,-1796,18444,128,9256,0
13928,800,-1196,20680,440,8408,0
19096,-5444,-6956,12124,-184,8636,0
13248,-2904,-6856,13536,-700,8100,0
17648,-5772,-11648,15856,128,8028,0
13416,-1776,-16904,18036,8060,5188,0
20664,-2420,-5832,15524,-9628,2300,0
10556,11596,188,16972,6980,2736,0
14080,472,-2076,20020,-352,1540,0
6284,9144,2888,17976,-48,2504,0
16084,7604,1172,16996,5016,3032,0
12412,13540,7864,15280,-16,3704,0
7228,-2788,-1152,15384,1808,2900,0
23764,-5720,12268,17628,1576,3304,0
11488,-2300,5652,17700,484,1924,0
8652,-2452,15000,19704,-892,-796,0
22736,1964,14752,26952,-3052,-7428,0
7116,-32768,9932,23756,4684,8816,0
16888,3312,416,10284,5728,17296,0
23096,524,-12544,10736,-5576,6236,0
17820,1616,3976,9060,380,9132,0
22880,-2644,-6952,14028,-2500,9124,0
16516,712,7080,15908,-2980,9172,0
12528,464,-2640,19396,-1716,9136,0
10904,712,-3052,19816,876,5460,0
13996,-3136,-7124,6660,-1864,5716,0
13192,-1872,-7272,12624,-876,8688,0
14352,-4344,-14320,12616,-5868,2392,0
14532,512,-17608,18752,6704,5440,0
21380,-16,-1112,13248,-1428,2408,0
14188,9964,1444,16408,4656,2408,0
11844,1972,336,17164,-748,1984,0
10928,8372,-124,16760,2428,3192,0
14268,5996,3524,17008,2208,2036,0
20728,8128,2320,16128,2516,2720,0
19680,-760,2904,15476,1928,3792,0
17916,452,11512,16696,-292,3028,0
13068,6696,8168,17064,1200,3692,0
11988,-1360,12232,17976,232,2828,0
23744,7680,2584,23056,-372,1972,0
16324,-2948,756,22128,-708,-1852,0
12656,-24964,1132,20496,5452,11168,0
17248,-4452,488,7600,-628,15860,0
12880,-4888,4296,7756,332,6056,0
16620,-384,3408,12864,-7612,5956,0
15192,-1076,-1540,12020,1844,7908,0
15840,2700,4968,16384,-6980,8744,0
14916,564,-2100,18304,432,8288,0
18804,864,1040,18384,1888,7092,0
15424,-1180,-1684,17112,172,5232,0
16024,-572,-208,14576,-248,6372,0
15168,-2288,-1424,11412,352,6644,0
16924,228,-584,25756,-3560,-17884,0
16844,1032,-3700,7772,-10968,-500,0
17220,4872,116,18356,5932,3452,0
17920,4792,5300,16672,-2608,2212,0
15520,2584,5644,17092,4696,-372,0
14268,7488,4624,15616,1004,248,0
13852,7044,4504,16720,2960,528,0
13640,6260,4652,16916,-2724,1884,0
13100,7776,1348,16800,-144,3488,0
15412,7112,-3224,16924,1280,2388,0
13432,10484,116,16328,324,2072,0
16960,5888,-456,16424,876,1336,0
14604,6544,1088,16412,292,1324,0
12948,10604,2584,16696,1088,1648,0
14784,712,1200,16196,1036,284,0
18360,4180,-1060,16332,1720,536,0
19652,9264,-1108,17316,852,1424,0
15628,-336,-2256,20188,-840,1308,0
15848,6056,6364,19156,1436,140,0
16560,-1520,3812,15640,3280,6280,0
16276,1384,2788,12928,16852,5640,0
16544,-276,3080,16044,-5660,11740,0
17216,956,3436,14068,-2368,6548,0
19064,-2592,3484,16328,1872,6484,0
14876,2120,3872,15852,2944,7320,0
13364,-1188,-1524,16384,-508,7672,0
19452,268,1756,16560,-1404,6636,0
16032,820,48,16680,-220,5560,0
16712,-1016,-1576,15980,2472,5292,0
12356,1336,-6796,15844,-2036,3244,0
14428,-2584,-4820,11388,16,3716,0
15292,-880,-9456,15092,2336,3256,0
14784,-1452,-12828,14688,-8484,8412,0
12124,5524,-15984,17616,7964,5720,0
25228,-2060,-12552,15468,2060,3532,0
15892,4500,1800,16040,2788,1688,0
12896,8236,-5484,16544,1552,2492,0
10072,3296,3020,16916,1820,2212,0
15660,5780,2040,17024,2304,1716,0
18032,10260,6056,14984,2032,3764,0
28532,16072,72,16668,-276,3008,0
15212,1912,8724,16592,1308,1520,0
13348,-1388,9612,16808,-200,3828,0
11808,6356,12120,17728,1928,520,0
-2400,24256,12620,24976,-3892,-2908,0
-17480,-20300,-12304,20996,4104,4064,0
5632,13604,5580,13440,2204,6884,0
19440,-3076,1620,10828,-6244,5292,0
18356,1944,1756,7920,2504,7532,0
19080,-1424,5932,14300,-3864,9744,0
17268,-632,2596,13492,-5920,10548,0
15896,400,1888,17900,-2648,10824,0
14200,-304,-1424,19680,3532,6936,0
14348,-584,-5236,12492,-1684,6500,0
13236,-3180,-5680,13304,764,5784,0
21156,-4332,-9848,20696,-3668,1772,0
16000,4516,-13844,16280,3704,6344,0
23820,-2500,664,16528,-2708,3412,0
10596,6656,6840,17204,4264,2560,0
12128,5388,-1360,17284,-780,2908,0
12952,6896,2084,16444,3092,3152,0
15268,5000,4660,16448,1720,2264,0
15344,11164,6080,16620,2784,4396,0
2240,21316,7388,17088,1300,2972,0
14184,-228,15920,16764,640,2832,0
6076,-1324,9276,16456,1032,3472,0
21520,2248,-9752,18116,16,1740,0
6164,15068,9408,26448,-2768,-7088,0
24504,-27804,7848,22584,4680,8980,0
17716,-1028,5828,8884,4208,10768,0
15796,-3032,2748,10248,-2752,6496,0
16916,1548,4284,11276,536,7516,0
17976,-3460,3272,13440,-4232,9524,0
12652,3804,7228,14992,-5124,9608,0
15668,1616,-3644,19644,24,9644,0
16412,-2208,-404,19148,3280,5952,0
15684,-2436,-4068,10648,-4824,5264,0
15444,-2404,-5156,13028,2020,8288,0
22964,-3340,-8068,22684,-6708,-568,0
20276,-948,-10428,16212,6240,3436,0
23988,-4420,-1280,16448,-6600,1324,0
3444,6364,1148,18492,9532,1188,0
11132,5276,2588,16308,-1680,1852,0
12244,5340,876,16380,2100,4268,0
14868,5036,4176,16796,1908,1860,0
18080,8564,5424,16320,3512,4136,0
18712,3116,4504,16208,1420,2360,0
17956,1392,8624,16900,584,3428,0
12640,-2068,9168,17104,1060,3576,0
13852,4348,14664,19308,-1376,552,0
32767,-2924,7572,27184,-3320,-9864,0
4848,-10392,9488,24288,6968,11452,0
2116,32767,-8292,10172,2336,13404,0
15444,316,1520,5120,-3680,11884,0
17208,112,-1784,7984,5948,4076,0
17168,380,3224,16080,-6148,8880,0
15328,4572,4708,14988,-2392,10004,0
13304,3100,404,18952,1116,10180,0
17248,-1280,-1924,18096,-40,5160,0
13912,-1316,-6280,12804,1028,4680,0
15708,-2048,-5068,13100,380,5760,0
14084,-5424,-12720,32767,2396,-2712,0
11708,-2208,-21104,16052,-4128,9532,0
27068,-4740,-5424,17700,1940,2220,0
17828,6592,4532,18860,6872,2712,0
15140,6112,-2480,16208,-604,2748,0
10168,4244,4104,16572,2392,2732,0
13640,6504,760,17264,3500,1784,0
16212,7808,6628,16476,2608,3244,0
15308,8816,11584,16280,2404,2628,0
17100,3324,10724,17636,-864,1828,0
3344,-2152,8380,17392,676,1452,0
32767,16760,7652,23308,-804,-2516,0
26092,14748,12716,25376,1764,1616,0
28740,-10768,13300,23896,4692,7064,0
20380,-16252,-5268,6344,-2272,13548,0
19752,-13396,6568,9644,2152,6808,0
16540,-4576,2032,10464,-456,9436,0
15872,2504,3232,12776,-6684,9920,0
20268,-2044,1060,16140,-2360,9456,0
15764,-580,-4704,19180,1840,6840,0
12904,-740,-8248,17576,-2360,5500,0
14816,-2232,-6444,6344,2840,5052,0
16132,-2256,-7472,32767,272,-31048,0
7096,-6612,-23572,10024,-1640,6020,0
25320,2320,-2060,18988,2912,6328,0
16520,-120,2564,16560,5404,3808,0
12564,8792,-1472,16728,2276,2316,0
11404,4788,2700,15192,1240,3684,0
15852,2484,-1640,16896,-124,2404,0
18520,8628,1352,16172,2356,3032,0
16132,12200,532,14184,1996,3384,0
16484,7672,-3532,17008,-256,2724,0
20408,7872,-9756,16532,-528,4180,0
6216,-5456,9224,18364,2012,728,0
19468,28644,9040,26092,-2000,-9372,0
20808,-12612,6364,22232,2988,4948,0
6788,29000,17708,15476,4724,2796,0
16568,-1548,5428,8920,-6296,8516,0
5452,-1216,10852,9644,7304,5716,0
19172,-4556,512,14580,-5680,9700,0
9604,14228,16792,13628,-6008,10680,0
10432,1240,-3896,17924,-2136,10676,0
17272,-1696,-2224,19440,4700,6060,0
14576,-1272,-6160,9348,-6044,5724,0
16024,-1408,-7004,14160,1488,8496,0
18732,-4040,-10220,18820,-5536,-276,0
16252,-1156,-14108,19300,4544,6464,0
22804,-5632,-5536,16620,-5716,1864,0
13068,12240,524,18200,6044,2728,0
12404,2296,1216,20476,1428,1000,0
12392,6280,1092,15768,432,2568,0
14172,7144,3316,15876,1876,1680,0
19684,8464,7568,15912,2064,3560,0
12076,20508,72,16540,-480,2916,0
13516,580,16496,17920,720,2508,0
8028,-1716,12332,18108,1968,1184,0
5268,-4668,14128,25148,-1692,-5304,0
22900,7676,-2404,22088,5532,4108,0
12248,-5764,7108,19928,3576,5276,0
17832,-5436,492,8096,-3800,13564,0
7960,-9576,6220,9960,-1044,6752,0
19632,2824,100,11988,488,7916,0
19212,3020,8140,14120,-8360,9464,0
12376,1596,-420,17576,-2612,10432,0
16684,-300,-1952,18596,4428,6300,0
12036,-172,-5732,15768,-4236,7640,0
14380,-1660,-5680,9836,288,5232,0
18604,-6320,-8620,32767,20,-23252,0
14704,-2556,-22624,8896,-7844,7788,0
31076,-1876,-3504,20152,-864,6696,0
19108,2764,5800,18476,7460,3332,0
15216,8872,-2248,16808,612,2200,0
5672,2904,5040,17200,3452,2592,0
14568,7708,3676,16680,2340,3348,0
16068,7736,6228,14952,1376,3488,0
3204,-5600,-32768,16860,940,3784,0
4612,9312,26408,17288,468,1496,0
11196,-5716,10060,17356,900,2072,0
32767,16448,32767,21112,4052,-3088,0
17468,-2216,18524,24204,-1496,-3916,0
19060,-3800,3376,23620,5700,7980,0
21200,-596,332,7204,2008,16504,0
15904,5756,4344,11868,-2600,8056,0
18208,2676,984,11256,544,9152,0
17812,-1596,8624,14520,-7008,9928,0
15228,2320,2184,15436,-4996,9332,0
14268,1908,236,18164,5464,7388,0
16760,-1128,-1380,21068,-2408,3208,0
13656,-1852,-6076,9024,-1544,5572,0
16600,-784,-4620,12128,2008,8776,0
20608,-3184,-11236,14632,-13084,1704,0
17992,-896,-8204,18228,9604,6380,0
20332,-5488,-3908,15160,-10296,1544,0
6952,8616,676,17844,8872,284,0
10184,4340,1260,14804,-1828,1864,0
4852,7960,1116,17404,-708,4088,0
15320,7184,4688,16472,3516,2940,0
20176,8896,6548,16232,3092,3664,0
22824,4512,-22276,16228,1812,2228,0
20896,-9164,12768,17436,620,1172,0
3692,2392,9692,17332,456,1464,0
10360,5944,-2912,19932,3044,1008,0
12400,-1240,20632,25656,-1768,-7288,0
20384,-10364,7804,25944,7452,10852,0
10652,-8044,-212,8972,504,18136,0
17112,-356,212,10324,-6292,6240,0
14388,6084,3072,10564,156,6324,0
16196,1324,8868,15336,-6924,8188,0
16520,848,396,15660,-3732,9296,0
15224,1096,1452,19612,296,9932,0
16680,-1032,-1560,20448,-716,4712,0
17152,-2180,-4856,7488,64,6064,0
17164,-2060,-4620,14056,1704,6016,0
16168,-4248,-16120,10456,-3988,8960,0
22180,1652,-3828,19652,10852,6344,0
15244,-6252,1620,13980,-5800,2152,0
12848,9600,-4008,17168,4932,1796,0
10516,4520,1312,17152,1328,2008,0
13124,5952,2208,16012,1848,3036,0
15272,7660,5392,16412,2968,1912,0
19200,8176,4528,16316,560,3660,0
32767,13156,-20544,16748,4372,1876,0
18704,-6136,16508,17124,-2236,2188,0
16404,-3040,8316,17640,2620,1676,0
21628,-3992,12584,20144,-1988,-3996,0
12272,21920,5112,23348,356,-4304,0
6008,-7828,6672,19972,5860,6820,0
18368,-4880,3028,10620,-812,15796,0
13680,-3548,916,11352,-2836,7360,0
16436,2200,100,11660,-1072,7304,0
16556,592,6560,13280,-5140,9084,0
16940,2472,-152,16572,-3632,9188,0
14508,824,1156,18724,484,7676,0
16224,-1480,-2872,18484,1632,6224,0
13968,-2272,-7136,8360,-2348,6952,0
15720,-848,-5904,15544,2220,2384,0
15180,-3600,-15996,11168,-504,5032,0
24348,2408,-2960,18708,13336,5744,0
16528,-4300,2844,13888,-6304,1740,0
9032,10772,-2356,17248,5396,2348,0
11772,5232,4172,18072,220,2908,0
16144,1052,1764,16656,1360,2508,0
15360,9816,3284,16520,2384,1888,0
12292,10572,10276,15852,2660,4148,0
1348,10940,6856,16464,212,1504,0
8700,-2620,13264,16868,-820,1868,0
7588,-5620,13908,18328,860,-36,0
-1092,28620,15108,27364,-2480,-9676,0
21732,-264,9660,22604,5164,7032,0
8632,17140,24552,10688,3712,16928,0
17504,-11556,6764,10584,-3452,7148,0
15464,11420,9864,9336,108,7300,0
17364,-1180,4708,13512,-216,8676,0
15940,-520,4488,15756,-4448,10216,0
16588,-2268,-2400,19756,-780,8040,0
15856,-68,-116,19008,3084,4868,0
17264,-2072,-4396,3568,-3296,7828,0
16604,-1440,-7988,31692,4964,-27316,0
13572,-4832,-18108,8884,-4808,6540,0
27000,2416,-3372,20940,-2580,7592,0
14956,-2652,7244,18200,3076,3292,0
11672,8640,-3028,17000,2424,776,0
12768,4736,4784,17828,1332,2400,0
14736,7988,1704,15896,928,3112,0
16824,5072,4384,15992,2624,4068,0
14292,9792,4808,14320,2296,3448,0
14272,1180,19076,16956,-836,2000,0
7228,5972,17280,17608,32,2212,0
976,-12532,17412,20888,-2700,-2968,0
-1420,32132,7056,25328,988,-12924,0
13660,-32768,4232,27868,9832,7292,0
19516,4284,900,9988,168,14040,0
17136,1932,672,10028,-5444,11992,0
17404,2536,1480,8076,7292,5580,0
23112,-288,5604,14068,-8024,8608,0
14124,-1392,612,15744,-2748,10936,0
16872,1480,-4080,20728,1024,9420,0
19584,-6620,1048,19580,2420,6008,0
13044,-3392,-5864,2320,-1588,4212,0
12448,-3256,-9764,16940,7076,-2932,0
11572,-4840,-23840,7520,-7236,1544,0
27948,-1860,-3120,20820,11076,5152,0
12216,-1948,-1740,13772,-4568,3816,0
10776,9308,820,16992,4792,3824,0
10380,5768,-448,18364,3864,2444,0
13596,2572,2884,16980,1568,1152,0
17084,11244,3508,16652,1596,2096,0
13904,10668,12396,15604,1348,3420,0
9224,9128,7696,17036,496,1248,0
10248,-80,12968,17560,-552,2012,0
12140,1752,12520,17196,1876,-244,0
-9964,17920,5188,24772,-3216,-10080,0
23456,-2568,13308,21200,5604,4668,0
11796,3404,13944,14192,5228,8128,0
20524,-7216,2212,14068,-4980,5944,0
23640,-9756,-8044,8608,-1160,6888,0
19692,4456,4084,12652,-1616,9712,0
15368,48,-1540,15292,-5388,9040,0
18716,2412,-1768,21004,-2576,8148,0
15928,-8,-1064,19944,3420,5324,0
14512,-2656,-8756,14116,-1956,9076,0
15384,-2264,-6380,13004,356,6612,0
13804,-4728,-12860,32767,5796,2624,0
12980,-264,-20956,14904,-4212,6444,0
24768,-2416,-1892,17876,-112,2668,0
12148,7492,2848,18612,5020,1428,0
11888,5240,-2736,16028,2048,1396,0
11112,5756,-1636,16916,2464,3532,0
15432,4900,3312,17556,1864,1184,0
22132,10276,-1464,16048,3436,3436,0
26176,-4960,-3248,14512,3732,2508,0
20176,8548,10976,18352,-1240,3820,0
8396,3652,11872,17680,700,984,0
6860,-5608,8436,17364,-256,-1700,0
3264,27880,4456,25840,-1560,-9452,0
-18272,-30048,-15736,19452,5980,4748,0
-19400,32767,-2688,15044,3876,5968,0
20476,-2452,728,8452,-5116,7096,0
7060,-8928,3020,7752,2264,4648,0
18824,5552,1952,13740,-5636,8780,0
17508,-544,1760,15624,-2548,8776,0
14988,868,-4136,21900,-1644,9784,0
14800,-1160,-3012,19848,96,7072,0
13840,-2092,-6592,7136,-4388,6536,0
14556,-588,-6244,12848,1248,7816,0
15692,-3964,-12880,17704,2132,4608,0
17568,-900,-16288,19700,-3340,10180,0
23964,1376,-5964,17716,3308,400,0
9252,5832,-5288,16032,-3336,764,0
11456,3100,-1668,17684,1648,2216,0
13212,4256,-2320,16320,320,2284,0
14872,6740,-3076,16356,3256,2644,0
16964,8508,-264,15792,2564,2196,0
20772,140,-288,16264,2264,5872,0
16104,5112,796,16860,-1364,4384,0
10572,10784,8260,18972,2344,1056,0
4324,-11128,10544,17412,2292,-3060,0
9240,11524,9220,16900,-4316,-5852,0
-10644,19808,12360,24544,-6200,-14040,0
11100,-14092,1652,26112,7372,2700,0
9396,18156,26528,12844,4608,14212,0
21188,100,-3212,11744,-4916,8832,0
14316,1292,1968,12852,3060,6772,0
16768,1884,6736,15624,-4548,9740,0
19536,256,-1048,16860,-1528,10180,0
15396,1244,-20,20296,1728,6964,0
15812,-960,-964,13792,-1168,7672,0
17096,540,-3516,11328,292,3588,0
18064,-6728,-11132,32767,6448,6808,0
12812,5508,-21800,16852,-10440,11656,0
26184,-588,-1312,18376,7504,2300,0
18932,2580,6144,18240,-956,3756,0
12544,4860,-2056,18012,1976,2220,0
12108,4424,2668,15848,1972,2728,0
13920,1336,3976,16092,412,2520,0
17152,10932,7992,14908,760,4088,0
15652,5532,11744,16916,3824,4848,0
12480,7232,2456,16224,-240,2960,0
8320,-8244,5024,18344,312,2216,0
9812,-144,10784,20344,-2700,-1784,0
14316,10996,-6796,27156,-808,-3884,0
9800,-25804,15180,26268,8452,8556,0
16276,16244,5020,7028,2236,14564,0
7788,10672,8784,11448,-2892,7092,0
22960,7764,688,11208,100,7180,0
26264,4712,14812,14292,-436,8712,0
9304,-2416,-1792,18780,-4956,9000,0
24696,13008,1808,19732,-1768,8320,0
30012,-8184,1060,14616,3048,7048,0
13820,-492,-1960,10640,-1252,5596,0
15000,-3180,-8352,31844,-3584,-32176,0
10140,-10184,-17624,10056,-360,4892,0
20220,1308,-7448,18108,4536,5508,0
14620,-872,-1800,15720,1612,2688,0
10220,9784,-2384,15840,1612,908,0
10252,4980,3340,16172,1636,2756,0
16468,7340,2068,16344,1460,2292,0
16808,8172,3592,16624,2016,3412,0
17076,6456,4524,16368,1116,3876,0
19104,-2568,3216,17248,252,2184,0
16792,-2760,12724,17428,-252,2148,0
9564,2024,13508,17616,1392,1376,0
13004,4108,11716,24544,-2704,-2624,0
4640,10268,628,21952,4348,5708,0
9768,2732,7936,18600,4420,7480,0
12296,-3136,3260,7172,-4584,8556,0
16928,-1968,2380,7708,1884,8728,0
13696,1948,2568,15120,268,8148,0
16696,-3468,3428,13736,-4688,9216,0
16048,10184,6008,18304,-972,9060,0
17148,2908,2976,18324,2384,7368,0
17736,-444,-2268,19680,116,5584,0
14220,-1368,-3120,10064,48,3724,0
17168,-52,-684,12188,1880,4372,0
18108,-5676,-6760,32767,764,-4060,0
14584,1536,-15860,18696,-5008,9636,0
19532,1416,-6680,16484,-1160,-252,0
13996,2412,-3212,17640,4536,636,0
13676,10444,5652,16524,696,1424,0
11652,892,1784,16692,3940,2204,0
19520,6344,824,16656,-104,1912,0
13952,7460,3232,16112,4668,3308,0
17496,4716,4900,15772,1216,2952,0
10340,26544,3044,16588,420,2452,0
13484,2288,13136,17028,1540,2028,0
9892,1992,7080,17268,1228,1952,0
13184,-456,7740,17264,300,2552,0
14320,-8852,7852,20128,-3248,7924,0
10944,7484,3752,19428,-376,5236,0
13432,6812,10296,15648,3564,12636,0
18516,-3040,4964,9300,2772,6904,0
16584,-1108,6460,11976,-8816,7060,0
14192,-660,6288,12952,5040,8800,0
15740,-768,3728,15120,-952,10164,0
16760,-4928,4856,17880,1020,7348,0
15656,3512,5488,16788,6388,8108,0
16872,-1096,1752,15612,204,8356,0
14240,2068,6232,14056,3996,7580,0
16008,1876,788,13700,972,7808,0
15584,872,3408,15192,-1756,12056,0
17096,1420,2772,18332,-2144,2140,0
17076,-3488,-4336,16828,-3180,6736,0
18084,1616,2616,16240,996,-528,0
14668,9288,11076,16512,2916,4120,0
18688,3880,2540,16300,1572,1740,0
14488,5688,7688,15876,2708,1488,0
16224,2652,2484,16600,-3048,3688,0
15328,4040,1280,16872,-676,4988,0
16760,3536,2004,16584,-424,4408,0
17496,2412,1736,16452,2008,4876,0
13692,3360,1212,16176,1104,4172,0
23028,-2504,9684,16628,172,3312,0
14072,204,7800,16900,304,1796,0
13876,-2248,6492,17176,-340,2580,0
19540,-296,608,16780,1072,2052,0
12556,5660,5736,18776,-48,336,0
14036,-4188,9012,21444,3460,688,0
17312,3804,12432,18836,3308,4564,0
16340,-5640,1688,12200,984,5304,0
16712,-340,3356,9732,1424,8144,0
18464,-3476,1764,12980,-3644,8544,0
15488,532,1736,14936,1932,9376,0
16652,-2156,2548,16196,1660,9368,0
17020,2108,732,17560,-2308,8416,0
16496,-764,-352,18504,-1360,5852,0
12520,-2248,-3304,16824,-572,4476,0
15796,-1704,-4440,10268,-2976,3588,0
16196,-1264,-6236,13300,1360,6428,0
19148,-1744,-10592,24136,-7496,1152,0
16800,3792,-18320,18828,2936,2040,0
32767,-1888,-7568,17232,-2116,2148,0
16344,4132,5652,16420,3084,2784,0
17780,2412,2964,15684,3476,1180,0
10452,6948,5032,15536,1356,2120,0
15012,6876,8008,15984,1236,2592,0
14660,10584,8864,16832,2448,2880,0
14120,5212,21140,17560,960,3500,0
8088,976,18196,18540,-140,2372,0
3848,1376,7364,17356,1668,776,0
20304,3156,8432,21360,2980,-1536,0
24300,15848,16432,25948,-1488,-4708,0
27900,-4452,3940,22068,2596,9488,0
16252,-1100,2508,8332,808,9948,0
15720,1988,4892,10404,-2320,8592,0
17352,4824,4784,12428,-848,6148,0
17836,-9200,-4056,14312,-4604,7500,0
18632,-344,1468,16488,-4048,9768,0
11400,484,-3024,20028,2468,8404,0
16480,-1468,-1492,17284,-2612,7152,0
13860,-1880,-7768,7172,500,7148,0
16880,-1596,-9696,32767,3020,-31840,0
12124,-8744,-21044,10040,-1880,4256,0
27792,-2088,1756,18436,1392,7496,0
19988,2756,2192,15260,3396,3680,0
11780,8040,-1948,16128,2788,2456,0
9712,5496,808,16236,1456,2684,0
14076,5620,1260,16028,4868,1640,0
16804,7852,5096,15492,468,2960,0
18068,5840,10712,16292,824,3964,0
18912,3500,8804,17736,2372,1412,0
11248,-920,10300,17540,320,1540,0
11568,892,12516,18980,1824,-1128,0
9120,13252,13552,26844,-2476,-4968,0
17844,-1864,8528,20968,2956,8228,0
19540,-1676,1712,9656,4684,13372,0
6736,-1696,-3540,10704,-1640,8076,0
17352,4132,1344,9324,1232,8940,0
19572,-3252,1516,14460,-3908,8908,0
15956,6332,7972,15500,-4772,8960,0
11728,1744,-1988,17760,-1464,9192,0
18924,-4240,-804,19800,932,6028,0
13544,-1440,-7132,14008,140,5856,0
15328,-1748,-4268,12540,-184,5004,0
15032,-524,-7844,31504,5444,-25276,0
13584,-4092,-17048,12604,-4632,2204,0
21220,1600,-7924,18076,2312,3772,0
16724,-2128,428,14808,1168,3404,0
10684,9312,-1712,16556,4424,2388,0
12956,4008,2992,16384,80,2916,0
14480,2804,-608,16884,2304,3000,0
14912,9428,5816,15992,2272,2876,0
18912,7388,4492,16520,1348,4308,0
4752,9924,3624,17332,2416,3116,0
18904,-1952,13928,17124,1020,1660,0
2736,-5956,9156,17192,732,840,0
32767,12040,-32768,22336,-1056,-2668,0
23332,13808,13892,25028,-1352,-2024,0
14140,9656,5052,22984,6056,9940,0
17112,-988,2656,9276,-1860,8368,0
19492,8324,3412,8828,-388,8060,0
14776,3572,880,13104,-3896,8204,0
17852,136,1592,12500,-3448,8596,0
20012,1760,1532,17608,-4556,9168,0
18428,1336,-1060,19656,1708,5124,0
15728,-2236,-3652,16848,-452,6620,0
14640,-2656,-6440,8760,-1352,6700,0
15684,-3000,-7848,30136,6292,-25276,0
10416,-6952,-18812,12560,-1492,4212,0
19492,1304,-3184,17184,5792,6604,0
16552,-1908,-2524,14792,1680,2836,0
10896,10188,-2624,16176,2588,2076,0
9824,5228,2060,16348,1276,4076,0
15700,6808,1496,16760,1512,2756,0
14356,10392,4324,16452,1600,1812,0
17600,8540,8212,17156,1596,4064,0
11920,-8604,18600,16984,884,1820,0
8540,2316,10324,17716,240,2516,0
12484,-188,8896,19100,1380,160,0
11140,16008,4632,26008,-1888,-8364,0
17884,-8968,9116,19832,3756,8220,0
19652,14460,4420,11248,4584,11468,0
17528,-7116,-5328,11816,-4768,6748,0
14716,10016,2576,9356,-860,7664,0
26700,-11516,-6136,12976,-784,7532,0
9532,3320,3396,15508,-6104,9720,0
11952,1856,-4828,20448,-792,8592,0
16768,-948,40,18768,3552,6736,0
14300,-3668,-7788,5600,-3104,6932,0
14812,-2864,-8404,23676,8596,-16368,0
11716,-7312,-18168,11668,-1884,3576,0
22852,352,-5924,18108,1732,7044,0
15388,-5480,1328,14980,1588,4536,0
11872,11336,-3484,16484,2256,2024,0
9328,7064,3596,16828,1748,2272,0
13396,7464,852,16872,2608,2392,0
14720,5788,2988,16420,1248,2840,0
12448,10892,244,16700,1020,4068,0
18404,3384,13756,17344,-356,1580,0
5776,3136,10780,17468,-212,2532,0
-1000,-10216,16864,18504,1676,-752,0
12092,16900,7920,26408,-2952,-10844,0
16856,-6636,9064,23504,5140,8024,0
32767,18372,6592,8936,4344,13268,0
19008,4352,3264,11144,-1728,7904,0
14660,6048,2836,10216,48,7860,0
21008,-5472,2056,13332,-2600,9056,0
11444,8752,8232,15580,-5712,11104,0
12796,1792,-2448,18644,216,9084,0
20240,-3824,-1668,19908,2180,6128,0
16272,-2272,-7184,5772,-3068,5680,0
15088,-1004,-7676,14328,2728,7072,0
13024,-3812,-18228,8792,-4300,7396,0
30832,-3628,-12256,18472,7244,7628,0
15572,-5864,-7128,14504,-2668,4844,0
10916,10208,-1064,17120,4284,2732,0
10412,5652,3980,16896,636,1956,0
15304,5820,3196,17128,2420,2564,0
15128,7020,3312,15780,736,2088,0
15720,9440,9652,16168,1888,2280,0
9312,8952,16304,17232,268,2848,0
15336,-1088,15724,17840,1032,1392,0
12932,-7424,13216,17412,-284,252,0
-628,16644,17124,24536,-1352,-1904,0
13804,-2312,14064,22960,4560,2464,0
12896,25688,3204,19120,4704,6484,0
19308,-6240,164,10792,-4164,6228,0
16200,3340,1304,9172,-1376,8152,0
20536,-5824,-5912,14056,-1172,9164,0
15576,-788,7980,13100,-4184,9092,0
14352,1172,-2808,18892,-4196,9612,0
17840,-168,1036,21332,2996,6444,0
3800,-13640,-32768,8068,-2660,6324,0
16888,-1956,-3512,15864,1428,4684,0
21136,-2492,-10784,12456,-2044,8284,0
18392,-1032,-9784,18452,6656,8376,0
18212,-5600,-2756,14884,-408,2564,0
4580,12936,1008,16232,2552,1720,0
11992,5328,3656,14932,764,3276,0
13244,3308,1436,17240,-1992,2688,0
15004,7312,5152,17228,2604,1956,0
24852,5756,3964,16052,2588,3628,0
27408,14656,-3564,16596,-76,2136,0
19888,-6504,14744,16520,2028,1248,0
5632,1944,3524,17972,-536,1060,0
32767,4708,16972,24424,-1716,-7632,0
16852,16236,14580,23648,5688,5436,0
12584,10832,4336,20660,8452,5872,0
24560,-5796,716,8284,-4864,7360,0
18452,1456,3084,7976,44,7960,0
16756,1284,-384,11688,-1952,8816,0
15968,-1752,4712,12976,-3324,10100,0
16660,8560,1836,20124,-2276,9924,0
14892,-1184,-2480,20772,3740,6068,0
9452,-360,-8288,12096,-1312,7420,0
15328,-1012,-5796,12740,1328,6584,0
18228,-2204,-10680,29700,-2532,4696,0
15064,-2904,-19084,16864,-1060,6588,0
25280,-1256,-536,18780,-5488,2304,0
13108,7000,3300,18404,10400,1468,0
12444,2868,-848,16916,-1912,1764,0
10960,7996,-320,15580,4680,2268,0
14232,4672,764,16044,2548,2132,0
17284,9836,4208,15788,2096,3960,0
22744,-876,10236,16056,1608,2608,0
10228,5932,13396,16848,1480,2204,0
13352,3404,13304,19552,-312,1736,0
16184,-1992,8196,19168,340,-2468,0
12560,17324,1204,24656,-2824,-15420,0
19424,-4072,5280,23068,6240,7756,0
7912,18252,804,16860,5668,13172,0
14700,-3476,1292,10416,-3344,5984,0
14556,10264,44,7844,236,8008,0
19472,-9056,1888,13680,-2500,8260,0
15088,16784,5736,15548,-4348,9212,0
16816,760,-5392,21340,-1108,8736,0
16372,-6276,-20,19424,2656,5584,0
16196,-5340,-8348,6096,-1736,6320,0
17364,-1124,-6248,12480,2044,9396,0
15796,-4844,-14532,12056,-6220,1544,0
22280,2596,-13244,19248,9380,5804,0
16592,-4644,1076,15076,-7368,2304,0
-1464,14676,3028,17668,10272,1176,0
10288,3572,5120,17176,-716,436,0
13292,8028,-560,17052,5764,3012,0
12100,10196,6060,16236,-936,1956,0
18308,5664,8232,16644,2672,3944,0
6860,11744,12372,18228,916,3288,0
8012,128,14260,18160,264,-8,0
4868,-3844,18016,18256,2432,-300,0
32767,3704,13964,27044,-3608,-2972,0
17088,-7100,7728,21528,5120,4280,0
14760,4200,9816,11256,2572,5144,0
24720,-12832,696,9028,-6608,4780,0
21852,3464,2872,11588,2792,6084,0
18724,-4192,76,14540,-3996,8976,0
12208,-6024,3372,15048,-6936,9816,0
16136,556,-2876,18136,-1212,9776,0
18340,6304,1812,19432,3120,5456,0
16240,-4612,-4024,13224,-3556,10244,0
17156,-1112,-6000,13168,-1264,9972,0
19844,-4576,-10636,21760,-11424,-3700,0
19172,-1444,-13332,15424,5460,3520,0
23224,-6412,940,18148,-5928,2332,0
5912,7748,-892,18280,9052,2024,0
14112,3900,3696,14672,-1380,2148,0
13072,3940,-76,16080,288,1400,0
14600,7112,4956,17532,1484,2360,0
21168,9644,5072,15688,3532,4912,0
4844,-19616,9428,14164,1304,2644,0
20884,-9392,24132,17152,-212,2240,0
16368,-1808,8248,18024,1240,1364,0
-17828,16664,14664,27752,-3420,-2844,0
24912,4268,8160,19688,4992,3176,0
20396,868,7816,17692,5128,6200,0
21152,-9976,-7184,10172,-4652,4560,0
17488,3836,1956,9296,2032,8336,0
26140,-5248,1568,12532,-6048,9508,0
1916,4812,2836,14080,-3156,9360,0
9400,2456,-6704,18816,-3036,9612,0
15820,-1496,376,20416,1436,5244,0
15620,-4800,-9788,6788,-1704,6176,0
13520,-4784,-7500,13332,292,9272,0
13016,-9672,-14816,12344,-5268,8708,0
14780,-3316,-14548,18556,6256,7568,0
17192,-5848,-7640,14724,-3992,2748,0
11120,12408,3296,16780,3052,1464,0
13640,-1264,-680,19988,2568,92,0
12476,5268,2180,16552,216,4080,0
16988,6564,1928,16844,2800,2168,0
18228,11932,7496,16108,2368,3752,0
-10228,11352,4496,16668,1284,2392,0
17952,-2848,12004,16832,-32,2024,0
9040,1920,15248,17800,1936,1164,0
32767,4992,10824,27320,-1880,-5788,0
27568,-13116,8428,23364,6536,6064,0
7364,-1292,19396,14900,2908,3664,0
22500,-13424,2944,11244,-7268,6044,0
15440,-1592,-1972,10128,6472,4080,0
20568,412,2500,15024,-9788,8924,0
12720,-3488,4732,16772,-3080,9584,0
17572,688,-3644,19084,800,8880,0
13908,-3756,-1428,19828,-944,6744,0
16380,-4084,-7468,6828,-760,6944,0
13716,-3724,-8632,15020,2796,908,0
14344,-7020,-20500,12000,-1476,6108,0
23688,4832,-5252,19792,5716,7184,0
13772,-8552,-528,14120,1016,3336,0
8424,11332,-3292,16600,3264,2308,0
15888,-3916,3640,17732,2372,2420,0
14184,8248,-1448,16856,1504,2776,0
15896,8268,5940,16720,1776,2996,0
13200,8700,17840,15332,2552,3448,0
13804,10672,14756,16636,-328,1792,0
17072,-3852,12684,17328,544,2752,0
11164,2640,14692,18616,1364,1136,0
23832,20468,17668,25832,-4192,-4144,0
18720,9524,29272,21552,4584,5624,0
24872,20016,-336,15816,4976,5640,0
18468,-6084,-548,6936,-5788,14248,0
16872,-1204,1460,9380,4008,5280,0
26048,-2104,-680,14428,-9592,12056,0
15072,-660,3588,13044,-1496,10476,0
16072,-4384,-2688,15804,3436,9340,0
19092,-300,-880,20900,-1576,7944,0
12428,-5288,-8688,16152,-2632,8616,0
12608,-2636,-9092,8136,1912,5160,0
12616,-2952,-11644,32767,3288,-32768,0
8604,-3980,-24968,7136,-5552,5936,0
24896,-3976,-5404,20644,1548,7352,0
22800,3472,5804,18944,6524,2820,0
13288,6136,-5780,16708,652,2296,0
10932,2156,4136,16596,2428,2484,0
16628,6692,1188,17388,3060,2820,0
17420,5016,9260,15740,2356,4148,0
13656,-13708,-6644,15280,1860,1896,0
23796,7456,8460,17780,452,3572,0
8084,-13592,6272,17500,2628,2756,0
12216,20980,13360,18560,856,-276,0
13808,20624,2460,24344,-2908,-11028,0
240,-29616,-3368,24708,4828,8524,0
22732,5212,3916,13164,2192,11948,0
16416,-3728,712,9840,-3340,9740,0
16928,-1332,-432,10508,4360,4676,0
23268,-5684,-6980,15792,-9508,8204,0
17308,-6020,-1628,14936,-2576,9348,0
15468,1404,-2780,19260,1360,9448,0
20720,-8680,-2860,20280,-424,7672,0
16388,-4732,-6764,7912,-3188,5560,0
13296,-3620,-9492,13188,1664,7012,0
16576,-5092,-13536,11504,-2060,9616,0
15404,2872,-17300,19048,7484,7460,0
23156,-4400,-7420,15176,-7164,2848,0
13452,11824,4832,16828,5700,3752,0
11452,4304,-1932,18116,1616,1768,0
12128,4284,4056,17268,1064,2012,0
19268,7836,-1068,17144,1976,2600,0
16116,8524,2452,15276,2964,2816,0
20368,9940,8724,16108,1460,3376,0
25944,1268,15156,17200,-1132,2084,0
13696,-520,11132,17576,1788,2648,0
13804,2724,9232,19316,3428,852,0
10804,19744,12596,24344,-3512,-8956,0
2876,-22568,212,22020,4860,6672,0
10812,17336,3460,13600,2760,6136,0
18288,-5744,1708,10796,-4076,13556,0
16344,10384,5124,8828,2816,4428,0
17524,-4812,3400,11728,1776,9580,0
14920,9676,5820,13452,-8256,11032,0
16852,-3072,-2488,16904,-748,9680,0
18544,1168,196,20688,5332,5764,0
18368,-1416,-6452,15200,-6020,10592,0
14280,-792,-7368,10796,2212,5080,0
12956,-4404,-12740,32767,8116,-6064,0
12452,-5020,-19976,14760,-3764,6952,0
25348,-1212,184,18184,-5772,2816,0
18684,6476,3136,19092,10780,1504,0
9608,6804,-1848,17104,-3064,3048,0
12224,3200,908,16612,4608,3264,0
17768,2896,848,17316,-204,2416,0
17512,7852,4200,16356,3272,3544,0
21404,7244,11756,15376,1836,3492,0
13276,5056,6404,16200,560,3484,0
16888,-3640,9480,16288,1036,2704,0
7124,2852,10828,17336,2296,1648,0
-504,8856,14484,25400,-2208,-1196,0
6432,2312,7216,24024,3068,-1376,0
-3148,13692,8504,17976,5328,5788,0
13496,-5836,152,10040,-3824,13932,0
-32228,-32764,2640,5452,-4644,11184,0
19440,12660,-928,12104,1812,6420,0
19308,468,4140,12992,-9688,8220,0
17888,-556,-4292,16352,-2424,9680,0
12620,-308,280,20976,1116,7132,0
4340,-8252,-23136,16448,-4832,10492,0
14460,-888,-6284,8420,2900,4864,0
16728,-6900,-8940,32767,-6116,-17932,0
15936,236,-21816,11776,-5108,9524,0
24400,-648,-3488,19640,852,5260,0
17064,1556,1352,16788,6032,1540,0
11400,8940,-1444,15808,1188,2792,0
11848,2628,1052,16176,2656,3536,0
13648,8376,2852,16224,64,2660,0
16164,5180,4928,16028,3380,2728,0
20800,2612,12524,15932,1032,3536,0
15920,11492,9220,16836,1256,2716,0
19684,-5760,11724,17080,-148,1000,0
4444,2956,10440,16808,1180,1076,0
8464,13428,12308,24064,312,-712,0
32767,10324,8488,22800,48,3264,0
17820,9512,6288,20940,2800,10148,0
17944,-4352,44,6536,-1256,9444,0
14996,780,1380,10576,-816,8908,0
18456,2408,1664,12732,640,7380,0
16376,-4136,4280,12836,-6564,9512,0
15444,6808,2812,16480,-5080,9092,0
14860,924,-1888,17868,2708,6820,0
18472,-3084,-1532,20176,-440,3236,0
11608,-1368,-7384,10504,-1132,3340,0
15996,-596,-5940,13368,328,5620,0
15440,-1488,-12000,32767,5020,2844,0
9404,1276,-22880,18180,-3264,6028,0
22016,-1692,-3872,17204,4400,40,0
17952,4264,-1812,16424,4096,1476,0
15000,5428,-5108,15528,2396,2720,0
12324,5588,-524,16428,1244,3928,0
16596,888,3712,16328,236,2244,0
19024,7380,3380,16136,3212,2556,0
20164,6816,6024,16188,932,2228,0
11224,3868,9132,16928,100,3372,0
3484,1128,12940,16732,2768,4048,0
8304,4120,11596,16012,96,6792,0
11048,368,4516,16252,2696,7104,0
19448,-3916,-1172,16692,764,9064,0
5052,32767,22444,13340,3020,10604,0
15324,2768,828,12472,-1740,7100,0
14304,1144,1464,12820,-9524,10508,0
17712,2292,688,12952,7444,2812,0
15792,768,3480,19684,-13764,3424,0
15272,428,2064,16644,-5468,4636,0
17376,3572,1480,17116,-1344,3204,0
16632,-160,2724,17288,-1636,1216,0
16020,1424,-3744,15896,1052,2372,0
14728,3768,-1744,14000,2692,2052,0
16628,2028,-2504,14576,6248,3160,0
16068,7088,-3116,20348,1800,-5040,0
16992,3392,-3164,18432,-3072,-648,0
15524,3660,-6680,15736,2848,496,0
14800,4756,-7024,16216,1700,-928,0
14024,3748,-6796,16584,2092,-108,0
19736,2224,-440,16392,4708,1756,0
23720,-16020,-652,16400,1556,1424,0
9304,29416,-3052,16468,2700,2856,0
21688,-3080,-5144,16596,2068,2256,0
20924,-7000,1040,15576,3180,1708,0
14328,6728,5448,15784,3060,2476,0
11584,7484,5436,15620,596,4068,0
16504,4152,17036,16884,1088,4652,0
18816,3484,11180,18172,716,3240,0
14460,3568,15760,19148,1968,-360,0
10704,3812,6816,22136,-1516,1004,0
6616,-15932,3652,21232,1508,5420,0
13644,6972,5404,16696,3748,10456,0
18928,-5172,-2528,10924,-4260,4676,0
15788,2296,6248,10176,-2048,5724,0
16652,-1232,3604,14036,-36,7728,0
21028,288,-2772,15644,-8628,9032,0
20084,740,2108,19080,-1488,7352,0
10196,-2944,-3396,18448,4876,4652,0
15096,1044,-7144,14036,-3464,9024,0
15120,-1844,-7764,12600,2244,6552,0
11612,-2948,-14292,32767,2536,-540,0
9952,572,-22728,14036,-4108,9532,0
23756,-2780,-9188,18344,-3340,2716,0
14388,4944,1180,19288,10744,2968,0
13708,3732,-2896,16556,-2324,3552,0
12572,5848,924,17772,4372,3564,0
15716,4856,4592,16020,1956,1460,0
18476,9956,6644,16232,4756,3924,0
19968,5784,6980,16804,-568,3120,0
-6520,32767,32767,16900,256,1844,0
1520,-3332,11704,17616,432,1368,0
27892,30620,23944,23344,744,-1300,0
17016,-388,17060,21228,-1556,3324,0
11240,-9260,13364,21900,6516,7136,0
22264,-14228,-1412,8988,-4236,4264,0
14372,3032,2640,10756,-3484,7412,0
17540,-760,-248,12036,-5144,7676,0
-5748,11888,19368,14196,-4172,6756,0
10980,5896,-2776,17480,-5280,8616,0
21336,1396,-500,21892,3236,8672,0
21824,-2044,-1228,13180,-3364,9004,0
14356,-1596,-4364,13816,3396,7948,0
18984,-4088,-12768,26524,-6132,1336,0
16016,-6956,-13720,15496,-124,6404,0
21552,-5540,-5564,18004,-5380,2956,0
11524,8804,1296,18064,4796,3512,0
12380,2472,2012,17048,-44,1528,0
14572,4792,1804,17020,2140,3256,0
14200,7308,4928,16404,1488,2760,0
20760,7444,7536,15412,2764,4464,0
9108,9780,13280,16796,-12,1320,0
13136,-8008,17636,18356,92,1820,0
7692,-148,16560,18752,2124,-216,0
-9064,29148,24624,26296,-5016,-5848,0
-5640,-32768,7188,20976,5404,5780,0
20448,28756,2480,11368,4844,10472,0
17620,-5516,-1492,9796,-4236,6772,0
8024,-4476,9476,9132,-1784,7172,0
21952,-4100,2780,12728,-880,9676,0
15152,2124,6996,14928,-3120,9980,0
14728,-4136,-3876,18240,-3384,9776,0
16852,-1464,-1608,22240,3308,7496,0
15000,-2560,-3668,4640,132,4780,0
15956,-1152,-7236,15544,-724,7420,0
15184,-3224,-15808,8480,-7548,10756,0
18692,-2844,-10172,18820,7964,9172,0
16844,-8184,-3852,14916,-10284,2724,0
14316,9912,-5656,16916,7512,2004,0
10096,3092,2756,17236,-664,532,0
15668,3732,2036,16792,3944,2956,0
19880,8508,-1392,16876,-412,3964,0
14440,10876,4608,16284,3212,3168,0
32767,-2656,16288,17212,-400,244,0
7196,6804,14784,17356,1700,828,0
10500,4008,12048,21764,2724,412,0
8376,7076,10820,26584,-1880,-7440,0
17828,-2552,-3092,29328,7328,9548,0
12540,10536,1668,7584,1400,14152,0
16364,-1876,2936,11032,-1944,10192,0
20948,3976,-188,13844,-1808,8476,0
18004,2192,-2544,13440,-7792,8788,0
20704,-7900,-72,16708,-3412,9556,0
15184,2104,-2376,21744,3612,7180,0
17504,-2540,-3340,14548,-3148,12176,0
13472,-2340,-6988,11928,1820,6688,0
20188,-6948,-12396,32767,4928,5976,0
19380,-4268,-12528,15876,-2688,8060,0
22240,-5904,-3452,19208,-2608,2028,0
9724,5968,-1040,17556,3716,2852,0
13704,1760,3300,17780,644,2604,0
14804,6960,272,15716,980,3968,0
14688,8952,5280,16248,1132,1020,0
28592,3220,11632,16444,2184,3128,0
15224,-492,17200,16692,108,576,0
3748,1180,13436,18612,1348,2380,0
32767,5740,-32768,22724,3936,-2328,0
488,-636,18544,25564,-1992,-3632,0
19012,-3328,1996,24208,4756,5736,0
16268,-1476,2024,7228,2172,14400,0
18396,-2840,4472,11828,276,8196,0
20584,1612,4588,13180,-3176,5960,0
19496,-2732,2992,13068,-3704,9236,0
15948,5752,1912,18708,-4824,10444,0
11016,-1612,-6700,21572,3848,7720,0
13496,-2992,-6600,10800,-4248,6420,0
14476,-3408,-6584,12988,1924,7588,0
24536,-3788,-9572,25360,2436,8484,0
18740,-4292,-11248,18368,5036,10764,0
21300,-6024,-1224,13368,-2880,5112,0
10268,7824,-3020,18832,1040,3884,0
11496,4172,624,17764,768,2432,0
16496,2732,1476,17236,2768,4924,0
16736,8896,2824,15416,2204,3068,0
19156,3716,7824,15332,868,4420,0
20616,-20224,-30624,18080,-352,2104,0
7516,1028,15320,18296,2604,992,0
6472,-5872,14060,20272,-5852,-796,0
32767,9896,7040,24304,3028,-7656,0
20888,-11260,8648,29040,8972,3268,0
168,16240,104,7980,2928,18048,0
20940,-3372,-2784,8848,-5208,8760,0
11048,-4732,2264,10500,7012,6188,0
20332,-2948,3248,16796,-8820,9748,0
15420,2088,428,17020,-4364,9772,0
10648,-1964,-1120,21288,1976,6588,0
16232,-2004,-2092,18056,-1608,5004,0
16836,-1928,-5404,5968,2200,3536,0
15080,-1000,-7804,15804,3312,2828,0
19140,-4980,-24116,13056,140,11684,0
17984,1284,-15096,17424,4028,7556,0
13784,-2796,-4120,14680,5128,1060,0
8200,10700,4148,16416,2264,1516,0
9372,2996,-2192,17588,4164,2348,0
14616,5288,-140,16712,1148,2976,0
15384,8420,4140,16288,1572,3964,0
16884,9188,7448,16032,992,4016,0
4160,-1248,20484,16700,272,1732,0
12840,-4976,15740,16992,504,3020,0
11092,-1452,9852,19492,876,2336,0
32767,32767,13392,24972,-304,-7264,0
32767,3724,13400,20100,3336,5348,0
16380,32767,22740,16940,5560,6176,0
14240,-5512,2508,10832,-4520,9960,0
13140,7764,3632,8328,10508,5356,0
28792,-14488,-6452,12944,-10556,9336,0
24628,-4600,-5700,14280,-1584,11088,0
7804,3292,-4616,20144,2792,12132,0
14248,-8516,1360,19224,-524,7560,0
13036,-4016,-8036,2468,1308,6820,0
15384,-4568,-8964,13664,3068,4568,0
16632,-7652,-16644,7084,-2708,5348,0
24560,-1768,-5288,19816,10516,7380,0
13580,-5612,4468,13056,-1976,5000,0
8712,12548,1476,16364,3120,2744,0
10936,1296,-104,17100,1504,1544,0
17864,6328,724,16608,2180,2256,0
15488,11612,4004,16160,4332,1856,0
18400,19456,-3552,14976,2792,3936,0
14480,6432,16532,17732,-16,3112,0
7876,-1848,8664,17396,-452,2484,0
11424,-6524,17560,17364,1400,1428,0
-32200,28232,30616,26100,-3764,-2996,0
22376,-11148,5944,21464,4112,4480,0
32767,20404,5992,15080,5596,4680,0
19120,-7176,-3460,5264,-4852,16076,0
19500,-1168,-2116,11152,9020,7424,0
21800,-3772,1808,15312,-8624,9312,0
14908,6400,8696,13176,-4596,9652,0
11156,-600,-5464,17592,3116,10404,0
17884,-1080,-380,21968,2596,5560,0
15192,-3636,-6704,11660,-4512,4708,0
15496,-3304,-5252,12396,4104,6272,0
16200,-2216,-9360,32767,-15060,-32768,0
10968,-1632,-22688,13032,-9696,10348,0
26480,-1076,-7748,18832,2176,4056,0
16464,2108,532,19336,8000,3376,0
8612,10412,-512,17460,-468,3672,0
14824,-2504,824,15456,4604,1740,0
17200,6524,-1264,14668,4684,2404,0
18152,9912,616,15940,1912,3648,0
6568,-484,-824,17936,-924,3296,0
32767,-10876,16336,17760,1948,1488,0
4484,3768,8484,16944,368,2836,0
21208,5676,12140,21228,5584,-684,0
29860,7012,18880,25020,-272,-6936,0
16312,4856,3764,27204,5908,7456,0
12420,-236,3828,11164,1612,13552,0
9948,-2684,3392,9784,-3332,9336,0
15480,3584,4660,9700,4464,3544,0
18336,-1536,3556,13880,-11204,8552,0
15304,4052,1372,15136,-4668,9612,0
13836,840,-2320,21700,2244,9140,0
12664,20,-4608,19328,-676,6484,0
14008,-2228,-7352,5092,28,7308,0
14732,-2544,-10020,16796,3936,-2204,0
12388,-2544,-18192,8860,3552,5468,0
24520,5652,-9236,19004,4860,8276,0
16712,-8612,-5152,14836,-1620,3604,0
12464,9516,-68,16872,3132,2836,0
12160,3740,-2332,16736,608,2772,0
11968,5520,1392,15592,1968,3412,0
15912,7808,3812,16732,2456,2728,0
19272,9140,6588,15720,1660,4784,0
20752,7180,-18432,17696,1636,2152,0
20356,-3308,15620,17492,596,2160,0
11516,-2020,9456,19228,1480,-120,0
-1432,484,10316,22972,-2848,-7336,0
30248,23848,6472,24196,5704,5700,0
29004,5260,3096,17288,5472,4200,0
19160,-4332,788,7892,-4712,12268,0
18396,-6080,4268,9780,3200,8436,0
20648,256,-308,12440,-2084,9744,0
15344,3564,4572,14136,-6764,10120,0
15380,-1692,-2224,18328,-600,9200,0
18524,-1360,-2516,20324,2404,9024,0
13172,-3312,-7884,13724,-2708,9240,0
14504,-2460,-9620,11152,748,8672,0
18000,-3412,-13928,23192,-7888,-240,0
19068,-564,-7576,17388,6796,8336,0
14548,-7544,-4868,15496,-4744,5468,0
6540,14936,5996,17748,4816,3124,0
13648,4872,-472,18048,552,1448,0
12036,3200,3232,16160,1008,1820,0
16980,8468,3304,15816,1740,2712,0
18748,10416,9688,16164,1248,5292,0
22592,-48,22788,16932,-100,1848,0
8552,4460,13112,16668,512,2140,0
7800,4580,22588,19408,1908,-268,0
32767,32767,28868,30304,-3784,-7480,0
26784,-20980,14236,20256,3400,10888,0
-7340,32767,-152,10688,6548,6052,0
12196,12912,7900,7916,-6544,13864,0
12420,784,3852,8436,6128,7224,0
22252,-3092,2728,15016,-3916,10420,0
17800,5316,9004,16516,-4668,11332,0
11436,-2252,-2284,16320,-1548,11352,0
23316,2544,-3832,21856,5268,7196,0
14408,-1108,-6820,8120,-6180,5712,0
13136,-1676,-8772,14440,3652,776,0
17288,-3156,-23908,8960,-1288,5088,0
32284,-2864,-7828,19604,6176,9756,0
16212,172,1492,14968,-1796,4136,0
8360,13348,-1740,16044,6436,1740,0
11604,-248,2132,17532,-1580,4384,0
15508,8700,3544,16548,2912,3172,0
14268,4388,4432,16716,676,3836,0
13620,21200,7916,17968,1584,1612,0
16820,-9448,16416,17144,448,1480,0
6340,3248,11832,17096,420,2140,0
8240,-3204,12852,21604,4676,-512,0
15432,9528,6400,26080,-176,-4588,0
17248,-1700,8228,27460,7828,7080,0
620,14260,2608,7724,1852,21244,0
18988,192,4580,11768,-5880,7252,0
17644,12220,3264,10252,-164,7688,0
20464,-4780,3120,14204,-4768,10544,0
17640,1544,-2392,14528,-4620,10988,0
11184,-76,-5116,21804,1500,10620,0
20700,-1552,-1788,16980,1284,8448,0
13888,-3308,-8868,7760,2016,8880,0
14332,-6308,-13284,32767,-1588,3592,0
12028,2628,-20520,15304,-7848,11036,0
25136,-6176,-4064,19456,3168,3160,0
14256,3852,2312,17692,2356,3856,0
8532,7024,-2504,17148,1980,2048,0
12880,-644,3656,15988,3060,2320,0
16488,10752,1960,16484,2216,4012,0
18600,3696,7776,14968,3108,5464,0
18484,32767,10920,15012,184,2820,0
10356,296,21976,18008,436,1812,0
9196,-10244,10160,19072,2184,220,0
32767,17048,4700,25924,-4160,-4968,0
16820,1720,1084,21168,5008,4428,0
19920,-420,12124,18816,5128,4352,0
16588,-5760,1772,8992,-4868,10396,0
18376,11688,-2444,7184,-1600,4560,0
26072,-2596,-8676,12156,-272,9316,0
14620,-1468,4404,12972,-5488,11876,0
9888,5056,-5848,18860,-1408,10796,0
15068,-6524,3516,21160,3580,7724,0
14624,-2840,-10512,5132,-6744,7652,0
14560,-6908,-8652,32396,6932,-24888,0
12112,-6216,-20956,10380,-2168,5080,0
23844,-3124,-2544,18372,556,7992,0
13028,-732,1484,16656,4332,4488,0
8828,11088,112,17180,2728,2496,0
12572,-5012,-488,12808,1708,2356,0
18276,7436,2808,16512,-180,2716,0
14900,10412,8704,16240,2036,4164,0
20460,40,5320,16244,1236,4376,0
17108,-6932,20388,16908,596,1640,0
6344,5296,9720,17480,1308,1444,0
10596,1956,22364,18904,-1040,-1056,0
32767,-1796,17520,27720,-2576,-13536,0
18708,128,8848,24584,5524,9976,0
32767,9752,12988,10108,4084,9324,0
22124,2912,5384,7912,-5620,11204,0
20748,8312,3812,8788,2180,4676,0
23328,-10152,-6124,13908,40,9260,0
15408,1632,2560,13832,-5140,10840,0
10712,-4,-5988,18372,1476,11012,0
19076,-3144,564,20480,2744,7044,0
14312,-3808,-9648,6096,-5608,5312,0
12356,-1872,-9736,14808,2912,5452,0
7532,-5844,-22264,8808,-2068,7856,0
24988,-516,-15660,19180,6820,8492,0
15896,-1868,-10100,14456,-568,3976,0
18240,7848,748,16460,3748,2636,0
15104,1528,-2660,16120,552,2704,0
11584,8224,3620,16124,1080,2572,0
15336,5224,5884,16056,1968,3808,0
25540,7724,-7248,14756,592,3524,0
13196,10600,12916,17000,-240,2848,0
11472,-2796,10512,17292,760,2140,0
17100,-444,12936,19056,-724,-804,0
32767,15380,9808,28552,-2680,-8856,0
17920,-14656,4188,25016,6776,10164,0
8228,14180,1212,8392,2904,13332,0
21080,-1816,1960,8116,-5000,8888,0
20716,1204,3260,9396,-780,6508,0
20776,-1232,-1044,16096,-7236,8732,0
13360,5844,6464,14776,-4888,9916,0
15944,-492,-3976,19928,2968,8788,0
18528,-204,584,20464,1532,2484,0
14068,-3528,-9252,5328,-912,6096,0
14024,-408,-8288,12276,-116,8484,0
14400,-7048,-15520,12768,-5356,5220,0
20212,2360,-9944,19960,9180,5912,0
16016,-3980,-4332,13180,-4296,3208,0
6076,14000,88,16888,2740,2268,0
10936,-384,3436,17544,1252,2016,0
13140,6760,2264,16344,2548,2024,0
14728,9380,12588,16168,648,1636,0
13360,7352,7768,15260,2528,2640,0
12672,3552,16544,16452,924,2212,0
9260,4368,21904,18048,-1992,2632,0
13504,-3892,6432,19108,484,1040,0
32767,23548,16112,23404,-2904,-6844,0
18272,9932,11608,25476,8824,1044,0
-1988,368,14652,23036,11332,5188,0
13236,-4372,6540,8584,-5792,13332,0
14896,84,2864,9204,3088,7124,0
18496,-1792,-1072,10796,-1808,8924,0
15464,-1148,5020,13400,-2160,10224,0
16076,268,-3024,17160,4776,10288,0
17548,3344,1076,20536,532,10084,0
15892,-2000,-4216,18176,-2216,6648,0
13480,-2584,-5336,6856,2068,7208,0
14040,-1692,-7984,16244,-352,-2140,0
9416,-3948,-18292,10044,-2584,6436,0
21160,2932,-10096,17244,13016,9032,0
18424,544,428,15888,-5692,3656,0
7932,10972,-520,16856,4180,1876,0
11912,3872,-1104,16820,12,3580,0
15380,3948,-192,17580,980,1540,0
17140,15348,2656,16636,676,2652,0
17436,-16808,-32768,15556,2692,2620,0
16896,-1980,8512,17120,-896,3256,0
9396,2500,10932,17068,312,1496,0
-5000,4580,11000,17040,604,1060,0
15844,2144,16064,20324,144,-1460,0
8200,9672,6180,27584,1628,-2776,0
18368,-7456,3748,26800,6956,7444,0
12396,2848,2804,9516,-1512,8972,0
17032,-4012,732,8648,320,9416,0
15940,300,1316,14440,-40,10784,0
19264,-5940,-2084,12512,-2028,10228,0
18520,-1460,-2404,13748,1448,13724,0
15644,224,-248,13748,1700,11716,0
7428,-5080,-12828,13668,-4876,8020,0
13808,-2844,-3336,14092,-320,4368,0
13572,-2844,-5820,13560,424,4488,0
14076,-1744,-6960,12936,1368,2004,0
14220,1776,-8768,13272,-4028,3920,0
14372,-1656,-8360,32767,152,-6300,0
15520,-940,-14604,25908,-228,-5260,0
17452,2904,-8948,13776,944,5048,0
21584,5428,3652,16420,1652,1340,0
12400,11396,-3260,17312,560,320,0
6384,1044,532,16868,1096,1680,0
7956,9180,-1760,16140,840,1984,0
17520,7084,-2360,16676,-1148,3948,0
22300,11068,4332,13812,916,5208,0
15232,6332,9880,15992,556,5188,0
20212,856,5840,16388,12,2336,0
21312,-2116,7408,17156,524,2680,0
15604,476,12824,17604,1232,648,0
32767,-13572,-14948,23024,-2360,-2456,0
10616,15336,6048,22376,5140,1072,0
11004,1176,6236,24668,5744,7720,0
14972,328,396,8960,-152,16852,0
16096,-3052,1440,10476,-3536,7236,0
17768,744,1912,11792,3268,7564,0
16256,-4636,1140,14424,-3616,8416,0
19684,4712,-1964,17024,-456,9228,0
15288,1900,-2024,20208,992,8144,0
14392,-2620,-2880,19972,-200,7592,0
15412,-3152,-5100,6848,-1276,8556,0
13828,-3644,-8828,12100,-432,8268,0
8424,-6920,-21824,10168,-940,7716,0
24372,3904,-8076,18212,11272,7200,0
14748,-4020,-2352,13036,-7588,5732,0
10596,10844,152,16224,4132,4544,0
12228,772,2632,17692,-1960,2400,0
13764,9352,-1236,17140,3216,2868,0
14792,10776,4012,16424,-180,2604,0
17980,8292,7196,16708,1196,3936,0
8868,4424,19520,17356,-264,972,0
1912,-4472,7912,17640,568,1384,0
10636,-6496,6656,19172,448,952,0
20604,17208,-720,27804,-852,-5716,0
-13752,-26936,6416,24276,5456,9552,0
13660,14368,2936,6008,4672,12132,0
18924,-516,5676,8912,-2296,10636,0
17888,12892,6428,11716,-152,8436,0
19524,-5036,3168,13856,-2720,9284,0
15900,5348,2504,19088,-4352,8968,0
15404,-3240,-1876,20372,3024,7324,0
15476,512,-492,15072,-1908,8492,0
18276,-1384,-4356,11948,916,4928,0
15740,-1340,-6540,29248,2652,-27164,0
18508,-3972,-15940,10612,-8988,4248,0
22216,-2352,-4264,19124,6692,5800,0
16812,-120,5436,16464,1972,4692,0
8848,8148,-1436,16424,2288,3328,0
12396,4100,1928,16472,1268,2108,0
14904,6120,2916,16472,2568,2928,0
19000,8004,4620,16032,3148,3276,0
15368,10500,9452,15924,616,3552,0
13400,5072,14268,17100,-16,2084,0
5156,-1896,7920,17220,1344,2456,0
12752,-8560,8252,19108,-2548,476,0
20380,17004,10752,28772,1044,-3496,0
16968,348,10008,24444,6004,9388,0
11368,9256,2348,7336,6356,19556,0
20984,-484,4328,13008,648,6636,0
16976,7016,-480,9924,-2352,8992,0
18244,-3752,2160,12992,736,9564,0
14608,9636,6008,16556,-736,9952,0
16020,904,-1912,20812,-1572,7408,0
14788,-1652,-3588,17008,-2956,8556,0
16424,-1444,-4596,7116,2200,4400,0
14516,-436,-6240,15584,2328,1668,0
18128,-1704,-19756,7720,-3324,7436,0
26532,676,-3280,18996,7900,7328,0
15044,-2452,-5212,13680,-3232,4436,0
8036,10048,1792,16204,4964,4268,0
9424,844,2636,15640,-2596,2472,0
13164,11340,2704,16924,4908,3076,0
15580,4684,4232,16528,1272,3076,0
21424,7164,7992,16948,2712,4080,0
22056,1268,7308,17780,-612,1140,0
9820,-4156,7388,17460,1612,1672,0
17708,-2600,-3128,19728,-272,548,0
28072,-4540,13876,25740,-920,-2368,0
18304,2156,7636,24884,5296,7964,0
12920,-6168,-2148,5960,1036,13176,0
11460,-3844,4512,8100,-1112,8468,0
17580,4840,416,11956,-1788,7732,0
19336,-580,-732,13392,-3940,9064,0
14768,4184,3128,17500,-5144,9400,0
13860,1924,-3504,21580,1936,7372,0
17696,448,-2884,15900,-1724,8892,0
15512,-1136,-5460,9492,296,4528,0
17500,-1336,-6932,32767,-2276,-21952,0
17200,-1092,-21184,11844,-5424,8160,0
24668,912,-1960,18988,-3460,5448,0
16256,3588,2004,18820,10588,2716,0
12368,7708,436,16668,856,3520,0
12140,684,1232,15584,1720,3168,0
12144,10420,2860,16268,3752,2664,0
16292,4700,7960,15956,2700,3428,0
6192,11564,9464,17384,1512,2676,0
14788,76,7280,17392,712,1192,0
-6076,-9084,9484,16564,1540,3004,0
32767,8912,-28080,19212,2516,3204,0
23992,9752,13380,25012,-1468,132,0
16292,4020,4444,22132,4400,8952,0
16648,1056,3072,7716,1104,14680,0
10772,-6920,6772,9608,-6508,6520,0
13128,3680,-176,13176,-140,3200,0
18604,-2124,6608,12140,-8820,7800,0
17776,4700,1468,16296,-3836,8168,0
17328,260,128,20196,-828,8224,0
13844,-1152,-2352,19244,32,3968,0
16060,-588,-4548,7952,-2436,4044,0
16056,52,3000,16452,2476,-1408,0
16352,304,3320,16224,1748,-1144,0
16052,348,3196,16580,1100,-288,0
16188,612,2936,16592,1568,804,0
16044,852,3072,16504,1828,764,0
16008,1112,3624,16452,2728,584,0
15988,1768,4456,16484,2588,-212,0
16324,1492,4880,16352,3168,-100,0
15912,1900,4900,16372,2984,248,0
15892,1996,4940,16396,2788,488,0
16028,2020,4652,16376,2732,992,0
16060,1560,4540,16500,2324,936,0
16008,1284,4472,16476,2156,920,0
15940,1596,4772,16568,2300,1364,0
16088,1724,5128,16540,2220,1184,0
15992,1596,4872,16312,2636,824,0
15780,1720,5240,16560,2632,1240,0
15988,1480,4760,16376,2096,924,0
15788,1408,5032,16416,2544,896,0
15972,1532,4876,16444,2088,1028,0
15908,1316,5068,16452,2396,1096,0
15848,1664,4868,16244,2436,652,0
15792,1308,4656,16336,2500,720,0
15816,1292,3744,16280,2312,1520,0
16324,708,4400,16416,3360,1760,0
16092,1340,6312,16468,3288,1892,0
16276,-2712,7716,16520,3076,1872,0
15632,1956,7400,16408,3084,1968,0
14996,1000,7560,16360,2900,1704,0
14820,2144,8080,16196,2768,1284,0
14912,4992,7152,16244,2604,1064,0
17416,4608,4244,16680,3036,1368,0
15992,-588,5236,16244,2908,1696,0
15808,-648,5184,16260,2432,1448,0
15932,1544,4360,16480,1948,852,0
16060,-84,4300,16096,2276,1512,0
16100,-648,3996,16560,1124,1716,0
16132,244,4048,16516,1796,1796,0
16264,-864,4464,16496,1540,1412,0
16108,-132,4280,16592,1900,1376,0
16288,-432,3836,16520,1652,388,0
16076,52,3872,16488,1172,-468,0
16128,-1036,3296,16496,-396,-1276,0
15976,-1956,2596,16824,-1080,-68,0
16044,-1284,2992,17392,-164,2420,0
16148,-1852,3524,15820,-256,4484,0
16072,-2040,3072,15612,360,4956,0
16008,-2148,4528,16728,3900,3788,0
16236,-1820,4648,15520,1200,4740,0
16020,-1248,4124,15580,-884,4888,0
16016,-1112,3532,15584,1396,4852,0
16112,-908,4608,15368,1820,4588,0
16188,-768,4612,15824,436,4532,0
16044,-592,5068,17344,2340,760,0
16144,-860,4928,16900,-772,4036,0
16028,24,4644,15968,2484,2836,0
16500,-1432,5464,17560,-1952,1480,0
15732,1032,5276,17016,2344,1696,0
16040,-60,3476,16320,1352,1912,0
15948,416,2044,16240,2692,1160,0
15936,-304,1716,16124,1644,360,0
16240,-296,588,16352,2988,556,0
17280,888,4452,16148,3864,532,0
18032,-472,7084,15988,4528,2408,0
15300,-2624,7560,15792,4000,1348,0
14976,-2204,8856,15512,2904,1652,0
14136,5360,7028,16860,3948,1340,0
16084,-1024,6684,16136,2844,2264,0
16276,576,6020,16648,2892,2356,0
17664,976,5728,16872,3248,2828,0
15232,2052,6748,16332,2812,2304,0
13776,812,7212,15932,2732,3540,0
13888,4360,7256,15936,3168,2984,0
16964,-2176,3276,16116,3880,2468,0
16840,112,2440,16448,3292,2992,0
16388,-3256,2532,16284,2220,3028,0
15328,2644,2640,16084,2144,3944,0
16080,-1436,2348,14984,3544,4816,0
16408,520,2696,15332,1068,3668,0
15488,428,3900,16208,1760,1528,0
16700,1204,3160,18596,-692,-732,0
15724,-2776,1640,23920,-668,592,0
16344,-2396,2840,12536,6572,15376,0
16064,-2452,3280,15668,268,9236,0
15848,-1736,5908,12204,-748,8156,0
16060,16,5480,12112,2200,9404,0
15488,-544,5408,14056,1672,5552,0
15416,-932,5620,16956,512,3768,0
15908,-1980,6148,15616,1008,1976,0
16132,-1120,5748,13660,1776,-1300,0
16548,-376,3484,14240,288,-760,0
17300,-2500,3108,15720,548,-2596,0
20588,840,-972,14692,3776,4092,0
23064,284,-436,18408,100,5932,0
16284,-60,14512,15328,4148,3020,0
10656,-360,15476,16328,2748,3196,0
9800,592,14232,16632,3724,4636,0
7924,-220,13496,16484,1876,3612,0
11792,1692,13924,15972,2304,4316,0
13392,4796,12512,17548,3552,3000,0
15692,-1196,10936,18292,2460,1008,0
12064,3652,7316,13208,2024,592,0
12056,2128,5772,16160,2924,-1444,0
23692,-792,-5648,19412,5396,-780,0
11548,6376,5820,20952,-2648,-864,0
19560,4,4872,25608,2808,3864,0
15992,-2632,2892,11468,2456,17572,0
15984,-2588,3952,13604,6632,9896,0
16244,-600,5060,9576,1012,11012,0
17028,-1508,4140,13284,-2992,9556,0
15724,-1016,3544,12776,556,9224,0
16152,-1192,3368,14724,48,7308,0
16152,-1824,2676,17452,292,3560,0
15532,-1376,2424,15980,3108,392,0
15952,-1264,4836,14424,780,-3796,0
16820,-184,5460,13244,2172,-1852,0
18240,-3816,4120,27064,2784,-3500,0
19776,3572,-368,13140,-4644,6376,0
20856,-748,-2772,18076,3880,4768,0
14152,-2648,19184,16156,4364,1196,0
14988,2376,12216,15800,4192,1760,0
10740,-1008,13536,16048,4392,2228,0
10268,-2124,16176,16504,2828,1260,0
12372,12,15280,16220,3000,2232,0
15512,2188,13172,16856,2768,2792,0
15468,1012,11124,16068,3100,3304,0
13732,-1360,7024,15972,2968,3380,0
12860,-1008,2896,14744,1856,5172,0
22140,3552,-1552,17244,4588,6008,0
8920,-5168,4544,17188,-2232,4424,0
16256,216,5108,15704,-1396,9060,0
17480,-1220,4216,9836,624,13596,0
16000,-972,4656,11492,3020,12804,0
16464,-872,6128,11400,-1924,8688,0
16044,-2176,4796,13064,952,10684,0
15508,-964,4588,13976,792,8716,0
16064,-1528,4276,15772,-1496,6420,0
16032,-996,5384,17072,768,7120,0
15500,-880,3728,15496,1236,4220,0
16248,-2220,3200,15796,3188,704,0
15604,-1064,3708,13780,3600,-632,0
15808,-1412,3876,14840,2996,420,0
15384,-2304,4264,17064,2788,1220,0
18168,608,4168,18572,-1376,-684,0
19248,724,5088,16836,4328,3152,0
16384,1424,3468,16188,2048,4072,0
17132,-1468,8380,16084,4936,1468,0
10064,-4900,16416,16156,2884,664,0
11576,-756,12360,16136,4532,2564,0
11568,-1936,12892,16496,4184,3172,0
11628,-2816,13020,15788,1976,2464,0
13692,-920,12924,15832,5284,1012,0
13764,-4088,13368,16052,4508,1848,0
13484,-3880,11788,16552,2760,972,0
11552,2244,11080,15800,3116,2992,0
9688,4684,15880,16256,1496,1608,0
19652,-4608,7196,16516,1580,2992,0
14144,7212,7736,20072,620,1808,0
17036,-776,7244,18468,-4036,2760,0
15148,-792,4824,19328,-3812,6512,0
16324,-864,4600,12156,2304,10244,0
15908,-1612,6364,13760,-3096,6424,0
15896,92,5372,12680,2976,7116,0
15628,-1212,4932,13932,5460,5544,0
15668,-68,2492,16492,1436,2020,0
15636,-364,3820,16460,2840,-640,0
15800,-976,6004,13468,3492,-3656,0
15720,236,5784,13500,4444,-3160,0
15524,-1020,4020,14876,4644,236,0
16900,-1140,5260,19392,10776,-1440,0
19180,5852,2560,15180,2396,2992,0
20744,-3884,852,17916,-116,5080,0
20828,-4524,5700,17248,1160,3620,0
13000,1088,15024,15772,7376,1960,0
14292,-5136,13316,16456,2380,2300,0
8604,-1452,15096,15888,4004,968,0
10400,-1208,13084,15696,4968,1304,0
14000,-7656,13592,15820,5300,1316,0
16028,2712,10124,15780,3316,988,0
13428,2224,10484,18728,4068,-104,0
12792,-228,5764,19656,4124,2296,0
11768,-3060,-3228,15832,2480,380,0
14532,-4500,6892,14236,4848,-3060,0
32767,-20084,8520,23840,3328,-2264,0
12788,11216,7004,24884,-7220,-4196,0
13816,-4728,4016,18748,7484,17608,0
16840,-2436,624,11332,1128,11012,0
15744,-968,92,9264,-604,13076,0
15428,-552,3008,9820,948,13268,0
15828,-1772,5372,10272,-1152,10292,0
16660,-1212,5756,12820,-3704,9660,0
16548,444,2888,18728,1624,6940,0
15360,-1092,2892,13060,3552,524,0
17464,-1364,3992,11060,-236,1260,0
21020,-2500,3136,32767,-2152,-3384,0
22072,1832,-552,12596,3960,8860,0
20852,-2808,5720,20020,-3448,2876,0
11228,-2332,16456,16216,5000,1832,0
10032,384,13560,16544,3960,2800,0
9472,-2948,18360,16092,2328,2684,0
10420,1744,15640,16052,4280,1008,0
14656,5940,14364,15680,3020,1160,0
14732,-1064,11412,15872,1788,908,0
11708,-372,5376,15680,3416,2776,0
10260,-2164,-2368,16028,2328,4028,0
18068,-588,3464,17408,4544,32,0
13520,3280,3476,27796,-2040,-1780,0
16920,-2356,9464,27516,1548,-2004,0
15012,-4036,4588,10232,8596,16308,0
16156,-5480,3224,15628,-1088,9000,0
16028,-1056,4452,6996,124,11648,0
15776,-1788,3872,8328,3116,11028,0
16072,-2100,4648,13688,-2500,11340,0
14764,-2068,3808,13576,1436,8752,0
11008,-1012,3112,16244,2792,4512,0
17112,-1500,4832,13084,2068,-340,0
22536,1384,-360,9144,-2808,1512,0
23212,-2436,3884,29016,9732,-1116,0
23372,5400,-1704,15056,-4456,8508,0
16436,-3144,13132,17124,1692,4136,0
12120,-2948,15228,16112,6528,2656,0
10648,-2692,13788,16536,1976,3324,0
7348,-1900,10852,16380,3120,2000,0
10248,3388,13912,15344,2684,1956,0
13216,3540,14068,15800,3080,2676,0
15324,-1116,9520,16432,3152,3588,0
15256,736,8604,16236,1732,5056,0
13356,-2308,2500,17096,2688,4300,0
19604,-364,2620,19716,5592,2008,0
10600,-2744,8408,24320,-3036,-5212,0
18780,7016,6496,26104,2360,16,0
17876,-7120,4580,11632,7432,15164,0
15580,-3256,4820,16708,4112,9252,0
15884,-1400,5564,9076,1852,11020,0
16020,-1576,5340,8880,2496,11564,0
16012,-1808,4640,13992,-2220,13060,0
17720,-124,2212,14368,2752,9944,0
20776,-2408,1724,17412,5068,5340,0
18600,-2332,4704,12728,2536,1816,0
19444,-4632,2644,32767,10288,-2048,0
24128,8056,-2632,12020,-5384,11692,0
16584,-6760,14468,17016,1268,5224,0
15092,1068,12088,16396,5760,3000,0
8428,-1828,15128,16092,3784,3396,0
10220,-6504,11784,16128,4200,2276,0
9832,1360,13976,15388,3944,2084,0
13336,4488,14868,15872,4236,2504,0
14464,-2936,10292,16408,2988,1768,0
12420,-240,8812,16260,2676,2152,0
11448,628,4012,16604,4508,368,0
29404,5844,-324,20196,5008,-1376,0
12200,-228,8392,23640,-7084,4,0
17084,2276,4320,21444,720,2988,0
17372,-3520,3824,8388,4280,14876,0
15796,-1748,4728,12036,2964,10908,0
16564,-812,5844,7296,-904,12236,0
16000,-1204,4588,9024,-972,10708,0
16144,-2352,4220,14192,-4196,12788,0
15332,-936,2856,16900,4384,7324,0
16044,-1436,4028,16216,996,2804,0
15132,-1748,4304,13268,972,-872,0
16820,-1580,5300,16352,476,1696,0
20644,212,3136,13692,7152,3788,0
19788,4364,3924,18536,-2012,3932,0
17284,-72,9172,15724,6004,1564,0
10008,-2872,17056,16056,5148,132,0
13284,-1208,12140,16092,3744,768,0
8576,-2088,11076,16112,4044,3376,0
12456,-284,13172,16092,3496,3736,0
13956,1044,12848,15912,3208,3272,0
16312,-2068,10088,16388,3156,2972,0
16184,344,9436,16508,3404,3024,0
13588,3004,7552,15544,2872,3744,0
14048,-5372,4012,15204,2772,4824,0
12720,-888,3536,15724,3708,4564,0
18016,2872,848,16480,4124,3640,0
12992,4268,3060,18880,872,-4,0
17456,-2648,6092,19476,-2992,360,0
15600,-64,3428,22420,-2468,4524,0
16708,-2084,2244,10392,4544,18404,0
16424,-3312,4368,13752,-708,10188,0
15676,-728,5376,10912,1032,10864,0
15756,-416,4236,10332,2344,10480,0
15696,-372,3468,15056,-3912,9864,0
15452,-1324,4316,16324,-2324,8484,0
15496,-412,2212,15096,9816,2420,0
15572,-1644,1344,8180,6060,936,0
17164,-84,5988,22812,11916,2112,0
20988,2100,5408,16020,-8112,5280,0
19516,-1912,1888,16948,6728,5312,0
13980,-1836,13032,15988,3448,1088,0
8564,-1196,15120,15788,5796,1948,0
9568,644,12572,15480,5316,3920,0
11580,-3252,12200,16328,3704,4496,0
13068,-3380,13456,15936,3656,3956,0
14900,-184,13016,15420,5240,4624,0
16648,-1748,9808,16228,2756,3964,0
16380,-500,9168,15868,3812,4032,0
14668,220,7700,15824,3744,3088,0
13140,-1892,6332,15664,3940,2788,0
13540,56,6220,15224,3156,2236,0
13768,2232,5804,16088,3292,3292,0
16340,1776,4560,17284,2568,1648,0
18744,7728,5612,19340,1440,1380,0
15120,-872,5896,18112,-3204,1008,0
15476,-1528,4380,23888,-3728,4904,0
16412,-728,3908,13232,1468,28540,0
16272,-2244,6264,13592,848,10156,0
15916,-372,7436,9384,-5696,10212,0
15892,-604,6508,11004,-560,10060,0
15784,-892,5240,15520,-2108,9576,0
16272,-636,4992,15552,144,8152,0
15988,-1044,3292,16028,640,5576,0
16260,180,3144,13020,5608,660,0
16548,-684,2932,13764,2072,2116,0
20624,-1048,1328,17964,5536,1728,0
19992,2864,756,17084,848,5044,0
21364,-9656,2972,16756,1196,3028,0
13716,36,19444,15888,6520,1400,0
13408,-540,13712,15796,5380,12,0
10684,-4544,14184,16192,5092,2612,0
9164,-2896,14464,16236,3752,1776,0
13540,-316,13976,15340,3572,1804,0
14688,740,10808,16020,3032,3240,0
17128,3320,11388,16260,4472,896,0
12784,796,5216,13404,1756,2344,0
13452,-3688,2544,16984,4468,-788,0
15064,320,3396,15952,3296,-3024,0
13364,5972,1968,26656,-4556,-2292,0
18152,-2016,7644,26784,3428,968,0
14924,-5400,5596,13512,7672,16360,0
15996,-4336,3832,16344,-808,10160,0
15972,-968,4140,9104,-236,11828,0
16088,-676,3128,8488,3604,10616,0
15788,-2796,4040,13928,-1320,10968,0
15704,-1184,3388,15320,-1224,9300,0
15944,-1668,2652,16776,3324,4028,0
16868,-300,3824,12280,3676,368,0
17424,-3564,2272,19944,-1280,2036,0
22052,1468,-1756,9776,3856,4668,0
26764,-1760,-4300,22376,-4232,8060,0
13064,456,16508,15960,5544,3752,0
11572,24,13696,16508,3216,2796,0
9576,-3088,15684,15936,4320,1660,0
8448,-3468,14392,16064,2704,1480,0
14896,5100,14088,15812,3840,1988,0
13848,100,10364,17044,2688,2044,0
16084,1068,6068,13188,-632,6272,0
11008,-1320,-264,15576,3692,-1800,0
16796,3860,4832,17904,4224,-4748,0
12348,-588,5172,29752,-4872,-5460,0
17328,-464,7548,21008,7480,6176,0
16028,-5980,6260,12364,4496,14020,0
15884,-2984,3656,10228,264,11284,0
15568,-872,5228,7396,-68,11060,0
15912,-884,3044,7472,-532,10728,0
16392,-2024,5732,14572,-3384,13740,0
18184,-24,2600,18392,2880,8456,0
17952,-3284,3788,13724,3332,2636,0
17300,-1848,5068,12452,-1256,2252,0
21732,-2644,-884,26036,5100,3984,0
24548,7680,-3732,18092,-600,9224,0
17836,-5900,21080,15776,56,3648,0
13272,-508,11100,15652,7308,1184,0
7632,-4568,15056,16156,3916,1080,0
9712,-1456,10232,16284,3072,2328,0
10452,1736,12896,15576,3896,1888,0
15484,1976,13276,16024,2960,1940,0
15484,3152,7928,16792,2076,2240,0
11004,-3484,2008,19436,940,1800,0
9852,-1252,3436,16148,2616,-2008,0
31956,2180,7260,25448,532,-5008,0
12680,3220,13692,30792,1592,-5332,0
16624,-3312,4964,14612,5352,16148,0
16824,-3448,4148,15172,-304,10472,0
16568,-3024,6896,6572,-2884,13032,0
15808,204,4576,7884,2456,10816,0
19560,-2296,1948,11464,-1508,14808,0
16748,452,960,15112,2064,10124,0
16876,-632,3280,16140,3028,4048,0
16644,-1416,4720,11844,2000,1420,0
21896,-2516,1056,30552,3564,-7560,0
27960,5884,156,10632,-1716,12344,0
18824,-7516,18332,19288,-280,5348,0
7992,920,13984,16360,7396,2776,0
7092,-2560,15744,15976,2316,1980,0
7096,-3760,13404,16156,3292,1448,0
11852,3148,13764,15480,3944,160,0
12936,1728,13908,15728,3544,2752,0
16164,-1680,10564,16204,1328,3360,0
13176,-192,6432,17992,1620,148,0
19724,4212,-3364,18400,1068,812,0
10060,1512,6172,25608,-2320,3532,0
19648,2172,5436,16284,4368,11836,0
16180,-4516,5972,8756,5284,12108,0
15648,-1484,4172,12640,500,10036,0
16452,-1652,4500,10540,-504,8760,0
16412,-1688,3940,12944,-676,9160,0
20112,-1988,2840,15988,-64,9412,0
16144,-1364,2432,16960,3792,6484,0
16524,-1024,1952,15252,488,2908,0
16168,-372,1348,11636,1288,1400,0
20884,-1376,1932,24372,6212,-7952,0
25468,5508,-128,10596,-6976,9488,0
16492,-3608,15796,18744,3884,4076,0
8012,-1464,14152,16112,6328,3692,0
9612,-2540,13924,16276,3048,3972,0
8596,-1536,11532,16312,2572,2944,0
10744,720,12444,15636,3356,1684,0
14136,3520,13496,15408,3700,1392,0
14492,-1768,9196,15760,1912,4028,0
13620,-1624,6728,16968,2932,2784,0
13192,664,4876,17832,2268,2468,0
25068,-1952,9340,23604,-728,-1180,0
15848,5112,11908,26436,-3508,4428,0
15648,-1520,3948,12712,6336,17460,0
16344,-4196,4788,12420,848,7912,0
15800,-316,6104,8180,-2304,9796,0
17572,-844,5896,11264,1744,9880,0
15672,-768,4940,15180,-2524,11280,0
16344,-1732,5024,14480,3744,6840,0
16280,-852,4860,16664,-660,4032,0
13776,-700,4212,13756,3672,496,0
16696,-1716,2240,13188,-2712,4992,0
21840,-2280,3436,30328,12776,6756,0
22200,3528,884,15452,-8740,6412,0
19736,-2108,9708,15748,5172,3876,0
8420,-2144,15876,16988,4000,2364,0
12264,-1292,11984,16412,3388,2824,0
9348,-2592,11972,15924,2476,2448,0
11160,20,13128,15660,2540,1540,0
13492,2812,12672,15540,3312,560,0
13924,-576,10448,15728,2748,2524,0
15368,-356,9180,15616,2084,5872,0
13488,-176,6760,15384,2040,5788,0
12848,-452,5576,17332,2276,3612,0
30384,164,2192,24124,3420,2340,0
11300,1432,9280,25184,-3328,-944,0
16424,-404,2924,17980,6100,7664,0
17284,-2876,2264,12432,4200,13160,0
15800,-3380,3720,12648,-516,11864,0
15924,-368,4836,11944,996,13840,0
16604,-2652,4404,11480,-280,12020,0
15172,-1880,3620,10344,608,10504,0
13732,-964,4284,14232,92,9300,0
15400,-1948,3528,10252,668,8620,0
15764,-984,4216,10204,1400,5836,0
16060,-1020,6368,13420,3912,2728,0
15196,16,6072,16180,3484,2188,0
15684,-2132,6788,17152,6748,-2688,0
15488,280,8516,15536,3064,-2548,0
16444,-996,7584,19864,2856,-6780,0
17328,2000,9244,17152,1428,-1440,0
19596,2700,1676,17252,6420,1924,0
17320,-2384,9004,16136,1664,1200,0
17708,-684,14576,16460,4288,1268,0
8684,-3636,17848,15960,4576,1156,0
5376,-1220,12900,16164,3636,740,0
5956,1144,12176,16240,3572,1216,0
6276,-4772,13196,15584,4152,1352,0
8968,-3276,14340,15880,3664,1932,0
13180,3284,15288,15888,3420,3592,0
15228,-2132,12848,16184,3128,3324,0
15820,320,9488,16160,2568,3236,0
9744,-148,11572,16472,3156,1776,0
23712,2252,4276,19336,2060,-500,0
18272,9940,9520,24180,-4004,-1576,0
15356,-3660,2900,22952,2924,384,0
15036,-2516,3928,8740,-108,14800,0
16536,-1808,5752,13260,-1104,8504,0
15720,276,8812,10448,1188,9464,0
15828,308,7104,10892,-2344,9384,0
16460,-340,6516,15624,-4356,11516,0
16192,-1428,5320,16252,3756,8176,0
16340,1132,3728,12544,184,4892,0
16480,-936,2156,11348,-2124,7180,0
23432,1860,-1336,22108,13256,5264,0
24596,1356,1396,20332,-1956,6108,0
14000,-5940,19828,15188,4428,4208,0
10256,252,13072,15928,4868,4016,0
7180,-2636,16540,16696,2288,4688,0
9832,-3520,14356,16256,2976,3208,0
11928,2504,14076,15604,3992,3136,0
15280,1216,12916,15880,3528,2416,0
16476,-208,10424,16228,3604,-892,0
9424,1704,9072,17264,3336,-256,0
22596,5596,-2456,20080,4220,-3968,0
11084,6516,8340,25952,-6492,1064,0
18396,-2724,3424,15580,4260,9432,0
17012,-2304,3508,10548,888,8676,0
16360,-2368,1492,7372,-2304,8524,0
15712,256,3880,12984,2768,10520,0
15224,-984,3060,13840,-2408,8188,0
17032,-1108,4352,14860,-1588,8216,0
15964,-1048,3380,17592,4860,4048,0
16328,628,3716,13152,1548,1440,0
18356,-2696,-1272,15208,-2592,280,0
22408,4200,-2904,8052,6028,6004,0
26060,-4620,1984,21044,-876,4388,0
13780,-1832,16580,16444,4648,3144,0
12848,-2104,12988,16476,4604,4080,0
8700,-4792,14668,17132,2668,3660,0
9124,-3948,13396,15800,4060,2744,0
12224,-380,14968,15636,4348,2180,0
15448,3700,13592,16872,4072,1864,0
15996,-84,11348,19008,2196,-1876,0
9716,-2592,4956,17024,1868,-1420,0
31388,7720,-13168,18684,7104,-6008,0
6424,-2832,10148,27548,-8612,-4996,0
18580,3284,4248,18224,12856,22188,0
17488,-7308,6212,17952,-1056,11460,0
15040,500,4864,7420,-1676,12404,0
15760,-1712,5140,8976,2804,11936,0
16640,-1384,4456,12456,-1304,12932,0
13032,-1920,3544,13416,-604,11460,0
14764,-1364,3324,16580,1784,5932,0
17428,-1612,2856,11688,3984,0,0
16912,-2088,928,13084,1308,6056,0
24892,420,-956,17436,7228,10324,0
25540,2372,816,17856,-2204,8036,0
16596,236,15656,15108,6488,4016,0
9468,2364,11540,16784,2072,2708,0
8172,-2512,15316,15984,3004,3056,0
9032,-1044,13336,16140,1740,1472,0
11968,7712,14552,15500,3640,1296,0
12540,-1716,13552,15676,1824,3300,0
15500,-2912,7716,17116,1500,2912,0
10308,280,2524,17268,2056,1832,0
16900,1924,2064,17236,3472,-1904,0
7960,5676,3824,23804,-1920,724,0
18380,-2576,8792,26544,2592,-1668,0
14892,-4632,5844,12064,6652,12792,0
15300,-3504,3456,15856,-568,9576,0
16420,-644,3436,10860,4876,10812,0
16556,-2116,3856,8492,-3732,11276,0
15552,-2584,4460,15064,-744,12280,0
16604,-2004,2440,16404,1472,9268,0
18436,-1572,3956,12856,2496,5824,0
14148,-512,-3788,12836,-344,6888,0
29824,2276,-2072,32767,12396,11376,0
28592,780,1960,15436,-7520,8632,0
15388,-4952,17380,16276,4380,3972,0
9868,5688,12836,16444,5284,3308,0
5688,-2164,14868,16704,300,2624,0
9636,-4032,13024,16232,2156,2356,0
13872,6676,13520,15564,3888,1736,0
13968,-3020,9448,16192,2244,2116,0
10928,-5036,2164,17308,2136,1952,0
11032,3128,4972,16912,4152,1248,0
32020,2976,4356,27700,1000,-5380,0
13836,1564,13400,26396,-2872,-3468,0
14580,-1504,4684,14640,9816,18824,0
16832,-6308,3968,14668,852,10196,0
15812,-224,5496,7160,3664,11936,0
16496,-1296,4644,10052,3560,12052,0
14952,-1892,5368,13816,-1132,10320,0
15900,-1456,4916,14536,256,11560,0
15300,-920,2420,14852,1644,5720,0
18520,-2276,2884,11488,7176,3128,0
23084,-1268,-3232,32376,-3456,9880,0
28508,7316,-4212,16248,-3988,11352,0
16880,-9344,20764,14548,5944,4588,0
11124,184,11000,16232,4452,4988,0
5668,-2504,15008,16020,3868,5048,0
8348,-6988,11788,15892,688,3740,0
9808,3556,14328,16012,4532,3584,0
13812,5024,14692,16640,2832,996,0
17788,-5036,9684,16200,2144,-1812,0
8572,-2632,4388,17968,816,-1188,0
32767,-1060,6720,29176,48,-952,0
8432,3440,16624,24604,3664,2396,0
15140,-508,7048,14656,10728,14980,0
17504,-4008,4808,14464,364,10768,0
15744,760,5168,6572,584,12380,0
15728,-1768,4088,7600,2188,10868,0
16212,-2208,3144,14160,-1912,16196,0
15484,-1516,1472,13056,3268,9948,0
16272,-2476,324,14376,572,6024,0
18680,-1584,-20,10868,3552,2324,0
26124,2688,-5072,21544,2024,11636,0
25352,1304,2372,19064,-2688,10988,0
16000,-5456,18316,15200,6272,4912,0
12340,3756,10724,16048,3908,3232,0
7556,-2716,13988,15568,3636,3100,0
8600,-2752,12644,15772,1940,2328,0
12384,4216,13644,15552,3548,3488,0
13380,788,12100,16556,3316,3196,0
16228,-6480,6080,17236,1556,-520,0
10032,912,5344,17252,4172,-1816,0
28800,8864,5956,26228,844,-2852,0
14144,444,14040,26960,-3404,-5788,0
13520,-980,5932,15356,8532,16060,0
17116,-3972,4484,14176,656,11180,0
15872,-560,5336,7380,2212,12760,0
15396,-1340,5500,7944,1864,12268,0
14080,-636,4620,9872,-1096,11644,0
16420,-1696,4232,13404,492,10344,0
14356,832,-1052,19520,648,6068,0
18548,-1420,-804,8968,3316,2084,0
25224,-1924,-4964,32767,5444,2448,0
24576,4716,-716,14904,-5680,11948,0
19424,-6024,14984,16196,4344,5760,0
9012,2472,12592,16480,4384,3252,0
8144,-1600,14032,15740,3208,2160,0
7684,-3736,11116,15916,3464,596,0
9020,2060,13528,15296,3132,1964,0
14992,3588,15300,16584,4048,3060,0
17284,-4392,7728,16988,2436,1144,0
10452,1468,4960,17304,3952,-1012,0
15440,-2228,796,18508,1544,-1744,0
5060,9056,10388,31492,-7492,-4892,0
21112,4024,7252,19504,6920,8044,0
14672,-7128,7504,11608,3704,13812,0
15880,-396,6748,10512,924,12472,0
15796,-2344,5992,6988,-4332,11692,0
15416,-488,3456,8208,892,10368,0
15924,-3600,4136,15984,-3020,13380,0
19688,640,1256,17576,6012,7660,0
16776,-4068,344,8184,2100,1988,0
17492,816,-1364,12228,-1312,9944,0
26392,1424,-3112,18816,10556,10376,0
25912,1744,488,16600,-4148,9428,0
13732,-2236,15948,14980,4352,4284,0
8984,2956,12588,15408,4388,3700,0
8860,-1908,15364,16820,1232,4544,0
8004,-3464,13336,16360,1764,2436,0
12420,7212,12444,15776,4232,1688,0
14692,80,11256,15788,2880,1360,0
16448,-2484,5620,16300,2364,2284,0
10660,272,2028,17188,3900,496,0
12744,604,3508,17856,4480,-1388,0
22684,964,6868,25028,-340,-1000,0
14148,-3040,13096,29044,320,-8700,0
13880,1004,6072,13280,9064,19072,0
17384,-6100,5840,17700,-664,11184,0
16012,836,5184,6212,600,12324,0
16592,-3944,3092,9244,3452,11016,0
16456,-1672,3968,11696,-3036,11456,0
16028,-2028,3572,12760,1296,10488,0
15228,-1996,1280,17696,3476,4384,0
15764,-600,1508,9948,2196,1540,0
18060,700,-280,14756,956,-148,0
25852,4568,872,11792,3472,2856,0
22116,488,8252,20508,-2916,6276,0
12304,-3424,17608,16012,4704,3112,0
12568,2524,9860,16560,2556,3132,0
8100,-3472,12164,16140,1148,2996,0
11808,2332,11488,15944,2016,956,0
12980,5408,10456,15856,3164,1144,0
16916,-1500,9748,15284,2532,1316,0
15456,204,5356,16416,1820,3524,0
10048,-32,2356,16712,3036,1916,0
13740,1280,5112,17936,1816,-536,0
18220,1024,11092,23172,2428,-4656,0
18828,-1472,10552,27172,-6700,-1940,0
14456,952,4064,19592,1404,23280,0
17324,-5436,4436,15920,2128,9688,0
14644,1552,4496,8988,2272,13696,0
15516,-1764,2728,10640,-1008,10636,0
15504,-684,3944,11884,528,10504,0
16944,-2492,3588,14120,896,9236,0
15792,240,1332,17184,2792,3992,0
17496,-1772,4372,11540,264,688,0
18580,-3272,-712,16128,480,3756,0
26732,3344,-6068,15324,4396,9816,0
25256,-112,-620,20044,-7280,7356,0
16672,-2684,16016,15432,6396,4252,0
9732,3852,11432,16368,4380,2648,0
6748,-692,15424,15512,2540,2440,0
10148,-2288,15504,15680,2536,1496,0
13948,7308,15764,15612,3920,2064,0
14416,-1832,10328,17404,1752,1044,0
10892,-5136,7184,18092,1652,-268,0
13676,4988,728,17900,2408,-3644,0
13836,-636,12336,27872,-2868,-4788,0
20672,4236,10704,22008,7036,2004,0
15436,-7132,7144,11596,3080,11640,0
16212,-788,3824,8876,2468,12528,0
14744,-3340,5508,8836,1452,11912,0
15712,-436,4072,8272,736,11524,0
17476,-2212,2856,13288,-1644,13740,0
15380,-1872,-388,17684,1876,8092,0
17144,-1284,2132,12272,2660,6244,0
18536,-2560,3024,17640,-5020,8448,0
22332,4180,-2820,9372,6060,8052,0
23220,2132,1136,22808,-3416,6904,0
16504,-5392,15968,16800,7120,4048,0
13752,2856,10912,15968,2696,2812,0
9188,-4256,14024,16164,3248,2956,0
9236,-3120,15076,16400,3124,2680,0
12116,2208,15024,15992,3296,3120,0
14300,4816,13600,16880,2896,2576,0
15060,-4008,8636,16976,1240,-508,0
8716,264,4836,17420,3352,-1724,0
32767,1196,4304,25476,636,-4240,0
12252,-2624,14636,25312,-68,-1968,0
15736,1988,4196,15088,7808,17632,0
17476,-5272,5016,16540,-236,9864,0
13932,56,3816,9172,-3824,11496,0
15312,-312,4456,9352,1304,11592,0
15068,-3212,5972,14688,-3356,14192,0
16888,-600,3888,15332,5144,9808,0
16224,-1920,-836,11156,-616,5868,0
18108,-544,-1752,11076,1044,5636,0
27732,2968,-848,20676,8744,11024,0
24480,1332,4756,17760,-3668,10444,0
15488,436,15896,14140,4812,4528,0
9576,4424,11340,16140,4216,3960,0
7572,-532,14360,16492,1920,3100,0
8860,16,9376,17068,2392,2788,0
13360,8220,14500,15996,2800,3060,0
14856,1936,13264,16736,1856,1908,0
14928,-736,8116,17920,1876,48,0
10224,3744,3420,17404,2580,-64,0
31140,7500,-4096,20232,4324,-3036,0
12356,-1996,7420,24588,-4876,-2940,0
16820,4636,2800,20580,6396,20168,0
17364,-5972,5236,13544,1984,10720,0
15304,-936,4988,8952,924,12576,0
15908,-572,6216,11024,-1956,10260,0
15204,-812,5484,10536,-1432,10744,0
16044,-1200,5276,15120,-1400,10844,0
15568,-1876,1188,17852,2272,6668,0
16088,-2072,-472,10016,-492,7148,0
21232,-488,-4252,32767,-1008,-1764,0
24772,6204,-1964,16124,-4036,10460,0
22016,-3272,14916,17324,408,3036,0
9344,-744,14344,16116,5988,2996,0
9692,-1388,13136,16540,1656,2708,0
10728,-1004,15316,16456,2336,3672,0
10640,1340,12880,15820,3096,2788,0
15128,6440,12568,16188,3216,2252,0
15984,-912,8832,16088,2720,788,0
10912,-672,5644,17852,2300,-628,0
12492,2000,5908,16976,3632,-2600,0
20100,4216,11740,25104,236,-3980,0
17136,-2180,11092,30172,-1800,-4372,0
14536,1580,3556,12892,5304,18096,0
16828,-4908,4220,15620,620,11504,0
16344,8,5684,7124,-504,13860,0
16112,-624,4884,9708,-3044,10496,0
15584,-1444,4180,15164,-2264,14392,0
16576,-1452,3932,15616,3220,8916,0
15816,-1036,948,13860,1060,1780,0
16948,-148,1556,12060,1220,716,0
17540,-1788,2864,17952,-1180,-1568,0
22424,2944,-1596,11076,3144,4000,0
24896,192,3760,19536,-3940,5328,0
16720,-3356,16480,16096,6876,3372,0
8420,1312,12340,16848,3784,3244,0
7788,-2440,14064,17228,3632,2892,0
7784,-480,13704,14996,3488,1872,0
9460,2036,13668,15092,3932,1576,0
14396,4856,13488,16000,3496,1416,0
15288,-1464,8896,16784,2388,1788,0
11136,-4280,3592,17044,1620,-504,0
13828,1500,1512,18688,1664,-3748,0
11328,4200,6892,27184,-3620,4,0
20684,0,8488,23280,6056,-2164,0
14324,-3932,6092,11452,9704,16348,0
15920,-3528,4264,18168,3908,10528,0
16696,-1484,4716,11020,3116,11532,0
15752,-1956,3148,7736,2524,11340,0
15564,-2696,5052,12952,124,12016,0
16452,-1396,2728,15464,-2216,8548,0
15720,-2308,1740,16504,2324,6068,0
17000,-1648,2368,11108,4764,2336,0
16656,-3460,20,21880,-2652,-6996,0
23600,4424,-4840,8152,2960,5456,0
24412,1528,3424,21884,-4376,5352,0
16720,-3872,16360,16436,7656,3812,0
12880,3484,12136,16376,2072,3244,0
7816,-1608,15324,16424,2516,3060,0
9196,-2568,14588,15980,2504,2812,0
11976,4364,15608,16384,3596,2444,0
13476,1300,13432,16668,2604,3468,0
14336,-3252,7800,17640,2176,-616,0
12100,-980,2784,17624,4668,-3208,0
28472,3440,4148,23440,576,-2584,0
13484,-1472,13768,26024,-1968,-1500,0
14672,2292,3704,17392,7412,20996,0
17272,-6488,4568,14264,1200,10832,0
15160,84,5092,7068,-604,12692,0
16712,-2468,3616,11376,256,10128,0
15376,-492,4720,13112,-1512,10760,0
15912,-2444,4820,12904,-1280,9660,0
16152,-1392,3252,18312,3744,4476,0
15896,-1844,1280,11752,12,492,0
17848,-624,192,14140,-52,6152,0
22208,-1228,-876,26100,8884,4100,0
24196,4488,-3368,16664,-3028,7932,0
19416,-4008,15860,15548,-320,2928,0
12756,-4160,18876,16380,7388,2176,0
11612,284,12716,16420,3312,2828,0
7164,136,14488,16308,1604,1392,0
8940,-596,12940,15868,3712,1004,0
13516,5904,14728,15768,3952,1128,0
14488,-676,8676,16408,2248,1180,0
12012,-6252,3848,17176,3252,312,0
13572,3960,2820,16940,4076,276,0
18092,2244,6616,25204,492,-1508,0
16640,-2164,12040,24220,-948,-1968,0
14772,-28,4320,17668,7740,13740,0
17164,-6380,4248,15044,2816,9020,0
15048,84,4576,8120,3536,13720,0
15644,-2580,2464,11480,1216,9700,0
15932,-1928,3076,10364,-732,11336,0
16840,-2856,3216,15024,16,9804,0
15784,-1088,816,18736,2232,7032,0
17960,-1156,2780,9484,4000,1232,0
17608,-1796,-772,13344,1792,2700,0
23184,1112,-6576,13852,6768,8176,0
26028,1528,-3716,21592,-8124,7760,0
17788,-4608,22028,15672,8112,4456,0
12800,4612,12156,16112,3680,2084,0
9136,-5244,13448,14120,4984,1748,0
9780,-1304,16348,14964,2716,2340,0
8828,572,16348,15520,3956,1872,0
13936,4984,15624,16884,3472,1292,0
15540,-2872,11500,17660,4168,-4140,0
13768,1964,3016,12608,4132,-5656,0
14404,228,12096,26432,-4332,-5372,0
20016,8624,10644,24416,2992,-4280,0
16056,-8536,7076,13288,4316,12560,0
15620,992,4908,14396,2524,11356,0
16152,-2604,5608,8588,-56,11156,0
16088,-188,4828,10628,-4104,12332,0
15948,-1488,4532,14720,1032,8728,0
16360,-1240,3360,17848,424,9308,0
17708,-104,680,9656,1852,956,0
17224,-248,2140,11924,296,7256,0
22068,1288,1104,24180,3260,10416,0
23852,2168,1112,17760,-1964,8464,0
17196,-932,15604,14636,5228,3876,0
7324,-1976,16500,16528,2248,2592,0
10752,324,12664,16228,2800,3348,0
6860,2844,5208,16440,1144,3084,0
11796,7292,12292,15868,4036,2408,0
12584,5492,15920,15892,2356,1812,0
14152,2124,13264,17808,3344,-2460,0
16532,3968,2768,18544,1040,156,0
14352,-1948,10984,18172,36,2992,0
17540,20740,3748,19284,-644,11016,0
17672,-12876,6428,13340,3860,8352,0
14200,-2116,4288,11832,2576,13748,0
16064,-3424,5580,14088,3632,8408,0
16348,-6652,5892,14548,-4488,8632,0
15764,-540,6200,12936,5436,9328,0
15760,-2956,5032,14300,6476,12128,0
15884,-2568,3600,13820,920,11900,0
15352,-456,1328,11560,2448,11416,0
15924,-384,3164,8936,4480,13172,0
17172,-988,9564,21836,15068,-1908,0
16244,1784,6460,15464,-3564,5004,0
16036,1976,5692,16612,-3848,3188,0
15668,1792,2920,16536,2552,4504,0
16156,2020,3620,16412,1008,2624,0
15984,2312,4124,15920,1644,1896,0
15780,1876,3428,16676,2604,2136,0
15344,3316,4144,16184,3108,2464,0
14580,1468,6652,15952,3100,2688,0
13636,-536,7756,16308,2512,2888,0
13964,-4488,8400,15404,3136,1512,0
17600,-892,2184,15924,3004,4752,0
23680,-4628,-632,16024,2368,4288,0
10584,1328,8816,16808,844,4068,0
18320,828,5856,17576,3124,332,0
16132,-4352,6788,21216,2508,-1492,0
15852,1536,6056,22536,2604,2244,0
15588,-2524,4444,13620,3120,13180,0
16480,-676,5312,13444,924,8760,0
16132,-1960,5324,13064,-2076,8444,0
15948,-500,3076,13916,-36,7112,0
15808,664,3416,15136,3180,6732,0
15672,-1880,1528,15788,-1080,6524,0
15900,-1504,3200,15344,-836,2416,0
15724,-1612,3328,13588,768,1628,0
15748,-680,4576,11432,5056,11148,0
15812,-4580,-1116,13720,-6172,10048,0
21556,10252,-4000,16996,9208,4668,0
17620,12812,3604,17080,-1100,7564,0
21476,-10228,7656,16316,2080,8764,0
16876,4236,7472,16008,-312,7116,0
15448,4032,6324,16324,3352,5208,0
13976,1188,6884,15176,1036,4244,0
16860,2120,6128,17068,2072,2156,0
15612,5592,4584,15768,1828,-656,0
13324,-6024,4360,17736,724,1460,0
32767,6884,-8480,18984,1900,3376,0
-108,1496,13576,29824,-2208,-5476,0
19216,-2220,6996,15508,11304,16052,0
16924,-3792,6896,13080,5828,9100,0
15220,-2760,7260,7484,1724,11344,0
16404,-2668,6208,13240,1660,11264,0
15456,-1480,5864,12248,7288,11468,0
16204,-2552,4580,14200,-2716,10376,0
15944,-1928,4896,16256,4648,4108,0
17516,-1816,3504,10112,1136,756,0
14696,-336,-3916,13284,2312,5276,0
19736,-2968,-7044,20520,7024,16300,0
24440,5016,-4968,19740,-7028,10804,0
24204,-172,6808,14780,4116,6576,0
12020,740,17896,16316,3760,3924,0
10232,64,11412,16416,508,4124,0
9104,2472,12476,16572,688,2636,0
11152,5360,10956,15928,1316,2892,0
16852,6308,11536,16120,2216,3284,0
14660,676,10444,17624,1156,-312,0
9316,2472,4936,18324,2052,-4528,0
25664,9488,-4188,22744,4884,-5452,0
9368,-5336,9552,27408,-9224,-5836,0
19416,3876,4520,23064,3188,23148,0
16192,-4596,6480,14596,2384,9440,0
15672,-1048,4916,6524,1032,14184,0
15860,-2008,4716,7016,-3056,13304,0
15480,-2064,2892,10984,-336,11848,0
16124,-1620,1752,15400,88,12044,0
15968,-2908,820,19456,1556,5772,0
17512,-1456,1228,10516,2496,764,0
17880,-912,160,18656,-784,-3808,0
24660,2652,-4744,14844,-80,6304,0
21448,-7216,6060,19272,-2432,5992,0
15716,-2688,16612,15840,6480,3288,0
9456,3768,11204,16452,4364,988,0
6940,916,13308,16620,2764,500,0
10128,64,12976,15904,2140,520,0
12656,6016,14852,15936,3636,1692,0
15788,-1640,9952,16544,2008,604,0
10032,-4512,5668,17840,3356,-3848,0
17892,6088,-904,17044,5716,-4612,0
11900,-1528,13632,27732,-1280,-6744,0
21468,5328,8840,27720,5416,-6324,0
14980,-6756,6072,14036,4296,15356,0
16232,-3492,4236,12892,5060,12864,0
16312,-1820,3924,7596,240,14364,0
16152,-1464,1480,7108,-1568,11836,0
15920,-2284,756,11404,-5164,13112,0
15396,396,1452,18956,2684,8672,0
16312,-128,3416,12040,3120,888,0
18196,-2880,3520,12192,-1692,704,0
19088,-1968,1844,26768,-1236,-19372,0
27496,4592,-6028,13916,2212,6312,0
19768,-8380,5120,17956,724,3048,0
13536,-3752,16848,16272,4848,2452,0
10540,-644,14436,16260,4912,-1744,0
5572,1284,10212,15496,2920,272,0
8852,680,15052,15180,3780,-816,0
15672,3624,15980,15888,3472,4240,0
16996,-1208,8240,17636,536,2884,0
9992,-3640,3248,17740,4308,-1844,0
29220,3836,-13248,18944,7192,-3524,0
5024,-1472,10500,29780,-6496,-6496,0
21184,8636,5312,19768,8844,19536,0
17612,-9424,7112,16444,1232,10392,0
15148,1228,4324,6464,408,13600,0
17276,-3284,3908,9520,2084,11724,0
15724,-912,3568,10428,-1312,11176,0
16048,-2380,1972,14096,-1240,11808,0
15836,-1100,492,20108,4348,5156,0
17296,-508,1612,9952,1344,1712,0
16924,-2948,-384,21212,-2916,-4540,0
22620,1312,-6044,9012,4552,5700,0
23592,-3408,-2384,20292,-3688,6900,0
18864,-3588,15844,16852,7976,3888,0
12248,3036,13992,16432,3440,1932,0
5428,524,15204,15744,4868,2060,0
7468,-76,14892,15612,2056,-64,0
10972,3264,15552,13968,3964,-2576,0
12820,496,13720,16832,1656,2180,0
14552,-4668,7128,17284,2280,256,0
10380,3072,4492,17824,4420,-208,0
30224,2200,-788,22568,160,-248,0
13044,-2888,14764,27128,-6620,-7960,0
14640,4536,3288,18488,6440,10820,0
17824,-8240,5276,16600,2416,10832,0
16032,-312,4944,8864,4512,12632,0
17128,-3068,3652,11188,4860,12000,0
14604,-1984,1476,7628,316,12804,0
16696,-2780,1340,13844,-2404,13768,0
16220,-336,2576,19192,1864,8120,0
16640,-1480,2236,11768,1776,3032,0
16420,-1708,-460,13204,-1832,1744,0
23160,12,-8332,15432,8344,6348,0
26456,5060,-8084,18532,1872,9552,0
18788,-6244,20056,15340,6132,3108,0
11920,1524,12416,15764,4044,2380,0
7508,-5744,15256,16092,3876,2760,0
9400,-1800,14276,16408,3920,2468,0
8628,-1132,15828,15612,4564,2008,0
16104,4068,15232,16672,2688,2248,0
15080,-328,10064,16700,2864,612,0
10632,-6300,5068,17984,4372,-444,0
20524,4228,-8932,19616,5104,-3388,0
8272,656,5984,28424,-7992,-6648,0
20872,3952,8792,21612,9268,10368,0
16496,-7328,6456,15040,2640,10044,0
15384,-408,3048,7608,1632,12740,0
16408,-2628,4140,10972,2572,12724,0
16056,-636,3768,10900,548,10480,0
15328,-3308,3404,15704,-1252,11416,0
15948,-580,20,19080,6012,6120,0
17204,-1108,1364,8684,1572,3460,0
19968,-4012,776,23760,-6400,-1008,0
26684,6664,-1472,10524,5672,6800,0
18704,-2404,9244,19296,-3524,4776,0
12532,-4380,16792,16708,6480,3956,0
12100,-884,13160,16904,2372,3328,0
7972,560,14248,16724,3048,1504,0
10296,1776,14332,17140,1796,804,0
14504,5920,15240,15428,4156,1756,0
16488,-112,8412,16352,2344,440,0
12740,-3640,4000,17824,3012,676,0
13284,3532,4144,14300,5492,-176,0
18008,6148,6072,25204,1044,-5288,0
17504,-3100,12200,28324,-2008,-8400,0
14216,-944,4292,15536,6868,21016,0
16988,-5448,3496,16872,1444,10668,0
15704,28,3652,8136,1048,13264,0
16180,-2424,3640,9620,2600,10684,0
15852,-632,2644,12468,-2164,12344,0
16536,-988,4132,13940,56,10412,0
16360,-512,564,18404,5548,5116,0
18340,-2212,2936,11704,924,2448,0
22292,-2736,-452,31776,-3724,-112,0
26112,4512,-2784,15128,-2896,12324,0
18316,-4092,20148,15928,3208,4908,0
10244,-1588,12872,16308,5380,3468,0
9732,-2836,14260,16240,3068,2644,0
6864,-988,13760,16268,2100,3108,0
8776,2648,13688,15900,3896,2148,0
12444,4388,15156,15976,3248,3452,0
18844,-2432,9892,16804,2128,1516,0
11012,-2772,3608,17384,2644,588,0
19256,2964,-2972,17408,2964,-904,0
7756,2276,7728,30684,-6048,-6340,0
21728,3924,7524,20896,8128,9468,0
15852,-8124,5884,14700,5036,10948,0
15392,-1200,3516,8572,1228,12140,0
16192,-4376,3532,11484,2960,11856,0
15300,-1460,3568,6076,2828,12784,0
16436,-2052,4700,12604,-5160,12936,0
14400,220,520,19100,1888,8968,0
18464,-2580,4072,12232,3016,4308,0
18528,524,4176,11348,84,4592,0
21576,4,1872,30928,9888,1160,0
24964,3448,2532,16224,-7408,8832,0
17308,-5080,17124,16960,3460,4960,0
9032,-1008,17868,18060,3596,3424,0
11564,992,10732,15776,3820,1860,0
9028,2012,13500,15404,1700,1256,0
10600,-1340,12048,16692,4196,556,0
16976,7056,13352,15760,2080,3048,0
17380,-5060,6752,16244,2232,4644,0
6764,-156,6636,17820,2244,-768,0
28880,9528,4532,23256,6116,-3988,0
15008,504,12828,27956,-9304,-1504,0
15516,1892,2048,17892,4116,11672,0
17432,-2840,4180,12748,3376,9848,0
16284,-1940,4032,7148,2528,12296,0
15756,-1404,2740,7972,-416,12608,0
14864,-988,2476,8972,488,11488,0
16444,-1972,4816,15780,-3924,11404,0
15120,72,2496,20204,4388,4864,0
16712,-240,4180,9944,-508,484,0
18752,-4300,3312,23592,192,-7388,0
22448,3292,-3620,5932,3508,5352,0
26140,-1012,-3400,21368,-3648,5176,0
17572,-1592,16132,16896,7528,3060,0
14560,5208,11424,16004,3168,2164,0
8784,-768,14300,15908,3524,3248,0
6964,-1772,15224,15744,1344,2140,0
13040,6064,14576,16076,4548,1880,0
15624,-1620,13756,16628,2404,436,0
10308,-4964,6536,17264,2308,-2168,0
15744,9636,5144,19772,5300,-3404,0
11296,-1828,6248,27696,-2760,-2588,0
19168,2268,6044,21876,4540,5016,0
15752,-6016,5248,13928,2188,13060,0
15840,-280,3956,9488,1340,11468,0
15948,-1732,5880,6328,-328,13484,0
16396,-1196,4588,9172,-1208,10516,0
15816,-880,4564,14288,-1468,13268,0
15580,-60,48,18744,756,9516,0
18240,-804,2444,9268,3984,1704,0
17012,-2516,-1040,14284,-2388,1052,0
24112,1924,-6476,10932,5580,8532,0
24592,-1160,-2652,20544,-3300,8396,0
17832,-2360,15620,16196,7920,3640,0
12912,3100,12696,16240,3436,1556,0
8668,-596,13652,15928,4948,1864,0
9472,-2044,14696,16480,2144,2152,0
12052,2676,16116,15844,4168,2916,0
12848,1856,12268,16544,2524,2352,0
15300,-5756,8524,17204,3084,-1332,0
12644,1576,3468,16924,5072,-2004,0
19000,1716,13120,26220,1684,-5948,0
18708,5264,13076,27944,-3736,-8980,0
14568,-4228,5888,16048,4924,18556,0
16812,-2480,4484,17360,948,9704,0
14648,-856,5992,5728,592,13164,0
16500,-1704,4400,9944,-360,13484,0
16084,-1592,4280,12428,468,14272,0
17656,-1164,2188,16912,-88,11592,0
18004,-1764,2964,11700,4744,5876,0
16040,32,2880,9700,-2496,8700,0
28232,1724,-1876,24244,8056,6688,0
20768,424,4000,17532,-1136,11812,0
19468,-4044,15772,15804,2980,5468,0
8532,2932,12892,16112,5268,2336,0
8132,-1992,14180,15880,2944,2328,0
8972,560,10460,16092,2736,1720,0
10144,3976,13804,15596,4136,1632,0
15836,5852,14084,16132,3052,2636,0
17596,-4560,7864,16756,3944,60,0
6400,-316,7332,16696,3944,-2528,0
31700,13896,3696,22236,4572,-4088,0
13052,-4092,14104,26348,-9812,-6220,0
16252,5792,4224,19968,4492,13760,0
16496,-5552,5224,15928,-1008,8952,0
15804,-936,4640,7568,2692,13288,0
17444,-2656,4600,11492,972,12812,0
16172,-1484,3784,10328,-1820,12492,0
17728,-1788,4892,14716,456,13660,0
14508,968,-1068,15504,2932,8248,0
17292,-1904,1176,8316,3068,6096,0
26656,1124,-2336,18456,7864,15940,0
23948,1900,2164,21480,1152,11992,0
18848,-3408,14756,16196,2116,4384,0
10168,2496,12520,16236,5092,2688,0
7220,-3880,14940,16316,2772,1764,0
7776,-1064,13304,15904,3168,360,0
9548,1872,14364,16852,4916,52,0
15072,5440,15700,13576,2480,1940,0
17980,-652,6456,17408,3040,400,0
7476,-3476,4444,16980,6172,-2656,0
32767,11496,1104,23076,3348,-5048,0
11412,-9848,16588,27248,-11292,-5068,0
14336,6860,2648,19952,7632,8168,0
17472,-6688,4452,13296,2308,10064,0
15712,-1324,4796,8572,3580,13460,0
16100,-2108,5300,10052,2544,14240,0
16712,-1928,3936,7548,1516,12788,0
16184,-2428,5340,14232,-4164,13608,0
15680,696,1044,20616,5388,3508,0
18248,-2616,1968,6384,3940,1844,0
16460,36,1760,13372,-1220,1924,0
24524,1856,-3356,8576,5752,9428,0
25076,568,8,21360,-6116,7412,0
16108,-7168,19140,15844,7252,5524,0
14804,4524,12172,15936,3556,2896,0
4500,-1624,15324,16592,3864,3416,0
9568,-2416,12356,15808,3544,1116,0
11356,2920,14344,15416,3676,2580,0
13696,2804,13440,15428,3452,2820,0
16524,-4880,8412,16196,2908,-1940,0
10872,196,5144,18080,4352,-432,0
32767,1220,1372,20208,5188,-1372,0
9924,-3376,12704,24600,-8220,-3548,0
16256,5664,4656,18924,7032,3676,0
18708,-7652,5472,13760,4256,11228,0
14996,1284,4816,10872,1936,11628,0
16124,-2144,5144,8768,-292,11804,0
16220,-908,5160,6432,-876,11276,0
16108,-1844,5080,15080,-3056,14260,0
16268,-660,1872,20156,6148,5704,0
16672,-656,276,4672,1528,-736,0
18364,-5620,668,25112,-4100,-12264,0
23876,5244,-3124,7712,4584,8452,0
22844,-8572,-3576,22872,-5852,6848,0
13536,-1772,15796,16380,6964,4876,0
10788,-1508,13648,17176,2408,2408,0
9780,-440,13668,16256,3408,2060,0
8784,-1312,13424,15900,3276,636,0
12808,48,14968,15136,3968,760,0
15764,4764,12096,16216,3084,360,0
15504,-1564,8840,16240,496,-472,0
10740,-1752,1116,17788,2960,-68,0
32767,-9360,4128,22684,3804,-2308,0
8720,0,19080,27604,-1408,-6524,0
16552,3616,4816,18296,17776,18584,0
17608,-8132,5040,19908,1832,8808,0
12524,1744,3460,4820,6336,11612,0
15492,-5408,2876,11272,4536,12544,0
15012,-2584,3912,10692,6488,11812,0
17124,-2380,2548,16220,-6924,11984,0
16112,-2356,952,17892,6224,4244,0
19288,-2972,-312,7624,1476,5128,0
17568,-3632,-6672,32767,-1424,-4132,0
30352,11436,-6432,14772,2148,15600,0
22120,-5068,25328,16956,-3736,5712,0
13076,3692,13456,16540,9804,3048,0
5652,-440,16408,15256,504,1484,0
7888,2660,15980,14504,3600,1164,0
7448,68,13948,17112,2728,1608,0
16716,6380,14200,16984,2956,2680,0
16020,-6696,10020,11468,1720,-1212,0
16580,788,11004,10248,6688,-4740,0
6212,-8812,6624,27536,-2956,-6144,0
22316,2188,7816,25640,4132,-4748,0
16120,-2948,6032,14448,2456,14520,0
16408,-2292,5320,15308,4140,10844,0
15768,-1012,5528,7888,-1868,12492,0
16552,-2052,4076,7956,-1012,9720,0
15096,-1252,4332,12912,-2272,12384,0
16712,-1448,1100,17040,2416,8928,0
16748,-192,1288,14708,3184,7468,0
18276,-2212,1600,10580,-1600,2700,0
19660,-3564,-1632,32767,1084,1820,0
25068,7508,-6424,13052,-40,13312,0
18228,-4692,5368,18768,-3688,3168,0
14756,-2196,18308,16472,8828,2848,0
10988,-1084,13384,16580,1892,1304,0
9424,2148,14600,16136,3608,1804,0
8220,-1440,13964,15452,3276,1092,0
14220,6140,15984,15796,3820,1524,0
15056,-1208,9216,16092,2156,76,0
7048,-3224,8056,11416,2304,-3576,0
30340,7180,12036,18308,-376,-5652,0
13764,8348,11336,26636,-7524,-1600,0
17260,-6464,3880,13948,8676,13880,0
15120,-860,6192,14592,-1164,9112,0
15564,-2268,8096,5928,-720,12164,0
15780,-632,5372,9440,4664,13028,0
15880,-1380,4728,11348,2608,12632,0
15956,-748,2596,13060,-3892,12904,0
16956,-2656,2488,7276,228,23892,0
19432,772,1828,14036,8988,6056,0
17592,-24,4036,17988,1664,7068,0
20716,636,772,17260,-4788,5476,0
17588,-3384,3424,17040,3496,3956,0
14288,-1808,11416,16120,5100,4104,0
8392,-1996,12964,16064,2040,6260,0
9680,-3092,14928,14856,4432,5656,0
9336,2636,14928,15192,1812,4428,0
14312,2788,13688,14572,2172,1684,0
8576,5336,11348,16432,792,-4164,0
29160,-20608,-4496,20636,-5232,-6852,0
1552,18040,8212,22028,5852,11508,0
24476,-6916,9772,10560,11160,11444,0
14580,-3708,8408,11528,-7424,10260,0
15680,-2172,4936,16112,14888,11472,0
15912,-4116,2040,14508,-8116,19176,0
17400,84,-2000,-1172,-8712,32767,0
18920,2476,-2744,20148,25484,-604,0
22592,1932,6640,16996,-8708,5620,0
14556,-3296,7896,18432,6216,3660,0
12976,4000,5416,16476,492,1344,0
14744,-3532,7000,15384,2308,-1104,0
14620,-1508,7640,16000,792,4332,0
12496,-3260,8292,15972,1100,2516,0
13460,2596,8456,16356,100,4620,0
12576,-5448,9464,16140,368,8192,0
32767,5552,-9692,18908,-468,9928,0
-468,11308,11248,17884,-1988,6316,0
18780,-2860,6492,19136,-5312,2564,0
15648,748,6748,12012,-1788,1344,0
17692,-436,5276,12904,5220,9632,0
15560,1328,6728,14484,4892,9172,0
15960,-912,6160,14860,-4668,9028,0
15732,-132,5116,15040,2696,8424,0
15884,-2716,3516,14932,7524,8004,0
15648,-676,3480,15192,9616,6892,0
16396,-4864,3048,16256,7172,5804,0
15788,-1028,3572,15724,6968,6156,0
15920,-2320,2724,16536,-88,5708,0
15628,-5272,-496,10580,17004,-2136,0
18412,-2980,6024,5940,-13128,6304,0
17072,-2152,8028,21196,2980,3852,0
13372,-10956,8384,13348,5276,3928,0
15152,-5180,7576,15736,1368,1660,0
16492,3280,3708,15944,3248,2852,0
16492,-448,1464,16044,1944,2084,0
16896,-4352,1944,16164,2656,1576,0
15100,-968,3204,15956,2836,2800,0
13896,-1572,4036,15564,3468,2668,0
11796,544,8604,15704,2464,-172,0
23336,8196,-1664,14984,7224,-3896,0
8460,412,6296,18196,-956,-1012,0
20160,-3460,7032,23472,-2904,-1864,0
16144,2912,6204,23340,-812,2680,0
15912,-1376,5008,13256,528,12128,0
16348,-628,5100,14076,-8,6940,0
16112,-1852,4248,11432,-2212,8400,0
15584,-756,3496,12064,716,6808,0
16540,-596,3480,19844,-4064,3112,0
15796,152,2436,15780,88,3384,0
18876,136,2824,11236,20,-1644,0
17664,-920,1580,13340,4372,2356,0
19204,-3692,-572,32767,5040,-12,0
20672,1352,-6752,13204,100,7648,0
20016,-11176,-1544,19172,-2152,4840,0
19220,-4592,18012,16916,5312,2504,0
13520,2056,13804,15664,5544,720,0
8236,544,14296,13572,2956,2672,0
8540,-288,13968,16924,2760,900,0
11680,-1380,15180,15500,4324,2820,0
14632,3592,14604,14380,2844,1868,0
14764,1080,10500,25256,3472,-5104,0
7620,-5188,6660,14108,1764,-5048,0
32767,6136,1924,22908,3360,-8768,0
12816,-2628,18184,29476,-6148,-10852,0
15328,3936,6268,20860,9812,17604,0
16628,-7304,4608,18092,1232,10648,0
15344,468,3208,6044,1236,15052,0
15748,-3164,2248,9716,2564,13596,0
15580,-1320,1996,11368,660,13732,0
16252,-1976,3416,17652,1556,11356,0
16520,-1972,1308,14284,2000,1948,0
16928,-1188,-100,11648,-1596,4368,0
22340,-3124,-1040,32767,-2292,1668,0
28504,8084,-88,12440,80,12692,0
19772,-4032,22604,19820,680,4752,0
8740,1180,13572,17308,4680,3940,0
7060,-1152,13756,17760,2360,2536,0
7852,1080,11016,16364,2024,1660,0
11628,4788,13932,16028,3768,152,0
13320,2516,15324,16876,3428,2880,0
17700,-4932,7252,17724,2216,436,0
10028,1976,6556,17876,3880,-1696,0
32767,5356,-80,24980,2844,-3580,0
10888,-3152,13984,29272,-3820,-3432,0
16924,3048,5100,16052,8896,21956,0
17212,-6788,6220,18344,996,10328,0
15836,2792,6796,5816,3144,13008,0
14980,-2512,4304,10596,368,10216,0
23788,-10208,4680,13712,12,15468,0
16112,-1308,2880,16480,3496,10900,0
16820,-580,820,14456,4780,10680,0
16168,-2172,-424,11332,-1628,4776,0
22328,-1952,-4028,32767,5820,1232,0
27260,8456,-2804,11920,-668,13676,0
20568,-5468,20732,18840,-1896,5176,0
10244,4168,13008,16672,9488,3276,0
6720,-1944,14312,17168,1800,2176,0
6416,-1352,8808,16820,3416,2568,0
9936,3236,14920,16464,4644,2384,0
14584,3868,15392,17124,2948,1944,0
18724,-4844,8128,18076,3096,468,0
7000,1868,3796,18116,4960,-2168,0
32767,6912,-24168,19852,4344,996,0
1772,15276,11572,31896,-4168,-5208,0
20632,-3328,6460,14592,9992,19600,0
17172,-3708,4536,17816,-284,12100,0
18940,-988,2836,7668,572,10276,0
16048,-1392,4284,10260,4388,12640,0
18860,132,4388,12644,1744,13012,0
16920,-2344,3536,12988,-1364,13420,0
16020,-1452,1252,20084,4736,5296,0
16188,-920,3944,11276,1684,1944,0
17104,-1248,1888,14572,-1256,4128,0
23468,-188,-3904,17360,10084,7008,0
26048,4120,-3820,19892,-1340,8648,0
15404,-4668,22872,14956,8036,3948,0
11972,3536,12848,16632,4424,1448,0
6400,-3248,13736,16624,4576,2104,0
9120,708,11944,16596,3492,1728,0
9160,-1248,13968,16092,3632,2128,0
14284,3660,14436,16904,3284,4056,0
17108,-1664,7592,17684,1576,1688,0
10176,-4732,3536,18124,3812,528,0
18340,4380,1428,17176,3748,-8,0
5336,5776,3692,31328,-3872,-5144,0
19992,408,7456,21928,11460,2836,0
15712,-7016,6124,14560,2396,11340,0
15484,-4556,3024,10524,3584,12940,0
15680,-1092,4280,9120,292,11704,0
14100,-1620,3348,10968,2856,13236,0
16196,-1876,2328,14092,-740,13428,0
16444,-968,1776,19388,5184,5052,0
16332,-900,3836,10580,2484,3672,0
18300,-1140,660,13456,1312,4776,0
22952,188,-3764,14844,12524,8548,0
26776,2848,-3356,20928,-7168,9136,0
20452,-4288,15936,15560,7776,5860,0
11900,2428,13356,16228,4624,3708,0
6364,-3384,14464,15092,3964,1672,0
5940,-1532,15380,14840,3328,896,0
10512,1544,13792,16388,5644,1908,0
12608,4548,13996,15572,2248,2168,0
17620,-3016,9000,18176,4416,-368,0
7516,-2004,6788,18144,5404,-1424,0
28824,5836,3048,25876,2672,-4124,0
16720,1212,13248,29048,-10280,-2880,0
15004,1176,3260,17112,10476,20784,0
16360,-5020,3932,15960,4000,10864,0
16060,-1184,4272,6584,928,13476,0
16164,-716,4012,9808,2816,12332,0
15228,-1472,4884,11372,-104,14420,0
16600,-1756,1888,14840,2960,10820,0
15964,-2176,788,17140,5752,7696,0
16664,-308,3124,10848,-360,3572,0
20792,-4836,2084,32767,1620,4100,0
21008,3524,-5228,11140,-768,12728,0
24692,-1980,-1156,20672,-1856,5736,0
18344,-5020,17716,16892,9232,3972,0
14792,3204,12388,16960,1332,3548,0
6788,-1580,14556,14656,3612,4604,0
6572,100,10916,17188,3460,584,0
10364,1772,14400,16000,4048,3196,0
12824,3124,14756,18600,3888,2036,0
17860,-1768,7716,16760,1536,-1448,0
6252,-392,5408,13844,2940,-3388,0
26724,5636,156,25836,3108,-6356,0
15844,-184,13436,28980,-4352,-4528,0
14052,3072,2756,16652,11928,26072,0
17312,-7032,4788,14232,-16,11416,0
15232,1428,4664,7264,-384,14244,0
16432,-2496,5604,9516,1392,13356,0
15584,-1276,5440,12272,-1232,13308,0
16344,-2188,2368,16900,580,12304,0
16560,-1988,-392,17296,7000,7348,0
16240,-1040,644,11132,1732,4116,0
21788,-3320,-584,32767,120,1548,0
23844,4764,-3776,15376,-1192,13748,0
20128,-4668,6480,18920,-3160,4136,0
17064,-1896,16700,17304,8692,3680,0
10132,2084,12456,17040,2324,3732,0
6028,1060,15328,17228,2752,3108,0
7220,-732,14024,17592,3524,1996,0
13184,5332,15304,15552,3408,2020,0
14348,-1240,12144,17508,3112,2116,0
14484,-2740,5504,16800,4844,-2712,0
11928,3464,4272,16540,4976,-4272,0
17132,-1520,7540,24328,1496,-7100,0
19220,2608,11004,28036,-1984,-12168,0
13896,1256,4716,16772,7920,20624,0
17436,-6124,3628,20220,1016,7536,0
15788,836,5156,6740,1792,14880,0
16596,-2340,4816,12404,1388,11012,0
15492,-1752,4472,14956,-3784,13204,0
15756,-1688,692,17780,5996,10056,0
17732,-1528,2616,11328,1212,9372,0
17640,456,2116,11816,1316,4424,0
19028,-5496,1180,32767,212,-2672,0
21880,3356,-4604,13864,-6136,12272,0
20456,-5624,-1472,20992,2116,6112,0
17448,-3844,16736,16260,7588,2816,0
11352,-1408,14300,16452,4280,428,0
6548,1084,14872,16448,4224,84,0
8256,992,14400,16016,3992,-188,0
11172,1704,15888,18748,4904,384,0
17860,-840,7728,16068,2324,-176,0
9740,456,2500,17864,4904,584,0
23496,4540,-116,22756,3292,-7468,0
16312,-3932,13296,28788,-8908,-6584,0
13744,5068,4328,19756,13272,17716,0
16892,-8708,5048,18136,-2924,10520,0
15108,632,4256,7280,1244,12736,0
16208,-2716,4188,13560,2592,12556,0
15860,-1216,4652,13432,2584,12996,0
16620,-2416,4444,15860,2296,10356,0
15808,-1376,900,14540,4616,12576,0
17720,-1076,1008,10712,-956,3816,0
22360,-3300,-1076,32767,3180,692,0
24564,7624,-2876,14204,-892,13272,0
20160,-5404,17616,18960,-1296,4420,0
14372,-128,10284,16452,8736,3036,0
7356,-1332,14320,16964,904,1992,0
9656,908,14740,16608,3464,2320,0
9224,3124,13292,16192,2732,1320,0
16812,3152,14592,17776,4052,2812,0
16160,736,8248,17916,2584,1012,0
10848,-3692,2960,19436,3724,-1676,0
15648,8308,3892,19036,3648,-2300,0
11076,-532,5692,27124,-3420,-4384,0
19416,2644,8564,22392,9700,-2100,0
15452,-6712,6084,15860,4280,14040,0
15364,-3564,2428,14620,3252,10908,0
16096,-2204,4976,9616,364,12740,0
16288,-440,2760,8872,-264,11800,0
16412,-2276,3972,15044,-2748,13440,0
15280,-608,632,19588,3236,9288,0
17964,-1748,1212,9424,524,2300,0
18824,-2396,-1848,15936,-548,3000,0
20672,1044,-7208,12648,11000,9716,0
26804,3772,-4404,22076,-4844,10976,0
17364,-1864,16316,16044,7860,4732,0
14620,68,11612,17008,3944,2496,0
6656,-808,15628,16652,3004,1800,0
9564,-348,12996,15328,4416,144,0
11708,2624,15472,15348,3592,1456,0
13380,3308,14208,18088,3436,1956,0
16648,-2624,7204,16620,1304,-2092,0
8240,1456,4172,17904,2676,-4216,0
32767,-16384,5764,23324,3436,-5032,0
12152,9928,14240,30012,-348,-6712,0
16116,-524,5340,15956,11032,22816,0
17864,-6204,4908,17704,-124,11408,0
14996,196,3672,6360,632,13780,0
15932,-1296,4460,9896,3200,11256,0
16588,-1992,3756,12976,-260,13084,0
16300,-2216,-556,15860,2492,10812,0
17340,-1488,-36,13188,5320,8968,0
13228,232,-1420,11748,-392,3356,0
20884,-1736,-7364,21576,8224,10544,0
27556,8556,-4940,18396,-312,13288,0
19496,-6168,24328,16300,312,4584,0
14316,2776,11876,16340,7028,3388,0
7480,-2672,14448,16412,3776,2864,0
7380,436,11412,17248,2352,2604,0
7896,536,13420,17404,3840,2460,0
15252,3500,13920,17168,3896,1572,0
15916,-708,7012,16476,3252,1852,0
10744,-2080,3020,17936,2604,-96,0
17064,1744,-3124,17764,3668,-888,0
6612,2372,5520,26168,-2540,-2368,0
21508,2640,10564,26952,3616,-3704,0
15552,-6340,6528,15116,6988,18636,0
15780,-2380,3792,15328,2280,12668,0
16360,788,5076,5648,1748,13372,0
16212,-1928,3360,8556,2900,12068,0
15512,-2088,3396,12176,-1436,14580,0
17192,-2036,2208,15264,-72,12272,0
15996,-940,1336,19076,8464,5684,0
18616,-2400,2360,10684,2964,3792,0
21536,-2388,-2000,26520,2200,3160,0
24928,8256,-3112,17112,708,13048,0
17608,-9384,11188,15000,-1916,5184,0
12904,-1056,13196,16164,9556,3792,0
9472,-2524,13872,17076,2092,3572,0
7512,268,15884,17140,5096,2408,0
8628,-1264,15648,14796,3736,2896,0
14536,5920,15900,16092,4160,4392,0
15448,-1396,9832,17548,2136,1816,0
9804,-2172,7816,18184,4204,-1776,0
14016,6420,5176,17592,4540,-1480,0
13004,-2216,7176,25884,-724,8,0
18884,628,9280,28036,-3136,-928,0
14540,-3316,5084,15208,9240,21636,0
16548,-3440,3560,14468,2020,10300,0
17136,168,4236,8696,-704,12820,0
15088,-1136,3696,10488,480,11112,0
15672,-1044,4472,12248,-440,12640,0
16384,-2420,3292,16412,460,11744,0
15528,-1916,224,18504,4784,6332,0
16624,-1328,3024,10296,1864,1688,0
19132,-2600,4772,27884,-5084,-13156,0
19988,0,-1992,11860,816,8596,0
26696,1248,-4560,21964,-3184,6580,0
15860,-2992,19896,16848,4632,3504,0
12360,1768,12132,16732,4512,3012,0
7232,-1140,13088,16732,3688,2916,0
8380,796,15136,16324,3732,2188,0
10192,556,13336,16456,3448,2508,0
16364,4220,13656,15572,3976,2184,0
17064,-2280,6656,18796,4192,304,0
8864,1704,4364,18960,1768,-1848,0
31344,2544,-16892,18436,9524,-736,0
6408,556,8548,26284,-3468,-2592,0
19940,7532,3860,24944,1580,-3120,0
17668,-8496,5464,14272,5240,15368,0
14792,-2076,3500,16248,3156,11744,0
17044,-2996,4672,10436,-1864,13516,0
15704,-1652,3816,9104,716,12348,0
15056,-2844,3556,13716,-2184,13504,0
16392,-1196,2972,16972,3232,9364,0
16260,-1812,2452,15676,4196,6348,0
16968,-1296,2264,10128,796,3284,0
20700,-3084,2032,32767,2292,712,0
21680,3508,-2496,13892,1584,12692,0
22680,-3772,1896,18160,-4560,4904,0
16828,-2332,15184,17528,9420,3136,0
12424,528,13620,16636,2212,2504,0
7340,-116,15216,16880,3552,3092,0
8996,-1924,12552,16992,3308,2736,0
10700,3308,14876,14720,4036,2488,0
13580,1732,13356,14704,2020,4728,0
17788,-928,9172,19524,3720,-808,0
10864,-1840,4932,14064,4864,-3076,0
23044,960,6944,21936,3648,-5428,0
15572,4204,10916,28008,-9704,-5084,0
15112,-476,4272,19884,6712,16800,0
16544,-5088,4376,14432,1624,10224,0
15904,372,5044,6892,3924,13048,0
15020,-2756,5752,10772,936,13448,0
15664,-300,5248,10972,1132,12600,0
16264,-2540,5256,15668,-1196,12164,0
16424,-1140,2880,18356,7644,5616,0
16764,-3420,-1384,9272,1304,2428,0
21092,-1848,320,32548,-2952,1928,0
22872,5456,-248,16564,-1408,11364,0
19360,-3064,9460,17996,268,3784,0
12788,-2508,17504,17216,5444,3420,0
11492,-708,12592,17104,2736,2648,0
7760,1696,13876,16604,2356,2196,0
9364,984,13276,16336,3844,1272,0
13524,4412,14748,19732,4828,348,0
14532,356,10584,15296,2112,464,0
15052,-5844,4724,17652,2732,116,0
10916,4408,5640,17128,3952,-1932,0
28072,4,5252,23280,2732,-3588,0
13480,2044,12252,25064,-6872,-1604,0
15460,1852,3368,19260,6104,9784,0
17532,-4380,4056,14240,3200,10536,0
15808,-1624,3572,10664,2964,13428,0
15868,-1152,3668,10660,496,13212,0
15516,-2040,4980,10764,-1100,11248,0
16816,-2744,4324,16620,-1880,12540,0
16388,-732,2236,20440,4380,6992,0
15640,-944,200,7312,1020,748,0
17508,-2300,740,16432,1420,3308,0
22252,252,-3520,13348,8744,8044,0
25400,2820,-2060,20188,-3764,10184,0
17760,-2616,17464,14288,6344,4604,0
10576,2964,12496,17020,3232,3648,0
6048,-1300,14608,17296,4236,3624,0
6384,-1016,9616,16812,1988,3332,0
9560,1012,16748,16324,4856,4184,0
13228,5356,16092,16268,3200,3660,0
16364,-1812,9684,17120,1360,-1012,0
11328,-1708,5748,14940,4032,-2956,0
28748,5000,-5580,19724,4912,24,0
10364,-1076,7328,22612,-5620,760,0
17316,2964,3052,23872,2532,2056,0
17484,-6196,4152,8968,7244,15132,0
15380,-1656,4724,14884,5016,13100,0
17060,-3048,5596,9920,-3004,11480,0
15552,-320,4500,10276,1980,12940,0
16356,-2972,3668,14084,-1408,12352,0
15996,-812,3288,17592,1324,9964,0
15260,-1472,3304,13056,3204,4524,0
15368,-2440,2032,14828,4816,8032,0
21664,4908,1420,10880,3428,6796,0
18948,2580,9800,22332,1820,6660,0
14284,-320,14096,17220,4300,3944,0
12800,2228,11760,17396,2036,2288,0
10692,364,12104,16840,2420,2500,0
11656,-1672,11308,16876,3920,344,0
13432,3292,10860,16280,2992,64,0
14032,2348,9800,16768,3268,2680,0
14576,1356,9512,16944,3444,4516,0
14688,3320,9148,17184,2372,3944,0
15644,1532,7200,16496,3564,4724,0
14708,-1584,6304,16808,2760,3548,0
14264,-580,7272,16656,2076,3624,0
13232,4124,8356,16448,1976,3276,0
18768,4236,3464,17500,2708,4972,0
8956,-1604,5184,17052,-1520,5540,0
17760,2836,4260,18476,-952,5028,0
15976,-5368,4192,17504,-600,3328,0
15792,-476,2852,15556,1284,3912,0
15960,-2464,3648,13088,-1804,11832,0
16104,-2024,3688,13988,5724,10572,0
15672,-1148,4296,14448,1620,9440,0
16508,-3240,4416,15272,1716,9208,0
14864,-1832,5200,15640,5608,9188,0
16752,-4176,6056,14920,7996,8420,0
15852,-4820,6116,18872,7612,6704,0
15744,-3508,2036,17796,1504,5252,0
14428,7792,3628,13820,4636,6632,0
18004,-6972,9224,13908,56,12720,0
22864,-5864,9680,32767,-11284,4360,0
14000,-2372,8680,13376,10472,6840,0
11940,-7412,12488,16620,1820,6572,0
10224,-7052,10416,16900,2672,3540,0
11412,-5580,9852,16172,4152,4372,0
15236,5048,9140,16472,2408,3332,0
15076,-6192,5656,16260,2696,3200,0
13244,-112,9560,16608,2296,2912,0
13384,7572,13480,16496,3808,1640,0
17228,5608,4712,16552,1172,-2256,0
17924,-4268,5292,20048,1292,-3348,0
15564,-804,6092,24088,-3444,2588,0
16048,-1272,5152,17976,2460,10408,0
16260,-296,6020,14808,2604,6212,0
15912,92,4880,12876,-4620,6784,0
15508,-2064,3800,15208,4956,6556,0
15992,84,3920,17540,3576,4492,0
16680,-1368,3752,16676,-36,3196,0
16504,220,3204,13916,336,-1760,0
18444,740,2716,13752,2996,-1504,0
17344,-1044,1304,13384,3236,3232,0
18616,-5020,-1408,32767,11868,-12312,0
20320,2616,-9796,11340,-14588,11492,0
20424,-8332,1956,20432,5312,7176,0
15952,108,17636,16992,4744,1204,0
11932,-572,14148,16220,7764,388,0
8836,-3356,15052,16324,5220,1004,0
9344,-1244,14880,16048,3368,1612,0
12048,-1060,16044,16168,5632,2948,0
13448,3904,13880,15564,2836,2220,0
14648,-2028,12448,18940,2224,2808,0
9400,-5140,2664,16452,3680,344,0
15404,6472,4320,17532,2392,-4068,0
7840,-616,-780,31552,-8432,-12088,0
17588,1084,5472,20612,19016,8828,0
15328,-6596,7016,14520,1208,11836,0
15692,-3508,2800,8288,5932,13208,0
16932,-2376,3628,11096,2448,14680,0
15276,-1452,1704,8160,6224,12884,0
15960,-2828,1888,14612,-1260,13088,0
15624,-660,1732,19392,4124,4836,0
15808,-1712,1948,10628,2092,1536,0
17704,-1132,1444,12780,-492,3996,0
22028,-1400,-3916,22024,11096,7720,0
28704,7804,-3460,15708,-3888,12816,0
17248,-4952,21680,16244,1452,6160,0
10984,3748,11892,17032,7992,4224,0
5860,-1752,15464,18260,2680,2320,0
7952,-2256,13668,16648,3960,2076,0
11204,2340,14464,16060,3440,1716,0
14100,4904,15548,17880,3548,1668,0
17588,-3276,8324,17972,3468,1280,0
8816,-1856,3480,17500,4788,1588,0
29012,1120,-13684,18776,8288,1824,0
6840,-400,6812,25296,-4460,-2416,0
20324,4732,4900,24108,5440,-1432,0
16612,-6988,4660,16292,3584,13188,0
15232,-1668,3408,15388,3588,11296,0
16616,-2028,4772,8332,-144,14668,0
15840,-1540,3080,8580,2548,12208,0
15480,-1752,2412,13636,-3780,14420,0
16520,-1000,2520,16532,2660,10492,0
16980,-1896,2184,15616,5948,7068,0
17504,-1636,2252,10516,368,2480,0
19428,-5120,1692,32767,2472,-1064,0
25232,6956,-4768,11264,-2784,14976,0
17012,-8068,7160,20164,472,4388,0
14816,-104,13780,16572,5352,2268,0
9652,-2108,14020,16620,3772,2352,0
8396,60,15272,17244,3364,4008,0
8792,-80,16080,16232,3648,1980,0
15212,3816,16616,16268,4984,2412,0
14700,156,11136,18160,2148,1024,0
14588,-1616,9460,17492,3244,-20,0
10408,308,3400,17016,3140,-1664,0
32767,-13376,2356,21256,2168,-2020,0
14528,7372,12512,28332,-2860,-3472,0
14980,-408,5320,15684,11600,19036,0
17704,-5080,4200,18724,924,11744,0
15936,-1492,4288,7380,1456,12656,0
16616,-1548,3740,9368,4132,11168,0
15892,-1392,3200,11348,404,13380,0
16420,-2712,1868,13888,-440,12592,0
15796,-684,2264,18644,5920,4696,0
16388,-716,3140,10192,1460,2100,0
16880,-1616,2628,15776,760,-2268,0
22616,-1860,-1816,13732,3888,8868,0
23720,4692,-1152,20512,-2156,8316,0
18856,-3400,23896,15556,6128,4916,0
12828,3388,11136,16740,4060,2532,0
6880,-3412,14572,16512,3956,2400,0
8624,-1116,10208,16472,4172,1228,0
10528,1564,14148,15728,3876,1608,0
13760,4164,14904,17716,4348,2300,0
16864,-396,9176,17212,2924,3052,0
10684,-2660,6416,15820,2288,-1020,0
19932,7340,-3684,18404,6312,-1628,0
10700,-4388,6076,26116,-4448,-3912,0
19108,5948,6772,25020,4296,-2752,0
16560,-8340,6136,14800,6056,14568,0
15612,-1600,2800,15292,2464,11112,0
15736,-3344,3872,8252,948,12528,0
15820,-1052,1692,9084,3692,8744,0
15124,-1708,2432,12568,-2184,13960,0
16744,-1320,4000,15620,2476,11200,0
16116,-2228,2776,18592,5056,6844,0
17244,-1760,2552,9784,516,1604,0
20132,-4108,1092,32767,520,-700,0
20156,4144,-4956,13932,384,13872,0
23024,-20,2348,19592,-2452,4744,0
17400,-4664,15168,16956,8812,2300,0
12592,2468,12108,16904,2036,1668,0
7136,-260,14672,16440,3624,2572,0
8760,472,11208,16552,3620,2012,0
10448,4056,13272,16584,3696,2392,0
15736,2772,12976,16684,3124,2508,0
18376,-3092,7076,15432,3524,264,0
8660,1608,4540,15900,4168,-3412,0
23664,2080,5892,21144,1360,-5496,0
17808,-748,13396,25692,-4016,-2816,0
13892,1896,2544,19836,6820,-1128,0
17164,-3556,2856,14172,2520,12228,0
16112,-1656,3352,13024,5604,12252,0
17168,-1516,3880,10632,660,14260,0
16400,-1232,4684,8888,820,12608,0
16268,-1516,5048,16696,-2108,12572,0
15956,-1240,3780,17608,2356,7132,0
16448,-1132,2476,11040,1420,1320,0
17720,-1800,2868,11824,1204,2260,0
20472,-3768,1452,32767,8464,2868,0
19880,4656,-5056,11800,-1660,14624,0
22768,-2880,-1260,19184,-2436,5784,0
19396,-3644,15176,17384,9040,3592,0
13840,3900,12956,16272,1952,2192,0
7224,-1460,14524,16800,3944,2016,0
7876,784,11032,16032,4324,3088,0
10724,3212,14832,18024,5548,2172,0
13736,2088,14952,15464,3568,3928,0
19052,-1036,11008,17328,3084,-1120,0
8264,-3496,5436,17500,4792,-1684,0
25760,10256,3948,22380,5020,-2220,0
16044,-1576,11940,26112,-9748,-2756,0
14236,2560,3020,20012,7336,5764,0
16668,-4124,4216,16116,1796,11384,0
15124,-2880,5732,12012,4824,12632,0
16696,-1760,4444,9888,2432,14196,0
15800,-884,3852,8616,828,13316,0
16372,-2688,4596,16384,-2672,13736,0
16500,-148,1948,18176,2716,6876,0
17896,-1136,2180,8700,204,160,0
17848,-1960,948,14304,-512,-92,0
20012,-760,-2512,15308,4248,11432,0
22824,7368,-6496,20512,1336,10508,0
17588,-7868,5692,15308,360,3428,0
15896,568,15464,16716,6128,1908,0
9916,-1052,15212,15900,4928,1592,0
6640,3084,15744,15688,3200,1812,0
7304,1268,14616,16332,3752,1728,0
13264,4960,15008,17576,3700,3428,0
16080,-2936,11396,16472,3652,516,0
12048,756,8212,15924,3652,-2708,0
11528,3616,3012,16828,4572,-3156,0
14788,-10680,7140,23248,696,-1304,0
17700,6720,10556,25112,-1500,1440,0
15676,-4312,4944,16172,4232,14412,0
15880,-3132,3300,15164,3004,10252,0
16064,-1496,2520,8500,1792,13360,0
16524,-2140,3412,10576,2428,10196,0
15836,-1044,3096,12956,-1316,12304,0
16356,-2504,3956,15552,144,10900,0
15736,-1612,2720,18292,2496,6412,0
15856,-2100,2012,14020,1964,684,0
15732,-2084,4532,13068,1368,-2076,0
16484,-1820,5300,16100,1368,2148,0
19784,-2172,3192,16948,10440,2076,0
18700,1808,-556,20436,-5384,7480,0
19368,4652,-92,17220,4672,3732,0
14780,-1052,13048,16452,4444,1200,0
16824,-872,12152,16556,3704,1200,0
9420,-116,13504,16852,5204,3660,0
10356,-132,14760,16948,2956,2664,0
10452,1200,12856,16688,3384,2828,0
13268,4784,12908,16780,4404,1800,0
16444,-168,9868,16408,3668,52,0
15332,896,6752,16084,3824,512,0
10972,-1100,3200,16480,4032,1988,0
22276,3312,-6292,17200,5692,4768,0
11504,2820,5604,18896,308,5112,0
18724,1308,6468,18844,1084,2316,0
16352,-992,4192,17424,1352,540,0
15960,-1964,2712,18828,-1580,-164,0
16208,1220,2852,19668,2260,2560,0
16200,-2568,3000,14056,3168,13620,0
16164,-2548,4144,16128,6316,11556,0
16364,-2280,4616,10272,-2668,13100,0
15936,-204,5200,10428,-1128,10100,0
15976,-1228,5056,14804,1156,9916,0
16052,-1360,3888,17576,-572,7516,0
15988,-1176,1884,19168,3644,2892,0
16132,-1180,3868,11228,336,-732,0
16932,-1804,5252,15236,752,-1464,0
18772,-2308,2480,16016,2292,3216,0
17896,1368,1720,17088,2092,8768,0
16832,1552,-136,17060,580,3032,0
18392,2268,-1136,17156,5720,792,0
19064,20,15908,15972,4788,1148,0
14260,-3084,15440,16400,4940,1204,0
12840,-2356,13692,17036,2276,1752,0
8036,2048,11496,16556,4360,2116,0
9540,1656,13404,16624,3696,1628,0
13024,152,13284,16404,4024,1216,0
15264,-448,11184,16196,3960,1660,0
15028,1744,8180,16500,3608,2064,0
10440,-3144,2760,19064,3240,1152,0
22520,-3680,-11540,20640,5016,2484,0
7104,8764,2972,21616,1252,548,0
20344,-2656,6932,22272,-3680,-3236,0
15944,76,4012,19504,5192,-520,0
16516,-1908,3140,15828,6756,17520,0
16416,-6092,3800,16112,5784,10988,0
16012,-2384,3420,10624,1604,13456,0
15932,-2008,3320,8404,3828,11136,0
15888,-1868,3284,12448,-492,12564,0
16112,-2508,4100,17240,304,10564,0
15504,-832,1496,19160,3000,6132,0
16540,-2520,3344,10284,3204,80,0
17900,-1300,4400,12968,1524,3692,0
18948,-2104,924,19784,2752,788,0
17880,704,-1244,17440,1752,11400,0
20208,3556,-4524,17344,1340,6148,0
17448,-3624,1232,18024,3840,1136,0
19100,-2792,15488,16156,3372,964,0
13760,-624,12560,16888,5076,1280,0
9048,-556,15284,16372,3624,2548,0
8576,1520,10472,16288,3352,1836,0
10616,2336,12604,16424,4084,2108,0
15708,916,10992,16448,3424,3948,0
17152,-2592,4924,16940,2796,2536,0
8032,-464,288,16996,3576,1744,0
21676,888,-6764,19632,4000,252,0
8508,2284,5176,22296,1512,-3364,0
19676,1972,9652,27340,584,-8872,0
15008,-5104,6212,16900,6872,15968,0
15920,-1524,4356,17544,468,12072,0
18372,-3776,4424,8548,3056,13344,0
16248,-2660,4544,10276,1204,14408,0
15360,-1544,2548,8236,1448,12740,0
16712,-2320,2240,16468,-1776,13768,0
16696,-1336,1860,20292,3068,5556,0
15820,-820,-1488,6552,6732,-256,0
16348,-1160,-1396,14792,668,-168,0
20584,-3172,-5200,10624,2372,9336,0
27364,8452,-5108,21848,24,10732,0
18116,-3272,17412,15512,1800,5308,0
11832,4004,14920,16524,7064,3504,0
7816,-3396,15348,16524,3780,3160,0
9284,-384,10044,15800,3448,2444,0
5924,44,15276,16092,3328,2968,0
12972,3828,16280,16512,3932,2400,0
18888,844,8060,17368,2776,2308,0
11924,-4404,6336,16708,4176,1060,0
17756,3760,-1408,18392,5388,2148,0
11220,2384,8672,21972,3008,-1304,0
19536,-424,11400,26192,-7464,-2900,0
14596,-4732,4776,16792,5240,7820,0
15948,-628,2416,17300,2160,10276,0
16592,-4124,5808,9732,4132,12708,0
16472,-764,3204,10100,992,15296,0
15640,-2076,2172,7564,68,13436,0
16804,-2072,5404,15196,-2036,14288,0
15624,-908,2556,18500,3184,8620,0
16408,-1000,2152,11388,540,1308,0
17056,-808,4988,10948,-664,3672,0
20328,-2688,3028,26772,6560,-1636,0
20248,2828,-2688,17124,2340,14176,0
22152,116,-3356,17668,-4304,5504,0
18604,-4172,21060,16604,11772,2392,0
12880,2380,13724,16324,1668,704,0
6976,-2728,15388,16176,4748,2004,0
7752,368,13668,16396,4268,1340,0
8180,-892,14464,16208,3996,3060,0
12260,2780,16504,17148,4420,2924,0
15312,2668,12420,19936,3272,1260,0
11616,408,8992,18128,4052,-684,0
11148,-3336,3168,17492,4832,-960,0
24296,-6104,-2728,26028,-3484,-1896,0
18144,2036,10200,27160,1568,-3756,0
13556,1396,4660,13656,12892,24768,0
16724,-8076,3896,19096,3212,12064,0
16068,-748,2852,3568,1920,18008,0
15708,-1988,3112,9424,4508,13284,0
15764,-396,3988,11624,1476,13192,0
16188,-2996,3900,13688,-1736,11288,0
15200,-1948,80,18684,7428,4536,0
15480,-2032,3072,9208,460,1644,0
17024,-668,2820,15048,-540,8556,0
21420,-704,-3188,16760,8484,7020,0
22928,6656,-3784,18404,988,9604,0
17880,-468,9608,16448,2696,4004,0
12788,-908,11552,17384,4844,1652,0
15964,-2492,3088,15544,-712,10596,0
15648,-2424,2192,16936,6332,3104,0
15084,-1364,1540,11048,1360,1820,0
18124,-2156,1780,32767,-2732,-2184,0
21308,3376,-3032,16204,3724,9812,0
24152,688,-6872,17140,-1924,4056,0
17076,-2244,25020,16924,5552,2140,0
11416,232,11012,16824,2996,1820,0
5948,8,13176,16916,3408,2592,0
9544,-1272,10212,16632,4272,2224,0
13348,-488,11136,16696,3272,876,0
14348,5060,12880,16740,4436,1588,0
15164,4,9008,17352,1676,2548,0
13564,-2488,3640,17040,4420,-940,0
20740,10672,-3724,15688,3332,-612,0
20028,-516,7052,20904,1400,384,0
16868,-228,4056,19584,-428,-184,0
15480,-2868,3192,19544,4060,4644,0
16956,-292,2504,9560,5476,12976,0
16332,-5536,4508,12784,536,10216,0
15920,-1568,3484,12580,3920,11452,0
16248,-3596,2860,11796,5768,11228,0
16040,-2164,2440,16800,692,13296,0
16212,-2584,2244,11164,12,14156,0
16232,-2540,2784,18428,-3188,3920,0
16072,-728,3048,14964,4004,2004,0
16680,-1336,4120,16944,-1204,2872,0
16052,-304,3512,17836,1536,1952,0
16304,-1440,3396,17052,2004,2600,0
16276,-8,2836,17180,68,2772,0
16152,-840,2704,17220,1332,2640,0
16204,-456,2836,16932,1568,2592,0
16180,-684,2844,17012,1796,2344,0
16276,-64,3024,17036,1732,1328,0
15936,-416,2736,17020,1932,1220,0
16340,-108,1560,16956,1976,956,0
16112,-388,1380,17012,1836,488,0
15872,-432,4176,16756,2128,168,0
16324,604,5540,16400,1916,-3260,0
16312,216,3992,15908,2184,-7076,0
15760,-888,3272,21284,-2144,416,0
15964,-1296,3968,19968,1112,6912,0
16260,-2612,5360,16072,348,3148,0
15892,-608,4388,17240,1676,2580,0
15732,-356,3692,16304,3612,2384,0
15528,828,4736,15628,2660,1300,0
16060,-1164,5880,14256,1932,-100,0
16112,-264,3304,13876,3000,-900,0
18004,4024,2256,13948,1924,-3008,0
20744,-1396,-2824,14968,4024,6432,0
27212,-2192,-9384,20664,-3320,8036,0
19432,-7068,32767,15820,7740,5228,0
11132,3084,13220,16652,3700,5320,0
4708,48,15272,17464,3324,4056,0
9656,-828,12240,17240,2656,2768,0
9620,-820,14392,16292,4028,1704,0
12108,2548,14660,17208,4304,2792,0
14400,3420,13124,17616,1924,2972,0
14164,344,8784,16164,3208,1340,0
13828,-3352,3852,17432,4008,3576,0
29464,2472,-10640,17260,5628,6924,0
8680,2972,4400,24672,-3504,-536,0
18608,1128,4248,22148,3656,932,0
18080,-3832,2324,12192,7320,16148,0
15580,-3000,3352,16000,2568,9932,0
16084,-1348,2848,10524,-920,12664,0
15392,-2172,3092,8840,3488,11252,0
15920,-2432,3308,13468,-1952,10744,0
16024,-2252,2776,16468,624,7492,0
15848,-1036,3560,19200,3188,3208,0
15768,-912,1868,12740,1144,-928,0
17564,-748,4780,14432,1720,1436,0
20624,-2868,12,25948,6680,6392,0
21516,3136,-1512,16492,-2688,9208,0
22900,-7336,-984,16744,4096,4112,0
15548,496,17044,16608,5732,2456,0
12196,-1284,14596,16932,2536,3148,0
9080,736,15416,16632,3292,2592,0
8228,-908,14376,16536,4076,2492,0
12136,480,14380,16336,4136,2708,0
13852,4176,13004,16536,3856,2472,0
16248,100,8468,17000,2348,2736,0
12860,-2884,1472,16940,3932,1252,0
12880,1912,2800,17280,3656,2856,0
17972,-152,2696,23704,3000,-176,0
17064,-3200,11204,23976,-6952,-3320,0
14444,-404,3924,18316,8512,6448,0
16336,-4764,3468,15456,4432,12808,0
15748,-4008,4372,12924,3500,12908,0
15936,-3144,2900,11120,2300,13412,0
15728,-1664,2324,7116,1868,12560,0
16184,-2108,4020,14276,-3404,14164,0
15612,-1044,1788,16456,4792,9856,0
16932,-1928,3596,16772,4160,9140,0
16144,-636,3776,8920,2256,2244,0
19400,-4712,1924,32767,5036,308,0
19920,2192,-2840,15104,-1772,13968,0
23656,-3372,-1040,18252,-1904,5920,0
16876,928,16812,17356,10608,2840,0
12372,1756,12740,16780,1396,1872,0
8400,-116,14592,16536,4184,3344,0
8584,-856,13032,16636,2844,3220,0
10524,3332,13820,16348,3976,2244,0
13236,2900,14004,16768,3288,3860,0
16724,588,8012,17620,3596,3188,0
10140,-2304,3864,16652,4492,-780,0
24660,5488,-7432,17740,7024,2336,0
10576,-3140,7816,23476,-3464,3208,0
19580,8348,4696,26084,-2356,960,0
16228,-10144,3912,12964,6716,22740,0
15500,-1012,2820,16608,1584,9868,0
16416,-3976,2980,9380,-1636,11612,0
15876,-1348,3516,11736,3404,11608,0
15284,-1768,2000,11380,376,15552,0
15512,-616,3248,13168,3440,13496,0
14184,-492,-1392,8464,-4588,13492,0
23196,6180,592,32767,4648,5508,0
18848,6496,15116,18804,3288,9268,0
14636,3424,12604,16652,-684,7032,0
10676,7620,11368,16704,2040,4924,0
11152,1024,9940,17520,1672,3156,0
15440,5504,7572,15824,2268,1848,0
14368,2128,6124,17012,3396,724,0
16072,-1780,3624,16148,1792,2820,0
13572,2844,2176,16736,896,5100,0
13456,2584,4348,16604,744,5036,0
10076,-4916,15104,17136,1700,4084,0
21876,-3692,2388,20808,-1504,3608,0
12232,3144,8224,18736,-128,1904,0
16204,-2868,5916,17888,-1900,4592,0
15844,-912,3972,14188,-1828,7736,0
15688,-388,4848,11956,5324,8196,0
16188,216,6232,13404,7224,5688,0
15652,-1324,3896,14296,-3808,6536,0
15744,236,2916,21976,-7608,188,0
16788,172,4352,21808,9120,832,0
19120,952,-476,20328,23316,7144,0
21516,1948,1412,13232,340,8956,0
15372,-8568,12920,18504,7036,4344,0
10720,-2524,15208,16820,2212,2652,0
8280,3932,15888,16500,5392,4460,0
12224,-9744,14076,16744,4076,4432,0
9868,-7352,16816,16028,3212,1008,0
11172,1524,17152,16332,3860,1632,0
14472,-980,14848,16592,3896,892,0
9160,2520,18524,16872,952,2504,0
23692,5484,2216,18180,668,8196,0
14376,-2828,9592,17460,-3908,3496,0
15048,984,4212,17512,-1360,3408,0
16132,-2612,4072,16992,-3600,2596,0
16088,1464,4604,16332,-1928,4028,0
15868,-1588,3612,17100,3448,3628,0
15896,-2032,4800,15524,5488,3384,0
16068,-148,5364,14892,6316,3056,0
15896,-332,4540,14236,5708,3520,0
16100,-252,4504,14692,4852,3780,0
16052,-2060,1124,23940,14376,-3960,0
15928,1796,1176,13040,688,2772,0
21296,3060,3920,17608,1204,3740,0
21764,-6104,-960,18096,3304,4004,0
17900,-2960,6316,16052,4552,3760,0
14736,-4572,10780,16676,4120,2764,0
11044,-1728,14060,16060,4684,1728,0
7940,12068,12928,16416,4312,3060,0
12696,-5352,9936,16508,5828,3424,0
17152,-2552,9596,17376,2924,4708,0
13256,5700,7632,18020,2496,2904,0
12544,-7828,3324,16916,4648,1156,0
12836,9032,4272,16604,3776,1152,0
17060,-3640,8684,23752,532,-4944,0
18948,7144,7296,26636,-4084,-6044,0
15612,-5900,4764,16692,5640,17984,0
15836,-3012,3892,22736,4556,9008,0
16292,-1344,4288,8044,-2968,13168,0
16600,-664,3832,11336,-284,12544,0
15912,-1440,3716,14352,-148,14720,0
16544,-1068,2572,17624,956,10648,0
16764,-956,-300,12316,2612,2712,0
17000,-1520,-2300,15296,3032,3632,0
21176,1164,-6056,17104,7840,10712,0
24812,352,-4292,17880,1152,8904,0
16924,-2996,16732,15340,4352,3736,0
12408,2812,13036,17080,5568,3352,0
5760,-220,15676,16716,2084,4224,0
9340,-1240,12192,16688,3996,3476,0
11868,2792,11816,16616,3616,3348,0
14296,3116,12984,16776,3672,2412,0
15240,368,7500,17360,2136,1972,0
12848,-1556,3452,17896,2684,416,0
13056,1388,4124,15088,4736,2144,0
32767,-6676,3632,22096,4776,-3496,0
13864,2852,12360,23760,-6920,-4480,0
16272,1812,2272,19388,6896,2216,0
17404,-5080,2480,16384,4968,12240,0
15844,-2624,3192,13164,5792,13756,0
16384,-2428,3608,10304,548,13036,0
15768,-2232,3184,7916,1376,12192,0
16092,-2184,3808,13800,-2296,12556,0
16204,-1328,2344,17692,996,9872,0
16256,-976,1932,17684,5640,5376,0
17124,-968,2648,9780,-560,2140,0
17620,-2852,2852,21064,372,-9060,0
20808,-304,-3580,13264,972,7748,0
24048,2472,-492,20288,-544,6404,0
19644,-2188,19304,16448,4600,3760,0
10500,2400,13056,17044,4856,2372,0
7356,-2224,15444,16892,3548,2760,0
7292,-276,11312,16460,4544,924,0
11264,2240,14156,15836,3508,872,0
15744,4572,14860,19212,4612,3624,0
17300,-1300,8116,18784,2980,2776,0
11784,-1552,3944,17392,3112,176,0
12340,3732,4632,16072,5224,-2396,0
19800,-5804,6340,24788,440,-5280,0
16976,5048,9800,27796,-2580,-3520,0
15868,-4676,4552,17484,10116,20884,0
16292,-4616,3552,17100,852,11132,0
13352,-1144,4336,8272,1572,12088,0
16700,-1108,3828,10016,1476,13332,0
16376,-1760,4952,11368,364,13792,0
16048,-1972,1188,15968,2424,12484,0
16112,-2316,1008,18096,8676,3548,0
16964,-720,5152,10848,2192,2436,0
17036,-2484,4240,17560,-3692,-180,0
23016,12,-3256,10480,6168,9576,0
25464,7168,1540,21040,2392,8904,0
18272,-4592,25024,16060,7004,4676,0
10488,1960,13632,17012,3884,2036,0
7540,-4196,14896,16576,3612,1592,0
6972,-1504,13752,16664,4220,1316,0
10428,316,14296,15508,4628,972,0
11600,2940,14808,17056,2648,2284,0
13048,1008,12572,17396,3512,3724,0
14404,-4484,7212,17692,2444,1924,0
27116,-5876,-5208,18120,8920,1256,0
6188,5076,9200,25236,-4104,-6780,0
21308,3144,5224,25996,3692,-5312,0
16420,-8456,4424,17384,5976,21580,0
15304,-512,3244,19360,1120,9980,0
18044,-3788,5016,10044,1596,12104,0
16256,-792,5672,8268,3616,14628,0
15980,-1436,5068,12568,-256,12728,0
16712,-672,3240,18828,2224,9432,0
17128,-912,2236,11292,4400,3936,0
16700,-1764,2332,11908,-1384,3424,0
22912,-1404,840,25960,10136,5960,0
24688,7152,-3096,17956,-5716,12532,0
17720,-8568,7368,16440,3392,5872,0
12628,-700,17464,16984,4688,3224,0
9412,-120,14448,17072,3992,2056,0
6044,-560,9080,16096,3900,1504,0
11148,2344,14428,16144,4172,1184,0
11812,4200,16104,16280,3872,2892,0
14824,-2592,12112,17668,2888,2448,0
14668,2344,10320,16848,928,1020,0
8824,-3312,2484,17232,4748,176,0
30688,5192,-2432,21684,3244,-2732,0
13788,-3112,13392,26480,-7172,-5372,0
14876,7256,3268,19660,10464,4424,0
17684,-6596,3440,15960,1236,9964,0
15412,-3504,4084,10672,5000,12632,0
15620,-1508,3760,13296,2124,13916,0
14836,-2284,4116,7728,2176,12652,0
15568,-2300,4012,15784,-2864,14408,0
16128,-1460,540,19552,3808,6384,0
17392,-828,4440,9344,504,1064,0
17544,-1536,3236,16428,-832,6076,0
20792,-2860,-2572,16668,8720,11588,0
25072,7516,-5564,20272,-5164,11068,0
17668,-7448,6176,15864,5148,5200,0
15036,1576,16172,16592,3848,2976,0
10140,-3620,14408,16424,4324,1992,0
5356,1096,17180,16836,4636,1480,0
7872,-452,15576,15948,3312,976,0
12448,4204,17136,17764,4308,3380,0
14444,-828,12348,23604,3696,2704,0
11744,-2256,7728,15600,4576,-2208,0
18072,384,-7944,17620,3884,-608,0
6164,1216,7020,28156,-1516,-5064,0
22784,6028,7968,25440,3280,-4732,0
14328,-8244,6796,14580,4796,15232,0
15904,-2064,3676,16440,2000,11920,0
19648,-1624,4380,8304,-2128,13272,0
14992,-500,6080,6388,6032,12292,0
15260,-1748,4192,13140,-756,15248,0
17048,-1600,2024,17620,144,9736,0
17072,-2304,2308,11720,7064,6900,0
16940,-2156,2500,12256,-1492,3588,0
21788,-1372,-88,23020,5268,7540,0
24532,7992,-2024,18884,-348,11168,0
16576,-6652,6804,16144,-160,3968,0
12964,64,17184,16344,7156,2232,0
10048,-2532,13520,16316,3924,2288,0
8044,948,15264,16864,2896,2544,0
7656,656,14776,16116,4280,1532,0
14784,4696,15804,18532,4096,2708,0
15080,188,10968,17756,2776,3208,0
12796,-44,8548,17808,3352,2040,0
11132,-416,2404,17976,4732,2340,0
32767,-5100,2572,21204,3984,-1076,0
13140,-1048,11236,24108,-4916,-2548,0
15648,7620,2756,20572,6944,-1748,0
17936,-7512,3440,15040,2900,12164,0
15044,-4232,3788,16508,5392,10688,0
16192,-1172,2832,11684,496,13944,0
15788,-1480,4204,8540,1392,13180,0
15856,-1744,5584,16440,-1932,12736,0
15704,-1820,2324,17660,3624,7964,0
16672,-1184,2400,9504,1916,2844,0
17416,-200,928,12616,-580,4524,0
22808,-1928,-1456,21140,10152,10576,0
23668,6596,-2304,18504,-2684,13408,0
17428,-4744,19480,16540,3492,5212,0
13912,1684,11828,16804,4596,3332,0
7184,-1544,15240,16512,3356,3060,0
9188,716,14884,17388,3304,2076,0
7900,1600,14604,16004,3160,2704,0
14216,5228,15956,18820,4252,2784,0
17112,-1684,7460,17604,1900,2224,0
5684,-544,8964,16584,2844,64,0
23500,15496,-3692,20120,5320,-464,0
12460,-4148,6624,24200,-2620,-2868,0
16200,4452,4348,26012,3384,-664,0
16372,-6996,5036,13560,4928,16264,0
15852,-1628,3592,16860,3080,11000,0
16388,-1596,4728,8596,-348,12800,0
16532,-1144,5332,9548,1628,11316,0
15964,-688,4984,14440,-536,11712,0
16380,-1336,3568,17996,900,8140,0
16116,-1816,2508,14164,3332,3052,0
16404,-1952,2548,11956,2268,1296,0
20080,-4148,2568,32767,3760,3684,0
20724,2308,-2004,11404,-252,13364,0
23784,-28,176,21252,-2872,5304,0
18036,-4072,18904,17124,8720,3624,0
11400,3852,13656,16544,2036,2208,0
5636,-2096,15732,16848,4136,2456,0
7868,884,9384,16388,3736,1480,0
9624,3444,13692,15864,3536,3016,0
15660,4656,14232,16732,3604,3976,0
19608,-1724,6784,16976,2780,2416,0
5500,-2612,3376,17400,3072,-564,0
32767,7632,-18756,19268,8472,1992,0
10712,-1060,5160,23348,80,-3480,0
17016,1164,6532,26512,600,-4044,0
15980,-5076,5540,14768,8632,24408,0
16124,1844,252,16968,-800,10132,0
16396,-3620,4428,6472,3944,15076,0
16160,-1004,2964,9756,2384,11984,0
15180,-1952,3016,8232,-40,13508,0
16600,-2124,3360,15316,364,13232,0
15040,-1176,1836,21240,5464,2364,0
17580,-1968,4952,7508,4164,2624,0
16944,-1228,4144,20280,-876,-14148,0
21308,-1956,-1732,8520,24,7172,0
25616,6464,-3796,22508,-4356,6988,0
16932,-4220,30976,16648,10580,3076,0
13352,2748,13796,15556,3416,2204,0
5832,-2748,17316,16064,5292,2396,0
8160,-264,17588,15864,4160,3624,0
6588,-1084,15220,16360,4660,3620,0
10828,2272,17416,18160,3580,2492,0
14928,1784,10288,16416,3196,1804,0
11260,-4036,8388,17392,3384,164,0
11364,-988,3376,16760,4748,-92,0
13048,3124,6220,22748,2708,-3092,0
19272,1168,10132,26892,-6452,-4540,0
13636,-2724,5240,16672,10760,12336,0
15836,-1396,4284,18516,-1048,11476,0
16564,-4688,5800,7616,2612,13624,0
16600,512,4364,11128,2552,14876,0
16112,-2508,3888,8168,2420,13272,0
16384,-1860,3712,16656,-5240,14096,0
15888,-1552,1752,21448,4972,5088,0
16320,-1772,1704,6556,-444,1084,0
18080,-1196,3012,13400,-1284,5908,0
19736,-1936,-3356,14300,12060,8064,0
25176,10312,-6104,22220,1912,11156,0
16884,-6696,8884,16876,-864,5796,0
14352,600,18416,16116,8180,2264,0
10060,-1468,14288,16388,3968,2340,0
5480,2496,16832,17044,4136,2948,0
7040,-420,14776,16344,2404,2588,0
10604,4456,17380,16468,3160,3160,0
15808,-1468,11252,17524,3504,2552,0
12388,-3592,7740,16616,2960,-828,0
11224,1836,4068,13960,6016,448,0
10904,-3316,5444,21788,3580,-1968,0
18732,-612,12608,26700,-3316,-10548,0
14152,652,5976,17228,7548,8364,0
16884,-4720,3528,16720,-32,10788,0
16436,-2984,5960,9912,5260,13232,0
16648,-1668,4668,10136,2312,13912,0
16892,-1020,3080,6288,3784,13412,0
16120,-2968,4004,15644,-2400,14708,0
16640,-748,2168,19640,4220,6492,0
16428,-1848,1716,7064,-2236,1180,0
17612,-1372,2124,14620,656,-1908,0
20728,-3280,-3332,13260,2792,10956,0
27048,8632,-5844,22088,-4248,11336,0
18256,-4376,18092,15196,5620,5176,0
12600,5572,14376,16604,5560,3048,0
7656,-2016,15368,16312,3316,2532,0
7528,1640,18432,15916,3588,1632,0
6556,-336,15932,17768,4896,1996,0
13280,4612,17880,15220,2612,4780,0
16784,-2436,10984,17700,3216,1560,0
6752,-3260,6644,16952,3824,-1120,0
27628,5508,-18444,18432,5548,104,0
8612,2132,5548,25036,316,-3832,0
19908,2176,6092,26344,1408,-4140,0
15364,-5784,5592,13544,4396,26340,0
15624,-3044,3548,17992,864,11900,0
15768,-3392,3872,7436,-524,13668,0
15968,-1936,2700,9544,3772,12976,0
15384,-672,3260,9728,1044,13448,0
16820,-2544,5632,16036,-3116,12840,0
15328,-968,1028,21840,7712,3316,0
16696,-800,3876,7344,1420,72,0
17328,-1840,5124,19436,-2588,292,0
19484,-3424,824,11616,8524,11416,0
22788,6736,-3996,20536,1844,9344,0
16052,-7004,5436,17332,3380,4184,0
15384,-832,14660,16884,6100,1504,0
10728,-2696,15120,16436,5000,812,0
7256,1312,16772,16452,4028,2060,0
7772,-516,15036,15964,4020,1756,0
9112,2784,17032,20376,5768,1320,0
15516,2156,13084,17628,2832,2260,0
16080,-748,7516,16680,3164,524,0
8668,-4164,2980,16608,3524,1320,0
32767,1356,1760,21088,5576,2228,0
12876,-2040,9644,22284,-968,-3120,0
16116,4092,2536,24136,92,-7512,0
17000,-5072,3664,15344,8032,17188,0
15356,-2664,3256,19464,2012,11120,0
16212,-3896,4576,8272,3712,13488,0
15992,-2324,4176,10700,3688,13948,0
15452,-2276,3480,8720,1900,13284,0
16872,-1200,4428,14648,-2648,13068,0
14968,-1388,2156,21836,3132,5068,0
17036,-2916,2908,7852,3836,1148,0
17340,-756,4460,14604,1096,3504,0
19920,-2996,-496,13320,9720,4144,0
21508,5324,-4960,22688,1500,11624,0
20208,-3148,2388,17744,-3296,5616,0
16968,-3296,16792,16348,11028,2048,0
14176,180,12656,16392,3136,1632,0
4696,-536,15536,16568,4368,2240,0
6848,-1808,13740,16504,3948,1804,0
10344,1972,14540,16048,3632,3580,0
14956,3220,13728,17488,3676,2748,0
17996,-1148,6904,17088,2756,2276,0
7920,-5040,2488,16980,4536,904,0
32767,4788,-4068,20284,7048,2504,0
14192,-524,8480,21952,-260,-988,0
17780,4532,2500,24032,-2168,-8824,0
16708,-6972,3756,15940,4928,12056,0
14992,-2480,2672,17748,908,11580,0
15468,-5008,3860,7740,488,13388,0
16204,-1172,4656,10076,2572,14816,0
16364,-1612,4220,8416,1916,13200,0
15912,-1884,5188,15096,-3264,12852,0
16032,-1072,4584,22120,4004,5616,0
15744,-1600,740,6364,1712,-1440,0
17372,-848,3456,14336,352,1252,0
19144,-2616,1828,17108,6504,4072,0
18152,1408,-672,17864,2648,12616,0
21236,4996,-3092,17632,-3540,4248,0
15280,-4496,6472,16436,7896,1912,0
15536,108,13736,16280,2448,816,0
9396,-2196,14560,16628,5160,1724,0
8088,312,13704,17060,3044,3324,0
8216,728,13944,16144,3280,3344,0
11764,3684,14220,16668,3452,2996,0
16604,2680,12152,17092,3652,1228,0
17136,-3224,5296,16828,3848,1796,0
9836,-3432,332,16760,3896,2412,0
27168,3896,-8272,17508,6292,4400,0
11848,1900,2244,18852,1228,3356,0
17664,-1092,5376,18700,560,-48,0
16716,-280,4252,18812,-100,-2868,0
15448,-920,2320,18240,4604,1732,0
15976,-4256,3056,15976,4680,10616,0
16100,-3780,4380,14392,5828,11952,0
16300,-2408,4632,11092,1912,14512,0
15688,-2364,4152,9032,3564,12700,0
15584,-1308,3308,13688,-1224,11628,0
16476,-2108,4608,16956,980,8988,0
15652,-1560,1684,17640,976,6492,0
16160,-1944,2548,11636,2896,584,0
17344,-1856,3196,14524,1832,276,0
19200,-2288,912,16012,2936,5208,0
18596,2084,-348,17976,2280,8744,0
19036,1736,-2472,16832,1116,3248,0
16620,-3812,5436,16200,5372,-364,0
16708,-2200,14088,16256,4332,416,0
12744,-3748,12576,16708,5048,1240,0
10224,-60,14492,16452,3160,3136,0
7480,-160,13028,16352,3260,3052,0
11440,972,13304,16732,3680,3088,0
15632,1320,12292,16628,3104,3424,0
16384,-1624,6680,16312,3740,3028,0
10060,-3328,2184,16324,3600,1348,0
15092,-308,1100,17252,3544,2384,0
14308,4036,4384,19936,3360,1996,0
18608,884,10120,21856,-1380,-3128,0
15112,2488,4684,22840,3964,-2232,0
17252,-5796,3160,16704,6464,30284,0
15964,-1984,3872,17220,2148,11020,0
16224,-2064,4776,7960,12,12924,0
16052,-1848,4932,8792,1712,12992,0
15692,-1504,4252,11576,1588,12120,0
16348,-3124,3280,17952,-1636,9960,0
15372,360,1032,15556,4496,5652,0
15896,-2952,2052,14104,3020,-1132,0
20188,2848,-1236,14716,1164,11492,0
20732,2312,-264,21192,236,11760,0
20432,852,-1164,16552,5188,3808,0
13940,1720,17172,15712,3488,1188,0
14936,136,11776,15752,5028,1148,0
8716,816,13408,16824,3200,3032,0
11136,1328,13608,16992,3028,4444,0
11956,1140,11948,16820,3096,3904,0
14980,4400,12800,17028,3588,4076,0
15932,0,8748,15992,2560,3572,0
11552,-3776,4852,16856,2820,1364,0
14240,3408,4992,16768,4244,900,0
16188,2188,8792,19772,1548,980,0
19128,664,8348,19336,840,-604,0
16040,-132,2956,20100,-1588,-3876,0
16020,-2856,1736,18652,2344,22896,0
16244,-2768,2684,17144,5328,11224,0
16420,-1876,5100,9344,1132,12148,0
16208,-1600,5628,10976,416,11660,0
15732,-1048,3256,10900,676,11044,0
15408,-2436,2608,15356,-2024,11488,0
15948,-680,3568,18396,-2172,9504,0
16776,-1840,1372,13448,3776,6096,0
19308,-548,348,20900,-1260,4640,0
23048,2920,888,28712,-1184,7880,0
21256,452,2416,14212,5488,5404,0
9504,-9856,18984,15052,4868,3428,0
13036,468,12888,16664,5048,4000,0
9168,-1456,13792,16500,3704,6760,0
9420,-5828,14456,16888,1936,4952,0
11688,-4488,14188,15996,4496,3956,0
13808,-2512,15648,15968,3836,4032,0
15176,-3508,14900,16188,3692,3228,0
9164,5876,15720,16188,3464,5312,0
9300,-9964,12784,16620,1644,5720,0
10468,5164,6996,16972,-1180,8204,0
20532,764,6416,19240,-1980,5880,0
13792,600,7580,17540,-3508,4960,0
16316,-1068,6652,15572,-1824,6704,0
15464,2028,6340,13648,-116,7736,0
15732,-408,5092,14584,7528,5544,0
16132,232,4044,15636,2596,4272,0
15924,-1060,2944,16660,5172,1000,0
15836,-164,3332,18356,5940,-3140,0
16140,-732,4248,16852,3328,-1188,0
15740,-476,4420,16108,-1832,260,0
16056,-344,4524,16524,4660,1212,0
16176,-1740,4832,16460,2816,3120,0
15824,-32,3828,17164,3248,2768,0
16000,-364,3916,16712,2492,1964,0
16116,-60,4492,16488,2172,2036,0
16144,1000,4524,16752,2872,2740,0
17444,0,2320,17028,1160,3168,0
17544,-48,208,16596,2900,3752,0
20192,-3744,3608,16736,2960,3120,0
16168,512,18880,16540,4064,2304,0
12960,-2620,10440,16656,4260,4136,0
10728,-3536,11900,16364,3728,3308,0
11836,4876,10356,16532,3116,4212,0
15508,-2204,10400,16616,2980,4332,0
15520,-3672,6880,16388,3368,4056,0
13136,5624,7008,16200,3444,2496,0
13224,-708,4188,15928,4032,-152,0
21912,3728,7672,17048,2868,1232,0
17948,4580,7892,20024,-152,2920,0
16240,-416,4296,17588,-468,2180,0
16256,-1988,3580,17752,-2352,1620,0
15868,340,2240,19728,-3084,4216,0
16156,-936,2992,16904,-1200,16072,0
16208,-684,3692,10536,4544,12916,0
16344,-1276,5684,11620,76,10476,0
16256,-1464,4840,12300,-448,10184,0
16120,-872,3884,12704,228,8624,0
16280,-1604,3180,16500,-432,7484,0
15912,-524,3088,19156,3476,4328,0
16040,-1424,3144,15720,972,1280,0
15784,-1336,3592,13108,-1892,-364,0
15596,-3276,1932,18708,-900,-4960,0
15592,-2516,2376,14256,884,-8,0
18912,2092,4624,16656,6268,4416,0
19360,2752,1608,18032,-596,3684,0
19364,1184,-600,17548,4020,2896,0
16384,-2068,5884,16908,3036,1836,0
9888,-812,13152,17092,3896,1900,0
10676,-940,11472,16904,4144,696,0
11588,1300,11576,16164,4032,-80,0
13708,2640,10372,16768,3688,1608,0
15340,80,8548,16356,3316,1968,0
17296,2368,6876,16696,2740,2388,0
16768,1284,3172,16052,3228,2916,0
14464,-284,532,16884,3296,2896,0
13944,1872,-1284,16580,3820,2692,0
14276,-680,1852,16924,4100,3480,0
17576,288,912,17136,3008,3124,0
16452,424,-1792,17692,2624,1932,0
16832,-1848,5380,17628,1800,236,0
16656,-868,4408,18188,1780,-956,0
16400,-260,4116,20000,868,-7468,0
15972,-2612,3244,18196,5384,7372,0
16216,-3324,3812,16740,3044,12244,0
16212,-2836,4128,9780,468,12052,0
16288,-2340,4932,11084,1380,12540,0
15852,-1808,4220,10736,616,10780,0
14856,-2868,3980,14452,-2388,10432,0
15976,-1516,1756,17208,40,8428,0
16048,-920,-260,18504,5576,3548,0
15752,-264,-1112,9496,828,-1940,0
16240,156,-2100,13616,2892,24,0
22140,-808,-2192,16372,7892,5432,0
25196,2852,-7804,17416,-2504,10680,0
17880,-7552,28476,15620,5900,4312,0
10644,2492,12544,16868,6540,2472,0
6244,-2140,15632,16624,3700,2808,0
11372,-4400,12952,17884,5008,2444,0
12064,-704,12792,15856,2776,1972,0
14740,1048,12668,17588,6692,132,0
15344,2940,10552,16576,3212,1632,0
13568,-2520,7184,16760,3600,2984,0
12336,-2200,3112,16828,2496,2648,0
17652,1156,-548,18252,6808,2200,0
16364,-1472,11308,21700,-440,-1732,0
16616,3620,9796,25880,-5516,-1184,0
15128,-1364,3212,18280,4736,13184,0
17036,-4200,2848,13072,5384,11988,0
16248,-584,3544,5204,752,12740,0
16168,-916,2636,8532,1600,12708,0
16144,-1376,3188,9432,2768,11292,0
15800,-2264,2836,16592,-3288,11364,0
15996,-3032,2644,20032,1548,6808,0
15792,240,3040,15436,4092,1156,0
17072,-1744,4060,11448,2980,-4108,0
16784,-376,2508,14388,3520,2992,0
19800,-4472,-456,32767,8856,6304,0
20496,3512,-2248,12656,-3196,9604,0
24332,452,-2860,20408,1840,4620,0
17284,-2408,22028,16756,6892,1116,0
13500,2640,11664,16088,4216,764,0
7864,-1684,14172,16908,3548,2772,0
10500,1544,12604,16744,3484,3304,0
9480,2220,13036,15924,3300,3260,0
15036,2696,12932,17108,4336,3988,0
17916,-820,8100,16676,2808,2516,0
9484,-2072,3892,18412,3976,252,0
11028,2984,7048,16640,2940,-2012,0
23240,-1420,4944,21756,2152,-4884,0
16772,-1916,13824,28568,-5456,-8844,0
15768,5168,3128,17564,7520,8140,0
17480,-6872,3468,15948,3100,11788,0
15900,-3628,1608,7568,2020,13808,0
15260,-2296,68,7000,144,14584,0
15416,-1728,1704,6476,988,12756,0
16164,-952,5660,16024,-1900,12868,0
15368,-2092,2664,20248,4680,5964,0
16020,-1272,3232,12648,332,-204,0
17892,-600,5536,12556,2708,724,0
17328,-3188,4644,21592,2812,-7128,0
20660,-1928,-696,10392,-1092,2852,0
23724,6968,-3752,18336,-2196,6084,0
17044,-5072,8272,16340,6936,4112,0
13928,1744,14936,16292,3476,536,0
11532,-2236,13112,16256,4244,1276,0
9028,2204,15100,17020,4864,188,0
6680,300,15020,16368,3624,984,0
11424,4924,15728,16688,3020,3544,0
14960,148,12824,17336,2460,4372,0
15312,-4016,6272,16360,3376,324,0
11428,2220,4264,18540,5524,-1120,0
20620,-1940,8140,22628,1936,-3408,0
18448,2620,13376,26592,-4300,-12764,0
14412,1220,3996,17904,5940,11472,0
16336,-4756,3716,16748,1508,11176,0
16640,-4056,4128,8124,4296,13420,0
16480,-2156,3988,8408,2048,14196,0
15716,-2092,2236,8072,1740,12712,0
16228,-1916,4828,14948,-1740,15356,0
16292,-1424,2312,20220,2716,6888,0
16844,-2520,1188,10544,1424,1276,0
17148,-528,2752,12660,-1516,4712,0
21152,-3200,-1796,32767,17968,-1420,0
24168,7356,-7528,21092,-3240,12912,0
16908,-10716,6080,15664,-3320,6252,0
17220,136,16808,16360,11912,1712,0
11388,-1952,15404,16472,2060,740,0
8100,-160,15740,16952,5244,2612,0
8068,-888,15576,15660,2064,2608,0
10548,2976,17920,16336,3752,3736,0
12436,-272,13788,16128,2712,2292,0
14776,-6072,8104,16280,4084,620,0
8664,3656,6048,17192,4672,24,0
14480,-3124,5276,22316,3976,-3388,0
19900,-6720,13100,28924,-8264,-8300,0
12380,6336,3016,17584,6020,8788,0
17428,-6712,3192,15140,2084,12764,0
16728,-480,4748,8352,3480,13508,0
16904,-2440,3624,6624,-80,15748,0
15388,-1892,1316,7176,1200,12012,0
16188,-1540,2656,15268,-3120,14260,0
15776,-1256,1732,20736,4304,7292,0
16204,-2016,1892,8644,3876,40,0
17084,-312,3512,13296,2440,3260,0
18328,-4856,2180,32767,2896,-26536,0
22516,3072,-4372,9020,-11892,12348,0
23952,1416,544,18396,580,2560,0
17616,-5512,25136,15876,8228,2260,0
13028,3368,12708,15948,4748,772,0
7744,-2204,15048,16140,4044,3704,0
8452,1112,14204,16616,3276,2188,0
8256,756,12992,16196,3592,2696,0
15404,2772,14908,16372,3320,2096,0
18576,-3400,5252,15796,4456,264,0
7184,-1188,2392,18236,3156,1908,0
32288,7500,-12772,17824,6616,-844,0
7620,5744,10316,22220,588,-4244,0
22852,1928,9768,26164,208,-9100,0
14100,-2228,4768,25628,7368,25760,0
16208,-4368,2620,18668,212,11200,0
16068,-1820,4024,6992,220,14484,0
15980,-2676,3664,9988,772,12552,0
15644,-868,4116,9984,1344,10960,0
16648,-1988,4112,18696,-5076,11748,0
15948,-824,-620,19196,5924,5936,0
16040,348,588,7396,1640,-48,0
20588,-5532,-1672,32640,-1932,-1512,0
20044,1464,-4108,12812,-5060,13088,0
24784,4796,-6068,22660,-3732,7612,0
20848,-2788,21076,16064,7932,3788,0
12316,3604,12760,17484,3356,2164,0
6796,-1868,14476,16348,3012,3376,0
7580,3944,15184,16252,3180,2672,0
8332,3208,13764,16204,2872,2816,0
16024,4168,14964,17168,3668,1828,0
18712,-3188,8392,16020,3360,-436,0
5928,-3228,4048,17068,2504,-24,0
27380,7756,-14532,20216,4988,804,0
7900,8148,3884,21988,2860,-4772,0
20860,-4720,9944,22376,-4824,-10684,0
13828,-1288,4012,18240,8120,8312,0
16100,-6652,2620,19552,1032,9244,0
16084,-1032,4732,10664,4432,14028,0
16544,-3400,5332,9644,-984,15244,0
16200,112,5412,7004,-544,11012,0
16640,-2936,4088,17124,-3164,16756,0
15676,-2192,-1312,17816,2708,10280,0
16312,-2336,1520,12816,2704,4832,0
18680,-1648,1796,11604,-144,4564,0
18700,-2480,192,32767,3828,2272,0
17844,-736,-4892,15272,-2764,12584,0
24832,7892,-2852,17784,-888,3680,0
21264,-4964,22112,16996,2228,2584,0
13908,904,14692,16980,5496,1268,0
10160,-2764,13744,16636,4040,1688,0
5104,1300,10592,16268,3872,312,0
9376,-508,14316,17392,4036,1092,0
12392,1768,16132,19644,3436,632,0
15728,780,10616,16864,3340,2140,0
15196,-3084,7212,16976,2492,-388,0
8336,-988,4356,18912,5020,1240,0
32156,5736,-1184,21244,3164,-2616,0
15796,-6464,14340,25264,-4116,-12616,0
13876,10144,3112,19728,6524,1996,0
17716,-8428,5340,19040,3136,13628,0
16080,-2456,4808,13736,3904,12192,0
16664,-4604,3608,9804,-1348,14376,0
19524,-8864,1144,7024,2796,12016,0
16372,-2484,4376,11560,476,14832,0
17428,-1032,2156,18372,3028,12000,0
15600,-1464,-500,14388,1932,4520,0
17340,-1644,-828,9576,1496,3584,0
20288,-1736,-3972,17292,7420,2192,0
24048,8648,-7440,19660,3096,13660,0
17640,-7772,4924,14692,-5644,5492,0
18080,-516,17504,17060,10804,2452,0
11060,-912,14168,16592,1760,1396,0
7724,916,16068,17756,4940,3380,0
7952,-820,13612,18540,2852,-216,0
12624,936,16048,16904,4232,3064,0
14084,1004,12456,16128,3480,1508,0
14592,-3000,7752,16736,3516,-228,0
11300,-1080,4204,17268,3280,340,0
26716,-684,2240,21856,5260,-3408,0
13712,932,13616,26540,-8520,-18060,0
15100,6088,4064,19880,9324,8752,0
18744,-10924,5852,16816,-48,12744,0
15360,-644,3900,11016,2628,12856,0
16620,-5032,3068,9172,-316,14896,0
11360,-548,3960,6544,1124,9304,0
15748,-1688,3616,13364,-680,16084,0
17068,-1632,1644,19840,1716,8060,0
16184,-1184,-216,6216,2264,-796,0
17852,-1352,-992,12776,-2248,8408,0
22076,-2140,-4484,6340,12432,12336,0
28876,6272,-7480,27276,1648,15752,0
20228,-5620,26480,16436,948,7108,0
11632,5412,11020,16560,7480,3204,0
5860,-3252,14788,16160,3548,1632,0
9536,644,11328,15400,3076,352,0
6960,1780,15060,11636,2368,892,0
16884,2880,15976,17308,3852,5212,0
19428,-2036,9324,17208,3084,-504,0
6708,-7856,4416,18496,2992,-1904,0
32767,7680,2364,20592,8240,-4496,0
13744,-1928,11752,26360,-5904,-9516,0
16364,10700,4668,19984,7128,828,0
17736,-10680,6636,20996,4880,15464,0
16152,-3560,4480,10612,536,13028,0
15092,-3684,3756,5888,-72,14488,0
15248,-3272,2036,5856,1588,10248,0
16456,-1232,2692,10876,-888,15976,0
16740,-1592,2632,18276,4100,12172,0
15096,-540,-28,13660,2756,2636,0
16664,-1344,920,9872,-88,5244,0
20528,-2364,-4228,16256,11344,-2956,0
26704,12100,-9188,17656,5976,14076,0
18236,-7476,8316,16520,-5940,7144,0
14940,980,15756,17052,10932,3292,0
11016,-3084,13628,17112,-288,1952,0
9364,-2944,16424,16200,5028,992,0
7708,-1868,15468,20084,4964,-2728,0
12164,1136,17224,17752,4392,3664,0
12980,-804,12216,17484,3068,1924,0
12672,-1564,9820,16828,3440,-36,0
8728,-2772,4756,16752,3876,-56,0
13336,3164,5868,23376,3356,-4700,0
17904,-2096,10384,27436,-7160,-13220,0
13096,2356,4736,17324,9216,17420,0
16460,-5308,4400,16520,-2736,11172,0
14916,-944,4776,6932,3476,14128,0
16984,-1572,3376,10136,-356,15296,0
14400,-616,4408,6108,1264,12924,0
17128,-3004,4368,16184,-1688,11212,0
15260,-944,-460,22704,6924,5496,0
17196,-1396,-212,3588,4312,700,0
18712,-4412,1088,32767,-13792,-24232,0
21828,1940,-5576,10588,-920,14352,0
24928,3124,-3388,20096,-3668,5888,0
18340,-7656,19996,16108,6908,3180,0
14072,1756,13336,17768,3272,2284,0
6196,-3508,17668,16160,4416,3224,0
7596,-2292,13428,16592,3760,-480,0
8248,8,14504,15752,5828,864,0
13456,3804,17132,16808,2532,2532,0
18804,864,8272,17244,3224,272,0
4196,-6588,832,21600,4676,-380,0
32767,10888,-27916,17960,7492,84,0
4496,4380,4032,21856,-2140,-9848,0
20764,5620,4828,23176,9828,-4204,0
16776,-5632,7192,18412,9072,19496,0
14604,-7888,6208,20108,1984,12580,0
16248,-2980,4384,7260,776,14848,0
13932,3252,-5868,5780,2152,14260,0
15412,-2836,3548,9420,6080,13104,0
16604,-1640,4076,19732,-2028,14056,0
14232,-1688,1184,22324,3540,16280,0
18468,-2156,3528,6228,4340,1536,0
17200,-3664,3108,32767,-4804,-31440,0
19728,-1536,-5520,7612,-5496,5908,0
25140,10628,-6244,18344,-7188,5872,0
18784,-3112,15804,16444,7896,4760,0
15896,4616,15300,16348,2652,2436,0
9620,-2772,13996,16784,4796,3624,0
7636,1260,16164,15660,3784,2788,0
7068,-960,14212,14416,3824,3276,0
13984,3792,15692,16688,4464,2256,0
19384,-1756,8708,15432,3504,4,0
7972,-5772,5716,18304,4336,400,0
21856,7196,-7472,18708,4920,256,0
14520,4872,8348,22288,3092,-3616,0
20960,32,11480,27460,-6820,-9504,0
13860,-1060,4992,16936,6224,9088,0
15840,-2876,2632,17248,2328,11480,0
16604,-3024,4616,8356,3216,13952,0
16216,-1956,3292,7184,-300,15600,0
16024,-916,3464,6836,976,12388,0
15904,-1944,3980,13480,-1280,14448,0
16700,-1404,2652,22160,448,7976,0
14852,-1276,4,5348,6264,-888,0
18688,-1924,1372,18088,3108,-6372,0
18476,-3216,-2548,6448,-188,10096,0
24056,7432,-5572,20732,3224,11880,0
18128,-5896,4992,16676,-484,4960,0
16436,-4668,17140,17176,7528,1620,0
12640,-2256,14008,16116,4940,1856,0
7884,-2552,15168,16464,5424,660,0
7900,-28,13856,15992,3948,292,0
10828,1508,15536,20048,6352,4528,0
14908,2196,12812,18688,3400,2992,0
16180,1732,8292,18124,3896,48,0
9208,-6868,308,17948,5292,912,0
32767,7600,-8120,19776,6788,372,0
12656,-5496,11264,25924,-4420,-7404,0
17572,11048,4108,20580,10724,-1144,0
17460,-10064,7456,16520,4232,15512,0
15612,-3600,4488,13344,2472,13276,0
16548,-3932,3396,11156,-2924,12648,0
15720,-1640,2200,7628,1812,13200,0
15644,-1772,3456,12836,3828,12332,0
15932,-2084,-616,20508,-1864,8028,0
16836,-1792,3744,5988,496,1100,0
20356,-1420,2684,31628,-13868,-4656,0
21508,2252,-144,10760,-1056,12624,0
23924,4520,-1384,19680,1076,5360,0
16884,384,17304,16984,4976,2736,0
13884,-56,12936,17208,2628,1904,0
7504,-3488,14480,17164,2508,2008,0
6800,1848,14860,16180,4856,1428,0
8204,2212,14084,16136,2212,2136,0
13796,2676,14896,15556,2712,4844,0
17512,464,9032,17048,1920,3512,0
8396,-4000,4800,17696,3604,732,0
18108,5176,-3760,18000,3704,528,0
6648,-1736,7896,22812,140,-2896,0
21644,1356,11552,29228,-24,-7848,0
14896,-3008,6492,14864,11760,32767,0
16436,-4840,4340,16832,2752,13692,0
17172,-4072,4416,3412,3400,14208,0
15916,-916,4124,9032,3740,11224,0
15764,-2612,4720,9684,1320,15172,0
16576,-3144,1992,15388,-1084,14328,0
14828,-2844,-564,17256,2612,7652,0
15108,-1940,3652,13832,1696,8392,0
18360,-3460,5700,32767,-3380,-5908,0
18680,-168,3896,14972,-940,7968,0
17036,436,2088,17060,2688,4516,0
15716,3576,1592,16664,5312,1928,0
18688,3472,6356,16168,1884,-820,0
13576,-4196,20136,16508,4976,-320,0
14372,-2388,11996,16696,4968,2756,0
10496,2524,12504,17016,2072,5460,0
11748,-1124,11964,17024,2536,4380,0
13692,1744,11408,16576,2932,3544,0
15136,1124,9496,16716,2644,3012,0
15112,304,8200,16432,3444,1660,0
12212,-964,6424,16312,3316,132,0
13492,4008,5548,16720,2852,1032,0
14724,564,4548,18664,-1960,1712,0
17224,-1112,8152,18372,2204,-1720,0
16612,-260,8256,19916,136,-200,0
15772,-1032,5324,22084,-852,2212,0
15836,-2816,4352,13008,864,13836,0
16448,-2112,5392,13184,8360,10748,0
15728,-1776,5696,11056,-2376,11864,0
15628,-1692,4948,9872,-92,10984,0
15624,-2072,4208,17816,1640,10528,0
15784,-1520,2492,13468,-8180,10236,0
16688,-1108,412,23760,-132,-2604,0
21300,580,6084,29020,8748,12000,0
20384,3496,284,12684,4668,9628,0
20308,-4028,7108,17092,5248,1756,0
14308,-5196,11612,16252,5040,1512,0
9084,-2068,14304,16120,5556,4300,0
8864,-3184,14636,16720,3976,4780,0
9360,-4780,13064,16612,3192,3276,0
10240,-3152,13208,16508,3400,2956,0
14528,1260,14008,16388,4304,1776,0
16280,-4652,9512,16624,3456,1416,0
15212,4048,10008,16520,5200,584,0
11760,5084,7560,16300,3556,1288,0
22600,1628,5128,16136,876,2368,0
15632,7400,8188,16100,-2456,2860,0
16064,872,4472,17264,-432,3784,0
16644,-2872,4344,18572,-3120,3200,0
16168,1736,7080,18544,-4580,5508,0
15800,-780,6256,17168,-3000,7008,0
16300,-736,5184,15476,-2172,7924,0
15952,492,5320,13912,-1436,7268,0
16216,-904,5588,13976,248,5964,0
15896,-216,4224,14064,496,5936,0
15904,-988,4076,16824,3428,4216,0
15844,-672,3984,18468,304,-1576,0
15484,-1760,4256,20384,17140,-940,0
15528,1780,4964,15620,-8600,2356,0
15824,-776,2964,17416,4980,3792,0
15164,568,-272,17124,3892,4548,0
19340,4032,380,16280,4896,1900,0
20316,-3784,1284,16508,3324,3356,0
17652,-3544,10680,15976,5172,2576,0
12492,-6020,11636,16404,3764,3896,0
11328,-7808,13644,16204,4864,3372,0
12644,184,11580,16636,3868,3728,0
15688,-3544,10620,16276,4668,3880,0
14840,-10172,11260,16468,4492,4776,0
16048,812,11436,16756,3384,4548,0
14800,2188,10220,16648,3524,3172,0
12064,0,8632,18104,2796,3852,0
10328,-4556,5240,16252,2620,-88,0
32767,-1304,-1344,20008,6932,1292,0
6084,656,8516,21644,-1584,-2392,0
20176,2236,5504,23500,-140,276,0
16660,-6724,1848,16716,4080,21656,0
14796,528,3060,15064,2468,11964,0
16648,-2404,4156,8988,2380,11544,0
16156,-1724,4680,10732,-496,13068,0
15796,-268,4976,9352,2512,11032,0
16272,-2772,3216,16724,-1936,12004,0
16060,-1308,1472,20000,-48,7184,0
16092,200,-316,10584,2384,328,0
16356,-1028,-592,11908,360,1500,0
18780,-3732,-1716,32767,9528,1908,0
20680,4404,-3540,12560,-1284,15996,0
25156,-9728,-3332,19288,-2436,5536,0
17340,-3632,17648,16512,11032,2904,0
16132,-408,12824,16808,1876,2088,0
7760,-272,13856,14816,5472,2040,0
7832,-1276,10536,15824,4212,132,0
11044,-1288,13332,16380,4700,2704,0
15012,4448,15464,16960,4604,3904,0
16680,-3720,6784,17192,3060,424,0
9804,-3624,2648,17808,5460,-112,0
32212,9260,-14656,18080,7820,-204,0
8856,6868,7684,25720,-3028,-3736,0
20224,5100,6408,24096,5836,1816,0
16756,-8760,6392,19004,4276,12528,0
16016,-948,3572,14892,2600,12336,0
16248,-2156,4896,5884,264,13588,0
16384,-2168,3888,14704,2532,9560,0
14948,-2020,4092,10536,-1084,14648,0
16576,-2076,2840,18712,-1148,9552,0
14824,-1316,-1348,13748,6828,1336,0
18160,-1356,1992,10600,1004,3400,0
19264,-4524,552,32767,9888,2068,0
22244,4292,-4672,14704,1292,16168,0
22168,-1000,72,18368,-6728,3640,0
16556,-4608,18216,16432,12024,3332,0
15492,1916,13224,16696,1148,856,0
7440,-2972,13836,14980,4468,3200,0
8876,-2168,12640,16664,3456,1732,0
10176,2560,14876,15608,3620,2412,0
11468,3148,14424,14192,2492,2476,0
12108,-4564,12004,17016,2796,-1268,0
25132,7456,-3804,22184,5252,-1576,0
10216,-4628,10120,23672,-1952,-3644,0
17904,5644,7360,27132,1284,-2392,0
16756,-8112,4512,15596,8896,29584,0
15476,264,4344,17076,1456,11072,0
16460,-4792,3828,5488,1964,14144,0
14048,-624,856,12196,1488,12568,0
16120,-2364,5512,9832,452,12888,0
17320,-2008,4588,15984,1148,11128,0
16292,-1832,-728,19968,4752,6200,0
17068,-1916,-1408,8720,3352,-84,0
19116,-3312,-452,32767,5852,-2124,0
20380,784,-4380,14032,1296,14888,0
24892,3752,-5928,22096,-3308,5696,0
20404,-4140,23308,16472,9556,3612,0
12484,5568,12720,16872,1152,2900,0
7808,-2940,14056,16728,3760,2416,0
8984,2440,15692,16464,3380,2884,0
6476,-104,14884,16032,3916,3868,0
14616,4912,13664,17704,3640,3456,0
18584,-4028,7600,16796,2336,-1252,0
7240,-2128,5260,17700,4380,-976,0
30796,8080,-16344,18888,6784,1352,0
10836,212,6720,22200,3208,-4244,0
18852,660,9140,29208,-2440,-5628,0
15192,-2464,3968,15952,6156,15728,0
16492,-2784,1984,17344,64,12112,0
16824,-5096,3004,4380,1228,15208,0
15492,-1884,1560,7464,-576,16324,0
15600,-2148,3652,7356,-400,12688,0
16116,-1688,4328,18092,-2172,13428,0
15580,-1624,2660,23524,4528,3996,0
16708,-2080,4056,3580,1964,-4040,0
18248,72,3304,15060,2608,3988,0
21476,-3452,-2844,6440,9964,9476,0
23316,5152,-4808,25052,2292,13592,0
19868,-6132,4940,16800,1256,6264,0
16792,-1776,15124,16948,6900,2352,0
9936,-2012,13664,16128,2688,1900,0
7288,-772,14908,16096,4316,1236,0
7604,-756,13144,15892,2976,-1048,0
12760,1836,15692,14168,4104,5364,0
15948,2536,12480,17128,3360,3500,0
17128,-1904,7460,16680,2236,-396,0
7940,-3920,4092,18556,4884,-704,0
29864,13680,-1228,22360,3144,-2988,0
14968,-7064,15160,26236,-5720,-9480,0
13368,8468,4936,19368,7700,4108,0
17060,-5588,5472,17228,2768,15492,0
15364,-3332,5532,11148,3056,12596,0
15908,-4684,4632,9796,2004,14920,0
16124,-1648,520,6156,1724,13524,0
15704,-2512,3256,11340,68,14664,0
15980,-1368,976,20692,1856,9952,0
16472,-1860,-1276,12064,-2068,4144,0
16920,-2060,-52,24292,3128,-6588,0
20764,-2776,-4552,6492,4800,9372,0
26464,7040,-5920,25872,-1764,12252,0
20340,-3868,20648,16484,7636,4352,0
13772,4432,13380,16568,2880,2460,0
8500,-3200,14992,18316,6912,172,0
8164,-640,15668,15408,1968,1808,0
5748,800,15468,17060,4192,132,0
14088,2492,17808,17844,3468,2808,0
19088,-2268,8492,16528,1676,1340,0
8688,-6416,3948,16460,3376,-56,0
15468,6808,2924,18892,4344,600,0
5392,400,5816,21648,2952,-3524,0
21232,-6308,12324,23532,-4380,-15756,0
13876,3036,5660,19896,9732,7904,0
17536,-7228,3960,18792,1752,11900,0
17916,-3076,2932,7676,4372,15116,0
16212,-4708,3592,8476,-56,15988,0
14920,-1948,1796,4312,788,11872,0
16440,-1056,2760,12708,-956,15896,0
16928,-1148,2148,18776,4652,9644,0
16264,-1128,-844,8948,-3732,-884,0
15092,-668,372,13756,-2816,2440,0
20704,-4400,-3732,7408,10520,10488,0
27160,10540,-5772,23392,2176,13676,0
17156,-8780,9664,16304,472,5840,0
15212,132,17372,16292,6816,2228,0
10648,-4316,12688,16684,3272,3472,0
4724,320,14052,16284,4092,-1020,0
6904,452,14984,10420,2788,272,0
11576,1668,17828,17668,3776,4040,0
16516,-1708,12472,15892,2184,2688,0
11764,-5232,8076,16480,2096,-1436,0
10560,-68,5396,18880,4576,-1908,0
9952,1592,5580,21560,3392,-4392,0
21036,-6904,13324,25748,-5612,-15092,0
12380,4132,4428,19940,10520,11112,0
16956,-6988,4620,17576,2816,13200,0
17840,-2100,4972,11356,5656,13132,0
17948,-4508,3124,8056,-664,16396,0
14492,-536,1676,5972,4100,12788,0
16992,-3564,2804,13084,-360,14796,0
16876,-1872,688,21020,6428,9168,0
16396,-852,-1456,7008,-700,-432,0
17604,-656,-604,21756,-308,-19792,0
19692,-4124,-5136,8112,-3948,9844,0
26400,9632,-7716,20452,-200,11852,0
18964,-6604,8964,15188,1332,5524,0
15068,2844,17168,16300,6232,3676,0
11464,-1692,13836,16460,2052,2596,0
9384,-1460,12812,17788,4772,-3496,0
5092,-240,12924,17508,4484,-452,0
12944,3104,16700,17436,3108,2404,0
15960,-4796,10712,17040,2588,-456,0
8464,-3708,7504,15980,4148,-1560,0
16036,2620,-2756,17552,4268,-112,0
7924,-536,7624,23076,4532,-4472,0
20096,-1220,13140,26676,-6140,-11584,0
13356,1172,5324,18188,6600,11876,0
16388,-5328,2148,16288,912,10924,0
16688,-2688,4692,8120,2960,13960,0
16052,-2844,3396,7416,-1304,15288,0
16184,-3216,4236,5716,576,12000,0
17016,-704,3440,14804,-1084,13740,0
14360,-828,-2928,24196,2008,5756,0
17044,284,-116,2512,4904,-5464,0
18464,-3724,1172,15112,348,5436,0
18468,-1580,-3552,12040,7424,8424,0
18388,3396,-8952,25100,3844,13560,0
19140,-3860,-3788,18024,-1748,4064,0
24064,-6236,12852,16028,8888,1088,0
13856,1680,13524,16180,4692,704,0
8488,-1576,15932,16516,5064,852,0
5716,2092,15508,16928,3676,740,0
8312,1436,14360,18520,3992,2048,0
16056,2096,13912,13872,3944,1992,0
18708,-2360,7032,15876,4272,-3196,0
5936,-1060,2272,18664,4064,-2668,0
32767,4844,-26492,18856,7372,-1188,0
6072,7056,7316,25096,-4044,-11208,0
18728,6092,5648,22124,8760,-780,0
16464,-6472,6936,20088,6932,16968,0
16392,-5164,3840,15752,2948,11804,0
16564,-3036,3940,9084,-992,13752,0
15720,-2328,1660,5016,2296,11056,0
15368,-1872,1336,10212,1196,14120,0
17216,-2076,-248,18268,-2764,11560,0
14876,-4384,-2844,18260,6864,5856,0
17148,-504,28,9252,3392,2468,0
19640,-4372,-2980,32767,4516,-688,0
20828,2024,-9160,14092,1740,17428,0
22100,5452,-5892,20328,-5328,4568,0
22120,-6972,15552,16412,9416,2188,0
15008,1232,11272,16420,2376,812,0
6004,-4756,15152,18000,5924,-360,0
6852,-1332,11764,15940,3488,-540,0
7720,-652,15028,13268,4396,4488,0
14188,276,16004,16320,4008,2920,0
17060,624,7636,19328,4248,-20,0
8188,-7196,4340,16848,5088,-1488,0
22356,1836,-16560,17348,2352,-4148,0
3944,8672,5264,23380,372,-8792,0
23052,364,10276,24552,9028,-6852,0
14240,-3168,6664,21452,7864,17020,0
15920,-2908,5148,18532,164,10912,0
16568,-3584,4088,5992,240,14880,0
14872,-3572,1912,9332,-340,11808,0
16488,-2368,3828,11460,3548,12344,0
14388,-2736,-1800,16716,-224,12304,0
13780,-2124,-4524,18072,5004,11112,0
16824,-220,-2024,9732,2212,3552,0
20928,-5928,-3172,32767,3348,6068,0
20888,4324,-7832,14100,-2588,16680,0
23768,4068,-5088,19660,-2920,4136,0
21588,-6840,15872,16564,7740,2632,0
13144,1720,12484,17288,2172,1344,0
5412,-2044,16172,17516,4500,1616,0
5868,836,13148,15628,3112,-344,0
6508,2204,14184,17936,5800,656,0
16332,2908,13724,19056,3844,2372,0
20088,-3428,3640,17744,2076,-1724,0
3592,-4060,-172,17196,6184,-1116,0
32767,4024,1484,18844,4788,-3960,0
13128,-5748,15428,25408,-4428,-10448,0
17704,13316,3328,20700,9376,-1912,0
17824,-11624,6284,21388,6620,15000,0
15332,-2056,4608,14072,792,9592,0
15796,-2892,5948,8032,1884,15192,0
16016,-1608,3708,6712,1924,13420,0
15304,-3080,2432,9800,1624,13224,0
16936,-2464,-2008,19256,-460,11516,0
15136,-2804,-1956,20148,4564,13688,0
16172,-924,-1484,8020,2288,3296,0
21264,-2768,-2452,29304,6332,-2136,0
22596,5952,-6876,15144,412,15380,0
19848,-2684,-296,18300,-3764,5692,0
20568,-7200,17208,16988,10264,3384,0
15004,236,13356,17016,1104,2316,0
6280,468,16168,16060,5444,1216,0
6528,264,14820,15436,3228,764,0
8296,2564,15248,15716,4444,2964,0
14444,2160,12840,16752,3220,2760,0
19284,-2128,7120,17948,3452,-2328,0
7784,176,5160,15012,3332,-676,0
28540,7804,-896,22232,4464,-3076,0
15120,-6356,13344,23212,-3548,-6568,0
15820,10448,2016,23248,516,-4712,0
17600,-10052,4764,20940,5076,23780,0
15200,-480,3580,18504,2400,10824,0
16280,-2976,5168,8212,964,14536,0
16220,-2180,4844,10104,1124,13192,0
15656,-1940,4120,9604,-808,12888,0
15752,-1496,3248,18572,-1376,11960,0
15572,-1912,304,20164,4296,6312,0
18196,-2456,2084,7296,2500,76,0
21752,-4244,376,32767,1728,4732,0
20572,1732,-3472,11156,1228,16024,0
24520,1344,-4940,20932,-3920,6044,0
18524,-2348,22968,17024,9092,3512,0
12852,3972,12220,17296,1432,2420,0
6516,-2964,15840,17072,3256,2908,0
5948,1660,11452,14736,3280,2552,0
9140,2068,12724,15732,3856,1576,0
13792,2696,15540,17472,3484,2724,0
19604,-768,7708,16988,3148,1004,0
5668,-5108,2704,21124,3804,-1248,0
32724,8088,-17188,18696,7932,-1628,0
7836,-3076,7776,23548,-1844,-5276,0
20808,5148,7816,24992,7412,-3664,0
16004,-8872,6488,15572,8112,20200,0
15244,-2176,3956,17648,2048,12084,0
16428,-3944,4232,6224,1288,14660,0
16108,-392,3920,8580,1168,11796,0
15688,-2388,5312,9196,2120,14408,0
17480,-2328,5844,15672,-1836,12280,0
15528,-1628,-1540,22468,6784,4068,0
17336,-1768,-1572,6580,6560,2244,0
20232,-3880,-1208,32767,3096,664,0
19968,2164,-6408,11956,2820,15940,0
23632,2852,-5696,22216,-7012,7176,0
19664,-4628,22228,16720,10668,4620,0
14256,3656,11756,17448,840,1984,0
8224,-3028,14772,16884,5356,1708,0
7144,-1164,11324,15744,3356,284,0
8264,1388,14336,16188,3660,2780,0
14124,4980,15772,17764,4128,4676,0
17320,-860,9552,16960,2288,-180,0
8464,-4276,5568,17916,4948,-892,0
31700,9616,-4992,19860,6740,-1908,0
11160,-4132,8044,23840,-3956,-6224,0
16512,3396,4284,22664,4896,-1392,0
16852,-5488,5308,18068,6896,24824,0
16008,-1724,4040,17632,1708,10784,0
16568,-2156,6296,7732,440,13344,0
16824,-940,6624,9052,3756,13660,0
15984,-1852,4828,9376,624,14052,0
16632,-2972,2396,19056,-2652,11592,0
15144,-1044,-1900,18088,7320,5728,0
16120,-1912,-108,7764,2612,568,0
18076,-3772,2096,32767,-760,-22620,0
20732,1692,-4664,11348,-8444,11788,0
23260,4204,-5680,18580,-1432,8436,0
19348,-5488,29000,15512,9364,2992,0
13560,2488,14224,16964,1588,1464,0
7456,-1924,15200,17260,5116,2904,0
7808,616,13280,17868,3480,3736,0
6160,4,14592,15724,3664,3176,0
12732,2292,15988,16652,4164,3460,0
16304,2564,9896,17080,2480,1780,0
12672,-6352,5604,17456,3296,192,0
17012,2300,-1616,17276,5104,232,0
15092,-2392,6908,21360,2248,-2824,0
17600,3368,10200,25788,-5452,-7412,0
14844,-3812,4916,17536,7252,3544,0
16516,-332,3620,16656,2696,12492,0
16768,-6240,5536,12708,5684,11344,0
16104,-1456,5332,9124,2124,14456,0
16720,-1716,4536,7256,4364,12684,0
15584,-2116,4160,13836,-620,14396,0
16200,-1608,848,18100,192,8652,0
15356,-2052,-1740,14316,6376,3128,0
17316,-1580,436,12140,-348,1156,0
18644,-2940,-772,15124,6944,3628,0
20708,4784,-2920,18032,120,11280,0
21492,4508,-1736,16152,-468,5396,0
17164,-4412,27728,16560,6664,2788,0
15004,540,12756,16892,1640,2364,0
6524,-460,16212,17340,5144,2184,0
9128,1776,13504,17028,3584,1980,0
10404,4856,14488,16448,3596,2904,0
10868,2112,13960,16908,4260,2872,0
13996,-5548,11616,16812,2804,56,0
13684,4800,7800,16780,4764,-644,0
16728,5912,5868,18112,3548,1088,0
15516,3280,6320,19308,1072,-1484,0
16596,-1180,5012,21264,-1908,-3584,0
16024,-2756,4216,17856,5752,-3024,0
16244,-2692,4520,15564,3464,9976,0
16256,-2752,4588,8616,232,10836,0
16096,-760,6308,11700,1888,13836,0
15396,-896,4040,11896,3524,11204,0
15116,-1552,564,21384,-8576,10496,0
15760,-1604,-504,10760,5828,3964,0
17088,-384,-936,19888,-7380,-2548,0
22736,2672,36,21580,-232,7980,0
20644,2792,-3388,16744,3404,6944,0
17324,-3804,14680,16128,5368,2916,0
10356,-3188,18624,16544,3580,-900,0
11024,1672,12568,16140,5980,3464,0
8996,-1320,13668,17748,3348,6000,0
8060,-1020,13960,16696,2964,3516,0
13816,-2784,15500,16780,3036,2300,0
14656,-2208,11408,16680,4980,1472,0
14072,-2620,11140,16708,2852,592,0
12304,3864,19376,16240,4356,-268,0
5720,2048,19604,16612,2152,2736,0
32767,4228,80,17556,4316,4164,0
824,8440,11112,17460,-5576,6556,0
18836,-2292,4928,18816,-468,6272,0
16572,180,4040,18236,-3704,2684,0
16872,-2384,5648,17196,-7216,3904,0
16356,1280,3852,15068,2524,6976,0
15928,-332,2556,15284,7748,2740,0
16016,-552,2572,15080,3564,1596,0
16304,-220,2888,16824,436,2056,0
16072,1108,2968,16760,-2532,3332,0
16172,-736,3584,16752,104,3940,0
16268,-416,3028,17444,3700,2476,0
16304,-1868,3300,16952,3664,1332,0
16140,148,3308,16644,6160,1852,0
16212,-720,3664,16776,1980,1292,0
16556,-1440,3784,19276,2080,2048,0
16252,-864,3612,17992,-348,3132,0
15708,2844,3428,15392,2072,1912,0
15668,-920,-24,16980,1888,1732,0
16284,-348,612,16804,2444,1328,0
19464,-1676,3884,16620,4052,1224,0
18196,-1576,5892,16784,3820,2712,0
14688,-3216,9840,16560,3816,3868,0
14656,-11384,12904,16604,3484,4848,0
12808,9736,9840,16756,3744,4836,0
15420,512,8772,16892,3228,4692,0
16188,-5960,7416,16632,3764,3648,0
15484,-1840,4348,16524,4376,1804,0
14792,4020,7508,15900,5280,-528,0
12760,1044,6420,15756,3964,632,0
19160,5716,-696,17524,5040,3844,0
13540,4136,4568,18600,1336,4060,0
17604,-1576,5896,18860,1708,1920,0
16908,-2852,4644,19116,-1120,-236,0
16008,1172,2164,23968,-2204,1276,0
16252,-972,2212,14660,1120,10260,0
16316,-1400,4356,13532,312,8828,0
16156,68,5992,10032,-496,10692,0
16052,-680,4424,12956,1232,11212,0
15608,-340,4052,14184,856,8420,0
15964,-816,4616,18700,-1432,7000,0
15976,-808,4288,14748,5116,1940,0
15612,-812,2248,10400,-628,-872,0
16936,1140,4632,14028,2708,-1576,0
22268,24,-896,13096,5560,6364,0
22300,572,-352,21908,3404,12000,0
21828,-5064,2732,17044,920,5088,0
14836,-2680,15868,16756,6320,292,0
13564,-392,14072,16536,3724,292,0
7460,68,14200,16392,2580,-744,0
9584,760,13736,15988,4072,204,0
12488,908,12788,16284,4368,2044,0
14416,1492,11672,16860,2764,3332,0
17348,3612,8192,16048,3796,2316,0
12260,-2616,3628,18048,2744,376,0
10892,5720,5608,16584,3588,340,0
30180,696,124,21640,3772,-356,0
15644,1036,13728,21500,-2412,-4572,0
17400,576,3868,24048,-1996,-6044,0
15540,-2144,2136,16420,5956,8740,0
15576,568,2672,16444,3500,10328,0
15696,-5400,3092,8808,4600,12644,0
16012,-2256,2784,8604,476,14144,0
15756,-1696,4176,7588,2456,12000,0
16140,-1012,4396,15076,-1184,12824,0
15776,-1348,2304,20060,-256,7096,0
15916,-656,1776,12332,4520,356,0
17416,-1168,5796,12596,1276,1228,0
19356,-6672,4708,32767,5056,-8892,0
18748,780,-1088,13588,-9300,12048,0
21756,3224,-5580,20348,-120,5920,0
16404,-6628,3580,15228,11152,2964,0
17588,-736,13800,16704,508,1380,0
13368,-3852,12972,17144,5204,2992,0
10452,360,16356,16740,4088,1612,0
7356,796,13804,15248,3756,2352,0
9596,2612,14748,16800,4464,2768,0
15204,1464,11616,16832,3128,2832,0
18832,-2036,8064,16112,3360,144,0
7132,-1664,4332,17376,4588,192,0
32767,3264,2444,19736,4328,-1460,0
14536,-5104,10748,22720,-2436,-5836,0
17692,9152,4152,23676,2392,-4320,0
16952,-7196,4612,19108,8060,28112,0
15744,-748,4368,17640,3280,10440,0
16272,-3180,5460,7088,460,14232,0
16068,-3168,3460,8364,1856,13052,0
15492,520,2956,8832,1028,12492,0
16668,-3332,2832,16552,-1728,11940,0
16052,-20,736,23012,3684,5384,0
17660,-1108,-32,4272,4984,-3308,0
17280,-1080,144,19820,564,-7012,0
17640,-4380,-4480,8772,4040,8500,0
23440,6836,-9760,20540,-1740,9592,0
18892,-7524,3596,16292,3024,4348,0
19928,-668,15828,17492,7016,1716,0
12960,-1756,13356,16284,3540,3032,0
8684,-260,15832,16996,4080,2516,0
6868,1256,17076,15416,2868,1600,0
11012,1424,16532,14764,4984,1788,0
15068,572,13504,16464,2940,2884,0
16740,-1052,7936,17260,3904,-224,0
7428,-1372,4412,16744,4512,-2000,0
31060,3720,-3660,20944,3900,-3892,0
14692,-4620,15600,25340,-6384,-9568,0
16040,9880,3416,20148,6112,148,0
17820,-7400,4632,20192,7300,15264,0
16276,-3592,4256,12600,2440,12688,0
15896,-2116,2576,8048,140,14792,0
15360,-3624,492,7192,-608,12020,0
15728,-336,4144,12332,428,15092,0
16592,-1224,2448,17548,1348,10972,0
18112,-1680,2340,14584,4384,8456,0
17072,-2340,828,10872,1908,3028,0
18696,-4020,-3256,32767,12768,-2768,0
24700,6068,-8764,14008,3204,15092,0
18440,-9152,4948,18168,-7116,6936,0
19060,-3012,16204,17544,14432,3144,0
11952,-608,14704,16828,-304,1424,0
3388,624,21736,15972,3328,1088,0
7444,-36,14712,12688,3988,2104,0
10924,3440,15552,15328,3252,3056,0
13924,1152,13896,17952,3656,2108,0
16808,-3560,8092,16472,2068,208,0
8880,-2048,4844,18148,5816,500,0
25692,7168,-1188,19636,2268,-3536,0
14880,-6292,13028,28072,-6292,-8192,0
14424,9692,3500,18972,7268,4344,0
17008,-8308,4064,19036,1288,12276,0
16224,-2488,4504,10180,4016,13488,0
15756,-1296,3824,9364,948,14556,0
16592,-1476,4140,6280,1904,11092,0
15804,-2260,3860,13852,-1756,15264,0
16732,-1012,1508,18588,2684,7980,0
17836,-1436,1628,10092,1024,560,0
17052,-1872,680,12768,-1140,6636,0
18536,-1572,-4792,18428,13348,2536,0
23260,7524,-9264,22800,-196,12860,0
18292,-9424,4896,16672,-2256,4348,0
18556,-2532,16692,17072,12668,2208,0
11940,980,14224,16444,1324,1024,0
8172,-1156,15060,15732,4360,2824,0
7000,-616,15024,17724,2596,1948,0
8512,400,17984,15272,3996,3744,0
16156,1584,15148,18056,2664,3464,0
18048,-532,8696,17216,2132,-2168,0
5648,-2984,3416,16180,4988,-1088,0
32544,7240,-3428,22184,1700,-4676,0
16396,-7564,15424,27388,-6308,-11884,0
12804,10004,4764,18488,8544,6136,0
17608,-7472,5064,18740,1484,11848,0
16248,-2540,5468,10328,4964,13764,0
15824,-4228,3368,8644,-120,15564,0
15480,-916,-84,6384,2872,13212,0
16388,-3392,3592,13508,-680,15628,0
15568,-340,2044,18552,4080,9188,0
17656,-2624,3676,10336,-4232,-1312,0
17388,-840,1976,12904,-1128,2996,0
21032,-2852,-5444,10356,10412,8380,0
25796,10872,-7808,22288,944,11992,0
17364,-7724,7472,16128,-2372,4724,0
16112,2296,17424,16508,11276,2148,0
11400,-1392,14588,16464,2776,1432,0
6396,1824,15556,17844,5012,476,0
7284,288,14452,18048,4764,1868,0
12808,3648,16996,16008,2984,3316,0
16424,-4672,11528,17216,3716,1280,0
9648,1444,10772,19224,5604,-912,0
11040,-948,6828,17044,4432,-420,0
20136,-2356,-3784,21676,4700,-3332,0
16296,-6784,14176,23748,-4336,-9460,0
14820,11008,3256,20696,6128,-2960,0
18432,-10100,4272,20368,9988,14208,0
15656,-2888,3452,17620,2544,10796,0
16696,-3180,2196,6796,908,15332,0
15464,-2412,2328,7516,1528,11348,0
15592,-2496,3368,10112,92,14308,0
16280,-1348,3776,16828,364,11496,0
15760,-2112,1728,22552,3476,11840,0
17624,-1148,2304,6260,4880,1596,0
18664,-5848,1052,32767,-10676,-30032,0
17812,344,-6260,8412,820,6364,0
26764,5564,-8508,18636,-7516,5600,0
22132,-2720,27232,17304,6152,3808,0
12768,3800,13364,16248,5852,1300,0
5000,-916,15788,17104,4728,936,0
5756,2408,15244,16252,5436,216,0
6276,1196,13484,15572,3552,2204,0
13016,3164,16996,18684,3648,2844,0
20856,-3848,8376,17292,3180,1072,0
6004,-3140,3904,19164,4500,-908,0
17012,6912,848,17516,4276,-1232,0
7456,-2080,5432,20328,4972,-3692,0
20664,-2448,9828,23856,-4940,-14248,0
13056,4072,4832,19080,5404,2784,0
16960,-6716,4732,19112,3556,10908,0
16052,-2552,4644,12432,4848,12960,0
16732,-3604,3644,10260,1048,14012,0
16124,-2224,2840,5500,356,10924,0
15980,-596,1820,13380,-1152,14184,0
17936,-1604,328,17984,2488,9204,0
13808,-672,-3788,9808,672,-116,0
15920,-1088,-2364,11840,468,4460,0
20452,-3628,-5288,12888,5472,4904,0
26324,10416,-7948,21640,5520,14644,0
18596,-7660,6660,15212,-3612,5460,0
16560,-1580,16020,16688,8472,1916,0
11980,248,13496,16392,3160,1552,0
6484,2488,14976,15824,4608,1420,0
9936,1372,11620,15524,2788,1800,0
11468,4112,15424,16404,3976,3424,0
15316,-3928,13220,16156,3892,444,0
11844,-5332,7044,15456,4092,-1756,0
13488,3436,836,18148,4984,-612,0
14660,-1492,10424,22192,3540,-4928,0
18632,1792,13224,25676,-8940,-9132,0
13792,1608,3524,17604,2932,4280,0
17024,-5664,2880,17032,2736,11356,0
16356,-904,5616,8912,2132,11672,0
16132,-2316,4412,7220,-772,14744,0
16028,-1024,3492,5580,164,9980,0
15736,-2064,2924,15700,-1244,12452,0
16396,-812,2376,21344,44,6660,0
16460,-284,-712,10044,1924,-2684,0
17016,-2540,-392,13324,2152,3900,0
17640,-4876,-1096,32767,-2756,-2992,0
19124,380,-5952,11760,40,10056,0
24160,3896,-8444,19016,-5048,3740,0
20704,-2820,21636,16052,8472,3256,0
13856,4636,12916,16248,3780,808,0
8416,-1912,14068,16796,4916,1404,0
8248,4256,16032,17148,3896,1256,0
6028,1212,14268,16628,4276,2300,0
13924,4704,15000,17268,3644,1928,0
19576,-6872,8740,15560,2856,-496,0
4200,1284,6540,19516,5728,-1876,0
29752,11804,-3648,19452,6616,-3064,0
12348,-5416,11000,23188,12,-6948,0
19192,6664,6976,24312,436,-7304,0
15312,-5776,4676,19256,9876,28468,0
16200,-2532,4212,19080,2588,10376,0
16792,-1500,5464,5540,-848,14712,0
16592,-1752,4376,8896,-372,13876,0
15744,-1080,3712,8024,-20,12680,0
16256,-1836,2148,20220,-956,10768,0
16184,-1120,-380,22232,3056,9308,0
17432,-2348,280,7468,3276,-696,0
19452,-3020,-1376,32767,8032,-1992,0
20764,556,-4688,15092,-1408,16696,0
24724,3764,-5620,20672,-5548,5056,0
19680,-1984,22216,16468,13176,2912,0
12572,5972,12596,16780,1384,1792,0
5660,-1516,14116,16616,4588,2528,0
7556,3628,16072,16192,2728,2484,0
6264,2356,15056,16460,3256,2932,0
15900,4360,13976,16588,3400,4148,0
18936,-5260,7692,15896,2716,-716,0
3696,-668,5076,16540,4752,-2992,0
32767,12660,-2716,21880,4856,-2536,0
14152,-3900,13692,23868,-552,-7712,0
16152,8044,4240,20420,12,-5012,0
16016,-5676,5272,21232,10060,21760,0
16000,-3640,3984,16384,5980,10512,0
17464,-648,5896,9696,1784,14628,0
16536,-1664,5380,8152,808,11116,0
15848,-1072,5504,9996,564,12644,0
15856,-2252,3408,15044,104,11660,0
14916,-1400,1400,24576,1364,6972,0
17120,-1400,3768,5592,2900,-4296,0
17452,-2884,4940,14276,424,6168,0
18860,-1904,1032,27044,7860,-3852,0
20988,3620,-5300,17312,-2608,13796,0
20504,2060,-3784,19332,-1816,5852,0
21968,-5552,15932,16576,9500,916,0
13540,2168,13600,16140,3496,1128,0
9748,-3552,15540,18228,7132,324,0
8760,2660,14932,16288,3512,-484,0
7512,132,15100,17660,5456,1180,0
12024,2152,16476,18160,4100,4172,0
16856,140,12464,17500,2652,552,0
9796,-5304,7544,18636,3976,-364,0
11204,1640,6804,16312,3580,44,0
10288,-2168,2776,20504,4512,-3760,0
22792,-4288,10472,27596,-7956,-12700,0
12116,5444,4328,18924,7468,8672,0
16868,-5268,4308,16428,1232,13440,0
17140,-3012,5648,6704,2364,13992,0
16204,-3228,4132,8208,-28,15204,0
16060,-2040,3616,6472,1692,12268,0
15888,-928,3180,13560,-252,13820,0
15792,-1484,424,21688,-220,5248,0
17208,-1672,2520,9304,4248,-540,0
17336,-1956,2644,13416,-232,5144,0
19408,-1848,-412,24360,4724,-476,0
19852,1724,-4964,14572,2320,13952,0
21260,4288,-5768,20308,-3616,3672,0
21040,-1948,17436,15896,9748,2180,0
13780,2948,13528,15988,2052,1768,0
10448,-2680,14312,16920,4520,3036,0
6544,608,11228,16512,3340,2328,0
8660,1752,14628,15240,3040,3308,0
13380,2512,16088,16144,3464,4652,0
15420,-1988,10644,16888,3164,2716,0
8400,344,10576,18028,4740,-156,0
12240,-4180,3576,15408,2288,-568,0
11628,9164,4416,22364,4964,-5348,0
20776,-6492,11924,23468,-4936,-16796,0
12236,5068,4756,18928,7280,4380,0
16376,-4368,4392,19704,596,11972,0
15988,-3628,5948,13384,4240,13724,0
16692,-2160,4456,8384,-888,14776,0
16152,-1880,4444,5192,1412,12256,0
15860,-784,3696,13092,-880,15984,0
15692,-1352,-260,20272,3316,7904,0
18436,-1364,3120,5008,-380,-548,0
18276,-2988,1096,15456,-1912,-1968,0
18952,-3208,-2156,8632,9012,12460,0
26032,7592,-7588,23944,3364,12008,0
17192,-5612,7464,16312,-16,4016,0
16848,244,14860,16316,8024,68,0
10464,-1952,14556,14616,3160,520,0
6312,2228,16388,16592,4360,388,0
7368,428,14868,15736,2740,1104,0
10776,2636,16212,16536,3464,1812,0
17224,992,11044,16852,3616,2484,0
16056,-1800,6064,18884,3052,-8,0
8248,-1696,4140,16496,3844,700,0
32767,-12088,6992,20992,5068,-2108,0
14768,4608,15856,25608,-4728,-9168,0
14724,5376,2876,19860,9308,12,0
17872,-8016,5000,17480,5644,14740,0
14816,-3160,2084,13444,2844,12748,0
16880,-4320,1024,9244,1776,14804,0
14668,-568,1112,5212,1944,11156,0
16576,-2968,5088,9928,2872,13992,0
16020,-1496,2508,18128,-2360,11360,0
15224,-2248,-1124,18048,7104,9920,0
17232,-1640,1832,8444,3600,1472,0
20124,-4568,924,32767,20380,-4972,0
21228,1796,-4696,15264,1992,17016,0
23452,3464,-5500,19852,-8912,7708,0
20660,-5412,24592,17744,18164,3544,0
14764,5760,11788,16804,-1924,3248,0
6456,-3148,14296,19008,5956,1644,0
9980,1280,14180,15668,3172,3316,0
5768,112,14852,12352,3160,3376,0
14120,4356,15780,16244,3772,4580,0
18252,-2324,8076,16580,2892,-1028,0
5220,-2480,3404,14984,4636,956,0
32767,15384,-17332,18728,8428,660,0
13004,-1212,6024,23044,588,-4792,0
17788,6156,4760,26596,-3044,-5460,0
16464,-6392,6624,17440,10760,31744,0
15908,-3476,4316,17136,2924,11360,0
15608,-2980,4308,7432,-1464,15736,0
16208,-3316,3612,8892,156,14636,0
15036,-772,2436,6000,-460,14032,0
16304,-1668,3700,18128,-968,12080,0
15028,-604,1252,23420,5000,4944,0
17920,-2468,4736,3896,4964,-2656,0
18624,-3760,7132,32767,-8804,-21176,0
18596,-1464,1292,12904,-5652,10324,0
20220,4664,-876,20368,1636,4612,0
16900,-944,408,16660,3660,2016,0
18748,244,12912,17420,5000,-596,0
13480,-1504,12564,16276,5760,-272,0
8484,-1648,12840,17060,2928,2436,0
8248,2188,14428,16844,2784,4276,0
9676,2316,15192,17076,2516,4572,0
12268,1040,12384,16664,2860,3420,0
16428,100,9608,16640,3820,-28,0
12736,688,7300,16892,3808,124,0
13420,2404,7876,17644,2868,2672,0
23076,-7844,10484,20536,1696,1200,0
17016,13088,9056,19848,-172,-2068,0
16284,-6516,3908,20420,-60,-6580,0
15264,-276,1528,15972,2424,12840,0
16752,-3680,2632,17220,6448,12272,0
15932,-3956,4060,7588,396,13712,0
16228,-2132,4548,9664,1344,12240,0
16856,-544,2340,8316,1796,11000,0
15968,-1212,800,17740,-5540,10944,0
13800,-816,-376,15308,40,9176,0
16592,-776,368,13536,3292,5492,0
18936,-6264,-816,32767,20696,-5896,0
21192,4564,-4132,10536,-14584,10904,0
22300,-2616,-928,18764,5284,3100,0
12032,-2320,22264,16512,3612,756,0
15952,1504,11776,16484,5656,2788,0
11360,1208,12052,17684,3996,5576,0
10360,-2568,14136,16568,1868,4904,0
11988,-4504,14872,16328,5668,4084,0
16044,-3212,15548,16196,5404,2176,0
15968,-6760,7876,16164,3752,920,0
11688,5748,6476,15716,5992,1068,0
22108,19136,7776,16488,1476,3208,0
11964,328,7604,19272,-1240,1836,0
16348,104,7000,20464,-4824,244,0
16652,2832,6056,21208,-5536,5064,0
16452,536,3304,15420,-2384,13816,0
15384,-1040,2292,9616,4408,9476,0
16524,-828,4832,11256,2848,8232,0
15900,-260,6048,12544,-2716,7496,0
16308,788,5016,15748,576,6868,0
15192,532,-384,17980,6536,-24,0
15940,-1068,2448,13284,10512,-7732,0
19916,9996,5424,24232,-25724,-2504,0
19412,908,2692,11328,18540,6420,0
16828,-528,-660,16132,216,5148,0
19368,-2936,-1468,16368,7468,-248,0
16648,-5392,13144,15908,3584,-1476,0
12448,-8728,17908,16344,5824,3664,0
8876,-4456,16552,16392,4856,3044,0
9640,-5152,14676,16008,5148,3596,0
11580,-4280,14288,16104,5324,4444,0
15920,-8360,13660,16608,5036,4880,0
16496,-560,12332,17532,4896,2044,0
13084,736,11360,16256,4740,3284,0
13448,2352,10364,16348,4848,2916,0
13096,-2168,9252,15720,5156,2000,0
17308,1296,2800,17796,4852,1708,0
12656,10108,3908,20412,2968,1372,0
18704,-3368,6432,20420,-5184,-1920,0
15096,-72,1208,20704,-6428,4068,0
16536,-1224,200,13772,7468,17432,0
16444,-4384,2872,16596,1656,10312,0
16104,156,5516,9968,-4792,12020,0
16284,-688,6428,10064,600,11964,0
15560,112,5984,12844,2676,9628,0
16364,-628,5064,19072,-3736,10212,0
15716,-788,1756,19204,7136,2456,0
15536,840,1368,5768,2636,-2460,0
20324,-2672,2092,30136,-1440,-8416,0
19956,1564,-320,10436,1320,9096,0
22548,1940,-9000,22888,644,8672,0
18860,-8004,4924,16000,4152,3620,0
16672,-276,12048,16780,5068,1928,0
9560,-64,13900,16764,3136,1180,0
9324,-844,11960,16716,4352,344,0
8740,2380,14020,15200,4352,-24,0
10868,1940,13720,16068,3544,4440,0
15804,2412,12916,16824,4892,2852,0
15860,1528,8708,17096,2676,1140,0
6712,-2992,1968,18580,7436,96,0
32767,16548,-5088,19828,8536,-2824,0
12148,-6116,12536,21472,-4332,-5716,0
17744,12496,4432,22640,5676,-3384,0
17420,-9948,4932,16088,9564,17000,0
15736,432,4420,16116,3932,10636,0
16696,-2520,6344,7280,1536,16280,0
16624,-884,6816,8936,4044,11224,0
16032,20,5376,11180,808,12592,0
18184,-2896,6092,16816,-1864,9688,0
14388,-84,-1000,20384,5052,2920,0
18372,-648,2328,9220,2152,1200,0
17852,-6528,-444,22952,-4308,-940,0
17876,1516,-5968,11816,6604,12108,0
22160,3732,-9728,22444,-2912,6420,0
22864,-1492,21364,15580,7156,2972,0
14808,8012,14848,16092,4996,1804,0
10380,-568,13632,17168,2940,3516,0
8164,4096,15672,16996,3540,5808,0
5096,3308,14840,18020,2692,5688,0
13832,4976,14492,17748,3556,572,0
21968,-5440,6920,12116,2572,-6012,0
3724,-3568,-88,15180,3652,-1660,0
32767,6092,-4012,22424,7072,-676,0
12672,1380,13988,25108,-1432,-7608,0
17752,6432,3920,19540,5316,-4724,0
15924,-6784,6032,20020,6888,11900,0
16052,-3392,4060,16444,1716,11168,0
16228,-3424,5116,9700,-180,16636,0
15792,-2884,684,8244,2324,9572,0
15252,-1496,1744,10968,-1492,13384,0
16736,-1660,2736,16300,-1280,12564,0
15816,-2092,-72,21404,5156,5520,0
17976,-904,1440,6900,1616,2204,0
19532,-3928,-276,32767,-1760,-2380,0
20848,876,-3756,14368,-2480,15720,0
22588,4080,-5092,19692,-1600,5596,0
20684,-5032,22180,16720,6976,1064,0
15276,424,12136,17160,3888,860,0
8280,-2540,15876,16980,4504,-244,0
6796,100,14568,15880,4448,-1548,0
9140,-124,13988,16544,4228,2100,0
11052,1216,15628,15644,3756,2684,0
16528,224,12584,16732,2772,444,0
13024,-4152,7080,16336,5252,-1008,0
9896,-1104,6400,17480,5436,-780,0
32767,-9456,8324,21252,2888,-3304,0
12728,-152,13144,25372,-5548,-13800,0
15320,8140,2888,19808,9044,876,0
18668,-5524,5908,19488,4184,14272,0
15860,-6032,3748,14504,4932,11840,0
16172,-3068,-748,9324,1472,15084,0
15080,-1692,928,6144,4100,12604,0
16512,-3008,6308,10188,1636,14712,0
15908,-520,1684,17916,-768,12960,0
17240,-2344,608,19256,7204,19876,0
16444,-1800,-476,8020,100,4772,0
19820,-2076,-3304,32767,19072,-9784,0
22812,7180,-9352,17788,3152,18960,0
18084,-4600,2880,17604,-5220,6572,0
22112,-7412,15588,17516,12260,2632,0
12524,1696,12252,17340,-464,1380,0
6804,-476,15000,17136,4720,2276,0
7320,3048,13928,15776,2892,828,0
8980,1424,14076,17056,4040,2424,0
17752,4848,14040,17352,3396,460,0
18008,-6784,5336,19684,2936,-2208,0
11280,2008,5196,16252,3024,572,0
23476,8356,1696,22856,4260,-4688,0
15188,-6460,15328,24812,-4336,-10060,0
15048,10380,2224,18824,4024,-2676,0
17620,-8632,3620,18924,7436,12700,0
16032,-3512,4416,16172,3312,12960,0
16080,-3348,3448,7964,1600,14688,0
15876,-3240,2924,7280,2664,12096,0
14512,48,1704,10704,596,13256,0
17172,-2328,1796,20304,-4952,13680,0
14392,-1264,-2024,18724,5572,3368,0
17440,-1208,68,6796,4664,0,0
19556,-5284,-1056,32767,-1708,-6092,0
20468,-1520,-5412,12816,-2156,17048,0
22504,4948,-10828,20460,-4184,5508,0
20728,-5200,12444,15584,7752,3108,0
14040,2376,17096,16780,3100,1348,0
11180,-3508,14332,15184,3980,2104,0
6844,-1060,16968,13960,3548,144,0
6840,1160,15036,15700,3908,3664,0
9912,1080,16748,17956,4144,2324,0
16004,-632,10968,17296,4028,96,0
15192,-5800,7200,18872,6136,-4076,0
9728,-476,6160,15932,4812,-692,0
16404,4964,3312,21752,6260,-6928,0
16968,-9356,14384,24516,-8128,-17048,0
13852,13104,2840,19560,7484,3960,0
18468,-10844,4660,21392,1312,14096,0
15788,-3368,5892,11048,2064,14604,0
15748,-2440,3084,5960,-796,15380,0
16136,-1336,3664,4564,580,10176,0
16044,-2372,1576,13980,-1036,13596,0
15692,-1208,-2740,20980,656,8992,0
16736,-2232,-128,6832,1360,-1784,0
17668,-164,1540,12760,892,5568,0
21612,-3632,-1684,32767,18264,-568,0
18944,-112,-5768,13976,-4228,17960,0
22268,7712,-8040,18868,-1928,5020,0
22784,-3080,14248,15512,5656,4152,0
14008,2212,14744,17392,2948,2448,0
11780,-2996,15804,16800,3160,2496,0
7432,1436,13152,16772,4348,1420,0
4564,604,16868,16356,4564,316,0
10340,1844,17300,17388,4316,1664,0
16148,48,13004,18120,3884,1624,0
12304,-6184,8572,18456,5360,-852,0
11376,3712,5048,17784,4016,-2912,0
2172,-1960,4884,23484,1192,-9580,0
22716,-3544,14888,26784,84,-11680,0
14176,2192,7668,20700,13020,22144,0
16784,-5936,4464,20604,-428,12548,0
16856,-3264,4020,5596,-44,14980,0
16424,-3064,1788,8536,1476,15088,0
13536,-868,592,7140,3608,13344,0
16504,-2660,2416,18852,-2244,14528,0
14572,-2264,-680,22528,8052,2740,0
18208,-2068,2196,3012,5524,156,0
18328,-216,2720,32767,-3624,-32768,0
23384,-1032,-5732,5456,-2784,5348,0
24356,5032,-3520,18616,-8552,5740,0
22024,-6884,23932,17020,6964,4552,0
11804,3980,13120,17096,3572,2180,0
3516,-3240,16828,14372,3072,4320,0
8716,336,11228,15660,3880,412,0
7264,188,14676,15408,5880,-1268,0
14716,3672,17276,15676,3424,2412,0
18936,-2640,8776,17536,2976,1020,0
7164,-6756,-396,17824,4424,948,0
15684,2236,3340,17328,2532,84,0
872,-1784,7108,23304,2556,-6400,0
23852,-3548,10744,27796,-1236,-8572,0
13348,912,6808,18632,11500,21932,0
16360,-6024,3756,18372,-1044,11916,0
16460,-2472,3668,6140,1556,14840,0
16220,-2292,2160,9460,176,15084,0
15236,-1136,2732,6540,1908,12508,0
16652,-1552,3236,18028,-4084,9536,0
15252,-1688,644,23584,9188,2488,0
17384,-1052,3736,3800,2152,232,0
20236,-6264,2516,32767,-14808,-11288,0
18912,-980,-4772,12840,-2784,13404,0
24820,5900,-5892,20356,-2664,6520,0
19676,-2412,20960,16620,4276,3480,0
12024,3364,14216,17148,4572,744,0
8584,-1992,15720,16212,3680,388,0
4440,1260,12836,15680,3804,-1608,0
7632,1696,13240,16440,4000,1344,0
13060,2468,16324,14880,1972,4548,0
18736,-2988,9596,16492,2240,1280,0
7948,-6196,3672,17700,3064,364,0
25768,5304,-11476,20108,5684,820,0
4560,6576,4780,22704,120,-7176,0
21928,-5768,11576,22724,548,-11708,0
14356,-716,6320,20576,10948,21300,0
16292,-5332,5248,19180,-680,9836,0
16664,-2548,5056,8472,6620,14136,0
15456,-1688,1072,11120,-500,15256,0
15888,-2164,1764,7668,3952,13560,0
16572,-1696,4080,18000,-3364,14460,0
15032,-644,216,22832,4780,7388,0
18348,-2644,3740,2712,6988,952,0
18372,-5256,4112,32767,-12040,-28492,0
21116,1116,-4808,8028,-1000,11116,0
24472,2756,-3296,23128,-4940,7224,0
23516,-7092,20448,16840,11812,5400,0
12144,4716,14212,16864,1752,4004,0
7580,-3620,14864,17088,4040,3928,0
5160,4176,18376,16272,3056,860,0
6928,200,15540,15332,6636,1548,0
13628,4388,16968,18576,2684,2260,0
21100,-5512,9092,17036,2180,-256,0
4080,-6052,3664,18772,4660,44,0
32767,15028,-8396,19684,7672,-2668,0
7656,-3312,12560,28496,-4852,-11940,0
20964,11980,4104,17724,9420,2376,0
16508,-8604,6664,20808,3800,17720,0
16400,-4432,4352,11788,2412,13284,0
14928,-1588,5304,6068,-1984,14576,0
15932,-3632,4168,5660,336,12228,0
15540,-316,2676,12364,-800,13972,0
15560,-1564,44,21652,3364,9296,0
17520,-952,3212,5968,-552,964,0
18916,-2652,4168,13696,-2460,7216,0
21328,-1620,-2036,14576,13420,7264,0
26868,9652,-6700,23140,416,13912,0
18024,-7656,8192,15776,-68,5196,0
17560,-412,17072,16536,9448,2996,0
8516,-44,17780,12812,832,3624,0
4956,2112,18436,19996,5112,-840,0
5524,1112,14708,19740,4804,992,0
10276,2816,17708,15304,2632,4004,0
17856,-3560,14520,18740,4340,1784,0
11864,-3208,9464,17636,5240,-1408,0
22372,3524,-11628,18480,3488,340,0
5488,3624,3316,24320,2856,-6012,0
19200,-2836,11072,24424,-928,-9216,0
14120,-1380,6352,20292,6024,22780,0
17268,-5728,5304,18340,-956,11744,0
15072,-1088,5504,10536,1472,14860,0
16156,-4156,2460,9880,68,14764,0
15536,348,2516,7364,1632,12988,0
17076,-3104,4640,16916,-2088,12708,0
14348,-500,208,22336,9632,1840,0
18008,-2504,2644,2164,4828,1440,0
20696,-4840,1672,32767,48,4740,0
21908,3048,-4348,9940,3172,16888,0
20968,-2596,-1256,23680,-6140,6384,0
21072,-7400,16308,16620,10656,3388,0
12896,3244,13216,17108,2180,2380,0
5112,-4552,16100,14944,4700,1988,0
5644,812,13308,18512,3580,-1988,0
6360,1752,16124,17676,5180,1828,0
15192,3268,15244,15256,3100,4152,0
19792,-820,6944,16668,2320,-1560,0
3808,-4924,1060,15576,4868,-828,0
32767,-2432,5856,19128,5248,-2928,0
12560,-5100,15820,25736,-5068,-11092,0
16120,11984,2516,19840,7604,-1544,0
18520,-8516,7068,23328,4292,12024,0
15840,-4428,4256,15488,4148,11800,0
15808,-3528,4148,7400,1452,14028,0
14912,-1016,-344,5656,836,11060,0
15952,-3000,4028,10468,2280,14760,0
16372,-1784,3524,17732,1288,12324,0
16540,-1220,1432,17028,6224,10916,0
18172,-2784,1624,9284,2564,2836,0
18868,-4964,-740,32767,8916,3812,0
22636,4316,-8144,11628,3612,19304,0
19056,-5180,1504,18344,-7620,5992,0
22096,-6740,16264,17356,12456,4380,0
13824,2092,12772,17388,748,2092,0
5548,-2300,15996,16036,6588,900,0
4476,1072,10888,15700,2820,-1148,0
7624,2528,17688,17488,5208,2648,0
15764,3808,14944,17400,2848,3112,0
19480,-2756,10288,16720,3544,-248,0
9944,-6564,2216,19488,5272,872,0
18284,10284,3752,21504,6048,-2252,0
13984,-5472,13556,24716,-6048,-10412,0
14352,7412,3300,18712,5552,1260,0
16484,-6408,4452,20272,4364,11532,0
15844,-2808,5544,13256,5684,13292,0
17024,-3984,3476,9376,-724,14568,0
15496,-380,3040,6544,-304,10304,0
16080,-2708,4996,12868,-452,15088,0
16780,-1552,2684,16696,204,9728,0
16972,-1380,2784,10756,1336,-488,0
16564,-2424,2660,15028,2480,-888,0
21524,-3156,-72,9928,1072,8988,0
24124,7900,-5124,20408,4960,12956,0
17992,-7328,7928,15716,228,4276,0
17568,2804,17156,16496,6668,2488,0
11540,-28,13812,16760,3532,1668,0
7648,2512,14816,16544,4744,1004,0
6392,1572,10272,15688,2272,1640,0
10712,4704,17176,16300,3676,3296,0
16712,-4420,12008,17364,2452,2380,0
9092,-3900,7168,18704,4572,-1120,0
32348,12180,-3140,18660,6496,-2860,0
8568,-5276,9312,25228,1116,-6792,0
19852,5472,7288,23072,2008,-5220,0
16276,-8068,5116,18812,8412,20040,0
15764,-360,3740,16436,2064,11892,0
16480,-4772,4348,7452,604,14704,0
15956,-1616,3752,8552,-812,13848,0
15544,-1968,4852,9984,908,12760,0
16720,-1820,4956,19984,-1044,11696,0
15964,-2788,692,21904,2128,8264,0
16496,-1536,1476,7280,3148,736,0
20496,-4324,1304,32767,-880,2384,0
18996,500,-3740,15336,-1932,16192,0
23844,3724,-5116,18968,-632,4344,0
19912,-1320,20048,16100,6728,1268,0
13932,3612,13500,16988,2708,256,0
8252,-2752,15028,16492,5064,1012,0
8500,2732,16320,16420,3240,1416,0
7368,912,13708,16412,3412,3256,0
13064,4108,16488,17008,3112,3836,0
18352,-2760,9016,16912,2796,2080,0
6596,-4000,2304,17704,4256,-764,0
18728,6672,-44,18040,4696,1340,0
6764,1668,5752,20268,4732,-2168,0
19568,-3776,11524,24008,-5712,-10672,0
13484,5168,4972,18576,5696,928,0
17568,-4704,2756,19540,7900,12376,0
16384,-4844,5328,13092,4604,12096,0
15992,-2320,3748,8752,448,15128,0
15892,-3796,3812,6432,760,12808,0
15660,864,2536,11396,960,13892,0
16276,-3044,2860,18384,-3072,11772,0
16164,-720,1608,15748,6888,7316,0
16320,-2012,500,8396,4572,1292,0
18676,-5368,272,32767,8576,-1144,0
22808,5560,-528,10408,904,14796,0
20472,-644,508,20744,2736,5184,0
12724,-6328,16180,17144,4608,3312,0
16316,-212,11616,17868,3824,3572,0
6432,-44,16196,17016,4836,5132,0
8464,-2004,14356,16648,3792,3148,0
12040,1324,17892,15512,4764,3008,0
9532,-5112,15700,16808,2948,1504,0
11728,-1404,21168,16228,4872,2396,0
11448,9908,12308,16544,2624,2632,0
16016,-5876,9632,18352,2288,4948,0
15656,9064,8716,18416,276,6140,0
18140,-5452,9480,16476,516,9148,0
14848,10024,6324,14576,580,8684,0
15740,-1980,2632,14948,-248,7936,0
15680,492,3300,15464,-812,7520,0
15944,-2164,2900,16008,-4048,7452,0
16500,2480,2720,16368,-2040,7068,0
16432,-2608,5920,13760,1688,5440,0
16224,-2424,3124,15516,-1096,7188,0
16188,-984,2524,13980,9800,8876,0
15976,-2124,1300,16080,3564,10216,0
15892,-1496,2752,17128,1168,8436,0
16516,-2748,4224,17000,4280,6972,0
16404,120,3604,14388,3652,6688,0
16180,-2332,2008,13700,1012,6176,0
16468,-3844,1552,20268,-11276,7408,0
16800,-2960,2164,17024,12956,6492,0
17016,40,2404,14472,-3780,5316,0
16148,-1180,-764,16184,9904,7368,0
18484,-752,-1652,29508,-5672,-3936,0
16332,-5076,1712,12168,7344,3736,0
15208,3416,6092,16256,2420,2620,0
13264,5996,5392,16764,2680,3480,0
15412,-2584,6364,16468,3372,1596,0
15836,-1780,7544,16668,2904,724,0
14484,-572,8416,16384,3992,1320,0
16540,-176,7328,16668,2048,248,0
20416,-1124,880,16424,3728,-1268,0
31380,3608,-4428,17004,4740,1960,0
4932,-800,2764,16376,-1708,-804,0
18540,-2376,2124,18812,2024,4064,0
17072,-504,2724,17328,-1156,5112,0
15456,-1476,4756,17408,48,5292,0
16204,-1856,3676,16540,664,2648,0
16056,-1068,4104,16704,1576,1388,0
16128,-1432,5500,17464,2140,-384,0
15960,-208,5680,16848,884,-1092,0
15832,-2008,5852,16304,2196,-648,0
15800,-1412,5264,14984,2216,-860,0
16400,-1540,4380,14724,3724,-916,0
15656,-1428,4040,14096,4400,-608,0
15328,-512,1788,14168,6072,756,0
17380,-3252,2188,26704,6888,-3388,0
20160,2208,-272,15136,-3756,5468,0
19888,324,1252,18292,3580,4944,0
17836,-3980,5632,17000,7132,1552,0
12584,-208,12932,16432,3136,220,0
10508,-2592,13076,16488,4820,3268,0
10732,-1816,13464,16592,3820,1600,0
11088,-1340,12472,16372,3660,-452,0
13832,-1108,12092,16212,4852,1032,0
16384,-464,10348,17200,2852,3200,0
14852,-552,9760,16868,4156,448,0
12032,-224,5192,15564,4544,-2520,0
10864,3908,9248,14540,5928,-3136,0
23368,-1952,9404,20348,496,3548,0
17312,7252,9772,26180,-2512,-960,0
15452,-1292,4676,28644,1568,1168,0
16340,-184,3228,11448,-772,20196,0
17108,-2064,5488,15076,5488,9248,0
16184,-1708,4220,10352,-2232,10856,0
15320,-360,3048,11656,3464,9120,0
15660,-1108,5300,19176,-1088,8396,0
16376,-664,3668,19232,-808,4508,0
16196,-604,1616,7228,6144,-7060,0
17412,-448,3772,12884,2472,2656,0
19240,-3784,2400,32767,1192,-5200,0
18340,-360,-24,13284,444,10332,0
22732,2012,-7192,20552,-2712,4380,0
19424,-6212,8524,14928,5516,3524,0
13752,2056,15556,17116,3316,3276,0
12160,-2376,14020,16944,4092,3412,0
7272,3172,16704,16904,4388,1276,0
9300,2108,14908,16424,3432,2312,0
9920,860,14816,14536,4580,1808,0
15508,1232,12684,16200,2196,2012,0
15216,-3896,8136,17528,3180,-368,0
17112,2824,6008,18416,6448,-864,0
16208,-4772,12340,26760,3576,-4612,0
18028,6216,10012,29080,-7312,-6848,0
15756,-2980,3176,14452,5500,17248,0
16264,-2756,3980,17124,2268,11484,0
16540,-908,5220,5820,-8,14328,0
16548,-1084,5348,9640,452,13856,0
15628,-748,3708,9428,76,12144,0
16544,-1516,2948,17232,-3016,12180,0
15952,-168,204,20972,8848,1476,0
17636,-2488,1856,7108,2344,1316,0
18960,-5324,2148,32767,-9940,-4864,0
19672,-1308,-2812,10900,1900,9536,0
24272,5512,-3584,20944,-1548,5628,0
19256,-3376,23084,16356,5812,2156,0
13264,1360,13200,16780,4372,588,0
7952,-3744,15856,16608,3284,1428,0
6796,1592,13456,16720,3420,564,0
7520,2188,15340,14472,3380,1948,0
10916,3156,16936,13748,2564,3076,0
15336,-508,13372,17260,2232,1512,0
12264,-7868,6780,17920,3272,1144,0
11572,2520,5808,16328,4612,-1028,0
11116,-2080,4728,22428,1608,-4112,0
21672,-2484,10940,25720,-3548,-14884,0
13148,1216,6032,18820,9248,14444,0
16444,-5536,5284,18428,-1160,10820,0
17468,-2648,3828,6076,5816,14420,0
15540,-1184,4992,10760,-544,15588,0
16152,-2160,3024,6856,3416,13748,0
16668,-2080,2916,15920,-2056,14172,0
15848,-936,1620,21540,3884,5604,0
16884,-2396,1784,5724,432,2588,0
17688,-1448,2548,21280,-2580,-16496,0
22112,-980,-5076,10188,560,3728,0
24384,6636,-2792,21916,-4504,7920,0
21988,-5124,21436,17328,8544,4512,0
12280,6132,13068,16676,1900,2892,0
8108,-3520,15272,13728,6092,3508,0
6832,1228,9468,16028,3192,1232,0
8364,956,14468,16420,4700,2948,0
13832,2244,16124,18548,2584,4224,0
20140,0,10748,16388,2612,536,0
8608,-212,3900,15472,3772,-552,0
25392,3616,-14760,15108,6896,188,0
8968,-2816,6448,26324,-2920,-7876,0
20176,5616,6440,21008,8356,1180,0
17132,-9904,7208,19912,4756,12928,0
15464,-1744,4580,14640,2640,12076,0
17304,-3272,5548,8804,-812,13652,0
15884,-1480,1804,6812,2192,10984,0
15400,-2372,1620,10828,-1680,14700,0
16352,-1108,2136,15508,344,13108,0
16192,-2180,2108,20500,6912,6196,0
17900,-2184,4520,7876,4076,1532,0
17652,-6424,2928,32767,-5884,-19684,0
21348,1464,-6428,9208,3928,5660,0
23612,4384,-3792,22416,-7424,4768,0
20816,-5080,24732,17108,10280,3704,0
14608,1616,12052,16620,2108,2456,0
6648,-3140,16324,16568,5584,1772,0
7548,-1340,13252,17368,5080,1048,0
8316,1424,14748,15424,4980,2652,0
12888,6516,16740,16776,3544,3796,0
16432,-156,10220,16932,3244,1152,0
9056,-4396,6552,16464,4880,-1016,0
29704,4508,-13388,18896,7296,-432,0
8936,-6276,7820,24184,-212,-4952,0
22660,9240,6712,23904,-1772,-4320,0
15628,-9188,5604,15976,9016,19300,0
15812,-1216,2960,18688,5260,10516,0
15448,-4132,3912,6356,960,14820,0
16276,-2776,2312,9456,2612,11844,0
15276,-1600,2560,10512,-2168,13868,0
16632,-2624,3760,14152,-1628,11336,0
15296,-200,636,21096,5648,4736,0
16544,-1912,1836,7604,2272,280,0
17980,-2864,2504,21872,-792,-9108,0
19968,-2736,-4416,10756,4260,7384,0
26788,8420,-3936,20852,-2196,7124,0
16060,-3796,11920,15928,5600,3252,0
13188,2712,12648,16584,4700,1384,0
7936,-1676,13852,16592,4140,2372,0
8252,1936,17380,16464,3088,1716,0
7932,432,14760,15636,3456,1432,0
14680,6036,16196,17020,3800,1948,0
16696,-3324,8372,16276,2696,1644,0
8564,-4060,3912,17924,4400,124,0
21320,5476,-7600,18748,4368,-308,0
7248,1640,6816,21800,4368,-3520,0
21684,-1076,10168,26124,-5680,-10112,0
14124,-1840,4788,17116,3856,10456,0
16004,-4204,3364,17640,1844,9564,0
16328,-2924,4732,9636,5208,12800,0
16124,-424,3116,9644,284,14348,0
15724,-1304,3684,8456,496,13016,0
16692,-2340,4432,17344,-1328,14628,0
16368,-996,912,22252,5228,4484,0
17564,-1844,916,5428,4432,-1052,0
16996,-1264,2452,20184,-4168,-664,0
20600,-2188,-2868,10528,3176,9824,0
24824,7592,-1672,20724,2504,8984,0
16872,-3188,21176,16684,6060,2664,0
13412,1120,12820,16564,3760,416,0
5548,-2076,16484,16140,4752,356,0
6084,1160,9864,16240,4468,-920,0
8820,2332,14108,15520,4456,212,0
13384,2600,15188,18552,4828,944,0
17792,1328,9648,16464,4060,1124,0
12328,-1504,6180,16636,3736,792,0
11412,736,3664,18652,6944,3172,0
22592,984,-1376,18472,2920,-372,0
16276,-4556,9836,23076,500,-3440,0
15764,6792,1944,24104,-260,-7288,0
16920,-4832,2240,16732,5100,27884,0
15536,-2608,2020,20980,3136,10900,0
13276,-2628,2476,11704,1292,11444,0
16192,-2228,3380,10464,1132,13452,0
15752,52,5640,12852,2300,11528,0
16516,-2060,5436,18876,-1084,8204,0
16428,-828,5540,10824,3292,2644,0
18808,-1988,3444,10316,-172,4396,0
20920,-2256,-1144,32767,4732,2868,0
18688,1604,-5192,17092,-8224,14676,0
22536,1580,-4552,18456,5328,6540,0
19560,-3412,22920,16852,3932,3156,0
13592,3732,13072,16712,3840,1508,0
8380,-476,14604,16508,3716,2044,0
9648,3716,15244,17484,4348,1324,0
7268,3880,13300,17536,3012,2288,0
13352,5896,15876,18440,4056,3748,0
16668,-3948,11740,20396,3024,524,0
6892,-568,7348,15948,2280,-2440,0
31588,16868,-7760,19948,7004,-2400,0
10940,-9200,9488,22320,680,-7468,0
19096,7640,6012,22288,-5004,-7984,0
15752,-8220,4816,18940,4556,19916,0
15628,-2276,3668,19828,3188,7552,0
16868,-1256,5408,8308,520,14356,0
16404,-1948,5208,10132,1656,12960,0
16024,-1032,4332,8392,244,12976,0
16340,-2524,3876,15788,-2248,14348,0
16020,20,2024,20260,4196,5576,0
17264,-2296,1852,7464,5148,-780,0
16956,-1764,1880,13756,-884,1356,0
19472,-2932,-4300,9240,6440,8188,0
25204,8760,-7564,23068,-1340,12092,0
17792,-8604,10676,15680,1616,4716,0
13864,6128,15536,16344,8740,1592,0
8716,-2104,14268,16180,1972,1400,0
7584,3360,14816,15320,5028,1888,0
6468,80,11384,16188,2804,2992,0
14320,4208,15564,17232,5212,3204,0
14532,-3392,9436,15316,3244,108,0
7548,-7548,6708,16796,4544,-120,0
29292,9884,-9300,20616,5548,-1104,0
11536,-1624,9572,24216,4164,-4996,0
20700,296,7812,27952,-4388,-4844,0
14552,-2452,4188,17244,6508,28152,0
16092,-4352,2744,18728,4392,10292,0
16540,-1072,3852,6656,788,14160,0
16356,-2004,3352,10292,0,14716,0
15292,-1168,4784,9540,1364,14300,0
17572,-2220,5040,19008,-2544,13844,0
15560,992,-460,22720,4776,8464,0
16872,-2136,2288,4712,6260,-2024,0
17304,-1600,4124,29036,-224,-27616,0
22424,224,-4000,5712,-560,7100,0
24036,-368,-4628,22820,-4992,8564,0
21276,-6880,21540,16444,8276,4832,0
12680,5328,13968,16296,4484,1348,0
6988,-1960,14440,12708,7604,240,0
8500,1372,16416,16620,3920,1012,0
6092,-536,14968,16004,5200,4372,0
14388,6948,17520,18136,2844,4848,0
19072,-3176,9964,16800,2620,-1540,0
4344,-6044,2772,17916,4404,-652,0
32767,13256,-4144,18752,7976,-3036,0
12376,-4172,11936,27396,-4752,-9292,0
17528,9516,3516,19268,5128,1108,0
17008,-9712,7300,19580,4236,14584,0
16020,-2700,5300,13076,3052,12844,0
15840,-2876,5688,5908,-1284,14884,0
16188,-2116,1904,7032,1216,11304,0
15384,-988,1436,12248,312,14780,0
16840,-1044,2836,17696,-352,11320,0
16588,-1104,1688,10352,6308,2776,0
18344,-1592,3680,10724,-2316,4600,0
20412,-2108,-1416,17556,2620,8828,0
24368,6844,-6676,21732,6144,13492,0
18408,-9124,4276,16608,-1540,4064,0
20492,-2116,17220,16008,8148,1412,0
11444,-1096,14832,15992,3896,560,0
5928,1860,17428,17736,5620,-1408,0
6988,1324,14892,15756,3404,412,0
9364,2648,16372,14900,2432,3824,0
16504,2648,13948,18512,4264,1964,0
15476,-176,8200,14932,2544,-3180,0
9056,-1348,5200,18252,5072,-1696,0
18868,6180,-296,22524,3480,-5768,0
16804,-6904,13392,27156,-5964,-17208,0
13056,8380,4920,17828,10556,7144,0
16976,-6268,5192,20760,-1124,9956,0
16236,-2680,6548,7160,5660,14392,0
16952,-3716,4052,11112,304,15284,0
15576,-1016,628,7120,2456,12940,0
16544,-2580,3652,16040,-3092,13340,0
15596,-120,380,20176,3656,4376,0
17272,-1588,3732,5368,2928,1516,0
18436,-3376,4916,29608,-3996,-17336,0
18204,-2076,-1868,10880,-3092,9924,0
24888,8204,-5216,22824,1676,8944,0
17484,-7704,8828,15956,3964,3092,0
16300,2544,14768,17132,3860,2020,0
9148,-2716,14496,16480,3904,1936,0
6848,2820,16960,17020,4656,-128,0
6036,1892,15940,15772,3808,44,0
10816,3744,18300,17076,2872,1976,0
17428,-460,13464,19424,3352,1220,0
12864,-5080,8832,17272,3012,-2092,0
11204,3748,6132,18012,5200,-1584,0
6780,-4556,5660,20748,2808,-5152,0
22412,-1936,12928,26644,-6228,-14852,0
13660,2644,5952,17388,9408,10292,0
17312,-9652,5280,19444,-204,9124,0
15120,-900,3760,9324,5192,13412,0
16604,-4448,3024,10112,852,14688,0
15656,-2228,2008,7620,3140,13176,0
16236,-1932,3412,16468,-1508,14260,0
16328,-476,2208,20044,4016,5216,0
17656,-1216,2080,5904,2044,72,0
17128,-1548,2872,14112,-1960,4088,0
19656,-3620,-2776,8816,9108,8876,0
23856,6944,-9904,24684,1588,11832,0
18744,-9028,5104,16536,-3532,5912,0
18744,1280,17188,16924,11408,2880,0
11592,-360,14636,16476,1140,2724,0
6076,2636,16888,18588,5828,-204,0
4960,468,12616,18856,4148,-52,0
10452,4456,16668,17296,3520,1820,0
15808,-4852,13392,17120,2364,-1924,0
7664,-5692,8812,17204,3672,-3888,0
19396,9068,-2124,19540,6192,-1560,0
7988,-4736,6980,24196,3532,-7408,0
20616,-2124,11380,26360,-6116,-9232,0
14232,-972,4812,18608,8100,22528,0
16928,-4900,3412,18128,2356,11064,0
17956,-2544,3776,7060,580,15032,0
16264,-3016,1916,8408,-1196,15224,0
15432,-760,2416,7432,1280,12732,0
16764,-1588,4368,17460,-1948,14332,0
15636,-852,312,23452,7452,2188,0
17352,-284,3752,2892,6192,-3056,0
18568,-2612,5412,24668,2136,-13904,0
18712,-3088,-1156,9464,480,11004,0
22536,6560,-7120,22320,1384,9168,0
17152,-7500,3628,16912,2924,3700,0
21216,-3336,15784,16720,6884,924,0
13048,-1760,14528,15968,4356,-16,0
8828,-352,16676,16156,5512,540,0
6124,1388,14972,15436,3156,2276,0
8696,760,18036,12592,3056,5728,0
16784,2824,15232,17896,3804,3364,0
16688,-1864,9716,17836,4876,-1820,0
5380,-3948,3240,16224,3164,-2076,0
23572,664,-5360,20740,3432,-3728,0
16956,136,11016,26868,-5332,-14464,0
13412,6456,5416,18504,9176,5132,0
17348,-8416,5000,18216,608,10900,0
15580,-2032,4584,8832,3712,12660,0
17368,-3536,5064,11268,1284,14236,0
15332,-476,900,6304,1800,11796,0
16716,-2748,4016,12400,696,15044,0
16356,-1936,1496,18500,2700,11432,0
17724,-2488,2492,7936,-848,188,0
17752,-1620,2048,14640,-548,-2248,0
20064,-3432,-3308,10520,3316,10116,0
22796,10912,-7372,23924,2508,13344,0
19056,-5176,10296,15472,2020,3816,0
14948,4780,12600,16424,5576,1624,0
8684,-672,14116,15340,3512,1308,0
7520,4548,17092,16388,3868,1392,0
5408,-548,16048,15924,3920,1596,0
12256,4464,17972,17300,3044,3948,0
15480,-1004,11980,17620,2472,1504,0
9800,-7292,4664,17580,3200,-1208,0
17372,6724,2568,17788,5392,-40,0
5176,3336,1736,22424,3708,-3996,0
19300,-4976,10688,23936,-3796,-13924,0
14640,-328,5996,18832,8248,9896,0
16588,-4556,4868,18904,1152,9472,0
16044,-1880,4216,6836,5640,13572,0
16960,-2864,3164,9584,424,15712,0
15576,-272,3028,6728,2084,13436,0
16564,-2656,4796,13392,-1928,14176,0
15632,-1156,164,18344,420,7624,0
18184,-1712,3748,6572,1136,-296,0
17756,-4160,5460,29992,-92,-11956,0
19484,-1964,1124,12580,-1352,8280,0
22420,7496,-3484,21604,2196,7264,0
14880,-5192,4368,16124,4832,2016,0
18012,168,13596,16328,2252,556,0
10516,-2008,14204,16196,6332,-356,0
7796,2064,17448,17376,3532,1772,0
7628,1148,16008,16880,3368,4200,0
12944,4928,16492,17444,3516,5248,0
13508,2808,14712,17996,2748,2268,0
15076,-2496,7436,16172,4192,-1528,0
16700,-1944,5000,17928,5504,1976,0
11236,8836,1828,22296,3624,-100,0
18504,-6240,8744,22064,-5428,-3216,0
15988,-344,2312,17372,5708,2160,0
16296,-1796,1672,14904,3376,9048,0
15688,-5816,3380,9872,5148,12796,0
16104,-1600,4088,10604,3392,15844,0
15612,-1844,3304,7960,20,15556,0
14840,-2156,-188,18200,-4408,14924,0
14272,-344,-1420,8212,-820,15304,0
13952,-2824,2636,20520,16828,-4848,0
30904,5656,1676,22936,-23796,6324,0
21840,-996,5180,19980,9128,7412,0
5676,-2188,17528,14724,48,696,0
10420,2096,13188,15392,10280,-76,0
9448,-2848,14304,16720,3912,4176,0
10872,-8044,13824,16604,5048,4920,0
12444,-6328,17516,17548,2468,4004,0
9488,340,19532,16804,4028,1592,0
12368,5924,15044,16596,2740,-160,0
14092,-8868,8320,16872,2776,1440,0
22204,7464,6856,17792,3688,5008,0
14576,-1056,6112,17464,-1056,5624,0
14688,-1736,5276,17664,-7444,4068,0
16420,-2796,4104,18792,-9024,5176,0
15860,-2048,4516,16584,-96,9140,0
15968,-1932,4600,15736,12576,2280,0
16156,-2220,4308,15800,6756,2824,0
15972,-2372,3788,16232,-1436,2880,0
16096,-1040,3716,16696,-52,3360,0
16092,-2044,2844,17920,580,2988,0
16044,-1612,2900,18020,1936,3556,0
16052,-1080,4516,17252,452,2308,0
16352,-28,4200,17816,-820,3144,0
16268,-508,3096,16828,-328,3604,0
16144,-740,3736,15896,1960,4272,0
15960,-828,3640,16316,1964,3728,0
16288,-460,3648,16560,184,3388,0
16284,-424,4316,17840,-668,3444,0
16416,8,3928,17688,-1460,2864,0
16124,36,4092,17720,-1828,2304,0
16200,-1400,4200,18092,-1204,1856,0
16120,-1928,3816,17276,-1396,1648,0
16156,-300,2064,16416,-832,1092,0
16224,-1932,1384,16008,-1824,1252,0
16016,-1444,1824,16648,-1988,884,0
16296,404,2268,15964,-1516,544,0
15928,-1812,1992,15660,-536,844,0
15780,836,2704,14524,-832,308,0
15884,444,2492,14620,1784,-944,0
15752,2784,4324,14276,1916,-1448,0
16000,92,3408,14008,1716,-264,0
20576,-972,4940,32767,8912,-2268,0
19344,-1296,1044,6884,-112,12220,0
20300,-7288,1864,22680,416,10212,0
15768,-4476,10696,17332,8360,3916,0
17484,-3240,10180,16520,3328,4180,0
11388,-4076,13540,16100,6152,2572,0
12392,3580,13340,16344,4828,260,0
9888,-1888,14928,16488,4876,1728,0
10976,-4320,14364,15156,4032,4380,0
16012,5436,13584,17916,3152,3688,0
12392,3124,9508,17224,4268,-28,0
8984,-6732,5292,15648,1956,-2576,0
27072,15192,-4396,18012,3416,-5544,0
13368,-3016,11516,25292,-7704,-11368,0
16104,504,7608,20144,14504,10144,0
16984,-4636,7876,18796,-4296,11372,0
15860,1364,6984,10640,2224,13700,0
19408,-4808,4616,9836,-1336,13064,0
15764,468,4852,8600,1032,12640,0
16768,-2992,4056,14080,-996,12100,0
16196,348,-1820,19456,3604,8700,0
17208,-508,3128,7096,5052,-544,0
17348,52,2480,11568,316,3908,0
22704,-4036,-2368,14536,5328,8668,0
25400,4312,-10088,20760,-4176,13396,0
20204,-6700,15168,14352,7912,4324,0
11052,5240,13592,15980,5632,-80,0
7896,-2332,14560,15740,4772,-688,0
6644,392,13960,16924,5892,-1632,0
8744,1108,15388,15176,3996,2784,0
11200,804,16348,15816,4144,6548,0
13308,2492,14212,17176,2776,3784,0
15860,-5352,9148,17336,3540,-968,0
10028,-2632,5080,17760,3704,-296,0
32767,3904,3044,24488,4740,-2192,0
14272,-344,14192,26296,-7016,-11156,0
14112,3288,5196,20000,11492,25532,0
17800,-4892,4904,18300,664,11148,0
16008,-996,3752,6852,272,13956,0
16076,-2704,4076,10368,1424,13344,0
15220,-2792,1284,8492,1468,11768,0
16656,-1200,1644,15876,-2280,13552,0
17256,-1244,2204,22864,5644,6676,0
16496,1236,548,5788,5116,-2620,0
17788,-1600,-276,13836,2656,684,0
24384,1908,-5488,11732,3280,7560,0
22316,-2680,-3104,24064,-5128,11516,0
18716,-5964,15204,17584,9084,6028,0
10508,-1236,13948,17520,3748,1628,0
7060,1648,14976,14596,5128,624,0
8024,-1636,14284,16304,2192,-928,0
12020,2992,16412,16012,7524,-784,0
16012,1888,15320,16976,1092,912,0
13432,1580,11264,17152,2188,1844,0
12096,-2716,-2480,18688,4512,2144,0
32767,-632,1244,23168,5276,-2380,0
14304,-1832,12364,28836,-6844,-12128,0
14168,7892,4268,18688,10716,8728,0
17904,-10704,5644,15304,-1580,10148,0
15208,-788,3912,9228,4336,14060,0
16792,-3780,3404,12196,-632,13728,0
15408,-1456,1528,8496,2784,11968,0
15736,-1872,3384,17632,-1188,10944,0
15268,-772,1884,21044,4528,5064,0
17732,-740,1924,4744,4360,2784,0
21688,-5264,-384,32767,-6820,1356,0
25048,7524,-4768,15180,-2828,15480,0
19580,-2784,2040,19768,-1332,5448,0
16784,-4448,16328,15988,7080,1588,0
11048,-896,14120,17252,1980,1216,0
4196,1180,15532,16232,3724,432,0
6716,1856,13104,15308,3060,-1368,0
12532,3740,15184,15784,3768,1408,0
17872,252,11172,17996,1476,3736,0
11908,-2280,6516,18224,1204,1444,0
19064,7256,1108,20232,8172,-3256,0
4304,-636,5788,23200,-1024,-9084,0
22392,-1204,14640,24228,7764,-8348,0
15604,-3244,5316,18220,7796,13304,0
16720,-4288,4648,17564,260,11536,0
16036,-2612,3844,6692,696,14676,0
16092,-2488,1632,8392,700,13240,0
15520,-1236,1988,9964,1168,13484,0
16860,-1428,3076,20772,-1284,12732,0
16640,-1888,2604,17324,4968,9144,0
18344,-2388,3640,11104,1196,3744,0
22132,-1740,-1284,23980,4560,556,0
25136,7448,-5912,14896,68,15168,0
18784,-7440,4424,17388,-3684,5632,0
20340,-3768,16672,16800,11468,2412,0
12260,424,14684,17080,-216,2272,0
6740,656,14888,16924,5836,1772,0
7468,2704,14124,15048,2708,1612,0
8724,2908,16244,17672,4004,3396,0
17232,3440,14352,17252,2144,2816,0
17324,-3320,6648,17348,2832,-1352,0
7564,3568,6960,16000,3252,-1052,0
15588,-4960,6864,23296,5452,-5916,0
18948,-456,15528,25724,-9352,-11796,0
15520,-8,5592,21636,10548,18944,0
17116,-5764,4024,17076,2280,10676,0
16008,-1264,4024,8220,-340,15924,0
16544,-3104,3436,8064,-1028,14736,0
15664,-504,1128,6032,1452,10488,0
16708,-1572,4336,14248,-1716,14800,0
15372,-624,96,23864,2872,7148,0
18204,-1872,2708,1140,8100,-4192,0
17756,-2696,3220,19552,-2320,-5472,0
22084,-2168,-4396,7676,4552,6988,0
25672,6928,-5016,23572,36,10212,0
23404,-8800,22120,16480,6256,4872,0
11124,4124,13316,16612,4848,1820,0
5720,-4288,15664,16880,6300,1204,0
5720,1480,14156,16264,2884,1284,0
6168,-468,13636,16116,4492,1580,0
13340,5100,18540,17728,3100,2580,0
18864,-1108,9124,16016,3588,-764,0
3728,-6708,-128,20772,6268,-1532,0
32767,15772,-26184,16040,6884,-284,0
10876,-512,8300,25448,-536,-8944,0
18656,5056,7028,22420,3756,-6428,0
16076,-7028,7832,20092,9432,18132,0
16212,-4548,4144,16504,1260,11220,0
16412,-2764,3532,7216,192,15104,0
16404,-3372,3520,8676,1972,13716,0
15576,260,2808,9528,692,13624,0
17296,-1580,3416,18732,-644,12796,0
16664,-2004,2740,19224,5240,9236,0
16864,-2184,4828,9284,20,3532,0
20456,-2680,5192,32767,1392,5948,0
19192,1580,-1356,15544,-3000,17268,0
20604,5040,-3652,17212,-1020,7368,0
19260,-2216,15472,17060,3624,4440,0
15272,544,12132,17368,3448,2072,0
8136,-976,16152,16848,3064,-88,0
8684,1260,16120,15372,4676,-1816,0
8184,1556,15784,16764,3660,3440,0
12584,4996,16032,18432,2680,3928,0
16252,-1212,11024,19448,3228,-24,0
10780,-2452,5204,16016,4380,-1120,0
14756,-5856,-1960,17892,6064,-128,0
5292,15940,6148,26692,-2764,-6952,0
24212,-8512,11800,24504,-3448,-1912,0
14100,3272,5972,14628,2408,16584,0
16456,-8772,3576,17388,5192,10944,0
15856,-2168,3404,10804,-1216,12032,0
15752,-2212,1496,9244,3424,14732,0
15268,-988,2708,14344,1448,13256,0
16244,-3360,1648,20260,1824,7032,0
15076,-904,2764,6568,6184,1584,0
16340,1120,2840,12740,2364,6168,0
21928,624,1528,17236,3512,16912,0
22212,1728,412,20252,-1768,12396,0
24648,-4212,1760,15648,4240,5856,0
17332,-976,17160,17004,3716,3368,0
11616,3648,13508,16848,4196,3928,0
5948,2356,14656,17040,2092,2708,0
9376,8124,12004,15892,2388,1452,0
9324,3068,13732,16552,2792,3136,0
15380,-44,14140,17212,2916,1224,0
17432,3552,10636,17660,2392,-1560,0
24432,10764,-4832,21468,6420,-3260,0
6128,-360,11348,23848,-1408,-7984,0
20840,-124,7768,23964,-3696,-8648,0
16276,-2184,6836,17244,4344,15776,0
15744,924,7608,16924,-208,9208,0
16660,-1940,6688,7916,-1528,12876,0
16596,-268,4932,10916,-2848,11324,0
15372,-1440,1704,13572,136,13808,0
18460,56,1368,19016,3236,10556,0
16808,-276,676,4648,-1864,3744,0
18772,-4724,-300,28356,7108,-4816,0
20460,2112,-5220,8000,-4416,14856,0
22448,-8316,-2464,25184,3984,10364,0
22604,-5296,13688,16084,6028,2416,0
12564,5692,14220,17372,2968,576,0
8396,-3204,15604,15648,4340,1056,0
7708,1876,13244,15704,3768,264,0
7912,2168,15884,22256,8296,-704,0
12504,3544,16296,14836,2916,3136,0
20380,-628,8804,17276,1780,-3000,0
4332,-4580,1292,17764,3820,828,0
32767,-1184,360,20428,9132,-2108,0
10528,-3152,16956,27620,-6764,-13564,0
17332,13812,4188,19188,10460,4268,0
18004,-12680,5344,19404,732,13000,0
14700,-1536,1588,11336,3572,13600,0
17844,-5628,2832,9728,-228,14340,0
15240,-1468,1792,5064,3952,12756,0
15844,-820,5688,12136,592,15244,0
16188,-1292,1816,20200,3784,9448,0
17288,-988,2712,9124,-380,692,0
18388,-1712,3144,13940,-348,4656,0
21496,-4184,-1888,10144,6900,12436,0
25304,8852,-8004,23364,-12,13576,0
19276,-7024,10876,16308,4812,5412,0
13848,2896,14956,16828,5148,2288,0
10372,-4368,14748,16428,3828,1684,0
5056,-348,17264,15748,5680,-328,0
5672,-788,16172,15816,4604,124,0
9368,1088,19920,18920,3328,3880,0
17284,-352,12728,17508,2280,996,0
10880,-3056,9236,18216,3848,-724,0
9060,1952,11088,16192,3412,-3740,0
13852,-6048,5348,26604,-1024,-11340,0
16748,-1392,6616,22016,12780,-2908,0
13152,-6552,8984,19744,7348,18300,0
15996,-1456,3388,13532,1668,13480,0
14356,-9364,440,7960,-2484,13260,0
13004,2804,2788,3904,4348,14172,0
16804,-6384,5760,9696,7368,15172,0
15624,-1828,300,19692,-4180,14448,0
16948,-1060,2032,14624,7044,10724,0
17664,-1960,3788,8160,2160,4456,0
19888,-1060,-3612,18160,10684,-3948,0
27400,9372,-9204,19384,4036,15696,0
19772,-7308,11664,15548,-5264,7872,0
15124,4564,19124,15728,12636,3680,0
10520,296,14000,17252,48,1800,0
4032,-12,17080,18196,7676,-220,0
2684,-240,12196,16192,3924,2036,0
10524,1736,17828,17860,3092,3464,0
16264,-3464,14096,17060,2312,196,0
6008,-4668,7640,18688,4012,36,0
32767,9452,-24604,18944,5724,1924,0
7524,-1604,6732,25872,584,-7540,0
20548,7156,5528,19008,6416,-3876,0
16972,-9716,8616,23288,2860,9700,0
15444,-9116,7344,18404,2116,11044,0
15604,-3860,5672,8264,-1580,14500,0
16248,-756,1128,7804,1416,13652,0
16292,-1232,4064,11912,576,13796,0
17332,-508,3272,19220,-4384,13316,0
16004,-1364,1896,19072,6948,9708,0
17192,-1588,2992,9108,-1584,3520,0
22368,-2368,4,25540,2176,2288,0
25848,9364,-4632,16832,2228,15296,0
18888,-9652,8876,16360,-440,5364,0
16784,-1684,18908,15932,8260,1768,0
12216,-1396,14932,16948,2988,1624,0
5496,664,17896,16900,5256,684,0
6668,1944,16480,16076,1144,-152,0
7536,3428,18228,17960,5908,3700,0
15224,676,15724,16044,2784,2216,0
19364,-4580,5948,17468,3888,708,0
5688,-1340,8832,18704,4216,376,0
21464,6308,-8052,19612,2584,-4156,0
21392,568,13184,25600,-8252,-16192,0
13308,4780,6240,19304,10848,10436,0
18192,-10320,4180,17532,2012,10992,0
15388,-1208,1984,10948,4616,14064,0
16416,-3688,16,7836,-100,15412,0
15624,-300,3228,5648,1852,13152,0
16904,-2800,6652,11964,-1904,16544,0
16312,-1656,996,20540,56,11792,0
18232,-1324,3552,10632,4304,132,0
16392,-2508,3352,11820,-3956,6268,0
21796,-2580,-1092,12140,12036,7424,0
26476,10236,-5760,24660,3300,13236,0
18232,-8372,10604,15824,-2028,5240,0
14756,1992,16652,16156,10452,1116,0
9724,-1264,14584,16280,2488,44,0
4284,692,17216,14876,5780,1564,0
4140,-44,15124,16724,2688,716,0
11412,2076,17188,17044,3568,4324,0
15084,-2332,11148,17668,2140,1636,0
7516,-4688,8020,17076,3968,-1424,0
28316,1944,-16752,18316,3852,-1172,0
10428,2660,7020,25776,2424,-5284,0
18056,168,7732,21448,7408,-6152,0
16836,-8700,7156,19200,6604,15352,0
15372,-660,3804,16852,1312,11784,0
15596,-7272,5628,10756,-980,13008,0
16308,2232,3772,9068,1600,14712,0
15960,-3292,4068,10144,1696,15544,0
17588,-1828,1204,18556,2760,13812,0
16712,-1860,2848,14244,5128,9864,0
17064,-2272,3028,9840,656,4924,0
20952,-2312,-220,26172,6580,-1584,0
22332,6656,-8268,17940,824,13768,0
18528,-6452,4660,17752,-3800,4672,0
21172,-300,17828,16228,8120,2884,0
11220,2428,14704,16608,1924,1548,0
7044,1272,15512,15812,3704,1384,0
6740,2160,15524,16040,3156,1340,0
10492,3784,16804,17740,3068,3412,0
17904,-448,12776,17580,2332,2316,0
9716,-6488,7656,18404,3132,-524,0
10424,5396,9696,18332,3752,-936,0
12840,-5928,3676,21292,3652,-7000,0
24376,1920,13008,23288,-7356,-17964,0
13800,2012,6112,18528,9060,8828,0
17528,-4892,4848,20980,-1096,9664,0
16020,-2020,5136,8072,4148,14648,0
16380,-3240,2468,8772,152,14968,0
15360,-484,788,4964,692,11408,0
17352,-2364,4888,15476,-3328,13892,0
15352,-1912,-80,23472,4212,4764,0
17376,-2188,2388,2696,4576,-1096,0
18940,-4832,2448,32767,-8324,-18776,0
20664,-44,-4960,9988,1792,9852,0
24316,8016,-4752,23128,-3104,7536,0
20604,-6292,25260,16884,6084,2792,0
14188,3304,13452,17032,4048,1640,0
4880,-1540,14812,16972,4672,1928,0
8092,2412,14500,15972,4032,816,0
4520,2200,14548,16080,2972,2740,0
17896,4580,15076,17344,4020,2796,0
18872,-2344,6996,16040,2456,-2324,0
5184,-2756,4128,17100,3908,-1216,0
25740,7188,432,21700,3260,-4384,0
15980,-4080,16156,28928,-8796,-6472,0
14812,8908,1488,20428,2328,1916,0
17440,-7184,3504,15016,6376,13220,0
15792,-608,2792,11884,5000,13872,0
16172,-1540,4560,5328,-1860,14336,0
16380,36,5976,5512,-436,13320,0
15764,-632,4188,13536,256,13080,0
15760,-1136,3008,20972,-6504,10200,0
15608,-1628,816,11644,11440,-560,0
17212,-1900,2732,15392,12772,-5216,0
22144,160,-204,6460,-12152,9356,0
18436,8404,288,20548,6464,10700,0
17396,-784,7344,15388,5944,3072,0
12616,-2008,16024,17640,1960,-376,0
12852,-728,11004,16532,6224,2596,0
8588,-300,15048,17544,4208,4340,0
9456,-5224,14324,16512,4460,3892,0
9876,-812,19836,16400,4040,2416,0
5620,-3676,16976,16800,3312,3424,0
10068,-1328,16768,16404,4344,3972,0
8092,-1536,19020,16836,2944,3916,0
15408,-3644,15756,16908,3528,3712,0
10452,14360,8540,17296,2648,4108,0
19680,-13024,3236,17572,-276,3780,0
10684,10516,5156,18172,-260,3772,0
18076,-11016,4108,17432,-76,4516,0
15496,-448,4696,16888,-2640,5744,0
15556,-532,6936,13876,3224,8280,0
15876,-940,5084,15444,7356,2836,0
16296,1068,3040,14828,1684,3440,0
16704,76,2420,16932,-2268,4536,0
15976,-1664,3220,16328,-1044,5468,0
15940,-2084,1152,17880,1840,6096,0
16212,-2348,2960,17508,1396,6280,0
16320,-1756,3352,17204,3600,5340,0
16364,-1896,3748,16636,3872,4652,0
16316,-1200,3060,15464,4832,4984,0
16312,-2200,3352,15780,5184,4204,0
16332,-1480,2764,18124,1804,1116,0
16360,-1344,3092,17000,2496,4340,0
16400,-2104,2336,19048,1052,-1624,0
16092,748,-40,13964,-1176,-132,0
16412,-188,-80,17220,524,760,0
16440,-7408,-1640,17428,2696,2056,0
16036,-6480,2600,16848,3968,2812,0
17676,268,7396,16640,3316,2844,0
15796,6400,5256,17012,1996,2212,0
15920,-104,4516,16456,4700,1664,0
16440,-1132,4376,16528,2936,488,0
16308,2440,3440,16724,3776,1412,0
16768,840,1740,16520,4388,2260,0
16376,1980,1404,16196,3260,2408,0
15812,1464,824,16340,4216,3532,0
15944,1688,676,17140,3748,2472,0
15112,1228,940,16088,3988,2048,0
14704,524,1360,16816,4816,1652,0
15152,-700,2872,16240,2948,728,0
16892,796,392,16728,3936,248,0
17012,836,1568,17360,2240,-452,0
16868,-3128,7700,17700,3764,-3760,0
17520,3796,6060,23244,-3100,-6680,0
15872,-2660,2268,22192,4932,2416,0
16112,-3124,3748,11648,3828,13640,0
15520,-2476,2320,12248,2148,11184,0
16196,-1988,4676,13620,-1732,11352,0
15460,-1128,4000,11736,3620,9944,0
16760,-2588,6508,18212,-2428,9388,0
17300,-1024,5412,17608,2372,7160,0
17148,-632,-2260,12432,5400,608,0
17384,-2352,296,12252,-448,3816,0
16672,-3696,-760,24292,-2256,-20968,0
19480,3976,-6868,15336,-4564,7944,0
19800,-524,5168,16496,1228,5672,0
13440,-1752,11972,16852,4160,3880,0
11104,-584,14036,17000,4024,3976,0
8160,4696,15740,17348,3120,5588,0
5420,7460,20304,17196,1908,4432,0
12828,3704,12528,15816,5680,3036,0
15548,2804,8800,15272,3036,3456,0
15164,5376,8156,17748,2656,4592,0
14024,2052,5720,17908,2048,2612,0
14720,552,3252,15396,3296,468,0
12264,2404,5588,15880,2188,6656,0
22960,-6812,2000,19948,1720,5836,0
14456,2252,5312,17228,416,404,0
18804,1744,4112,19940,1984,-2076,0
15144,-1572,4100,16412,7912,7120,0
15160,1144,6352,15896,104,15644,0
16068,1024,9468,12264,4184,8484,0
16120,-1856,7468,15956,2424,7960,0
16188,-444,4772,18856,5100,8436,0
15632,-1236,1076,12004,-3416,14040,0
17728,1028,-68,7132,-9784,32767,0
24592,5620,1468,16204,5304,9068,0
24972,-10168,2056,16324,10056,6860,0
14264,-6512,13480,18116,4668,5976,0
11168,-4004,17084,17708,2068,4468,0
10552,1472,10528,18616,3580,4032,0
12688,6144,10292,15016,4936,5508,0
15376,-764,11380,14668,4460,4056,0
14348,-2020,8004,14324,4480,4152,0
8040,-128,3256,17288,2648,-64,0
31744,7140,-4920,22792,5592,-8644,0
6708,-4028,17880,25972,852,-4500,0
17772,4512,9824,17360,10920,20592,0
18212,-7544,7100,15268,3824,9432,0
14876,1768,4356,11112,-3648,10408,0
15960,-2684,4212,10248,2836,11288,0
16716,-2656,5872,16308,-1432,11012,0
17276,-752,3956,19888,-2712,8200,0
17352,272,-1192,12732,7152,1504,0
17628,-1672,80,11732,-428,3332,0
18320,-5032,-4572,32767,-4860,-7716,0
27308,6740,-6260,13736,-1020,16700,0
21012,-5372,15064,19064,888,4480,0
9340,836,14224,15484,5240,2184,0
7596,-2400,15588,17104,4456,1592,0
6088,-164,12832,14916,2472,2916,0
9720,1264,15508,16676,3500,1596,0
16296,4384,14812,16344,4728,2568,0
18248,-280,7604,16876,3100,1648,0
10492,-3124,3252,16744,3168,-232,0
11828,-120,3036,17308,3048,1696,0
23436,-964,5764,24648,2668,-3092,0
15436,4380,12644,29196,-1056,-12108,0
16064,-2504,6300,15396,8868,19936,0
17280,-3140,5120,19000,4888,11132,0
15960,-1168,5964,10072,1212,12284,0
16632,-1096,3780,7856,2556,11000,0
15668,-1544,2060,13008,112,14484,0
17332,-2036,2808,15988,-1372,11124,0
15712,628,-688,17616,7552,6520,0
18372,-3176,1916,9912,-1704,3468,0
20932,-1536,-1804,32272,24,1668,0
24808,6712,-4172,17000,-52,13392,0
16276,-9372,7168,16680,408,3904,0
14432,1676,12104,16220,6820,844,0
8688,-2180,15204,16596,3924,1292,0
8128,-1184,7656,17276,3336,2404,0
9940,1668,14320,16368,2964,1448,0
9152,3748,17600,17164,3568,3280,0
15576,244,11512,18552,1788,2816,0
12160,-1884,8916,18148,3664,72,0
13560,4008,5460,18632,4600,-4408,0
20240,-3928,7156,21388,3412,-7784,0
18640,3228,12284,25416,-7068,-12004,0
14612,-1440,4000,17424,8696,12836,0
16540,-4268,4252,19676,1852,9984,0
16208,-20,5136,7068,2144,14452,0
16264,-1952,5292,9504,1576,13828,0
15860,-1560,4092,8500,432,12056,0
16048,-2996,1900,15824,-2508,14520,0
16508,-1116,2568,21292,4444,5872,0
17064,-1500,2232,7604,4576,-60,0
17524,-2592,2424,19256,60,-6736,0
21984,-2592,-3408,9636,3160,10028,0
25572,8524,-4860,23208,-912,8616,0
19976,-6892,24340,15672,5960,3020,0
11740,3372,13296,16548,4344,1104,0
4352,-3012,16892,16864,4956,968,0
6268,-916,13980,16984,3264,268,0
7200,1324,14064,15644,4012,2852,0
14576,4468,15800,16680,2944,2172,0
18864,-1648,7588,16756,3304,1152,0
7976,-4456,5084,17608,3076,1088,0
28984,4508,-11268,20028,8452,-420,0
10464,-3684,7268,21756,520,-4908,0
19660,1960,7632,25712,-2932,-8536,0
14696,-2996,4312,19692,4412,26024,0
15996,-4328,4076,19984,2268,9380,0
15856,-2152,4732,7556,1700,13660,0
16148,-3180,3824,11156,560,13800,0
15596,-1752,2452,10772,788,13280,0
16436,-1012,2804,17568,-2384,11876,0
15916,-712,1988,20612,7648,4900,0
17600,-844,2396,7952,1116,3000,0
21748,-4856,736,32767,-2416,-1908,0
22048,3736,-3972,11804,2472,15204,0
22400,1432,-1780,20384,-4692,5076,0
19248,-4220,16052,16956,8548,2284,0
12700,3156,13000,16792,1840,2028,0
5856,-1332,15900,17132,4752,1744,0
8020,3320,15476,16000,2772,1132,0
8296,3476,14636,13936,3684,4492,0
16732,3432,14336,16520,3160,3168,0
20476,-3904,9668,17092,4024,-852,0
12740,-4796,508,17804,4104,-1792,0
15484,6428,13180,22488,4508,-6760,0
21980,-1000,13500,24908,-7292,-10912,0
13252,3464,2216,21888,472,20268,0
17276,-7036,4052,18236,2424,6696,0
16300,-2052,3688,7680,2100,14028,0
16152,-2504,4128,12396,188,11616,0
15764,-2040,4628,11824,-1148,13428,0
16724,-1448,4088,16980,156,12536,0
16404,-1840,380,19076,2884,11208,0
18276,928,3056,10936,2552,2396,0
20012,-3900,2140,30872,-3900,-1968,0
18856,256,-3464,13956,-6032,12860,0
23168,5676,-4768,20272,2544,6392,0
20748,-3288,19624,17276,4184,3844,0
14268,2692,12592,17512,2824,2660,0
8788,-2968,15244,16408,3492,1948,0
8032,3884,15848,16936,4976,532,0
7380,2316,14884,16180,4756,840,0
13584,5712,16272,18260,3436,3220,0
17956,-3428,9256,17628,2120,1048,0
6088,-2964,4368,19428,5592,-2156,0
32516,11208,-17076,18604,6808,-1720,0
7784,-2496,6128,22780,-80,-9172,0
18636,2284,7532,22312,4004,-8200,0
16688,-6300,6620,19408,8572,13136,0
16168,-5656,4440,18312,748,9936,0
16272,-2156,3884,7992,904,14092,0
15520,-3696,1128,9016,508,15016,0
15376,-952,2268,10320,604,14444,0
16872,-1352,2484,18636,364,12700,0
16912,-1384,2716,17128,6536,7656,0
17624,-1740,3500,10492,888,3604,0
21072,-2408,696,30644,5516,-2076,0
21752,2372,-4104,14652,-700,14800,0
21824,436,-5692,18456,-3244,5524,0
20828,-4428,16536,16964,10680,1980,0
15232,2808,12204,16976,1504,1604,0
8412,-2280,16648,16472,5484,2020,0
8928,1228,16160,16988,2944,432,0
6312,1332,15336,18352,4908,1056,0
16120,5060,15732,17108,3244,1856,0
20712,-2116,8248,15444,3696,-2116,0
5704,-4840,2896,17964,4796,-1276,0
32767,12276,-260,21152,4576,-3880,0
13300,-7688,14936,25784,-3196,-8704,0
17192,12928,1824,20260,4872,-3772,0
17796,-10488,5264,18280,7932,14724,0
15392,-1244,4184,19588,4316,11108,0
15592,-3732,3796,7808,1792,14136,0
15224,-2312,1860,8220,1424,12384,0
14908,-1368,2244,9888,296,14476,0
17444,-1532,2404,16892,680,12048,0
16660,-2020,548,21552,4464,14236,0
17328,-1756,580,8192,3016,1452,0
18468,-5376,308,32767,-9048,-11880,0
19828,260,-8224,10052,2004,15660,0
22804,3940,-7372,18048,-6548,5356,0
24208,-7924,15644,16464,11968,3792,0
14140,2368,13512,17060,1448,1244,0
7712,-5140,16212,16836,7584,1424,0
5648,716,15572,17852,3616,-852,0
5848,592,15856,13516,5300,2356,0
12916,2472,16952,16520,3988,2196,0
19744,2764,11928,18720,5156,-752,0
8144,-6844,3560,16288,3940,-1704,0
32767,19044,-25348,17924,7808,-2380,0
6416,-1108,5352,23028,-960,-11096,0
18280,5260,3504,22700,4376,-9076,0
16880,-4720,6160,21196,5980,13076,0
15260,-7392,4364,18768,2764,9340,0
14476,-1780,3260,7324,-516,13584,0
15664,-3484,2052,9208,1508,13404,0
15704,-2200,4504,12364,1244,13840,0
16188,-1396,-432,20032,1392,9296,0
17684,-1804,-204,10140,164,708,0
17312,-1292,1180,14044,1460,4252,0
19696,-5016,-1500,32767,4916,3828,0
17968,-1248,-8196,13272,-3440,17092,0
22112,7372,-8504,18080,-2304,5304,0
23884,-1272,14788,17084,7768,4000,0
14208,3296,14812,17384,716,3168,0
9276,-264,15880,16556,4560,3044,0
7672,-808,4672,16448,2740,1456,0
6640,8456,12552,13784,3424,1808,0
12100,1612,14868,17192,3032,1224,0
21904,-7368,8700,16864,1604,-1588,0
1572,6180,-3232,18360,4012,-580,0
32767,7376,-4500,23956,8336,-3840,0
12488,-3952,15616,21128,-3416,-10484,0
17380,14692,1840,20168,6720,56,0
16820,-8744,7492,22696,7360,11904,0
16456,-5912,3916,7872,2196,12716,0
16988,-2496,1148,5844,-1236,15544,0
15488,-1196,1544,5716,72,10028,0
16356,-2256,4660,10132,556,15340,0
17216,-2556,2148,17856,424,13324,0
16336,-1664,1052,20844,4404,14796,0
17544,-1996,1304,6792,140,3096,0
19320,-1416,-4852,19592,8436,284,0
26640,11688,-9764,16892,5464,15164,0
19656,-9376,8888,15084,-7924,7104,0
15804,2816,17252,16584,13188,3440,0
10656,-1872,13164,17268,836,812,0
4876,3544,16004,18428,7224,-1152,0
5892,-776,12988,15596,3144,584,0
10444,3816,16544,14744,3144,3040,0
19696,-4624,11624,17544,3360,-184,0
6464,-3828,7436,19296,2408,-3432,0
30064,8004,-20132,16232,7316,-1520,0
8336,-4412,8488,25604,1008,-11172,0
20336,3956,6576,23060,1192,-8796,0
15640,-5164,6852,19952,4852,12972,0
16716,-2096,4752,17980,2700,10536,0
15248,-2448,4724,5668,-1840,14268,0
16036,-2156,3448,8040,512,12968,0
16292,-416,4072,11664,-180,14520,0
15136,-1844,236,20588,4480,9420,0
17612,-1568,3492,11684,1400,3532,0
17704,-2896,5208,13552,556,4948,0
20328,-5080,3352,32767,2332,5252,0
19712,444,-5476,11780,-7628,18184,0
22372,4428,-6788,17880,232,3540,0
23448,-3904,18092,16156,6276,2980,0
13800,4076,13324,17540,2032,1628,0
5204,-1564,15504,17480,5072,2096,0
6532,2636,14692,16724,4000,356,0
6404,2272,14904,16636,4392,776,0
15348,4456,15708,16800,2876,2264,0
19264,-2144,7816,15644,3704,-448,0
4300,-3268,2312,17844,5288,-1844,0
32767,10836,-5032,16072,5824,-3116,0
9528,-3276,14884,27564,-4692,-10704,0
18316,13168,2136,20252,8096,-2324,0
17456,-9388,7008,18956,4764,13488,0
16172,-4768,3500,14300,2620,12600,0
15876,-3524,2484,6992,-500,14124,0
15788,-3072,2328,7628,2032,11172,0
15584,-1268,3992,13224,-1528,14856,0
15648,-1484,640,17324,612,10520,0
16452,-1980,2792,13716,5212,4888,0
17488,-824,4704,12288,-144,4084,0
20708,-4488,3804,32767,3864,1900,0
19124,-156,-2988,15408,-1416,13604,0
23720,7596,-2184,19424,-1476,2896,0
15548,-3848,13488,15440,5996,364,0
14700,-128,13428,16172,4156,-288,0
9888,-4288,15592,16896,5056,-968,0
5868,268,12136,16472,3264,888,0
8172,944,15068,16348,4232,2480,0
12744,2928,15872,14112,1656,3880,0
15040,380,10836,17280,3052,1744,0
15236,-4176,6004,16292,2940,-240,0
9256,-2596,4364,18896,5160,1936,0
32767,-1364,5320,21336,3504,-1232,0
13136,-1312,11152,23920,-4616,-10536,0
15672,5960,3496,19388,10788,-3592,0
18224,-5556,4440,17776,4792,14156,0
16504,-4864,4544,17896,6604,11172,0
16280,-1384,3868,12276,1372,13940,0
15748,-4092,3544,6848,4292,13576,0
15952,-1012,3896,15124,-828,14780,0
15920,-1564,-240,17912,1564,8096,0
17888,-2388,2580,10192,2892,1860,0
18176,-2060,1428,13400,-992,6720,0
20616,-1440,-3308,22888,7220,4196,0
25660,10008,-7528,17760,-1980,12800,0
16680,-7340,6376,17072,-160,3836,0
17812,-1056,18072,16548,7532,1260,0
10504,-440,14708,16312,3364,1236,0
5652,2432,17968,17352,5552,-976,0
7356,256,13200,16304,4584,972,0
11376,4852,16932,18204,2128,2592,0
12892,-1944,14128,19808,3644,-1840,0
12276,-4084,6128,18984,4724,-3772,0
23436,2520,-7236,16304,4656,-1540,0
9636,-3100,8128,23896,4572,-7692,0
20784,-3672,11964,23760,-4336,-11312,0
14132,-288,5188,19720,8704,13572,0
16448,-4936,4372,19324,1404,9684,0
15740,-2236,4180,8720,7256,14660,0
16680,-2580,3456,8760,2472,14080,0
15724,-1520,4860,7856,1124,14496,0
16900,-2416,5372,14364,-2400,15092,0
15732,-748,192,21780,3196,4888,0
17472,-2660,2072,7556,-160,1684,0
16820,-1672,2708,14408,-3708,5540,0
21952,316,-4384,13628,13012,6900,0
26776,11504,-8488,25120,-1900,11124,0
20132,-5700,23720,17396,60,6668,0
12716,5012,15444,16348,10368,3344,0
7488,-1832,15020,16784,1216,2364,0
7532,3096,14868,17780,6372,1264,0
5992,-2076,15288,16496,3444,1632,0
12780,5328,18604,15992,3556,2740,0
16492,-1556,9076,16772,3088,760,0
5548,-6880,5972,17032,3760,-528,0
31908,12672,-3616,21220,6020,1612,0
10628,-4692,11428,24868,-1692,-3248,0
19096,6988,4780,25296,-224,-2008,0
15868,-6504,5344,13456,8500,21796,0
15880,-1472,3192,16700,5148,12252,0
16476,-3920,4920,6608,1416,14376,0
16152,-448,5268,9268,2400,13044,0
15512,-1916,4400,13032,-536,14628,0
16196,-1636,3084,16140,-1008,12820,0
16184,-2320,1772,15516,4560,5896,0
16316,-1340,2624,13592,4192,2580,0
17940,-2060,4376,31256,-2708,-5288,0
20800,5184,7536,16192,-6472,7916,0
17092,3484,6920,17724,4320,7264,0
11784,-7032,18016,16184,6392,1844,0
13340,-2160,14444,16220,5056,1768,0
7384,-2400,11576,16408,4296,3908,0
11468,1804,12988,16512,5360,3520,0
10352,-4688,16592,16176,3996,1980,0
12796,2868,14868,16596,4348,1944,0
10156,412,14064,16468,4020,3720,0
8104,-6496,13804,16516,3140,4512,0
10068,-144,14760,16536,3856,4180,0
12132,320,17568,16468,3388,4076,0
19112,12,1328,16892,2392,5168,0
11624,15516,10448,18040,-2464,6728,0
20044,-5224,6208,17132,1804,4584,0
13572,-1564,3388,16272,636,4956,0
15440,-5276,504,16488,304,5384,0
15836,2216,1656,13924,-1536,6732,0
16020,-2496,3256,13672,4276,9752,0
16536,-748,4252,15524,6480,7860,0
16084,-2068,4412,16604,356,7772,0
16220,-640,4836,15676,2528,8084,0
16468,-2536,4984,16164,5892,7816,0
16336,-932,4240,15324,7236,6016,0
16204,-2172,5416,18796,-1692,4896,0
15808,540,4004,18364,2768,5824,0
15640,4752,3988,15320,2344,3912,0
15720,-2916,4392,17176,-4660,6824,0
15872,-868,1964,16240,3256,3196,0
17636,-2116,3988,17812,1300,1564,0
19056,-644,4388,16744,4020,3464,0
15060,1128,8816,16708,2544,5956,0
12812,-688,9428,17144,2860,5044,0
12808,-2808,9412,16500,3852,3148,0
14184,2132,8620,16464,3256,2204,0
14464,-40,6628,16284,3204,1136,0
15284,2408,7744,16624,3420,1500,0
18012,6004,112,16792,3556,2600,0
16420,-2208,4104,16616,2136,3152,0
16584,4800,5308,16620,2028,2800,0
15764,-824,4360,16192,1552,-836,0
15944,592,1900,17208,520,-2700,0
15852,-2768,2308,22100,-3476,3836,0
15872,656,5008,19516,-2972,7948,0
16548,-468,6464,14372,980,7892,0
16012,488,5536,14296,1892,4368,0
15884,-524,4060,16432,588,3792,0
15752,364,4272,17160,2128,2676,0
15652,640,5292,15808,1664,492,0
15376,220,3472,14032,1692,-928,0
16096,-1560,3256,12880,3424,1752,0
17688,-1224,580,25680,-5196,-7248,0
22144,-5004,-6056,12632,6656,8432,0
25784,-3156,-368,20104,168,6756,0
16124,-2480,9088,17240,3008,3984,0
13908,-1264,13396,17056,4976,4272,0
7716,-168,15804,16288,2800,2948,0
9580,7444,13684,16336,3988,2172,0
10116,-1608,14244,16376,4264,2100,0
15284,-3028,12972,15964,4352,1476,0
17204,8924,7048,16588,3904,476,0
10152,-9852,2964,18812,2428,3128,0
11864,6156,8440,20044,3968,2540,0
16296,2860,1172,22652,1556,-4884,0
19192,-2264,8716,30776,-3364,-14308,0
12508,1528,4852,17624,7000,31648,0
17516,-5236,3584,19112,2828,10824,0
14932,-1152,5588,4088,-2388,12036,0
15556,508,4004,10312,1484,12292,0
16244,-1416,4972,13568,-1180,15252,0
17552,-2012,2772,17744,-3384,14224,0
15976,220,-676,17952,8016,5052,0
17240,-2544,1716,9484,-1560,4312,0
20600,-3612,1036,32767,-1228,-3956,0
27400,8740,-5584,13520,-2852,14068,0
18848,-8300,11172,19852,3064,4716,0
13224,700,15204,15944,4400,724,0
9008,-132,14884,16384,4884,-448,0
7640,2000,16880,16136,3836,-296,0
4100,1024,14648,17588,4892,1940,0
10288,4876,19152,12752,2112,3220,0
14948,-1524,14120,19724,2988,1992,0
9304,1580,4732,17040,2548,-5048,0
9204,-3796,4940,24084,2440,-10960,0
21152,768,12508,21728,9532,-6260,0
14672,-3772,7688,23300,6156,14008,0
16864,-5696,3588,15828,2520,10696,0
15544,-3968,3944,5220,1284,15800,0
13816,-356,-64,6620,2116,13660,0
16040,-2660,2312,12004,108,15728,0
16932,-160,2296,15988,2484,12736,0
16084,-1768,1708,16820,5072,11184,0
18260,-1592,2596,10272,-1060,4120,0
18820,-2584,-2060,32767,2416,-1620,0
27876,10348,-5176,12844,3640,15452,0
17028,-7096,11832,19088,-4328,4436,0
14008,796,16464,16632,9680,3384,0
8480,-2752,14668,16924,2116,1740,0
6932,356,17336,16164,4052,1080,0
7012,456,15536,14056,2888,-412,0
12688,5556,18168,14532,4448,2084,0
17004,440,11516,17144,3332,2396,0
11036,-6528,5652,17852,3872,760,0
14436,7504,1908,17524,4292,48,0
6508,-1352,1164,25800,-244,-7120,0
20588,-4288,7468,22964,5168,-6316,0
15428,-2052,6216,19576,4428,14464,0
15988,-5508,4448,16292,4852,10940,0
14748,-1944,5004,10588,1288,13376,0
15824,-1788,2656,7976,3036,11788,0
15496,-1960,1280,12476,-676,14652,0
17016,-752,2660,16336,1232,11608,0
15724,-992,2168,20476,4424,10288,0
18124,-1924,2712,9816,3852,1448,0
19896,-5608,92,32767,-1588,-360,0
25904,7548,-9048,9760,1172,17780,0
14708,-11168,10524,20440,-2528,6568,0
19096,-716,11320,16784,7964,2832,0
6656,-664,15376,16388,1920,992,0
8692,-1512,18112,15456,5524,-504,0
4208,-2772,16656,14888,3356,-1004,0
9828,3204,19172,17736,3840,3944,0
13140,2488,13404,15764,1932,2524,0
14464,-3972,8268,17120,1784,-1600,0
6196,-1192,4864,18240,3852,-668,0
26536,3424,-7116,21552,2148,-4688,0
18488,1168,11708,29024,-7556,-15204,0
14536,3472,5120,17748,10880,13460,0
17144,-7204,4792,18156,408,10668,0
15276,-2384,3924,7448,6832,14600,0
16904,-2624,3872,9460,2404,13608,0
15288,-124,1720,7956,2456,12752,0
16372,-2512,3164,14988,-3244,14980,0
15972,-1212,1712,20820,4544,5628,0
17184,-1600,2280,7528,1332,1452,0
17656,-1864,2244,13892,-1784,5012,0
20524,-2236,-4740,13904,9572,5176,0
25776,11296,-8476,22980,-1236,12056,0
19052,-7700,10728,16028,-620,6472,0
13952,4260,14572,16484,10200,3284,0
10784,-3496,13276,17900,2908,956,0
8376,3876,16976,16352,6112,572,0
4780,-1512,15812,21480,4676,596,0
12672,5196,15928,15440,3580,2964,0
18180,-4112,11504,17532,2780,-24,0
7080,-4628,6084,19712,5348,-1372,0
32767,10020,-24072,17208,5288,660,0
7108,-2796,5700,23932,944,-8068,0
19644,1512,6732,22980,-940,-7412,0
15928,-4060,6632,20664,10568,22724,0
16020,-4128,3812,16948,1660,11088,0
15608,-2752,3860,6396,1296,14556,0
15988,-3684,1140,9484,1288,13108,0
15156,312,1964,9912,984,13764,0
17040,-2192,4312,17688,1644,12924,0
15776,-1968,1564,18524,5068,12656,0
17772,-2440,3896,9464,208,3308,0
20064,-4836,2364,32767,7604,4712,0
22716,2812,-4552,13880,648,18480,0
21508,-1760,-2680,18000,-6172,5428,0
21652,-6656,16092,17008,10836,2600,0
14220,2728,13280,16952,1428,1192,0
6724,-1964,15836,15476,5112,736,0
7468,1500,14856,15944,3312,292,0
7456,836,16624,14892,4804,3452,0
15260,2696,15108,16468,2628,4684,0
17656,-692,9072,16444,2912,-884,0
7628,-1748,4828,19980,5456,-420,0
20712,4252,-1220,21180,3376,-4580,0
17688,-2088,14124,26500,-8916,-13612,0
12616,2504,5440,19036,6836,4212,0
17092,-3636,4728,19860,3540,12652,0
16268,-2696,5004,12116,5604,11820,0
16144,-2452,2896,8744,616,15136,0
15988,-2336,1628,6448,1696,12944,0
16700,-2472,4296,12952,-1732,16460,0
16220,-1244,-72,19112,3060,10456,0
18036,-2004,2848,9636,1420,1920,0
16948,-1516,4140,13252,-1720,5180,0
20028,-1148,-2068,21492,12920,2268,0
21640,5480,-10204,22028,-384,15400,0
18340,-8488,2824,16776,-1884,4804,0
25392,-5984,16044,16528,8772,1564,0
13436,360,15132,18044,4328,1616,0
7000,-232,17884,16304,5132,-1036,0
6120,-952,14724,16696,3548,984,0
10508,1888,17416,17000,3808,2536,0
14884,-2492,13980,16840,3160,-276,0
12532,-2352,8204,18464,4324,-1280,0
9352,-256,7008,16704,3224,-340,0
19760,5192,-4508,20036,4556,-3636,0
19092,-5464,12000,26076,-10048,-14584,0
14040,8620,3660,19756,5624,3472,0
17872,-8056,3696,18336,6508,15152,0
16280,-2580,3748,15444,4212,10932,0
16076,-1720,3980,7276,-824,13972,0
15668,-3032,3928,7240,876,11744,0
16504,-952,4388,15260,644,10872,0
15984,-1292,404,23332,1200,6420,0
17156,-1464,764,3492,5188,-884,0
17940,-2476,2656,15996,2120,-644,0
19588,-4844,-2288,11236,3044,14436,0
28828,10860,-3460,24100,984,10856,0
18592,-7288,10656,15500,1860,3844,0
14204,2732,16212,17400,6184,1624,0
12988,592,11632,16000,4168,1460,0
7416,1764,16952,18368,4932,344,0
7444,848,14172,16884,4212,1400,0
12664,9200,17344,17292,2404,2552,0
18656,-10140,10412,18720,2008,1708,0
7404,-3864,8764,18148,4264,-560,0
27364,14040,-12520,18944,5896,-1292,0
7312,-5436,5716,16620,1364,-4940,0
19932,-2552,10520,21768,5172,-8468,0
15668,-876,5488,23912,9260,14228,0
16592,-9464,4144,17700,1812,11696,0
16888,-604,3104,8136,424,15444,0
16004,-1376,1224,7500,-1388,13968,0
16180,-1836,4120,8048,-128,14916,0
19152,-1532,1940,17884,3708,13136,0
16404,-1856,200,19756,56,15928,0
17060,-2744,860,10604,2240,2472,0
22548,-2612,-3616,15264,9532,12968,0
27948,13180,-1392,23152,-876,14484,0
20852,-6644,24936,16800,5908,3960,0
12740,4104,13340,16364,5180,928,0
6460,-684,14904,16184,4416,976,0
7268,2260,16992,15308,4252,-1844,0
6540,440,14872,16096,3708,2428,0
15340,9720,17932,19400,3100,3752,0
16896,-4984,9936,16128,524,-856,0
4156,-6760,2724,20924,5444,-2424,0
32767,17064,1852,17780,6076,-3312,0
12572,-11272,14188,28572,-5620,-8092,0
15568,13632,1444,19484,6460,-968,0
17280,-10292,6112,18876,1304,12056,0
16248,-2096,4612,12176,3204,13168,0
14512,-3276,5612,8840,400,13972,0
15408,-236,3216,8032,-8,13068,0
15796,-2220,3692,15708,-732,13572,0
16668,-2248,1732,21068,5308,3420,0
16508,-1304,2036,2104,4160,-672,0
18548,636,3088,26416,-1756,-19232,0
20588,-1648,-5000,12744,-896,10588,0
24060,3828,-7744,20480,-2240,8352,0
22200,-6344,21168,16816,4540,3520,0
13808,5196,12744,16816,5100,420,0
7464,-996,14420,15948,3496,376,0
6764,3336,16396,16304,5192,308,0
6964,-740,15120,16328,3924,1916,0
12652,4212,17416,16056,4040,3392,0
17904,-2688,11548,17560,3100,968,0
11508,-2544,6508,15940,1736,-2364,0
12016,2136,7556,19184,3136,-2620,0
6404,-3708,10028,21500,1372,-8424,0
23612,-1096,13804,26912,-776,-12344,0
12612,772,7640,20872,11236,22292,0
16908,-5456,5064,18216,368,10804,0
13784,-1432,5456,7460,6132,14848,0
16008,-4176,1884,9996,2692,12200,0
16024,-1100,1852,7888,536,13860,0
17708,-1816,3240,15740,-5340,11984,0
14420,-536,-1092,23904,7324,5688,0
17696,-2048,-88,4208,4492,888,0
19140,-4956,8,32767,-6780,-2456,0
25000,4448,-8412,11064,5052,16196,0
17148,-5488,5508,20680,-6696,5396,0
22648,-8028,15940,16824,8424,3624,0
13308,720,14284,17096,2792,880,0
6768,-1140,16808,15644,5400,-2176,0
6464,-856,13244,16804,3280,40,0
9256,2452,18032,17532,4652,4660,0
14336,312,13800,17512,3292,3752,0
16820,-3152,8796,16392,2656,-2132,0
9216,-2552,5496,16676,4292,-2172,0
23936,7892,236,21832,3576,-5516,0
17040,-2164,14492,27020,-8024,-16072,0
11992,6736,4220,17812,9576,13488,0
17356,-7480,3936,21936,1712,10920,0
15664,-1252,3784,7416,796,15048,0
16356,-3820,4088,9096,2236,13200,0
15424,-288,3532,6040,1240,12132,0
16632,-3308,4620,12404,-2216,14736,0
16284,-868,656,22488,2984,8980,0
18188,-1800,2740,8032,1876,588,0
17548,-1564,1780,14000,208,3044,0
20544,-3332,-5488,11356,11896,9312,0
26260,8012,-6976,23304,-1612,11652,0
21464,-2380,18740,15832,1356,5896,0
14300,6164,12680,16664,7212,3188,0
5776,-3332,15464,15764,3468,3112,0
7160,1852,17988,16340,4360,1292,0
7656,996,15796,15148,3084,2756,0
13112,5312,16932,16528,3704,3764,0
19292,-4484,9756,17996,2412,-600,0
5664,-1832,5296,19108,4428,-2980,0
32767,14420,-23304,18536,8004,-576,0
7932,-3200,10196,25844,-1472,-10080,0
20372,6936,3484,20244,7396,-3320,0
16348,-8544,6652,22216,11040,14900,0
15992,-4224,4224,15384,2720,11808,0
16672,-4036,4588,7528,-596,13204,0
14964,1060,3168,5764,1392,14040,0
16656,-3332,4496,8764,1724,15124,0
17292,-2084,840,15736,-1216,14068,0
15468,-2420,-724,20984,10736,4368,0
16624,-848,-1304,6368,4592,2996,0
19272,-3272,-3712,31488,3644,-4268,0
25328,8560,-9224,14420,4644,14380,0
16968,-8608,6540,17428,-6076,4924,0
20500,-1352,18604,16556,11476,3120,0
11952,364,14300,17216,1104,2068,0
5664,-156,17196,16888,5400,1424,0
8148,-380,15056,16028,2848,1164,0
9040,3112,18272,14792,3868,4536,0
14212,1080,14888,17432,3024,2200,0
15404,-4524,8112,16544,3420,-208,0
10708,1116,4536,18024,2884,-1288,0
14732,4528,3220,21884,4640,-5928,0
19240,-4472,12884,26772,-6544,-13600,0
13288,4084,4192,18136,9548,12820,0
16720,-5672,4272,17524,-488,10308,0
17268,-112,4916,8420,2500,14556,0
16496,-3268,2928,10356,592,13784,0
15584,-1668,3556,6004,1576,13008,0
16844,-1640,3880,12232,-2152,14500,0
15696,-908,1116,24112,1624,8240,0
17424,-824,2764,6276,4660,-812,0
17612,-2040,4684,19568,52,-8596,0
19592,-3776,-764,9316,5612,11612,0
23424,6160,-6296,23996,1100,10524,0
18796,-8744,6412,16900,3104,4404,0
18188,2832,15468,16320,5480,1780,0
12204,-792,13580,15604,4392,1084,0
7604,2960,16116,16280,3632,1084,0
5788,1220,13728,17468,4368,1608,0
10736,4152,17732,17244,3772,3888,0
16864,-2044,14748,17892,2624,1160,0
6128,-5288,8784,17260,3580,-4032,0
30116,10668,-12128,18504,7968,-3032,0
8640,-8088,10620,23196,1424,-6740,0
20792,7488,7852,24076,40,-6244,0
16696,-8992,6952,19808,10456,26092,0
16236,-1592,3720,16316,1108,11312,0
15804,-4496,4080,5872,-476,15324,0
16432,-308,4348,8492,984,13060,0
15936,-1244,5716,9324,936,13288,0
16648,-2000,6716,17600,-1588,13136,0
15284,-1244,1840,21440,6264,3884,0
16476,-2592,744,6456,1928,360,0
19084,-4968,4432,32767,-11780,-12256,0
18196,-476,-2460,12376,1568,14180,0
22252,8912,-3588,18920,-5484,6076,0
15408,-5436,8380,15704,5388,2244,0
16060,972,14164,17412,2488,460,0
8944,-772,15096,16556,5660,588,0
7444,4668,15924,16672,2864,1568,0
6868,-156,15180,15904,3860,2040,0
14224,6936,15020,16896,2580,4268,0
12344,1804,11956,17012,2768,1824,0
13604,-4548,4288,17340,4480,-1652,0
25152,-2252,-6412,18220,6108,1424,0
7488,-1916,5784,20584,-156,-844,0
20532,3560,6776,22896,-588,-4192,0
16088,-6120,3780,17616,8624,2892,0
15512,1552,1988,13716,4936,10864,0
16296,-10036,5252,12780,5804,12588,0
16288,-776,4628,9788,6592,13460,0
15984,-340,4796,8660,4036,13976,0
16224,-3756,2680,12272,-1120,13828,0
15620,-2544,2624,14696,2472,11856,0
15608,-2136,3024,13688,-672,9736,0
16244,-2504,3776,14888,3272,6916,0
16640,-3016,3300,22244,1116,-292,0
17144,-7024,4376,28584,24268,-436,0
19504,4244,2980,11708,-1188,5680,0
19192,6192,2120,17280,7244,3368,0
12104,-1992,13320,17140,3056,-420,0
11380,-10772,11532,15848,4660,1548,0
6456,-1616,14204,17448,1908,4328,0
-1537,-1,-1,22264,-7380,4808,0
16320,1652,312,16364,3404,208,0
16312,1740,320,16340,3428,160,0
0,0,0,16304,3356,176,0
16388,1716,264,16192,3420,168,0
16392,1764,200,16320,3508,184,0
0,0,0,16260,3496,80,0
16296,1744,68,16292,3388,228,0
16364,1700,224,16252,3456,152,0
0,0,0,16332,3372,180,0
16072,1620,596,16304,3360,108,0
16256,1696,108,16284,3416,108,0
0,0,0,16344,3452,140,0
16416,1484,244,16360,3488,24,0
16384,1792,240,16300,3484,0,0
0,0,0,16324,3444,108,0
15784,1568,204,16192,3500,80,0
15828,1632,232,16428,3368,52,0
0,0,0,16300,3412,188,0
16324,1476,200,16188,3236,-60,0
16304,1528,224,16312,3488,160,0
0,0,0,16348,3276,-16,0
-3472,-8952,16424,16356,3272,128,0
16368,1664,408,16240,3352,224,0
0,0,0,16284,3344,260,0
-4188,-8156,14312,16372,3496,224,0
16240,1656,312,16184,3436,260,0
0,0,0,16364,3308,248,0
16292,1576,228,16280,3428,224,0
16160,1476,232,16336,3492,252,0
0,0,0,16272,3248,232,0
16280,1768,380,16204,3516,348,0
16308,1740,220,16220,3388,288,0
0,0,0,16344,3448,188,0
16116,1780,444,16388,3440,200,0
16268,1680,320,16268,3416,68,0
0,0,0,16300,3436,36,0
16424,1620,464,16296,3344,160,0
16348,1628,452,16176,3280,160,0
0,0,0,16316,3440,264,0
16236,1644,468,16332,3376,144,0
16236,1652,400,16300,3416,104,0
0,0,0,16336,3368,136,0
-3800,-10656,15932,16228,3248,52,0
16380,1488,328,16260,3264,40,0
0,0,0,16360,3304,28,0
16220,1748,460,16292,3340,0,0
16344,1700,364,16188,3484,44,0
0,0,0,16076,3416,160,0
16224,1536,492,16272,3464,132,0
16280,1588,392,16220,3328,188,0
0,0,0,16368,3300,104,0
16324,1456,460,16184,3228,268,0
16340,1496,384,16348,3336,188,0
0,0,0,16364,3328,240,0
16392,1592,496,16340,3336,328,0
16156,1700,396,16376,3260,172,0
0,0,0,16344,3340,236,0
-3952,-8488,13796,16248,3384,148,0
16296,1688,548,16388,3316,180,0
0,0,0,16416,3388,180,0
16240,1568,388,16364,3380,512,0
16392,1656,408,16368,3264,348,0
0,0,0,16336,3336,356,0
16216,1664,396,16404,3352,196,0
16360,1612,348,16248,3524,188,0
0,0,0,16008,3280,232,0
16276,1548,552,16348,3352,180,0
16352,1588,520,16268,3252,300,0
16188,1552,700,16360,2948,336,0
16396,1216,544,16376,3232,140,0
16228,1612,816,16452,3144,188,0
0,0,0,16344,3012,368,0
16420,1364,468,16348,3100,212,0
16324,1348,676,16356,2904,324,0
0,0,0,16404,2996,372,0
-3452,-9228,15716,16372,3008,204,0
16356,1268,848,16352,2936,340,0
0,0,0,16400,2724,192,0
16368,1064,680,16448,2720,304,0
16396,1028,652,16372,2704,100,0
0,0,0,16404,2776,28,0
16452,1164,744,16424,2580,276,0
16392,1104,664,16384,2720,276,0
0,0,0,16456,2776,220,0
16500,1072,1244,16532,2784,448,0
16272,1116,844,16464,2676,112,0
0,0,0,16412,2768,304,0
16264,1056,800,16472,2736,172,0
16380,1000,808,16512,2660,420,0
0,0,0,16460,2556,672,0
-3852,-9028,16320,16288,2892,-460,0
16336,1084,712,16364,2812,-80,0
0,0,0,16456,2684,448,0
-4116,-9272,15724,16392,2852,244,0
16420,1124,768,16260,2872,140,0
0,0,0,16312,2880,132,0
16272,1268,668,16512,2696,356,0
16268,1316,608,16404,2808,52,0
0,0,0,16264,2988,-8,0
16300,1264,760,16364,2908,276,0
16272,1176,532,16376,2868,104,0
0,0,0,16404,3012,80,0
16400,1132,736,16404,2944,-12,0
16300,1116,468,16356,2812,84,0
0,0,0,16348,2868,-8,0
16272,1232,576,16372,2896,56,0
16336,1196,536,16392,2868,-16,0
0,0,0,16392,3036,-84,0
16388,1140,476,16472,3056,4,0
16404,1180,560,16356,2856,92,0
0,0,0,16372,2976,12,0
16324,1152,632,16392,2876,24,0
16356,1192,748,16384,2884,84,0
0,0,0,16432,2908,308,0
16312,1140,636,16372,2844,-108,0
16348,1208,744,16432,2784,260,0
0,0,0,16368,2992,208,0
-4180,-9396,14160,16384,2904,244,0
16516,1208,808,16424,2900,224,0
0,0,0,16432,2776,284,0
-4208,-8540,15744,16380,2840,-8,0
16272,1016,480,16372,2792,132,0
0,0,0,16392,2864,-52,0
16324,1068,396,16384,2864,-120,0
16432,1204,328,16404,2772,76,0
0,0,0,16408,2820,260,0
16340,1104,668,16376,2792,40,0
16380,1072,444,16364,2780,-248,0
0,0,0,16476,3008,104,0
16352,912,416,16368,2896,-244,0
16372,1152,636,16452,2912,-216,0
0,0,0,16396,2780,100,0
16240,1008,452,16464,2796,64,0
16324,908,528,16344,2792,68,0
0,0,0,16308,2736,-56,0
16396,1028,736,16456,2896,-20,0
16368,1036,624,16392,2824,60,0
0,0,0,16448,2732,116,0
-3432,-9336,14360,16416,2948,-28,0
16396,1192,492,16436,2764,104,0
0,0,0,16440,2892,36,0
16380,1032,720,16460,2916,164,0
32767,-1,-1,16316,2936,-48,0
0,0,0,16480,2860,56,0
16312,1112,668,16420,2936,272,0
16336,1228,608,16492,3016,156,0
0,0,0,16380,2844,-108,0
16404,1040,700,16324,2572,232,0
16320,1172,912,16608,3720,664,0
0,0,0,16240,3352,-416,0
16376,1444,708,16172,3196,-384,0
16296,1148,828,16460,2668,468,0
0,0,0,16364,2596,876,0
16288,948,1116,16444,2096,800,0
16820,780,2456,16784,2236,1268,0
0,0,0,16868,956,1388,0
16260,-180,1280,16636,688,1320,0
17060,1092,4284,15960,2140,1348,0
0,0,0,16720,752,1076,0
16352,352,3944,16768,-44,3512,0
16316,-220,3784,16468,288,3208,0
0,0,0,16660,-172,2916,0
16128,-448,3508,16364,164,3040,0
16160,-248,3476,16508,496,3072,0
0,0,0,16356,864,2784,0
16240,1312,3864,16232,924,2208,0
16204,1096,3456,16528,1064,2568,0
0,0,0,16364,1080,2320,0
16476,308,3760,16404,796,2492,0
16036,-768,2344,16404,836,1448,0
0,0,0,16372,956,1884,0
-3976,-11440,17832,16596,864,2576,0
16524,584,4664,16524,1376,1980,0
0,0,0,16404,1360,1740,0
-4156,-10120,16372,16612,1200,2472,0
16300,108,4368,16516,1228,1644,0
0,0,0,16448,1868,2072,0
16116,500,4656,16460,1576,1436,0
16152,400,4540,16540,1380,2008,0
0,0,0,16592,1524,1932,0
16168,516,4884,16528,1360,1636,0
16132,316,4168,16584,1664,1456,0
0,0,0,16436,1600,1664,0
16228,492,4488,16588,1560,1980,0
16232,424,3960,16528,1632,1372,0
0,0,0,16520,1716,1464,0
15960,572,4080,16528,1636,1612,0
16060,456,3844,16524,1624,1816,0
0,0,0,16452,1832,1540,0
16292,448,4028,16496,1736,1660,0
16228,496,3988,16496,1644,1680,0
0,0,0,16404,1672,1624,0
16248,380,4108,16492,1456,1612,0
16164,296,3568,16572,1368,1312,0
0,0,0,16496,1516,1460,0
-4220,-10048,16352,16568,1408,1636,0
16280,-168,3912,16624,1140,1564,0
0,0,0,16480,1352,1124,0
16220,-8,3940,16496,1308,1400,0
16240,-144,3940,16640,1156,1344,0
0,0,0,16600,1176,1256,0
16276,-128,3896,16488,1108,1064,0
16248,-104,3908,16528,1172,1204,0
0,0,0,16456,1100,1164,0
16188,8,4060,16596,1064,1344,0
16356,-20,3812,16628,1084,1288,0
0,0,0,16480,1200,1204,0
16260,104,3988,16548,1164,1420,0
16316,-112,3892,16456,1148,1380,0
0,0,0,16580,1212,1292,0
16232,-28,4024,16532,1168,1344,0
16248,148,4044,16524,1208,1448,0
0,0,0,16528,1200,1332,0
16108,-48,3216,16580,1260,1308,0
16264,-108,3576,16508,1256,1592,0
0,0,0,16448,1208,1400,0
16244,128,3812,16528,1320,1564,0
15904,32,3660,16556,1272,1436,0
0,0,0,16600,1344,1372,0
-4168,-11244,16328,16548,1236,1304,0
16276,120,3808,16504,1340,1392,0
0,0,0,16548,1296,1272,0
-4260,-9300,17836,16496,1320,1420,0
16348,44,3732,16492,1312,1448,0
0,0,0,16592,1160,1412,0
16296,44,3560,16612,1152,1516,0
32767,-1,-1,16540,1144,1500,0
0,0,0,16548,1160,1544,0
16244,192,3708,16520,1188,1576,0
16383,-1,-1,16620,1296,1492,0
0,0,0,16560,1284,1436,0
16244,212,3708,16492,1272,1416,0
32767,-1,-1,16492,1336,1528,0
-12344,-11308,15832,16460,1276,1468,0
16256,308,3980,16556,1268,1576,0
16448,16448,16639,16448,1312,1720,0
0,0,0,16484,1380,1460,0
16092,168,3872,16512,1300,1476,0
16280,180,3720,16588,1340,1524,0
0,0,0,16540,1316,1468,0
16256,256,3860,16564,1344,1600,0
16416,196,3728,16484,1344,1472,0
0,0,0,16576,1300,1432,0
16116,184,3748,16564,1340,1336,0
16160,216,3724,16484,1336,1464,0
0,0,0,16532,1344,1408,0
15772,-144,3628,16492,1224,1388,0
16472,88,3840,16656,1324,1476,0
0,0,0,16548,1276,1612,0
16340,140,3772,16484,1300,1524,0
16432,40,3660,16552,1240,1524,0
0,0,0,16576,1240,1284,0
16212,56,3656,16512,1236,1332,0
16260,76,3812,16532,1272,1340,0
0,0,0,16472,1408,1484,0
-3724,-9988,17820,16640,1296,1628,0
16188,144,3748,16540,1284,1340,0
0,0,0,16452,1328,1600,0
16228,136,3740,16584,1380,1540,0
16112,232,3680,16544,1308,1536,0
0,0,0,16504,1308,1508,0
16320,208,3780,16584,1308,1584,0
16292,216,3828,16568,1320,1400,0
0,0,0,16540,1296,1656,0
16208,148,3844,16552,1316,1572,0
16312,80,3636,16616,1244,1316,0
16220,4095,-1,16540,1280,1388,0
16280,-1,-1,16560,1320,1168,0
16383,-1,-1,16560,1324,1316,0
16284,4095,-1,16528,1504,1344,0
16148,2047,-1,16508,1312,1400,0
16195,-1,-1,16600,1340,1268,0
16448,16448,16639,16504,1268,1276,0
16120,-1,-1,16520,1368,1312,0
16383,-1,-1,16520,1300,1312,0
16383,-1,-1,16596,1336,1416,0
16208,4095,-1,16512,1440,1376,0
16200,-1,-1,16548,1388,1340,0
16383,-1,-1,16580,1308,1456,0
16191,16191,16383,16512,1228,1348,0
16383,-1,-1,16640,1268,1340,0
17407,-1,-1,16552,1324,1416,0
16383,-1,-1,16536,1228,1596,0
16248,4095,-1,16608,1376,1380,0
16383,-1,-1,16552,1324,1432,0
16191,16191,16383,16500,1344,1540,0
16448,16448,16639,16580,1308,1552,0
16191,16191,16383,16496,1376,1532,0
16448,16448,16639,16460,1368,1552,0
16209,-1,-1,16464,1476,1444,0
16448,16448,16639,16480,1540,1576,0
16244,-1,-1,16508,1392,1548,0
16448,16448,16639,16460,1324,1628,0
16383,-1,-1,16656,1460,1624,0
16705,16705,16895,16376,1584,1632,0
16224,-1,-1,16632,1532,1552,0
16448,16448,16639,16524,1520,1416,0
16204,-1,-1,16544,1536,1532,0
20479,-1,-1,16536,1404,1488,0
32767,-1,-1,16608,1464,1552,0
16448,16448,16639,16460,1464,1416,0
16448,16448,16639,16304,1524,1536,0
16116,-1,-1,16480,1356,1520,0
16448,16448,16639,16576,1432,1584,0
16259,-1,-1,16452,1456,1512,0
16448,16448,16639,16524,1520,1668,0
16448,16448,16639,16492,1432,1464,0
16287,-1,-1,16600,1576,1496,0
16191,16191,16383,16416,1412,1372,0
16448,16448,16639,16496,1420,1488,0
17407,-1,-1,16456,1452,1512,0
16448,16448,16639,16484,1464,1508,0
16191,16191,16383,16484,1396,1600,0
16448,16448,16639,16536,1440,1416,0
16280,-1,-1,16520,1420,1568,0
16383,-1,-1,16508,1396,1392,0
16228,-1,-1,16524,1368,1516,0
16208,180,3788,16604,1472,1576,0
16628,268,3844,16428,1448,1492,0
16188,244,3804,16504,1448,1416,0
15284,356,3752,16552,1392,1612,0
16296,392,3824,16624,1468,1436,0
16192,316,3972,16480,1392,1664,0
16140,352,3764,16564,1320,1496,0
16252,268,3644,16524,1476,1788,0
15952,320,3948,16444,1356,1684,0
16296,244,3824,16516,1376,1692,0
16264,260,3852,16484,1420,1692,0
16212,184,3920,16584,1344,1648,0
16224,272,3888,16456,1380,1716,0
16020,212,3972,16516,1392,1456,0
16244,384,3836,16528,1384,1652,0
16236,80,3900,16564,1400,1684,0
16264,236,3908,16560,1252,1636,0
16280,164,3896,16548,1356,1604,0
16228,304,4116,16552,1396,1680,0
16276,116,3844,16564,1380,1616,0
16196,192,3804,16464,1308,1640,0
16128,192,3924,16440,1364,1692,0
16036,256,3852,16544,1352,1784,0
16308,212,3852,16460,1344,1748,0
15608,260,3116,16492,1392,1660,0
14232,-40,3532,16524,1300,1800,0
16324,48,4096,16492,1292,1716,0
16352,0,4024,16540,1268,1684,0
16124,-60,3904,16456,1380,1604,0
16064,232,4084,16472,1328,1648,0
16356,172,4292,16564,1252,1776,0
16340,104,4088,16484,1312,1772,0
16124,100,4056,16504,1292,1696,0
16004,148,4056,16508,1284,1732,0
16172,136,3916,16452,1264,1672,0
16212,92,4052,16556,1300,1848,0
16792,-172,4380,16540,1232,1796,0
15580,408,4008,16548,1308,1888,0
16072,-20,4144,16460,1252,1676,0
16092,248,3912,16532,1304,1816,0
16048,260,4016,16428,1280,1744,0
16404,68,3828,16564,1264,1808,0
16104,264,3752,16472,1264,1720,0
16372,160,3960,16508,1324,1852,0
16176,152,4016,16540,1216,1868,0
15988,80,3808,16520,1300,1868,0
16372,124,3760,16496,1180,1628,0
16000,256,3728,16564,1292,1636,0
16328,156,3780,16492,1296,1684,0
16108,176,3732,16420,1220,1860,0
15900,128,3816,16548,1360,1756,0
16244,168,3868,16540,1268,1620,0
16300,184,3956,16508,1308,1824,0
15860,140,3824,16580,1300,1804,0
16316,28,3924,16540,1336,1680,0
16136,212,4052,16568,1236,1968,0
16024,172,3852,16424,1280,1944,0
16204,160,3912,16516,1296,1708,0
16252,124,3972,16520,1328,1620,0
16152,132,3936,16428,1276,1700,0
16376,144,3972,16556,1268,1676,0
16232,228,3840,16524,1236,1672,0
16216,156,3912,16500,1316,1696,0
16492,100,3764,16548,1304,1816,0
16176,148,3820,16504,1352,1772,0
16336,188,3924,16476,1308,1744,0
16096,92,3756,16560,1292,1756,0
16136,168,3688,16548,1260,1776,0
16132,168,3792,16480,1236,1756,0
16184,200,3816,16504,1300,1772,0
16208,88,3632,16616,1292,1704,0
16268,136,3768,16524,1320,1720,0
16356,168,3764,16508,1308,1632,0
16288,156,3772,16492,1340,1772,0
16276,64,3772,16568,1300,1816,0
16180,196,3824,16572,1236,1732,0
16464,-52,3724,16504,1272,1724,0
15972,152,3800,16396,1264,1672,0
16124,116,3748,16448,1252,1700,0
16344,0,3836,16508,1304,1592,0
16360,160,3708,16492,1284,1692,0
16240,172,3752,16584,1296,1676,0
16384,-24,3740,16520,1308,1736,0
15952,136,3748,16500,1284,1604,0
16124,112,3800,16608,1360,1712,0
16068,76,3828,16592,1232,1752,0
15704,228,3808,16520,1192,1808,0
16372,-76,3928,16480,1220,1576,0
16172,204,3648,16524,1180,1728,0
16356,64,3600,16460,1220,1644,0
16148,112,3580,16488,1196,1504,0
16132,20,3572,16464,1272,1716,0
16744,92,3832,16556,1224,1660,0
16148,184,3656,16588,1252,1636,0
16456,104,3696,16540,1252,1748,0
16156,152,3576,16520,1300,1604,0
16240,112,3676,16604,1204,1540,0
16308,-16,3664,16432,1216,1584,0
16148,88,3572,16528,1208,1580,0
16360,84,3664,16552,1176,1760,0
16360,108,3564,16504,1244,1664,0
16208,88,3680,16484,1356,1620,0
16276,112,3600,16464,1292,1492,0
16052,188,3656,16580,1196,1752,0
16184,48,3672,16556,1224,1624,0
16356,64,3668,16524,1236,1680,0
16504,60,3632,16532,1200,1640,0
16220,52,3684,16568,1220,1724,0
16276,160,3512,16488,1264,1680,0
16316,196,3800,16528,1196,1744,0
15856,32,3656,16516,1304,1644,0
16340,0,3796,16560,1248,1756,0
16008,188,3588,16560,1196,1748,0
16044,196,3636,16496,1304,1560,0
16316,-36,3588,16472,1244,1684,0
15964,152,3448,16596,1184,1616,0
16576,-316,3776,16488,1276,1580,0
16024,412,3384,16700,1224,1708,0
16892,-200,3928,16512,1480,1416,0
15920,268,3724,16404,1192,1476,0
16532,128,3528,16516,1084,1548,0
16152,224,3440,16456,1188,1268,0
16348,8,3556,16556,1212,2084,0
16332,88,3332,16532,1204,1920,0
16272,112,3596,16484,1292,1932,0
16776,12,3316,16556,1236,1548,0
16492,100,3860,16400,1432,1368,0
16168,212,3392,16604,1388,1608,0
16152,28,3332,16552,1396,1844,0
16120,272,3444,16532,1324,1556,0
16368,196,3372,16524,1272,1724,0
16112,240,3588,16548,1388,1568,0
15728,380,3352,16500,1108,1788,0
16420,212,3308,16584,1160,1740,0
16508,360,3388,16552,1256,2028,0
16136,380,3704,16464,1924,1516,0
16316,492,3664,16532,1592,1064,0
16320,348,3656,16552,1612,1556,0
16124,500,3460,16416,1688,1528,0
16312,340,3456,16444,1676,1672,0
16356,488,3640,16496,1696,1760,0
16176,284,3656,16504,1556,1632,0
16236,616,3528,16500,1576,1624,0
16216,296,3572,16580,1580,1744,0
16196,440,3512,16512,1568,1748,0
16228,420,3604,16484,1620,1732,0
16340,412,3572,16516,1620,1716,0
16288,368,3680,16548,1520,1708,0
16212,524,3704,16496,1628,1644,0
16212,396,3736,16468,1592,1504,0
16184,412,3780,16488,1584,1804,0
16384,400,3672,16548,1440,1672,0
16172,364,3804,16544,1524,1696,0
16136,292,3664,16528,1460,1628,0
16240,440,3632,16536,1552,1760,0
16240,312,3668,16544,1384,1664,0
16236,292,3756,16576,1488,1780,0
16324,352,3680,16412,1468,1576,0
16360,304,3744,16560,1408,1832,0
16080,424,3776,16488,1496,1696,0
16264,240,3596,16604,1364,1740,0
16024,368,3616,16452,1412,1608,0
15832,284,3680,16464,1484,1740,0
16360,292,3776,16488,1440,1584,0
15932,296,3840,16512,1404,1660,0
16308,240,3648,16524,1424,1636,0
16260,324,3856,16512,1436,1788,0
16176,324,3700,16448,1560,1716,0
16316,264,3692,16532,1472,1520,0
16268,300,3736,16504,1404,1724,0
16212,272,3836,16436,1456,1772,0
16272,260,3776,16464,1472,1716,0
16196,316,3660,16504,1424,1680,0
16164,240,3728,16504,1384,1704,0
16208,212,3812,16568,1340,1636,0
16236,308,3788,16440,1476,1760,0
16256,208,3624,16472,1408,1528,0
16228,272,3692,16572,1392,1624,0
16212,276,3628,16544,1452,1548,0
16856,-184,3388,16564,1476,1652,0
16200,284,3660,16584,1420,1632,0
16156,224,3736,16552,1440,1676,0
16400,148,3684,16528,1508,1684,0
16288,292,3752,16604,1380,1568,0
16220,224,3780,16544,1448,1652,0
16276,296,3764,16500,1408,1632,0
16416,272,3680,16476,1392,1660,0
16200,184,3896,16520,1384,1548,0
16344,304,3652,16464,1388,1644,0
16284,248,3752,16556,1416,1696,0
15964,224,3516,16540,1444,1692,0
16300,308,3696,16536,1388,1596,0
16252,288,3648,16556,1324,1644,0
16284,248,3748,16500,1448,1588,0
16256,244,3708,16488,1424,1732,0
16316,208,3764,16504,1464,1484,0
16244,212,3760,16492,1372,1636,0
16224,184,3708,16504,1396,1712,0
16244,148,3732,16480,1496,1644,0
16232,212,3884,16408,1312,1568,0
16268,172,3772,16516,1360,1648,0
16212,264,3584,16528,1388,1580,0
16268,184,3792,16616,1444,1556,0
16288,220,3724,16504,1392,1544,0
16404,144,3756,16516,1340,1476,0
16432,140,3792,16576,1432,1664,0
16384,92,3924,16408,1468,1504,0
16292,180,3672,16560,1136,1644,0
16388,128,3636,16564,1300,1712,0
16288,200,3556,16500,1352,1652,0
16256,68,3740,16524,1352,1532,0
16224,188,3592,16516,1328,1484,0
16320,188,3808,16560,1328,1588,0
16228,160,3416,16540,1448,1468,0
16252,180,3600,16496,1296,1596,0
16224,296,3408,16492,1532,1360,0
16336,392,3520,16472,1568,1492,0
16296,320,3492,16492,1504,1456,0
16256,288,3508,16532,1496,1384,0
16264,432,3688,16592,1472,1396,0
16264,324,3152,16476,1556,1208,0
16264,396,3384,16496,1640,1404,0
16272,608,3256,16472,1840,1260,0
16400,568,3152,16392,1912,1096,0
16220,616,3312,16468,2168,968,0
16284,864,3344,16536,2144,1040,0
16328,1148,3452,16508,2416,984,0
16484,1252,3188,16452,2400,804,0
16380,1512,3352,16440,2468,772,0
16492,1904,2896,16448,2368,764,0
16328,2052,3032,16352,3460,456,0
16536,2104,2348,16312,3632,472,0
16332,1804,2292,16480,3116,608,0
16212,2788,2864,16348,3120,620,0
16128,1808,2868,16296,3392,264,0
16212,284,2520,16244,3512,144,0
16112,1480,2136,16216,3328,728,0
16100,1764,2412,16364,3308,592,0
15988,1452,2464,16400,2624,628,0
15628,1192,2380,16256,3380,604,0
16404,276,1900,16344,2920,572,0
15820,944,1340,16288,3456,732,0
16300,1012,1696,16332,3236,644,0
17204,2616,2088,16244,2724,468,0
15108,2548,2172,16372,1940,392,0
17464,2696,3524,16148,5412,728,0
15552,1804,2892,16688,1012,1392,0
17112,1104,1548,16316,3004,2764,0
16108,1960,804,16840,3484,4020,0
15940,1416,1172,16028,2240,252,0
16048,1668,880,16252,3432,936,0
16200,1628,724,16364,2508,1292,0
16448,1740,1060,16584,3136,1948,0
16348,2216,640,16416,3312,2364,0
16240,1536,556,16572,3088,644,0
16112,2264,180,16228,3032,64,0
16296,1740,328,16236,3196,-208,0
16116,1420,-412,16352,2564,-280,0
16312,1588,-372,16384,2992,-312,0
16224,1404,-228,16368,2804,104,0
16308,1228,-4,16452,2912,396,0
16036,1636,280,16544,2572,620,0
16344,1364,20,16368,2672,384,0
16312,1340,280,16368,2656,644,0
16336,1308,52,16372,2432,412,0
16200,1028,96,16520,2192,308,0
16324,804,228,16636,2492,284,0
16384,812,8,16504,2148,-36,0
16416,748,-48,16568,2228,184,0
16252,964,44,16560,2236,28,0
16408,388,172,16600,2408,180,0
16252,880,-4,16404,2020,268,0
16260,528,156,16528,2180,144,0
16236,704,-64,16400,2208,8,0
16428,600,-8,16720,2224,224,0
16568,656,364,16424,2092,104,0
16268,680,148,16576,2280,-40,0
16324,708,-116,16460,2044,-140,0
16324,880,-96,16484,2304,-4,0
16420,664,-44,16496,2264,104,0
16380,832,20,16524,2148,112,0
16344,868,-28,16492,2312,24,0
16312,808,-104,16460,2312,-44,0
16276,736,40,16468,2368,124,0
16344,744,136,16496,2304,104,0
16396,772,148,16408,2440,-84,0
16280,784,104,16512,2316,-180,0
16292,676,-8,16444,2368,60,0
16364,896,80,16436,2384,-12,0
16268,568,-8,16508,2420,72,0
16288,776,-144,16420,2372,36,0
16260,912,-52,16496,2336,-64,0
16372,660,8,16532,2380,124,0
16264,880,-8,16464,2344,16,0
16304,704,-112,16496,2212,128,0
16276,1112,-24,16472,2236,-16,0
16296,636,92,16448,2676,-32,0
16300,1032,-4,16436,2292,252,0
16348,856,212,16448,2392,172,0
16296,1068,208,16508,2412,220,0
16248,744,-88,16516,2392,248,0
16336,944,-4,16516,2344,244,0
16232,1008,40,16468,2356,76,0
16332,992,-164,16508,2476,168,0
16168,776,32,16576,2396,132,0
16412,752,184,16528,2364,156,0
16324,856,124,16560,2500,168,0
16324,936,-16,16556,2348,20,0
16252,604,-132,16464,2488,232,0
16372,868,68,16556,2192,92,0
16280,692,24,16528,2324,196,0
16260,760,44,16460,2432,148,0
16340,528,96,16508,2504,244,0
16380,868,-32,16472,2268,208,0
16324,764,-76,16524,2392,340,0
16360,816,-40,16564,2032,384,0
16280,856,80,16448,2312,184,0
16320,660,68,16556,2164,404,0
16272,932,136,16452,2284,440,0
16232,660,164,16540,2076,328,0
16256,824,108,16556,2252,280,0
16348,648,48,16560,2124,360,0
16352,672,116,16480,2148,372,0
16352,708,136,16524,2000,368,0
16300,588,140,16460,2060,396,0
16388,648,96,16500,2048,336,0
16268,656,236,16416,2228,228,0
16336,616,132,16472,2068,340,0
16284,708,152,16504,2188,132,0
16340,500,216,16524,2068,272,0
16336,724,180,16468,2072,72,0
16420,664,224,16548,2120,452,0
16284,772,28,16528,2044,144,0
16300,556,12,16484,2184,308,0
16364,676,72,16440,2076,304,0
16332,668,248,16488,2236,116,0
16348,732,148,16472,2300,196,0
16336,676,88,16548,2152,268,0
16336,820,216,16308,2280,172,0
16184,728,188,16540,2100,156,0
16192,1056,316,16544,2104,264,0
16352,892,-140,16468,2408,-228,0
16260,588,-640,16416,2724,-88,0
16244,824,-240,16456,2292,112,0
16424,748,216,16384,2584,264,0
16284,728,56,16484,2324,536,0
16276,492,-48,16316,2192,1024,0
16176,332,288,16388,2016,1084,0
16404,612,292,16336,2224,1316,0
16480,164,692,16436,1508,2592,0
16292,412,572,16424,1248,2076,0
16496,172,1096,16588,1104,1940,0
16256,432,876,16504,1416,2240,0
16244,512,1224,16572,1120,1628,0
16372,68,1180,16536,1084,2956,0
16308,0,1656,16728,536,3036,0
16484,224,1500,16380,984,1360,0
16204,-28,1760,16608,356,1028,0
16252,8,2624,16524,904,940,0
16624,300,2880,16384,912,1192,0
16404,-300,3116,16680,320,1564,0
16088,312,2912,16388,1068,1032,0
16428,-360,3008,16708,584,1476,0
16208,292,3332,16680,552,2168,0
16384,84,3652,16448,828,1420,0
16296,36,3512,16696,652,1520,0
16320,632,3880,16604,812,1776,0
16308,320,4172,16676,856,1276,0
16144,624,3848,16508,880,1040,0
16256,208,3816,16384,776,1044,0
16328,468,3988,16604,976,1580,0
16264,416,3844,16576,780,1792,0
16064,400,4532,16548,716,1636,0
16200,304,4412,16456,724,1704,0
16332,124,4124,16636,748,1936,0
15980,324,3616,16428,604,1760,0
16332,312,3924,16580,848,2128,0
16356,368,4192,16484,828,1712,0
16340,376,4456,16568,852,1804,0
16036,284,3920,16576,752,1832,0
16156,468,3888,16556,868,1932,0
16384,384,3656,16456,916,1532,0
16060,292,4092,16512,676,1676,0
16336,284,3996,16596,860,1744,0
16168,344,3880,16484,880,1920,0
16200,176,3928,16348,820,1880,0
16436,260,4152,16604,792,1920,0
16220,188,3912,16560,764,1692,0
16188,260,4068,16580,796,1932,0
16328,156,3936,16564,712,1792,0
16252,240,3804,16632,684,1916,0
16084,204,3436,16496,788,1948,0
16016,0,3864,16544,884,1692,0
16408,420,3812,16576,832,1840,0
16176,120,3924,16512,804,1716,0
16172,112,3768,16592,856,1856,0
16244,228,4252,16540,888,1716,0
16252,360,3948,16600,876,1756,0
16296,428,3896,16512,1008,1664,0
16212,308,3940,16568,968,1808,0
16204,456,3936,16540,964,1700,0
16284,276,3972,16552,1000,1684,0
15720,452,3536,16608,1064,1584,0
15912,364,3588,16580,1016,1580,0
16028,552,3752,16540,1148,1908,0
16768,248,3932,16560,1056,1760,0
16460,880,4076,16580,948,1768,0
16268,-148,3420,16592,1076,1732,0
16260,936,3536,16452,1036,1804,0
16576,568,3560,16568,992,1584,0
16164,484,3252,16480,1028,1536,0
16020,588,2940,16500,1044,1708,0
16680,220,3120,16556,1060,1620,0
16604,1028,2896,16532,1184,1576,0
16128,36,3616,16496,1112,1632,0
16524,988,3592,16496,1192,1628,0
16184,120,2992,16560,1224,1460,0
15520,980,2648,16536,1036,1448,0
16864,920,2648,16612,1224,1612,0
16508,8,3564,16608,1004,1488,0
16172,780,3168,16480,1236,1348,0
16436,208,3100,16668,1280,1464,0
16400,1320,2728,16520,1172,1380,0
16148,612,2928,16632,1068,1512,0
16444,460,2864,16512,1164,1584,0
16044,808,2804,16600,1168,1456,0
16288,464,2656,16504,1072,1368,0
16376,620,2796,16540,1140,1436,0
15968,484,2672,16464,992,1288,0
16372,508,2748,16568,1232,1516,0
16424,548,2968,16540,1144,1416,0
16380,532,2788,16668,1080,1348,0
16432,480,2924,16540,1132,1376,0
15940,552,2800,16544,1180,1480,0
16096,512,2968,16560,1152,1320,0
16388,540,2920,16516,1144,1452,0
16356,560,2896,16596,1148,1372,0
16308,620,2876,16648,1140,1572,0
16300,524,2880,16552,1108,1364,0
16340,500,2940,16556,1132,1528,0
16288,576,2916,16552,1056,1544,0
16352,580,2992,16560,1144,1584,0
16160,680,2968,16484,1076,1560,0
16432,592,3232,16540,1200,1580,0
15976,492,2996,16484,1156,1572,0
16320,604,3036,16588,1144,1668,0
16304,544,2940,16640,1144,1468,0
16312,568,2884,16412,1184,1620,0
16132,616,2980,16548,1196,1596,0
16492,708,2956,16628,1220,1616,0
16288,604,2996,16480,1224,1548,0
16372,572,2936,16564,1200,1508,0
16304,648,3040,16560,1180,1568,0
16284,612,2988,16528,1168,1576,0
16364,560,3032,16488,1236,1652,0
16292,604,3024,16508,1216,1560,0
16312,684,2924,16488,1132,1416,0
16376,608,2972,16544,1184,1516,0
16320,588,2968,16560,1204,1648,0
16372,628,2896,16512,1132,1464,0
16324,636,2924,16552,1204,1456,0
16336,488,3096,16496,1308,1476,0
16352,524,2876,16664,1212,1620,0
16296,484,3040,16568,1132,1648,0
16380,576,2920,16672,1260,1484,0
15896,632,2800,16472,1320,1448,0
16212,736,3020,16656,1144,1540,0
16288,460,2728,16580,1104,1604,0
16072,392,2716,16468,1112,1604,0
16360,484,3148,16428,1264,1648,0
16376,684,3296,16488,1204,1444,0
16324,448,2820,16624,1116,1416,0
16244,460,2908,16520,1172,1408,0
16392,516,3004,16572,1284,1560,0
16304,536,3140,16616,1204,1360,0
16336,400,3360,16536,1216,1360,0
16380,652,3312,16560,1308,1272,0
16292,464,3248,16540,1160,1476,0
16328,532,3188,16536,1268,1376,0
16300,564,3332,16608,1188,1436,0
16340,540,3296,16504,1236,1324,0
16408,520,3340,16600,1276,1384,0
16216,508,3080,16524,1292,1344,0
16240,456,3228,16580,1216,1476,0
16280,404,3312,16576,1244,1460,0
16272,484,3316,16572,1236,1456,0
16224,504,3304,16540,1040,1316,0
16328,600,3220,16504,1256,1424,0
16224,516,3296,16596,1244,1440,0
16260,660,3292,16496,1224,1440,0
16284,556,3120,16528,1208,1352,0
16316,560,3268,16580,1240,1544,0
16348,544,3320,16632,1084,1460,0
16260,540,3348,16656,1204,1548,0
16284,548,3348,16468,1216,1556,0
16320,592,3328,16624,1200,1524,0
16276,616,3252,16552,1260,1480,0
16296,548,3360,16576,1172,1308,0
16252,432,3240,16576,1280,1408,0
16260,640,3308,16516,1224,1464,0
16312,540,3348,16596,1228,1420,0
16328,632,3268,16524,1252,1424,0
16336,592,3268,16532,1208,1492,0
16212,580,3220,16616,1312,1464,0
16276,588,3240,16628,1160,1452,0
16300,664,3316,16648,1260,1496,0
16268,568,3468,16512,1296,1408,0
16272,660,3312,16536,1332,1488,0
16232,704,3276,16588,1236,1352,0
16248,620,3200,16552,1272,1404,0
16284,604,3400,16536,1288,1424,0
16276,676,3332,16504,1300,1444,0
16276,544,3220,16508,1304,1472,0
16268,648,3304,16572,1224,1588,0
16284,588,3284,16552,1328,1560,0
16264,652,3312,16652,1272,1444,0
16280,600,3164,16536,1220,1544,0
16292,652,3252,16556,1288,1436,0
16252,676,3240,16488,1340,1444,0
16252,664,3272,16584,1348,1452,0
16216,716,3148,16512,1232,1424,0
16320,576,3424,16556,1312,1528,0
16312,628,3272,16460,1324,1488,0
16256,708,3356,16456,1332,1472,0
16312,620,3368,16492,1312,1688,0
16264,628,3356,16504,1348,1468,0
16296,624,3436,16532,1372,1468,0
16272,700,3108,16476,1360,1480,0
16292,688,3212,16544,1348,1496,0
16260,540,3028,16596,1412,1436,0
16292,524,3220,16596,1336,1384,0
16256,564,3228,16604,1308,1476,0
16324,600,3144,16496,1256,1464,0
16232,604,3264,16516,1292,1428,0
16252,628,3388,16584,1264,1512,0
16280,576,3452,16588,1248,1532,0
16260,580,3428,16532,1312,1384,0
16296,616,3476,16664,1316,1444,0
16304,632,3456,16532,1280,1524,0
16304,544,3528,16528,1348,1460,0
16292,580,3420,16460,1272,1444,0
16256,596,3376,16452,1240,1184,0
16192,540,3436,16620,1228,1452,0
16332,564,3372,16528,1280,1324,0
16224,572,3588,16612,1256,1452,0
16380,612,3516,16516,1208,1364,0
16312,572,3596,16536,1240,1548,0
16224,576,3572,16620,1260,1476,0
16244,584,3536,16540,1300,1468,0
16272,492,3568,16516,1284,1544,0
16224,640,3564,16548,1380,1448,0
16276,516,3532,16552,1180,1344,0
16268,584,3464,16452,1132,1460,0
16248,396,3228,16516,1224,1328,0
16240,616,3364,16512,1176,1436,0
16288,564,3652,16548,1216,1448,0
16308,512,3516,16504,1180,1568,0
16388,692,3448,16560,1208,1500,0
16328,504,3296,16600,1256,1332,0
16288,620,3336,16536,1224,1396,0
16300,552,3336,16564,1228,1376,0
16240,752,3340,16432,1236,1352,0
16312,508,3332,16588,1344,1468,0
16276,596,3408,16652,1156,1496,0
16184,628,3240,16616,1216,1552,0
16332,696,3536,16544,1216,1340,0
16264,608,3504,16512,1232,1680,0
16308,552,3380,16564,1212,1520,0
16208,696,3328,16548,1140,1564,0
16256,568,3380,16584,1236,1512,0
16280,676,3456,16520,1184,1344,0
16280,520,3552,16540,1200,1480,0
16308,548,3640,16496,1264,1604,0
16296,656,3360,16612,1260,1540,0
16284,584,3484,16568,1224,1572,0
16332,680,3440,16572,1160,1440,0
16248,556,3404,16628,1240,1528,0
16256,664,3376,16596,1204,1500,0
16252,592,3508,16596,1264,1616,0
16308,576,3492,16600,1068,1408,0
16232,688,3480,16508,1332,1572,0
16240,652,3400,16504,1228,1552,0
16216,452,3368,16524,1212,1560,0
16320,612,3424,16480,1192,1696,0
16276,520,3492,16528,1192,1492,0
16312,788,3536,16528,1232,1588,0
16396,496,3216,16612,1168,1476,0
16264,684,3428,16620,1172,1644,0
16280,484,3452,16608,1228,1616,0
16284,588,3420,16488,1060,1464,0
16300,536,3420,16512,1160,1468,0
16332,588,3340,16468,1052,1684,0
16284,512,3464,16608,1056,1788,0
16280,588,3480,16584,1116,1548,0
16264,436,3560,16580,1140,1592,0
16328,480,3404,16592,1060,1560,0
16248,440,3524,16556,1076,1560,0
16300,472,3484,16444,1060,1632,0
16316,440,3616,16556,1068,1672,0
16300,400,3604,16516,1000,1436,0
16284,476,3312,16520,912,1516,0
16300,268,3312,16572,904,1512,0
16320,312,3688,16536,748,1772,0
16232,368,3732,16524,768,1676,0
16232,320,3616,16624,792,1752,0
16208,348,3444,16520,920,1736,0
16240,420,3440,16548,1008,1772,0
16264,376,3520,16608,992,1588,0
16316,340,3584,16524,916,1836,0
16240,372,3540,16564,840,1740,0
16312,320,3504,16528,904,1716,0
16284,432,3464,16576,872,1764,0
16296,296,3532,16476,952,1708,0
16252,304,3492,16612,940,1680,0
16220,540,3556,16624,876,1680,0
16208,260,3372,16520,916,1740,0
16244,364,3588,16524,900,1804,0
16316,212,3416,16604,872,1604,0
16268,224,2772,16524,948,1692,0
16376,180,3676,16560,788,1716,0
16276,360,3760,16532,960,1668,0
16256,248,3432,16540,964,1560,0
16228,408,3456,16596,908,1652,0
16304,364,3564,16600,892,1732,0
16292,292,3564,16520,1020,1612,0
16240,276,3456,16472,924,1656,0
16204,348,3492,16508,952,1776,0
16316,348,3632,16548,868,1648,0
16356,260,3552,16572,972,1664,0
16404,156,3376,16564,892,1620,0
16336,388,3404,16624,956,1720,0
16180,420,3584,16508,980,1764,0
16252,440,3536,16504,876,1564,0
16348,408,3552,16484,1104,1712,0
16204,352,3616,16612,900,1648,0
16292,448,3552,16544,1056,1880,0
16212,440,3588,16524,1020,1828,0
16244,388,3496,16628,976,1672,0
16280,448,3668,16524,912,1892,0
16284,436,3644,16488,948,1800,0
16212,456,3580,16592,852,1884,0
16260,468,3680,16536,912,1804,0
16200,428,3684,16536,1012,1780,0
16208,456,3576,16548,1004,1716,0
16304,444,3572,16492,964,1816,0
16280,440,3628,16488,1016,1700,0
16268,388,3588,16568,936,1864,0
16240,464,3584,16504,1020,1840,0
16256,356,3468,16532,932,1824,0
16276,448,3440,16612,972,1732,0
16216,428,3584,16520,924,1784,0
16252,428,3728,16612,1116,1856,0
16288,396,3672,16600,936,1756,0
16212,424,3640,16588,956,1896,0
16140,432,3740,16452,1016,1852,0
16152,520,3568,16488,916,1696,0
16292,460,3576,16548,984,1756,0
16284,424,3696,16524,976,1736,0
16284,484,3568,16464,936,1880,0
16276,436,3644,16496,968,1824,0
16316,492,3652,16540,896,1912,0
16308,480,3752,16504,960,1876,0
16348,444,3600,16588,1016,1852,0
16316,508,3604,16532,912,1960,0
16248,508,3616,16532,940,1804,0
16256,488,3716,16540,996,1848,0
16300,444,3600,16532,980,1672,0
16256,436,3572,16516,904,1864,0
16256,408,3576,16576,944,1796,0
16184,468,3568,16548,996,1856,0
16104,384,3584,16600,904,1864,0
16264,428,3520,16480,1016,1720,0
16304,508,3664,16504,924,1844,0
16260,244,3572,16420,976,1820,0
16172,488,3600,16472,900,1748,0
16188,296,3676,16628,1000,1848,0
16220,448,3532,16560,984,1880,0
16244,460,3556,16660,952,1868,0
16192,424,3560,16520,988,1744,0
16284,444,3528,16588,948,1780,0
16272,356,3648,16584,952,1744,0
16276,424,3624,16588,964,1816,0
16300,432,3576,16476,960,1756,0
16164,344,3548,16532,988,1824,0
16264,368,3508,16528,912,1788,0
16276,396,3672,16480,1024,1780,0
16264,460,3652,16452,1004,1908,0
16248,452,3680,16576,932,1732,0
16264,424,3644,16484,1016,1812,0
16288,420,3532,16568,1012,1788,0
16308,392,3552,16488,1020,1784,0
16200,72,3668,16424,656,2724,0
16188,-1436,3236,16684,12,1560,0
16296,-140,1572,16568,-100,-4916,0
16316,-1620,4624,19992,-384,-2812,0
16324,-1404,5756,18832,-1032,5148,0
16180,-1660,3720,17164,2784,3928,0
15880,-2252,3528,15784,1100,2028,0
15988,-1680,3708,16504,1216,2632,0
15660,-804,3776,16504,1916,2280,0
15676,-664,5532,14828,660,1084,0
15792,-736,4484,14376,3956,-508,0
16044,-128,4484,12424,1372,892,0
17844,-1348,1212,22052,-1904,-5652,0
21916,2968,-1044,10904,608,5736,0
24224,-8116,164,21988,1244,6040,0
14900,-3796,17548,16196,4900,1564,0
12492,864,13456,16172,2444,588,0
7044,1632,12008,16144,3792,256,0
9604,-592,12568,15272,4144,-1700,0
13112,-1140,12272,15904,2432,192,0
14780,3068,11536,16484,3640,2300,0
15492,980,8932,16292,2296,2624,0
12168,-3964,4896,15348,2000,-1028,0
17564,3468,8768,17504,4432,-992,0
14904,-2880,10020,22856,-1620,-3392,0
19812,7420,7972,25488,-2256,-4728,0
16740,-8576,4804,15928,4956,31768,0
15620,-1292,2980,16168,2328,9300,0
16436,-2764,3632,8624,-784,10524,0
15632,-1444,4068,9608,3744,10700,0
16008,296,3004,13216,-560,9520,0
15732,-2880,3156,14756,-2216,8848,0
15960,-1708,3104,16876,5520,1864,0
15452,-1244,3028,11852,1172,-3384,0
17680,476,3264,12040,2308,-312,0
20312,-3268,-1012,29988,6724,-148,0
22648,4380,-3336,14448,-1288,10552,0
22668,-5508,3748,19892,-1212,4196,0
11604,-2572,18060,16940,7656,1740,0
12488,2220,11316,16616,480,1968,0
7872,2524,12628,16184,2364,2112,0
9136,-3948,9228,16116,2128,440,0
15200,6404,13056,16100,3120,1692,0
15508,-1908,10612,16240,2608,2300,0
12356,-600,6228,16848,3532,-1304,0
18344,5056,10224,18832,4588,-6592,0
14100,-4132,9112,24904,-3712,-1560,0
17472,3664,6996,26200,4488,-5664,0
15760,-5744,4396,11812,5732,15392,0
16820,-1136,5228,13704,3636,10228,0
16244,-808,5036,7116,-2640,10744,0
15864,-1300,4520,8356,-3124,9424,0
15776,-1520,3860,15892,-736,11064,0
15932,-1860,2944,17596,1148,8212,0
16300,-612,3036,13660,6560,1544,0
16696,328,828,10800,-2780,2188,0
20976,-4208,-3732,32767,8260,-2348,0
25908,4184,2752,11104,-9532,9652,0
16844,-5588,19280,20148,4292,3432,0
8540,-604,14664,16376,4252,2564,0
7540,-1012,13572,16120,3328,1696,0
8392,-2164,11928,15964,2496,1696,0
10620,2292,12568,15656,3384,244,0
14076,3308,12844,15380,4756,560,0
14852,-1180,8436,15856,2096,2932,0
15180,-728,5988,16624,3520,4036,0
12536,-2388,1584,15464,1884,1644,0
27520,2280,-13228,18112,5584,-140,0
8852,2328,6032,23824,-4004,-2836,0
19760,3828,4588,25416,10320,-4332,0
17540,-6440,4604,11464,6432,13704,0
15956,-3604,4644,16684,1372,9508,0
15432,-800,5056,10572,1988,12156,0
16324,-3276,5004,8764,4660,10452,0
15192,-1396,3512,14440,-2052,10620,0
16008,-2924,4492,16816,-972,8636,0
15944,-1024,4640,13528,6668,2484,0
17104,-904,-424,11188,-400,-332,0
21776,-5068,-2368,32767,4912,-4988,0
25104,7428,120,11660,-1004,13972,0
18616,-8796,18560,19224,176,3488,0
9048,-1720,12716,16748,7640,1396,0
7984,776,13492,16032,1092,-132,0
9772,-784,13488,16404,3692,1376,0
10016,-148,12916,15908,2480,208,0
15172,5396,14216,15744,4524,776,0
17356,-4308,7188,15816,1060,1908,0
10288,1052,3764,16620,3352,3340,0
12320,2404,3104,15564,1944,536,0
25188,-1460,5928,21288,3740,828,0
16256,2792,12204,22108,-4384,-1120,0
15824,1620,3908,20636,1596,4512,0
16880,-6284,2364,8652,5020,13660,0
14932,552,1884,12480,2008,9864,0
16120,-2804,5464,9404,1208,10964,0
15720,-552,4416,8440,1928,10168,0
15964,-1940,3856,15984,-4312,11740,0
15636,-2060,3376,16556,3092,8304,0
15348,-1856,2580,14484,2996,2564,0
15500,-1368,4128,12628,1404,-968,0
18724,-828,5592,24228,5388,-1508,0
20368,2980,4136,15932,-6784,5132,0
20560,2908,4712,17356,4164,4276,0
13164,-4420,12916,16072,3812,1664,0
11712,-912,10972,15884,5328,612,0
9624,-64,11368,16384,3132,2724,0
13112,-5488,11944,16412,3600,2580,0
13700,-1160,11764,16084,3444,2096,0
14484,740,10264,16080,3760,1276,0
15408,-704,9424,15908,3656,1456,0
13992,1240,9728,16104,3156,700,0
12744,2972,7116,15760,4012,348,0
13516,880,6764,15584,3344,-36,0
18988,3724,2084,15476,4336,-968,0
12712,6840,4164,17740,-3540,1780,0
18512,-9112,5112,22776,-3844,4860,0
15704,1756,6120,17456,-6164,12496,0
17200,-876,5792,10916,-364,12564,0
15672,616,4948,10748,-4088,7524,0
15912,-1040,2916,13780,5392,6848,0
15992,572,3420,14328,632,4960,0
16440,-668,3156,14840,388,4812,0
15704,1004,3204,14644,8664,1132,0
15580,72,3224,13020,4376,-1368,0
16312,-2300,1620,25328,13184,-4996,0
17024,5488,1632,13448,2096,2052,0
21828,-3848,-112,18196,2108,4808,0
19300,-3172,4112,16844,4892,1912,0
13356,-4360,14428,16036,3876,932,0
12788,-2952,12696,16124,4280,948,0
8832,-1992,12908,16276,4004,1844,0
11176,3036,11740,16028,3192,1384,0
13376,-2568,12012,16168,3816,828,0
15364,-5064,12536,15968,4368,1672,0
14256,716,8916,15960,4244,80,0
14120,-332,7688,15368,3660,-1552,0
8444,3824,14356,14828,4432,-1640,0
22652,1588,9116,19196,-1888,560,0
16092,3360,9436,24252,-3764,116,0
16064,-5148,5920,23316,384,956,0
15716,1392,4264,9264,-868,14348,0
16636,-2532,5024,12212,-220,7584,0
16096,116,5644,10780,-432,8988,0
15672,-752,4424,12896,1080,8260,0
15864,-744,2756,15540,-1900,6488,0
15604,-472,2476,16820,3236,3944,0
16140,-308,2616,7744,1892,496,0
20944,1036,344,30684,1248,-7092,0
21392,2652,-1316,12476,-688,9168,0
23832,-9352,-1240,18324,-220,5348,0
18428,-2976,32767,16308,6932,2608,0
11716,3092,13832,16408,2604,2680,0
6716,-1644,13920,16192,2324,2340,0
10436,588,12716,15856,3408,2488,0
11016,-1428,13596,15808,3296,2020,0
13844,1000,12980,16048,3628,3168,0
18304,2696,9604,16416,2808,2784,0
11868,-2560,5728,17052,3404,1744,0
15188,3520,3312,16724,4488,944,0
22040,-260,7036,20744,1212,-4136,0
16744,2232,9428,26244,-7856,-3992,0
14012,-680,3396,18624,6652,2904,0
16384,-4400,4144,13632,1232,8904,0
15944,-436,4460,7984,1252,12392,0
16652,-2092,5624,10104,1432,11852,0
14632,-1192,3728,9316,-816,10284,0
16672,-2196,4332,15776,-4184,12140,0
16644,-1316,5652,17448,6144,5936,0
16664,120,1668,10296,4444,-1588,0
17520,-1076,1380,11080,-1212,2688,0
26724,2304,-2460,21656,4424,1732,0
25796,-1508,-2440,17468,-4932,8432,0
18300,-5344,15668,15760,7852,4340,0
9472,4080,11620,15528,4140,2652,0
7480,-3392,14952,16352,2548,2860,0
9516,-3168,11760,16720,2660,576,0
10500,2320,14564,15444,4728,888,0
14184,3864,14576,16192,4068,2612,0
17016,-7816,7228,16572,1400,1948,0
10052,88,4140,17224,3060,-2852,0
30600,4256,2064,20696,3328,-5104,0
13492,-800,14424,26120,-7528,-2904,0
16436,2436,4208,19052,8136,19556,0
16876,-5132,3800,13668,3200,10824,0
15080,72,3984,6592,732,12728,0
16136,-2648,4340,8764,2420,11260,0
15700,-2072,4184,9288,1204,11156,0
16088,-3556,2652,15852,-4504,13096,0
16048,-972,4176,20172,5424,6156,0
16620,-1524,3060,9576,4032,372,0
17408,-1336,1088,11488,1708,3548,0
25080,420,-3068,19068,3104,2336,0
26224,5172,-8468,17808,-2936,9660,0
16728,-6288,25856,16224,2924,3996,0
12680,3776,10024,16580,6308,1536,0
7576,-2752,14472,15116,4212,908,0
10020,-1768,12820,16880,3760,252,0
10628,-1380,14116,15776,3456,896,0
13760,3212,13948,16616,3392,2900,0
15592,-5492,7892,16680,1432,-128,0
11792,3556,4748,17280,3940,-2736,0
24684,-2920,7456,25464,1356,-2904,0
16540,2212,12076,24364,-6364,1744,0
14904,1112,2820,16704,3468,24908,0
17416,-6372,2720,13556,3748,9508,0
15292,612,3532,7080,-808,12432,0
16696,-1928,4844,9648,1428,9732,0
15560,-728,4544,10764,-1684,10576,0
16048,-1952,5368,16500,-1544,11332,0
16308,-556,6312,19848,4852,3864,0
16488,172,3628,10288,1232,-1524,0
17176,-2452,2116,12500,1108,-264,0
18904,-4860,360,32767,3248,-6280,0
24032,5780,-2144,13244,-3424,11056,0
22952,-7692,980,17584,-1464,4620,0
14208,-1480,15776,15848,9492,2116,0
11020,-364,13860,15704,2648,1360,0
8684,636,9200,15984,4912,1816,0
7252,-2752,14704,15932,2900,1940,0
13268,-396,16156,15992,5172,2320,0
15124,-356,12408,16464,2708,620,0
13304,976,10800,16376,3368,-1208,0
11564,-3936,5948,17892,2300,-1220,0
29100,-4152,5208,23652,-2260,1084,0
15560,13376,11308,26224,-1396,2140,0
16272,-7020,6468,12656,8620,25380,0
17444,-816,5180,14516,-1132,10368,0
16560,-832,4696,7452,-4028,11472,0
15928,-2208,3600,7804,1992,10444,0
15284,-540,4456,12420,-5296,13240,0
16972,-1992,3820,15456,2216,10720,0
16144,-488,3504,14216,2460,4500,0
16356,-424,4144,11348,3392,736,0
18912,-1804,3644,27696,-3640,-8448,0
20128,2060,320,14792,-1468,10640,0
24680,-1528,-1952,18500,592,4780,0
14360,-5288,6328,16424,2820,1640,0
10004,-2720,12380,16172,4728,1380,0
8788,-2656,12352,16436,3328,1732,0
10520,-2676,11108,16180,3704,1568,0
11004,-1524,12588,15736,3852,1244,0
13928,824,12372,16072,3948,3524,0
16984,4896,9852,16336,3192,2956,0
15472,-2516,6304,16700,2816,896,0
12836,-492,3824,16680,5288,-2284,0
22044,7328,8476,22004,1252,-3452,0
17864,5184,10328,25592,-10500,-2736,0
14784,-1072,4020,17712,6844,6172,0
16376,-3344,4360,13328,-1220,9144,0
16244,-300,5352,7680,-624,11300,0
16056,-1688,5868,10960,388,10824,0
15884,80,4892,9900,1724,10132,0
15784,-1412,3348,16232,-2380,8880,0
16228,-1444,4620,18452,3328,3536,0
16632,256,3132,9396,1984,-1892,0
19800,-3512,-1100,26052,-4576,-4592,0
24180,4820,-2024,12036,784,13972,0
25040,-10468,2716,19696,-1380,6900,0
15716,-6736,15860,16316,7404,2564,0
11780,1656,13000,16508,2096,1748,0
5936,-628,15608,16060,3664,8,0
8776,520,12940,16204,2904,-448,0
11984,1868,12556,16268,4200,1376,0
15404,1888,13088,17228,3240,2264,0
17924,772,8792,16380,3264,1468,0
8912,-856,4332,16128,4316,-3192,0
25768,3944,-9636,18400,5028,-3840,0
10316,-280,6516,28412,-8528,-6068,0
19088,2380,5724,22740,9348,3292,0
16664,-5268,4552,16272,8140,17844,0
15628,-3204,2640,10580,-1100,14568,0
16028,-640,5272,7772,444,13816,0
16648,-1124,4536,6128,524,12580,0
15888,-1164,4716,6900,-88,12416,0
16256,-1912,4416,9348,-700,11452,0
15808,-88,4452,11296,-1876,9344,0
16304,-48,3616,14220,3860,4824,0
17196,-2264,4968,17444,4416,1828,0
16408,-784,4620,14552,5260,416,0
21320,-276,4356,28880,4204,-7464,0
20416,7004,-656,14552,6080,3036,0
20772,-3576,9592,15888,2268,3900,0
17088,-2872,16304,17444,6400,520,0
7192,-3360,16472,15972,4772,748,0
4780,-4540,15796,15312,4860,2364,0
5384,-1924,13228,15952,4420,3344,0
5924,-3016,13160,15708,4248,3624,0
7032,-2604,14256,16004,3824,3264,0
13872,-2460,13896,16312,3452,3688,0
16284,2548,12988,16160,3304,3880,0
16768,1224,7836,15992,2752,3408,0
14468,-2140,4016,15944,3196,1676,0
11820,488,3256,16152,2780,2024,0
24008,6332,-6744,17380,4540,2860,0
15180,1228,6688,19620,-1156,-2808,0
16408,3632,6804,22016,-2284,2404,0
16728,-3324,4792,15812,4624,15944,0
16004,-1544,3424,13592,-1096,9424,0
16040,-476,4764,8676,-3556,10796,0
16164,564,5772,9212,-24,9956,0
16092,-1432,5080,12664,-2960,9580,0
16056,-756,3660,17648,-4436,10788,0
15772,-1152,3348,17960,5480,4984,0
16168,340,4736,9712,2680,-1104,0
17956,-2428,2584,18984,-628,-3056,0
20856,2196,-2068,10004,6808,7352,0
25840,-1296,-9056,20348,-3408,7132,0
14924,-6404,12108,16712,9432,2052,0
12648,972,13020,15848,1956,1592,0
6028,-1424,13012,15988,5088,3500,0
11324,-1504,16772,16252,4364,3368,0
9100,-404,13992,15644,3984,1616,0
13852,700,12296,16176,4484,2580,0
18308,-4292,10576,16468,2440,2944,0
14464,8380,8592,16524,2808,168,0
11096,-2700,4612,16172,3280,-1556,0
21968,892,10640,22116,1212,-3212,0
17692,6660,11816,27524,-8588,-8084,0
13844,-1548,4240,16216,5864,18612,0
16372,-2952,3092,14692,-68,10424,0
16380,36,3956,7372,-1524,13256,0
16200,-1728,5188,9264,1132,10608,0
15692,-104,5880,9828,-1760,8896,0
16824,-972,5312,16948,-3124,10724,0
16476,-712,2812,19052,6656,3860,0
15880,-184,24,6964,632,-1128,0
20804,-5276,528,27452,-2384,-7772,0
23436,2896,-2852,10836,6344,9524,0
26596,-11632,-264,20448,-3872,6992,0
19276,-6096,19740,16060,6208,2304,0
11032,3892,13784,16304,4320,1000,0
3476,-1584,16176,16060,3524,-104,0
7424,-68,10616,16100,3364,-1312,0
9520,44,13148,15868,4408,988,0
15896,3228,16480,16168,2900,1736,0
18872,-772,6620,16368,2844,636,0
5808,-5972,368,17076,2448,-1380,0
32767,8188,-7076,17768,7036,-3364,0
9692,2108,11744,26880,-8804,-7112,0
17084,8300,4240,21248,8304,2740,0
18272,-9500,6416,12608,5612,15092,0
15024,-928,4304,12372,1868,11480,0
14644,-3656,5348,6868,804,15000,0
16556,-1036,4044,5228,2636,11108,0
16128,-3332,3408,12828,-1776,14276,0
16748,-1380,2684,19632,3156,7504,0
16452,-612,788,9564,4424,1220,0
18256,-1236,1416,11308,-1080,3852,0
25336,-824,-3672,18408,7280,7068,0
30120,5236,-6312,18208,988,12764,0
20052,-6048,26752,15848,-768,4736,0
9160,5748,13972,16440,7704,2332,0
5568,-292,13040,16732,764,948,0
6924,1356,14696,16256,4116,-268,0
8080,2340,12944,15536,2876,-152,0
16860,5508,14212,16584,4012,2068,0
19020,-7408,6008,16196,1804,-464,0
8256,3488,5792,18084,4368,-2828,0
26848,4892,2336,25680,1236,-5488,0
17244,-3096,15604,28540,-7248,-12444,0
15056,5092,2928,16648,6176,27200,0
16396,-8564,4060,13628,80,12028,0
15644,1060,3612,6132,752,13288,0
15748,-1960,4968,8840,1624,10004,0
16240,-2208,4012,9836,-1280,11616,0
17172,-2444,4620,16288,-2360,11456,0
15656,-1388,776,20204,5300,4600,0
17496,-104,1568,8044,4484,-1768,0
19072,-2416,2384,27532,-684,-13740,0
24500,2296,-2928,9564,-3040,10480,0
24224,-4172,-1472,22008,-1528,4668,0
19424,-6980,18896,14968,7888,2060,0
13556,4376,12828,15796,4012,824,0
3320,-1820,12644,18852,4204,1328,0
9260,-896,9320,16984,3508,1308,0
9696,1084,15824,15416,4228,2704,0
15152,60,14004,17000,2316,3568,0
16372,-5516,7620,16016,3560,-1780,0
8692,-752,6648,15472,3164,-3096,0
14196,1724,8008,27448,1828,-5960,0
20192,1384,14000,27248,4280,-4792,0
14252,-3220,5916,18284,10748,24784,0
15824,-3364,3412,16240,-1228,10444,0
16644,-1664,3912,4600,-1440,13600,0
16384,-1156,5380,8772,1980,10636,0
15592,-1680,3644,9984,-600,10892,0
17464,-2180,3504,19168,-312,11436,0
16036,780,1464,16684,5636,7916,0
18880,-2908,316,8696,-648,3400,0
24776,2348,-2284,26888,2900,1588,0
30388,5432,-5668,18468,3068,13596,0
17424,-8748,25356,15780,-3460,2856,0
9560,5612,14092,16080,9204,912,0
3488,244,13588,16248,2984,-396,0
6104,480,14776,15836,1392,168,0
8320,1672,14380,15580,3636,1360,0
18520,912,16856,16444,2804,3740,0
17152,-2120,6328,16408,3316,-1608,0
9284,2148,5380,18548,5352,-1024,0
28832,1364,584,24072,1896,-4940,0
14672,-2612,15412,31340,-5432,-10336,0
14156,6820,4568,17236,8156,16016,0
18052,-10896,4816,15296,-1776,9356,0
14640,2488,4004,5496,2372,14456,0
16172,-2852,5668,7416,4,13044,0
16116,-1428,3384,6604,-832,10592,0
16328,-2208,5448,17048,-528,9432,0
15392,-2584,1256,20388,6032,4628,0
16884,-1252,1092,5008,3940,1836,0
25152,-3176,-1312,32767,-5484,-5672,0
27904,11068,-6784,14260,5084,17396,0
19268,-5284,15792,18756,-4108,4220,0
12676,656,15800,15320,7704,1440,0
9308,-3004,14264,16824,2160,208,0
3968,436,15696,17028,4708,-2700,0
5208,-1652,14260,15196,4068,-1132,0
10660,-708,18500,17184,2260,4128,0
18736,-3672,12200,16136,1868,336,0
5688,-4748,4268,17976,2808,-1476,0
32767,8084,-21744,19240,9348,-2820,0
5572,3320,14128,29184,-7228,-11252,0
16016,13076,5172,20120,13244,6228,0
20204,-12384,6288,13564,1064,10432,0
14684,3008,3120,7840,1120,12892,0
15036,-8180,4340,11536,-2568,12392,0
16484,-764,3544,976,4916,11856,0
15916,-3332,3924,14620,-2040,13824,0
16060,-2188,1636,22128,4312,3076,0
17060,-1780,1536,3268,3212,964,0
18828,-2184,3360,25600,-5796,-11464,0
22012,-1440,-5768,11340,-2532,9040,0
26536,8456,-5340,20236,-880,7444,0
20584,-5536,21120,15236,6320,2944,0
12104,6272,12636,16684,1952,1340,0
6188,-2040,13124,15836,4964,700,0
5864,968,16532,16168,2424,1352,0
7748,636,14248,16160,3992,2736,0
20156,4284,14844,16920,1652,2164,0
17320,-6228,7152,16280,2000,-1844,0
7376,944,4224,17864,3224,-1272,0
24772,4372,2772,23832,-288,-2760,0
18392,-732,15948,24776,-2128,-5412,0
14532,3160,5420,15484,9836,15152,0
17204,-5560,4628,18264,624,7668,0
15544,316,4012,6392,92,13920,0
16496,-1552,4336,9024,3040,10928,0
15836,-2652,3080,10056,-1312,11468,0
16136,-2432,2532,16716,-3312,11888,0
15444,-792,1696,20404,4540,3664,0
17320,-76,3936,7572,1888,644,0
19236,-3620,1688,21520,-1528,-3816,0
24808,6296,540,11880,4764,5912,0
24208,544,3076,19560,-2972,5956,0
14700,-5640,16520,15684,8464,3548,0
12768,2512,12168,16312,2472,928,0
6588,-2708,14716,16152,3728,1036,0
10324,44,11600,16236,2332,828,0
13568,5384,13148,15988,3704,1592,0
13996,-552,12132,16264,3212,2648,0
15644,-3820,5748,15968,1612,1384,0
9648,1476,4916,17044,2284,-1604,0
32092,2728,2048,21164,7008,-3016,0
9380,-1144,11284,24780,-7408,-860,0
18384,4972,3560,22460,8336,344,0
17300,-5764,4536,12880,3124,9804,0
15364,-268,3580,7136,-1240,11128,0
16232,-1296,4100,8608,-276,10744,0
16036,-2196,3684,9460,3144,9620,0
16212,-1704,3216,16980,-4968,10632,0
15624,-1568,2216,19232,3316,5252,0
15672,-268,380,7568,624,-564,0
19564,612,-812,15160,-1872,10080,0
27052,1780,-2524,17388,5600,7232,0
30572,-5280,-2148,18632,3372,9892,0
15900,-1652,19936,16464,1392,3240,0
13012,1368,13256,16996,5424,1656,0
3388,380,14684,16200,2056,1476,0
9196,32,6856,15476,2008,640,0
12960,1924,12396,15436,3856,776,0
15104,2992,11368,16720,2468,3248,0
14376,-4352,4244,16460,2128,-912,0
12416,5460,5480,18732,4720,-1476,0
25476,3516,8180,27356,1528,-7060,0
15788,-2560,14416,28120,2560,-10284,0
15276,1656,2140,15596,8368,15368,0
17612,-7332,3416,17268,1412,11516,0
15460,1064,3788,6336,-2896,14496,0
16360,-2172,2660,7656,2748,10984,0
16152,-2040,2840,13368,-1812,12400,0
16128,-1684,3400,16624,3084,9980,0
15672,-1216,2260,14732,1252,4212,0
18908,204,2156,9452,2252,3216,0
20696,-6348,-2824,32767,4708,4184,0
27952,7620,-8224,12696,-2792,14860,0
24296,-7208,28036,20472,-2372,4272,0
11868,2244,13132,15824,9328,2932,0
6864,-1628,14228,16696,-296,464,0
8044,-1124,10020,16012,4460,392,0
9092,1524,14592,15424,3800,-1096,0
15720,5128,17504,15716,3240,2420,0
18760,-4976,8132,16520,240,48,0
6776,-2324,2768,19132,4976,-2032,0
32767,5928,-23804,18896,5508,-2072,0
2572,5288,11672,29840,-6664,-10732,0
21212,6512,3236,18912,11268,20948,0
17840,-11452,6672,17148,-3184,11180,0
14632,220,3752,3992,2544,14332,0
15568,-4264,5320,9952,4316,12888,0
16080,-1800,3820,9664,-348,10676,0
16048,-3028,2288,15368,-1500,11824,0
16012,-1288,88,20492,4260,8756,0
17836,-1996,2060,8212,4640,1104,0
18576,-348,-1112,17852,1332,1720,0
26720,4048,-9196,8240,-3560,4204,0
20660,-11376,2284,18296,-4996,5244,0
20964,-6380,17568,14492,8304,3840,0
10984,2800,13952,16928,3056,536,0
5448,-1688,14408,15636,4656,2800,0
7828,-2276,12584,15956,3316,428,0
10328,1048,15980,16364,5584,2764,0
13876,-2284,13492,16596,1424,528,0
11912,-852,10320,18532,4980,-1092,0
11516,-4116,172,18784,32,-4864,0
5116,4512,4820,28352,-6032,-10320,0
21992,3964,12016,22464,14276,3016,0
14696,-8500,7636,15524,2824,11224,0
15840,-1732,3956,7924,-704,11972,0
16320,-2824,7160,11512,220,11332,0
13712,-1288,3688,6924,3688,10716,0
16428,-3584,4640,12480,-5512,13304,0
15684,-1116,1300,20024,5128,6764,0
16392,-1152,280,8488,2028,1888,0
19988,-2156,-140,17072,-60,860,0
24548,1600,-6768,12600,5400,10016,0
24720,2968,-5252,21676,-2596,8484,0
19336,-5332,14772,14844,4684,3784,0
11732,6040,11476,16680,3420,2184,0
5412,-2972,14132,15284,1728,888,0
8408,-1860,6516,15968,3232,280,0
10916,4456,14508,15400,3520,668,0
14920,684,14396,16488,2824,1836,0
15996,-6672,5456,16616,816,-380,0
8064,2540,5060,18924,4632,-508,0
31776,2432,2176,24404,1252,-4372,0
14000,968,17280,26608,-5688,-5272,0
15004,2780,5200,17660,6884,15056,0
17000,-7604,4004,14688,1544,10208,0
15700,1388,4588,7508,1672,12348,0
16736,-1960,4276,9372,2968,11996,0
15696,-1648,3368,8392,1232,11180,0
16404,-2820,4940,15204,-3096,13608,0
15996,-280,1044,19576,3956,5816,0
17028,-2352,-168,7904,5028,1384,0
17360,-244,-1072,18064,3772,-11376,0
25964,2096,-6388,8064,524,6632,0
18740,-3880,-2012,22868,-3324,8036,0
18512,-5944,15348,14928,6792,3468,0
13072,3216,12084,15752,3700,856,0
3908,-1524,16604,15992,4744,2044,0
9572,-3788,12904,16940,3056,784,0
10504,1372,15244,16056,4528,996,0
14320,3548,12476,15848,2788,2452,0
14468,-6032,7344,16744,2244,1824,0
10404,-748,2676,17752,3296,-708,0
32767,2808,2808,21404,4224,-2544,0
11908,-604,15204,23300,-9592,-4812,0
16628,5696,3840,20400,8732,3672,0
17636,-9044,4784,15436,5000,11400,0
15240,680,4364,12340,4484,9864,0
17244,-3208,4532,9768,1284,12056,0
15660,-1536,3800,6592,2804,9760,0
15892,-1820,4984,12104,-1904,13060,0
17568,-2128,6020,17164,1620,9556,0
16180,1320,292,16288,3720,6708,0
18508,-2380,428,9484,3252,412,0
21856,-4076,-2732,32767,-144,-1080,0
26344,9368,-8276,11884,1200,15364,0
23448,-4272,23196,17660,-1668,5448,0
12344,4448,13820,17172,6564,2656,0
7016,-1876,13312,16484,1560,1568,0
8880,-56,14136,16264,3796,-256,0
8380,-1056,14592,15456,3216,684,0
16636,4864,16572,15944,3656,2980,0
16420,-4292,6672,16824,1260,-772,0
6024,-4736,3796,14288,4876,-2028,0
32767,5824,1616,19420,6136,-3648,0
9056,-300,14820,24836,-7044,-4664,0
18932,5356,4124,20212,8204,4396,0
17348,-8244,4880,14464,4084,11756,0
15600,-540,3388,10576,4232,10904,0
18224,-2468,4352,8556,-424,12456,0
16184,-948,2736,7548,1464,10840,0
15340,-2784,3056,14732,-1740,11704,0
16144,-624,2472,19012,1116,7144,0
15484,-1992,1224,10936,6108,324,0
17496,-212,932,11628,-72,1956,0
20128,-2520,-3696,30388,1868,-1872,0
24348,8704,-5636,13764,1812,13388,0
20260,-6940,17544,18056,-3280,3028,0
11812,-2268,12396,16428,8512,1824,0
9928,-2232,13204,15860,2096,1252,0
10264,-932,13860,16768,2584,1560,0
8364,-944,14180,15680,2928,984,0
14596,1612,14812,16896,3720,1280,0
16256,1940,9584,16548,2512,1752,0
12692,-4856,4336,16028,2288,-892,0
10832,3252,3012,17604,4844,-712,0
24108,872,6300,23252,1688,-3296,0
14432,3276,15196,25516,-9204,-4332,0
16392,564,4280,18400,7108,9756,0
16624,-5244,2972,13992,3728,10108,0
15692,-112,3848,8024,3404,11520,0
15948,-2440,3360,9832,2188,11456,0
15836,-2052,3248,8108,1480,10792,0
15980,-2428,4204,15340,-3168,11544,0
15872,-1692,4336,19516,568,7772,0
16648,-828,3192,12400,6144,1164,0
18052,-2800,1568,12208,2240,-1660,0
19372,-4288,-1028,32767,948,-8512,0
25932,7316,-3188,9420,-1504,13116,0
18716,-6112,15876,19064,-3180,6332,0
11868,-2244,11028,16072,8788,3640,0
8252,-3404,13796,16164,1108,2560,0
9780,-2796,13992,16316,3596,2500,0
9624,-92,15000,14140,3892,612,0
13324,-808,14976,16804,3516,1828,0
17556,-452,10660,16576,2072,1820,0
10508,720,5736,16756,2940,1244,0
13704,3180,4924,16928,1740,384,0
20628,-4912,10032,22504,-1508,2904,0
16416,5968,6816,22088,832,4276,0
15580,-5948,5452,8036,7548,11640,0
16404,-344,3560,12036,-2008,9868,0
16272,-472,3760,10356,2560,9984,0
15692,-1468,4440,11752,2692,8524,0
15788,-1240,3876,16964,-3976,8148,0
16400,-960,3008,15540,904,8068,0
16220,-1312,3812,13468,1672,4884,0
18636,-748,116,22468,-1516,760,0
19968,1492,1480,25868,11372,11200,0
16956,104,10248,10736,5404,3836,0
9464,-6220,17144,15732,7316,2516,0
12040,60,12076,16420,3660,3412,0
11032,-3792,12816,16248,4460,3828,0
10388,-5744,15348,15684,4784,3408,0
11700,-4892,14272,16264,4100,1536,0
13168,-7080,11688,16264,2768,1428,0
12620,1888,14964,16284,3136,1508,0
9712,5112,19756,16528,3008,388,0
30624,-6512,3460,17268,2168,520,0
14440,3608,6036,17188,-1568,2760,0
16168,-2344,3272,17572,-3808,6372,0
14968,-1732,2736,15844,-10172,9456,0
16244,-1028,4408,16420,3904,6644,0
15308,-2656,6728,16452,5428,1288,0
16496,904,6712,17548,-728,2540,0
16756,-688,6800,16400,-20,3416,0
15336,-16,3168,16020,4724,2100,0
15792,-1312,856,15424,3816,2480,0
15820,-1176,3200,13836,5300,2856,0
15524,-300,3424,11180,6080,2772,0
16140,-1620,1112,22116,5704,-9340,0
24876,-6132,-2560,10752,780,6324,0
21924,-5844,1116,19700,-2524,5904,0
18420,-5396,15948,17164,8308,4680,0
13788,-10252,13148,16476,2528,3704,0
9676,2408,16044,16196,3708,1272,0
9728,3760,12460,15192,4884,-840,0
12064,-2616,13916,15668,3744,984,0
13316,-3384,12656,16040,4312,3604,0
15868,9324,11736,16612,3088,4888,0
17416,-2336,8288,16060,2560,-556,0
9596,-4492,5316,16660,2900,-1292,0
23472,6976,5884,20808,4620,-3124,0
16432,1668,11724,23292,-5912,-6544,0
15120,3124,3656,18248,6564,1132,0
16944,-6168,5280,17232,2360,9160,0
15604,-540,4308,10740,1784,11604,0
15924,-1896,4340,10216,-648,11356,0
15756,-1852,4420,8308,-1088,10768,0
15928,-1052,3896,16148,-3904,11968,0
15956,-2208,3388,17656,6036,6208,0
17660,-748,1272,8328,652,740,0
22224,-2720,-2796,27228,-10548,-7120,0
25168,7196,-1484,11296,5000,11192,0
20112,-6780,-3228,18520,-2916,4316,0
11876,-1112,17180,16552,4936,3760,0
10940,-764,12916,16896,1720,4512,0
9728,2912,13520,16940,1736,3432,0
9072,2596,13316,16768,3036,2156,0
15344,2632,14376,16704,2544,3788,0
15940,980,9952,16660,2148,180,0
9432,-3280,4188,18084,2600,-2028,0
13280,5332,2508,17308,2992,-3644,0
8412,512,2872,23648,1672,-5384,0
20656,-7596,13160,24432,4308,-7200,0
15520,-3408,6456,18356,11380,17052,0
15704,-4952,4568,16764,-652,11080,0
15740,1676,5348,5736,3036,15240,0
16672,-1984,4288,9076,3472,11532,0
15340,-1060,4540,8344,-1600,12896,0
16576,-1196,2292,11868,732,12916,0
16556,-3228,2564,21352,1092,6284,0
17736,-608,2040,7716,3392,3564,0
17812,-2728,-824,19388,-2756,-1596,0
22340,884,-9800,13344,6508,4680,0
23140,-2372,-4788,19120,-8580,3428,0
23664,-5456,15632,16260,11084,1892,0
12016,3508,12368,16340,1436,932,0
4504,-3228,16144,13404,2144,3996,0
10828,-4228,12048,13592,1192,2620,0
10504,-172,16652,16692,4816,948,0
13616,368,14872,16644,2156,948,0
14088,-1172,10132,17140,2360,48,0
7992,-7024,888,15616,4296,-2512,0
32767,2304,-808,20016,5012,-4576,0
8208,8504,14252,28340,-4892,-4680,0
17704,1792,4208,18260,11716,15368,0
17780,-5876,4660,15164,2144,10152,0
15656,-1128,2832,5540,156,13092,0
14456,-2344,4148,10168,3268,10904,0
16072,-1660,2988,10984,1312,11396,0
16076,-3108,3472,15204,-4436,11340,0
15644,-664,372,19396,4840,4508,0
15964,-2416,4092,9812,1760,664,0
17736,624,1572,15368,420,-1732,0
26068,1404,540,15192,6628,8724,0
26492,196,2248,19900,-3064,8676,0
14132,-3064,17740,15648,5732,3036,0
12184,-2980,13176,16400,3380,1696,0
6628,-1324,14444,15744,3348,1600,0
7524,-2616,13260,15316,2188,1324,0
13332,1264,15104,14648,4744,744,0
14396,2152,12260,16288,2368,4016,0
16236,-3128,7112,16432,1192,3260,0
10452,-1028,976,17136,1840,1544,0
29216,2556,-2724,20416,6716,-3120,0
9176,-1308,12524,28348,-4796,-4288,0
19696,4328,5768,19876,9800,16804,0
16704,-7000,4492,12188,1864,9904,0
15376,-1172,2896,6404,-104,12340,0
16400,-2664,4028,12420,3840,10364,0
15716,-1904,3580,10900,1832,8832,0
15808,-2480,3772,16908,-6180,11608,0
15036,-2664,5828,19848,5836,6324,0
17204,-1728,5644,10072,-12,1792,0
17468,-556,20,12640,-1284,6612,0
27152,300,-3212,24912,11372,8908,0
26736,3720,-2096,16776,-4068,8668,0
12384,-1992,15864,15848,4504,3708,0
11108,-3604,13604,16324,4060,4036,0
8208,-496,15064,15956,3088,4052,0
9116,8,14092,16408,1732,2612,0
15644,-412,14536,16224,3752,2604,0
12168,1944,10004,16352,1352,2868,0
13164,-5080,5580,17020,2704,1900,0
9912,2436,2120,17552,12,-252,0
31280,9184,4380,29064,1352,-5172,0
14240,-3264,14640,24464,10564,-4792,0
14940,736,5976,8964,5580,14748,0
16964,-6268,4604,11740,364,10940,0
15992,-1176,3868,11256,-404,11568,0
16492,-1752,3432,9152,3256,9384,0
16272,-3028,3464,16668,-4460,11944,0
17280,-1172,2784,15224,3292,7548,0
15676,-364,2312,13264,5204,3184,0
18568,-3240,24,13300,108,-112,0
25124,2676,-2600,18768,9932,14644,0
27424,1196,976,21728,-3700,10384,0
16684,-4072,20076,15268,3400,4040,0
13564,3024,13636,16408,5416,3188,0
5912,-2200,15860,15600,2180,1680,0
9308,-2528,15364,16316,2156,1484,0
14340,5712,16864,16116,4352,3432,0
15532,-3968,10540,16728,1668,2188,0
7424,-5436,4836,18336,3272,-3740,0
31096,9144,-960,21556,6884,-4732,0
7152,-7252,11864,29416,-7116,-108,0
19172,8528,4212,18512,8184,22600,0
18164,-10924,5708,12532,2096,10216,0
14772,1672,3656,6348,-404,12916,0
16688,-2168,4364,12092,-288,9204,0
15104,-848,4096,12872,1432,9008,0
16164,-2096,2152,14332,-1464,9148,0
17280,-480,3968,15652,5548,4952,0
16896,636,236,10820,12,1104,0
25344,-2148,-2068,32644,80,1452,0
31112,5652,-3040,11596,1776,13204,0
15944,-5428,20180,16588,-188,3380,0
10068,-452,13260,16072,5828,3256,0
6424,-1724,13492,16260,1784,2608,0
6768,-856,14696,16076,2120,1452,0
10572,636,15608,15416,3448,2096,0
15100,5984,15856,16748,3600,3092,0
17992,-7960,5656,16276,-280,-744,0
8220,-3460,3600,19216,5276,-2368,0
32767,2932,1456,21632,6364,-2364,0
8500,1324,13892,25744,-5008,-3160,0
18956,3088,4524,19952,8096,12292,0
16600,-8172,4036,13800,1944,10096,0
15464,-440,3704,7388,856,12000,0
16788,-2572,4264,9936,2184,11532,0
15168,-1292,3300,8620,1180,10864,0
15812,-4040,2736,16436,-2904,13416,0
15984,-160,3044,19088,5960,5220,0
16552,-2140,1972,7724,3612,244,0
18796,-3144,612,23392,-184,-11088,0
26888,5360,-2220,8772,-184,10512,0
23468,-5000,-3168,22776,-4968,6968,0
13700,-4716,17928,15676,10060,3680,0
13548,-24,14012,16352,1652,2224,0
7052,700,14160,16064,5560,2244,0
8168,-1852,14288,17660,2988,1000,0
14580,4496,16652,15792,4076,1896,0
15172,-2760,9852,16496,1780,1796,0
8956,-8348,4948,17696,3424,-3024,0
24080,7292,-8392,17480,5140,-140,0
7108,1260,8772,28768,-6312,-216,0
21548,3516,8140,20736,8708,-1272,0
16036,-8056,5892,12104,6336,14816,0
15964,-2180,2980,12636,2540,10332,0
16680,-1400,4844,7204,-844,12432,0
15124,-1204,3808,7652,1212,10552,0
15268,-2004,4136,14116,-304,11472,0
16368,-2484,3508,18728,2220,7480,0
15992,-1004,868,12276,3696,192,0
17136,-1172,2540,10688,1300,1248,0
23408,-2604,-976,30764,-504,-1224,0
24980,7208,-4824,13152,1252,13812,0
21496,-7280,-4452,18320,-2616,4772,0
13740,-5876,17420,16800,8452,2472,0
11444,-1688,13428,16072,1272,1896,0
8076,1560,13504,17972,3724,544,0
6368,-1788,14748,15312,3072,784,0
16524,112,14972,17208,4692,1692,0
16304,704,6856,16696,2184,1780,0
6428,-8260,1596,17576,3344,-2692,0
32767,8628,-4560,19504,8168,-3756,0
7536,-1532,13460,29232,-6832,-4700,0
18940,7120,5500,20556,6756,17240,0
16184,-9356,5016,13760,1152,10276,0
16608,-544,2576,5400,436,12996,0
17020,-2644,4060,9772,996,12236,0
15916,-560,3456,8480,20,10752,0
16388,-3008,4508,17180,-3892,11536,0
15644,-596,2132,19100,7932,3396,0
16372,-1296,468,7180,3436,2856,0
23452,-3012,-1984,32767,-5940,3452,0
25560,11312,-3988,15024,3336,13740,0
19324,-7328,4836,15024,-3296,3096,0
11940,-1432,13984,15508,6884,868,0
9036,-1468,13420,15836,2880,1428,0
7764,752,15276,14500,2968,1592,0
7556,284,13524,15728,3036,1148,0
16896,1288,14956,16132,4276,2784,0
16240,-1216,6268,16976,2216,216,0
6348,-6760,2964,17996,2912,-1844,0
32767,7004,-28024,20500,7508,-2892,0
4572,6936,11832,32060,-8760,-17936,0
18296,1388,6084,20476,6328,26664,0
17524,-8664,5984,14212,-36,11928,0
14996,-444,3156,2612,1044,12612,0
18308,-1500,4360,8420,1048,11960,0
14408,-800,3856,10892,328,11560,0
16260,-3156,4208,14576,1728,11128,0
16032,-1764,1572,17924,4348,5268,0
16240,-1204,2012,9708,1540,1336,0
23524,-3476,-904,32767,-1248,-1432,0
25048,7932,-4172,11520,1456,14496,0
20580,-7296,-984,20136,-4644,3344,0
14844,-5904,18764,15832,7876,2728,0
12960,-636,13356,16484,2756,3080,0
5832,-576,14620,15064,2672,2660,0
7816,-1180,13000,15532,2624,1900,0
12880,2728,15640,16036,4076,2288,0
14940,1720,9740,16876,2648,1356,0
9948,-7760,4812,16536,2444,-2420,0
19896,6168,-7088,21336,3724,-2656,0
8020,280,11312,29204,-5472,-908,0
23552,5156,10176,23360,9796,1268,0
15820,-7836,6644,12432,4656,15228,0
17720,-1764,3012,11404,1604,11324,0
15776,-2372,3680,7960,192,11048,0
16092,40,2596,6872,-552,10216,0
15568,-2632,4576,16136,-232,12512,0
16408,-1136,3640,20792,2644,6240,0
15760,-1896,928,5744,3892,-2256,0
19092,-2268,2236,18672,5280,-6724,0
24112,20,-2516,9164,944,12916,0
28664,1284,-3412,24892,1496,10912,0
16444,-4712,17988,15604,4460,3352,0
12316,3680,13384,16488,4948,1476,0
3812,-1492,15664,15956,3580,1028,0
7824,-220,11852,16004,3108,-336,0
9556,1772,12764,15760,3648,580,0
17336,4020,14660,16660,3584,3048,0
18452,-6208,5464,16368,2228,368,0
9936,-580,5632,17996,4100,-1936,0
32767,8716,688,22468,3208,-5384,0
11868,-8212,15900,28756,-9576,-14576,0
15796,11020,2816,19600,8176,10704,0
18148,-10724,5124,11856,-636,12680,0
15200,492,3644,7892,1844,12104,0
15992,-2952,3712,7088,-460,13308,0
14824,-612,3660,4416,-320,9632,0
16320,-1900,4332,15384,-1708,12696,0
15296,-1504,1472,20540,2940,6908,0
17224,-1836,1912,4124,4612,-2864,0
18356,-1904,1636,13532,-228,2164,0
22916,-2380,-2564,10156,9548,11808,0
29400,6512,-4980,21752,1920,10872,0
19064,-6800,23064,16044,660,3608,0
10032,4732,14948,16716,8368,1776,0
6320,-1052,13888,15820,1476,1552,0
4560,-1272,11292,15004,3552,588,0
9036,452,12640,15820,2892,1200,0
16136,4108,15568,16048,3884,1848,0
19104,-5152,3800,16620,2284,1472,0
6896,-3016,912,16324,2652,-408,0
28140,612,-16716,18536,5784,-1120,0
6824,904,9232,23568,-208,-5988,0
21348,316,11572,25160,3720,-7980,0
14784,-1852,7432,20688,8044,23676,0
17180,-5476,3496,15192,-180,10972,0
16736,-360,6156,5900,1484,14208,0
14996,-1744,4664,7704,1976,11436,0
16252,-1340,4676,9364,-188,11744,0
17332,-2288,4724,17776,0,11584,0
15744,-1576,-404,18692,5304,5340,0
18000,-2624,1516,8260,1016,1508,0
22196,-4332,-332,32767,1908,3700,0
26740,9840,-3824,11468,3812,15700,0
20072,-7852,6612,18196,-6144,5380,0
14776,-4292,18880,16756,8748,2884,0
11204,1836,14792,15984,-136,2268,0
5180,400,13352,17952,3416,2408,0
5388,-392,9540,16324,2564,-260,0
11068,3284,14660,16144,4868,980,0
16668,128,12800,15780,2384,2136,0
12756,-9168,5488,16784,3972,-1332,0
15996,6996,-2200,18300,4060,-2820,0
6516,-992,6460,25800,696,-6276,0
23896,-136,13744,26764,4532,-5484,0
14604,440,6672,17892,9608,20588,0
16692,-6556,4432,15548,-284,11180,0
16160,620,5388,3904,-128,14544,0
16188,-2000,4848,8248,1036,12448,0
15904,-1032,3956,9444,676,11256,0
16740,-2484,3360,19212,-3688,11684,0
15860,-680,208,18312,5100,5128,0
18160,-564,2304,8144,2508,1460,0
23064,-4468,-1012,32767,1544,-56,0
25768,8448,-4344,12608,740,16564,0
19748,-8380,4424,19408,-3248,4220,0
16916,-7936,18844,16416,8520,1388,0
11596,1288,14420,16744,2392,672,0
5948,-2228,12764,15668,2284,1092,0
6788,-1360,13068,16444,3092,-204,0
9436,-168,16488,16388,4412,2004,0
16760,4880,14704,16420,1788,3444,0
12760,-6712,8120,16228,2596,-1464,0
27116,-4984,-4440,19720,7404,-1252,0
7288,-2588,11268,27660,-6728,-4412,0
21712,11248,8628,22132,6932,4,0
17228,-12064,7032,11036,7236,16796,0
16060,468,3720,13892,1228,11064,0
15900,-5248,4132,3056,-360,11988,0
16216,-892,1736,7548,3104,11108,0
16456,-2712,3536,12548,300,14404,0
15664,-1416,4284,21828,2156,6852,0
16124,-1016,668,4240,304,-1364,0
19300,-2516,912,18168,2256,-8764,0
24768,2284,-3532,10732,1680,9700,0
27220,3464,-1328,21960,-988,9260,0
16344,-5204,19984,16016,4400,2620,0
11204,6256,12848,16636,2996,1788,0
3284,-1252,14872,15932,3580,1120,0
8056,916,9920,15176,2180,1304,0
9340,3480,13452,16240,2880,2196,0
16180,936,13556,16696,2060,2460,0
18064,-7488,2848,16224,2272,-1776,0
11224,3532,3920,14368,4068,-1092,0
24156,3728,440,22944,1268,-3320,0
15640,-3836,14236,27436,-6196,-4516,0
15556,7992,3212,17452,9176,2692,0
16756,-9648,4392,13428,-48,11208,0
15580,-984,4844,6172,3260,13020,0
14748,-560,4636,9540,3864,14080,0
15964,-2608,3372,7656,248,13024,0
15192,-1504,2116,16592,-5060,13488,0
15104,-2140,236,13316,3844,7748,0
16144,-2944,-1176,10396,3812,5924,0
26560,3032,180,24052,632,6128,0
22084,5072,10620,15444,2004,10016,0
14020,-1344,15792,16244,6260,1812,0
11796,880,11468,15776,3888,1684,0
6280,1320,12244,15824,3952,2336,0
9208,-2008,13096,16324,3352,2168,0
11160,660,13416,15804,2008,2144,0
12972,1088,11428,16276,2408,2260,0
13716,-504,10056,16300,2408,2544,0
12956,4400,9256,15904,1052,3560,0
13872,2616,7656,15788,2148,4732,0
12468,388,7592,16012,132,4472,0
17300,-4172,8224,15996,884,7260,0
25400,20040,6008,16872,1052,9712,0
7292,-684,9956,17084,-3512,9480,0
17876,-516,4304,20060,-9588,1664,0
15896,-7028,4096,13312,-9108,2880,0
16004,4672,3068,13700,4868,4128,0
15928,-1608,3388,14776,2112,1640,0
16464,-292,6068,16440,1420,108,0
16236,-388,6036,16572,-4024,2388,0
16060,-524,5436,16920,-1340,2240,0
15952,-896,5200,17632,3056,1732,0
16468,-1432,5252,17608,1152,976,0
16100,732,4420,14924,2140,2216,0
16204,-1132,4384,13832,9424,3876,0
15844,-436,2880,14804,7844,1136,0
16504,-1608,4108,21608,-2476,172,0
15880,2500,4084,16368,6152,592,0
15064,252,-2888,15828,-764,892,0
16492,-3252,4460,15660,3124,-644,0
19668,-13588,11136,16612,6324,3268,0
16016,4812,9720,16772,3216,5024,0
15984,-2244,8196,16304,2500,3036,0
15572,-3176,8436,16028,3848,1740,0
15360,-1652,8336,15436,3560,900,0
15640,-300,7360,15768,4312,2464,0
16064,-1872,6908,15928,3256,1700,0
15332,-1168,7492,15576,4412,2772,0
14916,-964,6368,16660,3408,4368,0
13476,-3932,5544,16164,2668,3712,0
13396,-44,7872,16736,4780,2332,0
23884,11988,5260,20444,1616,-4144,0
16196,1668,9344,22752,-5056,-5728,0
15112,852,2668,21948,4916,2876,0
16812,-4296,4120,16300,-2600,8072,0
15172,1188,5468,10920,-2476,7264,0
14128,-1144,7784,10292,636,12996,0
16840,316,5248,10584,772,12656,0
16696,-2352,4212,13044,-396,12288,0
17544,776,2848,14948,2172,9944,0
17360,1812,24,9164,3332,2244,0
22052,-2036,-5748,32767,924,-2352,0
24864,3156,-7884,14816,-4480,13232,0
22840,-10944,5492,17216,5400,5464,0
13752,4872,14152,16188,5112,3460,0
5952,432,14188,16588,1380,3456,0
6588,1688,14732,16528,4788,288,0
4720,148,14184,15760,3244,1044,0
14360,3020,16352,16208,4572,1908,0
15476,504,10952,16980,980,248,0
9628,-6768,6172,18504,5160,-936,0
20976,5552,-6144,18524,2408,-4576,0
5776,2444,7068,26532,-5504,-7240,0
21560,2972,10328,21860,10608,-2860,0
15240,-4384,7328,16264,5428,16036,0
16476,-4464,3748,13544,2032,10856,0
18232,-2044,4176,8944,-1512,12112,0
13728,-1604,1388,4288,2684,11188,0
16164,-3284,2444,13880,-2304,13264,0
16496,-1200,3220,19204,2664,7208,0
17304,-1528,988,8140,2976,556,0
19860,-4936,-3084,22268,-4512,-304,0
24008,5004,-8448,10016,7424,8920,0
27240,612,-7132,21280,-2308,8188,0
18536,-4500,17116,15968,4420,3356,0
13472,3472,12612,16932,3920,3060,0
4252,-668,15488,16104,2224,2896,0
7372,92,8028,16220,3104,836,0
10692,4216,13084,15384,3412,1288,0
16928,280,13696,17040,3740,2256,0
16116,-6332,4208,15732,1324,-2312,0
9708,4276,4244,17464,3824,-3100,0
32767,-7444,4148,20464,4536,-6996,0
12416,256,15916,28752,-7728,-19532,0
15956,8872,3212,18656,8160,13524,0
18276,-10144,4552,14768,-1576,11132,0
13928,64,3000,10076,3052,13084,0
18012,-2684,2216,6884,-1556,13140,0
16000,-1460,2960,8008,276,10764,0
16812,-3464,3824,16296,-3320,12504,0
14960,-416,-1216,20012,5444,4956,0
19116,-2520,1556,7288,2388,-652,0
16648,-4316,-2164,32476,-7292,-7976,0
21940,7584,-6908,11908,-1500,12924,0
20508,-7868,-2508,20936,-2308,4392,0
17572,-4764,18400,15724,6244,3140,0
11968,16,13440,17228,1656,2620,0
5032,2404,13568,14720,2256,3368,0
8044,-128,10824,15796,2476,1148,0
13444,4352,14312,15720,3568,2372,0
18348,-2016,10548,16792,2416,284,0
6272,-6628,4624,17776,2100,-1584,0
26616,8016,-6996,19188,5096,1168,0
8140,-1032,10300,25184,-4292,-2696,0
19568,2268,8316,23172,5900,-7780,0
16588,-4268,5600,14412,7988,15080,0
16248,-3268,3364,14668,1108,10404,0
16532,-860,4952,4464,-752,13092,0
16168,-1232,4692,9760,44,9276,0
15648,-1808,4720,13300,-840,10512,0
16432,-2204,1108,18376,952,8688,0
15268,-1740,340,10348,4128,3756,0
18728,-1368,1136,18976,-428,10012,0
24728,1904,-4352,12388,10648,5572,0
27292,-132,-3476,20040,-3724,8996,0
16732,-2432,16616,16396,5136,3656,0
13644,1212,12380,16320,4376,3852,0
3344,-2452,16836,15272,2424,2604,0
8036,-824,9656,15280,1956,620,0
10444,1948,13236,15612,3836,-436,0
17044,2708,14076,16064,4080,2060,0
17536,-5576,4764,16628,1888,1576,0
8172,2348,2720,17616,5064,-756,0
30016,9108,852,24516,2808,-4108,0
15164,-5304,17616,29564,-9472,-15168,0
14868,7636,3924,18092,5828,14712,0
17320,-8976,4068,12148,-2028,11648,0
15432,-740,4336,6972,2808,11852,0
15676,-2648,3608,7640,-104,12768,0
15696,-1796,4336,7408,708,10520,0
16080,-1760,3748,18152,-3468,13688,0
15340,-1780,-232,20008,6896,3956,0
17416,-1872,3272,5540,1972,-176,0
21536,-2924,-2128,32767,-3072,-1544,0
24048,6264,-4480,11636,-244,16132,0
26904,-5336,-968,20992,-2180,5552,0
16864,-6192,20228,15796,7504,2920,0
14484,-364,13764,17096,1336,3216,0
4148,192,15412,16468,4276,1296,0
7436,212,10264,16588,2840,280,0
11372,2096,15084,15860,4456,852,0
16808,1872,11316,16408,2316,772,0
9204,-6784,5440,16900,2304,-2324,0
15800,4644,-1204,19152,3788,-2700,0
7408,2040,9172,28260,-4560,-3508,0
22128,740,12496,24976,2668,-5964,0
14848,-3196,6148,13148,9500,17424,0
17324,-5040,3632,16212,1516,9904,0
17784,-384,4228,9520,-740,13544,0
16348,-1012,3608,8608,1324,9304,0
15104,-1888,4772,13544,184,11260,0
16576,-2708,1780,19312,1288,6656,0
15388,-1280,-324,7116,2684,-660,0
18620,-56,724,12164,404,2512,0
22064,-2572,-5388,13464,5808,10728,0
29808,6052,-8996,20044,1564,12740,0
18456,-6356,23576,14904,972,3956,0
10932,5060,11356,16256,7124,2648,0
3956,-1852,15032,16076,1604,3812,0
7212,1924,14856,15756,3548,1936,0
8032,3568,13708,15804,2584,1860,0
19000,2128,13084,16224,2660,972,0
12712,-4704,9304,18592,3612,-1116,0
10620,4128,8548,18044,4172,-3364,0
19596,-3252,6976,27652,-420,-5072,0
19520,-1096,14828,25592,-3764,-3688,0
15720,888,3920,15080,10008,19040,0
17148,-5412,3280,16220,1044,9456,0
15776,968,3788,6368,-2888,12984,0
16296,-1788,5084,9508,-3368,10368,0
16416,-1824,3380,12984,956,11648,0
16336,-1972,2268,18140,1636,10280,0
15544,-956,748,12568,636,2296,0
17480,44,2216,9488,520,2688,0
22896,-3344,-2212,32767,4876,-4740,0
25120,8664,-5244,13944,1568,14788,0
19236,-5484,4976,17340,-3812,4700,0
13464,548,12536,15868,9632,3300,0
7876,-2244,14656,17224,-884,3768,0
6908,5740,16268,13044,3076,3456,0
6984,268,13644,12904,1100,3096,0
18016,3780,14856,15720,4032,2712,0
18140,324,6952,17012,2224,368,0
6196,-2632,-532,17556,3996,-1276,0
13548,772,6892,19628,3720,-2264,0
12444,-2420,8596,25640,2656,-4536,0
19028,-4452,15608,29040,-1356,-8556,0
14600,1988,5884,16696,10504,21788,0
17696,-8680,3464,14784,-1088,11172,0
17484,1228,4752,2176,76,15140,0
11728,-2132,3732,11316,1456,10472,0
14892,-1724,3736,10408,20,10900,0
16340,-2796,3916,18600,-1072,10212,0
15992,-944,180,16880,4772,2496,0
18800,-1512,3172,8384,2248,-1448,0
18364,-2380,716,27724,-912,-23280,0
22880,-688,-7320,11180,-4276,10548,0
29480,728,-5584,19620,-2472,6108,0
20092,-2520,19548,15576,4028,3700,0
7440,5508,14100,16192,3812,1960,0
5076,-2944,13800,15996,2528,2704,0
6776,508,13104,16160,2964,400,0
11284,1828,13364,16020,4144,3452,0
18536,1612,12756,16416,2536,1420,0
14988,-3312,7440,16380,2428,-2664,0
10856,728,5664,14888,3200,-3788,0
20000,4788,7420,22364,2732,-7116,0
17928,-260,15400,30236,-12032,-13652,0
14008,1608,6072,18624,6664,19104,0
17108,-6944,5072,13992,176,10220,0
19024,2428,5044,7560,4428,14740,0
18668,-2228,4260,10028,1624,12596,0
16808,-1208,2536,7452,784,12004,0
17000,-2548,5416,15728,-2952,12196,0
15480,-1300,2216,20532,6336,4964,0
18372,-2528,2476,5648,5144,-380,0
19072,-2716,-368,28836,-3464,-24780,0
24452,1760,-6296,9648,-2756,9992,0
25260,-1220,-3396,19884,-6416,5492,0
20656,-5352,14664,15300,9120,2384,0
10404,4032,12568,16700,1140,980,0
6560,-1684,15220,15944,4464,2264,0
8668,484,11556,15652,2312,1600,0
9452,888,14928,15688,3336,2032,0
17616,1832,14064,16380,2840,2076,0
17316,-5444,6208,16764,2700,-900,0
8112,-3352,3140,16280,3516,-600,0
32767,-816,3180,19500,5632,-2464,0
9080,668,13340,26384,-6120,-8284,0
20456,7820,5564,20812,7052,-212,0
17124,-5028,7116,17904,5268,15712,0
14660,-3424,4536,13116,3068,10704,0
16400,-1792,4312,7360,8,13288,0
14320,-1092,2572,6084,1968,9920,0
15804,-1908,3788,12772,-860,12764,0
17000,-2268,3420,19812,204,10644,0
15728,-1852,2708,7932,6312,196,0
19040,-1100,2120,12208,960,4460,0
23256,-3200,-2208,24468,4988,228,0
27772,12252,-4516,14716,652,12740,0
18872,-8264,6376,16916,-3432,5080,0
15664,1880,17012,16576,8760,3232,0
9924,-1220,14072,16472,512,1532,0
7552,188,14844,17688,2776,-148,0
8120,1520,14216,15408,3312,180,0
13052,2088,16276,17292,3784,1868,0
16036,-3980,10872,17196,2440,1844,0
10248,-3804,7160,17752,4492,-1828,0
22048,6460,-12072,16528,3076,-2616,0
6204,-1252,8896,27384,-3944,-8112,0
22672,7248,10824,22572,6148,1248,0
15960,-9192,8976,17420,4832,17660,0
16268,-592,5192,13020,-668,11808,0
20156,-1200,6748,5192,-604,12672,0
15800,-1380,3064,6428,2592,10116,0
16340,-2300,3956,10416,-1112,12840,0
16208,-1832,-344,19076,-704,10096,0
18092,-2472,2148,11244,6308,4904,0
19176,-2448,1248,14172,-8,-532,0
21832,-3568,-3896,13284,1780,10476,0
25600,10072,-8252,19648,6024,13116,0
19540,-5860,3632,15168,-616,5048,0
17924,1184,15268,15756,4856,3028,0
11220,-2476,13816,16416,2276,2476,0
7052,1368,16008,15316,4228,1104,0
7416,60,14400,15740,3472,-228,0
11352,4616,16604,15800,3692,2228,0
16536,-4548,11544,16680,1352,-116,0
7228,-6156,7620,17848,3780,-2316,0
32767,3152,-15652,18264,7956,-2572,0
5864,-2768,11708,27368,-6184,-8148,0
23112,7816,7716,22144,7760,1284,0
17100,-8796,6600,14204,5184,17080,0
15588,-264,3748,12288,1216,12024,0
13872,-3468,4036,4612,-1308,12344,0
15560,-1972,1504,5424,3728,10944,0
15532,-1460,1048,11368,-396,13164,0
17052,-1932,1816,21560,372,7512,0
16332,-2564,3028,7680,3984,-1484,0
16160,-1816,900,16572,1884,-4192,0
21856,-2476,-5248,8868,-2988,7348,0
26784,8272,-10940,18500,5884,11348,0
19908,-2744,13196,14848,116,2932,0
12196,5548,12916,15764,6416,2372,0
8092,-3900,12944,16236,1124,2900,0
8404,804,12148,17700,4820,1496,0
5900,-596,15644,18056,2636,760,0
19668,2116,15680,17300,4828,2720,0
16736,-4024,4968,18144,1212,960,0
5676,-3568,4728,18324,6020,-2936,0
32767,1732,1860,19228,5904,-5604,0
8092,-192,15360,28372,-7640,-9192,0
18812,6352,5492,19968,4128,7816,0
15220,-6680,5932,13432,340,9688,0
16292,-1444,3444,7584,2276,12120,0
13432,-1892,3904,7512,-2264,11712,0
17292,-1428,3448,5592,132,11460,0
16224,-2276,3732,15884,-1300,12124,0
16668,-2120,2984,22932,6788,2380,0
16748,-2424,-2596,3856,2108,-2256,0
18296,572,-2972,21448,5284,-18368,0
23096,-288,-8528,8724,-5540,7524,0
24508,-32,-5792,20360,-4680,5880,0
21088,-4228,19072,16232,9372,3244,0
12900,5560,13804,16404,1636,1660,0
5256,-2268,15272,15472,4196,856,0
10148,-1840,13108,15464,1480,1680,0
10976,2664,15696,15708,4200,2404,0
15680,44,11196,17036,1724,2632,0
9524,-6108,6356,16380,3308,-2332,0
10276,3516,7236,16800,3248,-3504,0
19380,-340,7660,26788,-528,-3528,0
18560,344,14552,27648,504,-9288,0
14996,-204,5832,14760,6256,14572,0
17660,-5428,3676,12956,5104,12036,0
15592,-208,3900,8920,-8,12672,0
16060,-1872,2828,6104,3428,10928,0
15168,-3004,2844,11940,-3892,13412,0
16700,-940,4032,16988,-1976,10620,0
16468,-1708,3368,15768,8132,1432,0
16780,-1256,2524,8952,1036,1384,0
20928,-7972,2856,32767,-2476,1076,0
23284,5212,-2648,11712,1476,14624,0
24200,2184,84,18080,-5060,5256,0
15088,-5444,21396,15616,7628,1740,0
14696,1720,13176,16328,2888,656,0
5212,684,15664,16648,4424,1608,0
9192,-720,12876,16636,1876,1280,0
9828,344,14420,14652,4488,1564,0
16920,-1012,14864,16440,1940,3148,0
17576,4036,12508,16664,2300,216,0
8176,-9056,-4212,16988,3828,-208,0
14956,-5220,1740,16516,2368,-1352,0
7248,4668,4548,24284,-1504,-1864,0
20748,-148,10652,25400,3460,-3068,0
14460,-3824,6996,15028,11636,19448,0
17152,-3764,2428,17956,1008,12460,0
15748,-1292,3524,6652,1492,13896,0
14624,-2244,1960,9284,4496,10964,0
15620,-2400,3012,12324,-420,11096,0
15932,-4040,3924,16500,-548,8488,0
15444,-1864,4116,17452,1908,8428,0
16240,-2400,4164,10836,4276,-624,0
17228,-2380,4324,19560,1464,-13680,0
22360,-364,2076,13880,1280,14680,0
21732,7524,5188,19412,-3068,9044,0
16844,5196,9128,15884,6812,596,0
10168,-2836,14372,15964,1048,104,0
12884,-3948,10372,16056,4604,2280,0
12728,4924,11884,16624,1504,1140,0
11380,160,11660,15928,3756,1712,0
15308,1008,13196,16636,1304,92,0
15652,-4268,10768,15560,4256,-780,0
15400,3996,8736,16132,1044,1760,0
12388,5096,3124,15636,676,3824,0
12584,-172,6192,16028,1200,4440,0
11752,-6444,13084,16448,-56,4436,0
25064,3384,-2160,19128,-1824,5020,0
8140,6608,14016,19700,-2816,4456,0
21352,1344,7388,13196,-2188,11800,0
14288,3304,3976,13400,-1120,8336,0
17572,-3832,4464,11544,2128,5980,0
15340,-896,6024,15320,4256,5680,0
16080,1196,6188,15156,-4900,7828,0
16196,-804,5392,14360,-1916,7688,0
16276,-2040,3820,16424,600,5660,0
16004,384,3972,14696,-1848,6744,0
16216,-2632,4056,14376,-220,7536,0
15428,-2076,4236,14088,332,6932,0
16112,-3544,4896,15372,4916,6980,0
16140,-2592,5080,21772,-3488,2008,0
16176,-24,5172,19040,4448,5188,0
16160,-5700,5632,17836,7392,3880,0
17932,1460,8404,12944,-1028,2648,0
15552,-6772,6596,18484,884,4500,0
14196,-7296,7064,14780,2460,3084,0
14692,-2524,7488,15044,3660,356,0
15292,-1044,6488,15268,4264,1316,0
15928,-536,5948,16224,3004,2996,0
15888,680,5088,16096,3456,2144,0
15772,-868,5064,15828,3328,2028,0
14752,-972,5240,15976,2460,1692,0
13964,996,7172,15500,3096,-1144,0
13060,5028,12368,15652,3132,-3424,0
17460,-1892,4904,18360,3292,-2520,0
16184,452,6988,25208,-12788,952,0
15492,1360,5108,23632,-4296,10552,0
17404,-1560,4612,5436,1604,11588,0
16248,-556,5496,12804,-4904,7432,0
15980,-1132,5276,10576,-1336,9060,0
15828,-576,3916,14628,5600,7708,0
16116,-1692,4528,16028,-40,3992,0
15212,308,5176,10428,3244,404,0
18684,460,5804,22520,32,-11872,0
20844,1552,-1316,9080,5496,3128,0
23388,-4152,-2628,19124,280,6200,0
20884,-7464,7776,17084,2980,3072,0
12452,-1320,13000,16176,2792,2356,0
11132,456,12244,16488,2504,2268,0
11268,-516,12560,16188,2516,1736,0
7024,540,12744,16044,2668,1008,0
13244,-1212,12700,16112,5096,-92,0
17328,2456,10528,15880,3592,1300,0
16064,484,5020,16552,1924,1228,0
9488,-4036,-732,17868,1868,196,0
18912,-3588,-184,18884,2020,-732,0
3184,14376,780,25552,-3308,-8132,0
21904,-5480,10832,23440,11800,-5216,0
14676,-2448,5848,15036,9472,17488,0
16212,-5060,2368,16056,-1544,10704,0
17036,-3648,4432,888,1428,15636,0
14216,-736,2868,6784,4776,10148,0
17468,-3448,2740,11588,980,13512,0
16524,-1784,2456,18024,-2160,10608,0
15536,-1724,1060,13000,7976,2516,0
16976,296,2020,10064,236,632,0
19228,-4020,2572,32767,248,-32768,0
24248,3284,-4344,7712,-8272,10628,0
25160,-2996,28,21744,-5756,4164,0
19436,-5008,19748,14344,6408,2528,0
12820,5244,13324,16372,2952,1136,0
5856,-352,14352,15676,4096,3236,0
10128,-4728,16152,13184,1232,1756,0
10556,2148,14580,16040,3944,2116,0
16524,4476,13124,15936,3516,4,0
14060,-5692,5380,16888,2720,156,0
9492,-1204,5612,15328,3508,-2336,0
32767,-1368,6644,20280,5692,-5400,0
12328,4720,13812,27332,-8008,-9720,0
18124,3888,4032,17880,6420,8228,0
17580,-5676,5160,15864,892,11280,0
15720,-588,3788,5728,1464,12908,0
15764,-2576,4468,6348,-1672,12488,0
16116,-472,3268,7508,-776,7792,0
16132,-2968,3892,16060,-5248,12668,0
15568,-636,860,17868,4352,5900,0
17096,-2816,3848,10648,2020,-588,0
18732,-1360,2176,12440,2476,3784,0
21368,-3388,-2664,25736,5772,-328,0
28368,8876,-7084,15308,2244,11988,0
18872,-4904,17416,17372,-3760,3144,0
11736,-2120,15124,16868,11268,2168,0
8804,-1556,11540,16352,324,3248,0
8236,332,13936,16324,2416,2596,0
8332,1144,13884,15456,4200,1148,0
16636,4568,15212,15912,4020,1908,0
18404,-6884,6272,17140,3100,-784,0
8220,-1800,6336,17700,4172,-2448,0
32767,7792,1688,23804,5756,-5772,0
10916,-4860,16044,29712,-8772,-12708,0
16940,6204,4580,18160,10744,23072,0
16888,-8144,5396,15936,-1448,11124,0
16700,780,4272,6372,420,18900,0
16360,-1160,2984,10004,1668,11168,0
15996,-1388,3712,10652,156,11040,0
17236,-2868,3944,18204,-2568,11980,0
16308,-924,664,13836,5468,5692,0
20020,-3096,104,8244,-144,4224,0
23432,-1388,-5344,32767,3004,-1992,0
28520,6936,-8984,13740,2244,15032,0
21592,-8448,23292,17884,-1220,3728,0
10328,5548,14624,16120,6784,2592,0
4800,-988,13736,16864,2224,1272,0
5952,-560,16752,15904,2576,596,0
8156,-156,13536,17532,3916,-268,0
18780,4152,15380,16144,4172,1688,0
16860,-4572,5480,17048,896,80,0
7268,-3728,2448,20440,4516,-528,0
32767,-1288,7012,22264,6908,-5864,0
9396,-1900,15608,32060,-9084,-16440,0
15700,8592,2652,16520,13812,18624,0
18468,-10252,4164,18836,-3800,10084,0
18320,-1964,3516,-2864,-536,19276,0
17116,-3968,4180,11772,1492,14076,0
17028,-1892,2508,9816,3160,11144,0
15408,-1816,1916,17680,1400,12292,0
17312,-248,2348,13616,5876,14804,0
18092,-3188,-1368,9920,36,5312,0
24456,844,-6668,22272,10936,4564,0
29404,7696,-5980,15920,1872,15808,0
23176,-6740,19516,16428,-1436,6312,0
11332,6672,13256,16376,8560,4208,0
4840,-2368,14824,13908,-52,3928,0
7732,-2356,8944,15840,4508,-48,0
5720,1320,16436,17528,3676,-192,0
15976,2872,15616,17604,3388,1212,0
16244,-7588,6372,18404,1408,-2732,0
6476,1112,5912,18820,1168,-4696,0
19944,1772,5988,23388,2848,-10904,0
16552,-4572,18444,27616,5380,-10760,0
12836,4944,7420,19840,7656,15256,0
17400,-9800,4804,17112,-1116,11612,0
15496,4092,6020,5484,1076,13760,0
15488,-3220,3512,7552,1984,12028,0
15928,-1560,3828,11520,320,13980,0
16748,-2084,2680,19412,264,10536,0
16248,920,1196,7176,3496,1412,0
18908,-3628,-1192,12516,-1916,4236,0
26964,2944,-5248,12224,6892,10976,0
24572,-2944,-4912,21804,-2632,12240,0
20248,-7044,15048,15836,4692,5324,0
10988,2796,13712,16172,5340,2724,0
4888,-1484,18340,12908,1004,1852,0
7448,-892,13972,14796,2788,324,0
10772,2288,16568,15588,4780,604,0
16788,696,11732,16452,2416,2648,0
7636,-5820,4300,18692,3196,-1032,0
13380,2640,3076,19152,2064,-4784,0
4360,5032,4224,32767,-7708,-6048,0
22468,-2428,11244,20408,9920,8884,0
14752,-4620,6168,13792,2864,14184,0
16664,-3148,2364,7924,2112,13004,0
17516,-3944,2836,1372,-2248,11240,0
17672,-480,2900,4760,744,10580,0
15832,-3716,3716,13208,212,13400,0
16052,-1412,2756,24040,3112,5132,0
17812,-3052,2648,4492,6816,-1044,0
20048,-1928,92,12264,2580,4372,0
26900,596,-5948,8584,6100,13592,0
23200,556,-2584,22800,-3100,10332,0
21916,-8740,18324,15336,4552,4192,0
11040,4444,13844,15900,6708,2272,0
1816,-1188,18460,15508,1932,1780,0
8784,-2856,11848,16628,3916,340,0
8996,940,16428,17164,4244,-200,0
18208,1356,14092,16020,1960,1184,0
9852,-6224,6840,17368,784,-1848,0
13532,-1912,-1184,20508,2920,-2884,0
3904,8152,4368,32767,-6052,-9472,0
22048,-2268,13428,18516,14080,7220,0
14268,-3728,8028,14200,3512,16080,0
17308,-3996,5360,9188,4368,12000,0
17328,268,5064,7636,-2420,12756,0
16408,-940,2756,5812,2760,11724,0
16412,-4132,3500,14756,-1472,14524,0
15888,-944,-916,22144,5540,4128,0
18092,-912,2196,4196,4560,2076,0
21540,-7056,-2756,32767,-5960,-15848,0
28960,11120,-7132,7784,-1168,14048,0
20240,-10764,5648,23092,-11024,6956,0
15776,720,20960,16728,15276,3936,0
12504,-964,14516,16756,-1524,3536,0
10484,-708,10864,19384,5064,-2876,0
4804,-1344,17592,15068,2900,-832,0
15148,2352,16828,17056,4572,3576,0
14428,-1712,8100,17036,1940,96,0
4696,-9480,6816,19884,3360,-2712,0
27580,14188,4376,26052,2196,-8260,0
14628,-5072,18208,28784,-3560,-10400,0
13448,1612,5176,16716,12432,18188,0
16964,-3900,4444,17156,-796,10724,0
16276,-2824,6308,6744,-1024,14936,0
20844,360,592,7660,1188,12464,0
16600,-2888,2560,10040,528,12616,0
17448,-340,4336,18408,3748,12124,0
17440,-1468,-164,8548,2208,5072,0
18372,-4548,-3056,23080,-4708,-16196,0
30104,9256,-6956,3844,4604,12336,0
22100,-12092,5584,25884,-7080,9036,0
14584,-3116,22264,16092,8152,3288,0
10596,3128,14976,16764,2500,1924,0
3716,-192,7688,14428,3144,-196,0
5124,-408,13712,16240,3456,500,0
13132,1528,17712,17064,5152,2100,0
20224,-1820,8696,16352,1068,-1532,0
2436,-7620,3432,19160,3332,-2584,0
32767,17188,-1196,23100,1992,-6808,0
11608,-11232,21936,29088,-5948,-5508,0
13632,6488,7396,18524,14920,21256,0
16908,-6136,5776,16140,-1792,11064,0
15716,1576,4248,6064,560,13436,0
16060,-3224,3804,8524,1932,12424,0
15616,-2152,2460,7680,-296,11668,0
17376,-2452,5284,17064,-3100,11964,0
16776,380,608,22612,4644,9544,0
17956,-2896,596,5400,4388,-680,0
24448,220,-3976,28728,-880,1380,0
29604,8320,-7172,14864,3496,17168,0
23388,-8004,20420,16416,-2176,6600,0
10568,10196,12800,15860,7752,3720,0
7108,-1688,13884,20512,3052,-2224,0
5812,1300,15680,17224,2948,-1260,0
6924,124,14836,16208,3068,2648,0
21528,4380,17008,15512,2480,2900,0
13220,-6652,8756,16636,4004,-1968,0
11672,6328,3588,18056,4400,-2784,0
8228,-2760,9880,24608,1716,-6616,0
22916,2352,15392,26748,5648,-3552,0
13416,-3084,6516,17560,5732,17552,0
16924,-5808,4836,14260,-212,11904,0
17136,392,4784,4048,-4272,13688,0
15816,-1660,3824,6808,-128,12352,0
17532,-2300,4972,11984,1840,12456,0
17252,-956,1852,21080,-2020,10012,0
16852,492,1016,7296,3164,1672,0
19792,-3004,-1836,10656,1228,3300,0
24604,768,-6764,8336,6736,13292,0
25612,472,-6700,25796,2264,12348,0
20752,-8172,19144,15656,2376,5032,0
12220,6076,14136,16936,5576,2692,0
2936,-2044,15292,15968,2832,840,0
6372,2136,14884,15092,3372,-280,0
7208,1584,14916,15232,4112,-980,0
18468,1196,15824,16328,2700,764,0
16372,-4216,7596,15956,2068,-1656,0
8392,2256,7392,17692,3856,-2160,0
7888,316,4956,26040,1908,-6180,0
21792,-3776,15188,27004,7252,-8580,0
13768,-936,7124,16656,9780,16176,0
16708,-6892,4152,18092,-868,10424,0
21368,196,4804,1292,5256,14372,0
16776,-912,4420,6388,3512,13144,0
15388,-2472,4068,9440,2976,12632,0
17528,-1544,1780,19388,-3200,9456,0
19692,-1304,-1368,17504,5456,17476,0
16828,-456,-3468,8420,-912,3840,0
19720,-2612,-9724,13424,10364,8692,0
28528,9972,-8536,19636,3548,15540,0
23224,-7508,18768,14328,-2396,6044,0
11584,8096,13144,16140,9704,4260,0
4932,-1424,14952,16460,-948,2260,0
5504,184,16440,18372,5196,-2312,0
7160,296,14460,15816,2688,320,0
18804,4204,16524,15676,3060,1688,0
15132,-4908,7396,17412,256,-3316,0
10828,784,4172,20236,3324,-3968,0
12116,72,6268,26156,388,-5560,0
20104,-1912,17040,24972,10832,-4148,0
13648,1396,6764,17880,5868,17732,0
16732,-7400,3828,14884,-232,10688,0
19048,424,3956,8124,-1260,14416,0
16600,-2660,2972,7336,2620,11704,0
12560,-1692,1044,12220,828,12896,0
15640,-1948,2512,21740,1572,7884,0
17504,-708,100,4404,2064,-3376,0
17344,-2164,-2692,10860,1800,3512,0
25064,368,-5712,9180,3376,12120,0
28872,404,-7096,22908,2840,13332,0
22160,-5256,19476,15088,1832,5896,0
11072,7868,14836,16660,6448,3084,0
3372,-2128,15540,15476,1312,1824,0
5976,1592,14976,17996,3852,-684,0
7912,1572,14792,15756,3624,436,0
20960,2436,15792,16204,1400,3064,0
10580,-5652,10236,16592,3244,-3252,0
32767,16928,-2120,21164,7732,-4840,0
4684,-9356,14180,30196,-14608,-13964,0
20716,4628,7132,22212,9864,7960,0
15604,-6732,7552,12988,-208,12588,0
16156,-1608,5444,7420,596,11096,0
18292,-2456,4724,5964,-1120,12124,0
15548,-1756,2976,5372,1472,11560,0
15360,-3376,1576,14116,-828,13104,0
17052,-72,3352,23124,5044,6108,0
17656,-964,2112,3124,2096,-1904,0
18320,-1292,820,18744,3960,-13332,0
24088,40,-5280,6720,-2536,7260,0
25240,156,-4156,24372,-1064,8824,0
21668,-5120,19456,16620,3636,4504,0
11580,7296,16064,16616,4248,2812,0
-4384,-1788,16660,15764,7040,1884,0
6720,-1816,10932,15372,2464,1284,0
9564,5092,14716,15608,4008,652,0
15900,1276,15992,14472,1448,336,0
11908,-8756,7044,18172,1008,-1524,0
10912,812,3096,20528,4992,-3824,0
9492,2108,5244,31384,-3004,-2856,0
21892,184,15280,26392,11552,-4308,0
13872,-1964,7524,13060,8664,16896,0
16016,-7684,4128,16964,1956,11004,0
16448,1956,3976,9156,-1752,15740,0
15144,-1752,1536,6492,5964,10924,0
16536,-3704,3464,13528,1600,13336,0
14200,-3340,3628,20404,7504,6860,0
16204,-1908,1436,6364,-2856,-384,0
18740,-1580,592,9972,4388,4560,0
22736,-396,-4948,15296,6392,10520,0
30868,11392,-4716,16120,-64,13216,0
18044,-3112,32767,16100,352,6136,0
9848,7032,12616,16624,5464,4560,0
3900,-356,14192,16524,-516,3980,0
6940,4764,14228,17436,2120,904,0
8476,3760,11900,16032,1840,1572,0
19136,6604,13984,16404,1772,2664,0
17148,-7048,7184,16124,432,-4524,0
2724,-4344,2604,19780,2452,-4208,0
21380,-2352,3944,27948,1548,-4308,0
16452,2584,17736,29372,7936,-5960,0
16740,-5344,6848,18156,14348,19680,0
16504,-5068,4000,14416,640,13624,0
16180,-3620,3080,5788,2844,15596,0
15976,-2604,3020,8452,3412,11828,0
15372,-3872,3120,10140,3396,12768,0
16144,-1952,3704,13440,-1460,12596,0
17000,-2068,3292,19864,1244,5544,0
18492,-2108,-1660,8836,1752,2808,0
17448,-1644,-1400,18372,-200,-1660,0
20344,-372,-8168,16196,-1492,5904,0
29512,9552,-5212,19624,136,9276,0
19044,-7756,20148,16008,3680,2468,0
8652,1716,21732,16356,4028,3100,0
10360,996,11348,17088,1800,4300,0
6052,1924,15256,16636,1368,3200,0
7548,2872,13816,15780,2044,2664,0
8120,2896,14696,16148,2360,1912,0
12440,-940,10840,16232,1272,1944,0
12252,-1640,7864,17176,1460,1864,0
16012,-2412,-180,15264,3408,1564,0
32767,-584,-12988,18480,8188,912,0
7944,-724,10144,32767,-7400,-2016,0
22156,5376,6684,18616,16384,15604,0
14812,-2656,5480,11348,5896,17256,0
16052,-6600,3816,5532,1804,16964,0
15072,368,1940,5252,-1624,8760,0
14436,-2740,2096,6124,1208,11252,0
15960,-2888,6676,9904,8012,12648,0
13480,-1568,8264,14096,-212,13720,0
16512,-2416,4952,21580,-4608,11084,0
17596,-2324,-1088,10100,8180,8420,0
20652,-3600,-1972,32767,-12628,-7028,0
26012,10348,104,10532,-136,12712,0
16396,-1624,13996,17836,512,2968,0
9652,-200,14276,16332,4828,2300,0
9536,-208,12548,16752,1580,3384,0
9044,1636,13528,16052,936,3364,0
9564,3652,12492,16000,2504,2768,0
15508,6768,14128,16016,2232,2756,0
18148,-4704,8552,16264,2712,2316,0
8944,-556,1736,16380,2552,264,0
11540,2388,3604,15924,4252,-1752,0
24140,732,1872,23292,104,1200,0
15792,-3840,13460,24524,-4720,-1084,0
14352,3236,4848,17888,4796,17764,0
18000,-7088,4128,11944,4740,11324,0
15088,2532,4984,9272,2180,10768,0
16608,-2112,4668,11880,-320,9876,0
15908,-1256,4204,11328,-3420,10748,0
15848,-1556,4428,14664,-1260,10908,0
16112,-2628,4628,18220,1372,7852,0
15936,-468,4676,13360,3820,2652,0
16388,-1256,2896,9792,216,-916,0
20196,-4028,2488,32767,-4540,-5852,0
22164,4512,392,12676,3492,13280,0
23936,800,3620,19848,-4652,3936,0
11844,-5376,17000,16188,7008,676,0
13720,-1224,12732,16116,3176,-1964,0
7448,-1968,14496,15744,2844,1252,0
10056,-1920,13148,15392,5640,2428,0
13108,2068,14252,15584,3264,2600,0
14564,2236,12488,16392,3692,3224,0
15084,2516,9284,16232,3196,2916,0
13872,96,6728,15848,3692,1472,0
15292,-5768,212,15536,4028,1256,0
13476,-2620,1520,16356,2628,3096,0
19540,-2684,-312,18820,2428,2324,0
16620,-2388,5140,22272,-4152,-2296,0
15176,5836,5532,24708,504,-524,0
18108,-5344,4428,9928,7896,21076,0
16240,-2004,5312,14872,1872,11660,0
16712,-3964,4280,8064,-812,13500,0
16360,-1660,2748,8740,7224,14608,0
16108,-1844,1072,13944,1416,15520,0
16368,-1448,1900,12788,-6008,13760,0
16684,-1440,2668,21404,2284,-4532,0
16116,1508,5368,20412,-6560,2920,0
16288,416,3420,16408,-4088,3236,0
14896,-684,5916,14944,3688,1008,0
17712,1296,4524,16112,4560,1800,0
16784,368,6176,15800,560,3168,0
10212,2680,6888,15936,380,1968,0
27792,1904,2928,15196,2780,6380,0
11228,1752,5700,14972,1820,5292,0
17912,1872,7124,15356,2168,6812,0
15640,-1576,6856,15480,1700,7036,0
15820,1368,7072,14824,3544,7588,0
16024,2124,9192,15996,-204,6884,0
15876,820,7068,14304,872,8896,0
15784,1396,8704,14696,4008,7824,0
15388,832,7824,15768,2164,8872,0
15984,-836,9268,14372,2224,8552,0
16256,616,9084,15380,476,8952,0
15488,-132,9500,16256,-40,9236,0
15456,700,8440,15676,1108,7964,0
15600,-536,3424,15356,1220,6544,0
15560,-116,7292,16388,172,4548,0
16812,-2720,960,17280,1592,5068,0
10800,-1268,-6200,16044,988,4664,0
12224,-6212,-3284,15224,-1724,1520,0
13612,-6560,-2816,16412,-1372,1112,0
14116,-7752,-7696,15372,-2996,-2444,0
13972,-7388,-9156,14112,-4268,-5040,0
13796,-8760,-6384,17560,-1352,-908,0
13296,-4684,-7124,16436,-764,-3388,0
11396,-7304,-8456,16728,-428,-8512,0
11696,-4468,-8464,13316,32,-9884,0
11300,-4104,-8496,11708,1172,-9996,0
10144,-2068,-8112,9408,228,-10136,0
7728,-1376,-7688,12144,2764,-10384,0
10852,-3400,-12564,9616,4760,-8728,0
11560,-3132,-8144,9624,5856,-6964,0
20444,-1044,-8724,10968,4344,-7044,0
8372,812,-9740,8096,7040,-6196,0
13244,-2660,-9480,8048,12556,-14024,0
13192,-116,-9992,3872,8016,-14184,0
11256,-1412,-10116,14464,11560,-10204,0
12188,-1904,-9312,6128,18504,-6908,0
13080,-1552,-9236,1324,11720,-6532,0
11996,-2600,-9240,3004,17032,-6196,0
12912,1348,-9520,6276,13932,-7960,0
12932,-428,-8860,5984,15364,-7416,0
15048,-596,-7016,5136,13880,-6700,0
21480,964,-7980,5024,13204,-6560,0
12808,-1820,-360,5716,13004,-6960,0
12752,-1384,-3576,4340,16040,-5064,0
15080,-2852,-7820,4240,16528,-5260,0
9112,2380,-8144,3084,14244,-5796,0
12540,-2552,-10200,4108,15076,-7008,0
10388,708,-9568,3316,14580,-6408,0
13484,-1776,-6216,4292,15468,-6956,0
19748,788,-3308,4652,14612,-6560,0
13844,160,-3260,3868,15848,-5920,0
15536,-1028,-4464,4640,15012,-4972,0
15312,1260,-3752,3892,14536,-5808,0
15324,1680,-4028,4380,14968,-6224,0
15248,2400,-4616,3148,14392,-6264,0
15092,1184,-4976,4504,14340,-6000,0
14992,-228,-4704,4472,14452,-5828,0
15092,-1620,-4824,4152,14796,-5912,0
15420,-2232,-4952,3968,15488,-5792,0
