Lx,Ly,Lz,Rx,Ry,Rz,label
14988,2892,4584,16800,104,1152,1
13872,4512,9520,16760,232,1548,1
24168,-2276,-236,16676,1104,492,1
14580,1724,1768,16216,1628,-2700,1
16068,-2532,2672,16512,-1080,464,1
16716,-1304,1896,16116,-2224,5976,1
16244,-3484,3260,16940,656,4524,1
16104,880,3288,16496,-4816,2852,1
16236,-460,2836,15668,-7872,2200,1
16428,-3848,5052,17280,7536,2516,1
16268,-720,4024,16036,1060,2108,1
16592,2036,1576,16056,-8144,2592,1
16040,-2720,4888,16776,-4056,4836,1
16280,-2228,3160,16076,92,2664,1
15876,3832,3796,16560,-400,2084,1
16300,-3232,2972,16584,-1228,2736,1
16308,-1452,2572,15696,-2444,2248,1
16032,-5636,5196,15108,-940,4084,1
16692,-2756,4896,17580,-548,2944,1
15704,7292,1424,16148,-5904,2344,1
16320,-5800,8444,16316,-2832,2020,1
16724,-3868,4724,21264,1112,636,1
16584,1012,4296,18980,224,-436,1
16280,-2028,2824,16984,-2260,3100,1
15256,-3076,2124,9332,-6568,5352,1
15148,816,-36,9580,-2624,7764,1
17016,-1532,3840,29452,7516,-9132,1
15596,-3776,8168,8632,-4380,-440,1
16280,-4344,7384,18268,4948,2308,1
18008,9196,6472,16504,-1228,3172,1
15732,-4144,7048,15536,-11112,-40,1
15568,-8480,5364,17396,10100,3988,1
15788,1468,4988,17080,-2072,548,1
16304,3016,4848,15280,-3476,-860,1
16288,-3776,5184,16572,-5532,4104,1
15792,-3028,4344,16672,5724,3612,1
16600,-20,2452,16104,2256,3116,1
19816,72,2288,16196,-7316,-252,1
18896,-2692,656,16728,5552,4172,1
14912,32,10464,16648,-728,2272,1
11912,176,3344,16388,648,3992,1
13852,516,9260,16380,-1332,1096,1
10516,296,11592,16076,4160,-1736,1
32767,-2360,1828,17292,-1400,7548,1
19664,6136,864,16584,-1228,4096,1
18132,-2568,2908,16348,-392,2960,1
17128,1216,2092,16376,696,2056,1
16840,-2492,1108,16204,-80,500,1
16184,-508,580,16040,-344,1924,1
16556,-2228,1828,15816,-172,3760,1
15768,-1756,784,16784,-40,4368,1
16532,-4028,1492,15924,384,3052,1
15680,1228,2644,15908,-3352,4796,1
16872,15032,5584,15584,-6540,4540,1
15352,-12096,5536,16184,-464,4444,1
14300,-8168,6512,16628,5316,3176,1
16464,8572,236,16216,-732,4748,1
16240,-6068,2864,15480,-2580,3984,1
16460,736,3724,16452,-3068,4164,1
16604,-1468,4400,18920,-432,2204,1
15988,-864,5352,19448,128,28,1
16772,-2348,3572,16740,-1924,4244,1
16164,-2960,3696,14424,-1024,2588,1
15552,-1836,1296,14992,-1432,3788,1
15680,-64,2760,6868,-3676,10120,1
17152,-4904,4264,29316,5760,1440,1
14828,64,6248,9292,-4080,-280,1
16172,168,4204,15908,-40,4572,1
14984,-2372,4912,16256,1112,4308,1
15684,-4128,2784,15440,2556,920,1
14940,-1584,5492,16432,2144,468,1
16476,6100,5896,16352,-9320,1052,1
16512,216,5980,16648,1376,3388,1
14320,-6072,6152,17068,4300,3184,1
17044,1764,4668,16652,-72,1488,1
15848,484,4840,16060,-3836,428,1
15624,-1112,2956,16684,1640,2332,1
15740,-1820,4548,16796,-140,1840,1
15996,-12,6276,16312,-1340,2880,1
15916,-172,4760,16472,-3352,3188,1
16020,-1740,4884,16616,-1440,2944,1
15888,-412,4464,16784,-552,3556,1
16724,-896,864,16068,980,3272,1
19552,-96,3596,16928,988,3140,1
17092,-2752,5424,16428,-112,3128,1
13944,948,3844,16408,24,3660,1
13888,24,4352,16244,864,2084,1
12908,-1936,8824,16300,784,924,1
16440,-956,32608,17136,-340,3272,1
16564,-7772,512,16200,-4,4748,1
14584,-1960,5272,16320,-1588,3976,1
14788,-2004,4368,16280,-1968,3288,1
14904,1564,988,16260,320,1752,1
15648,-1428,4180,16440,-904,2864,1
16560,-3988,3680,15960,3656,5588,1
16204,-2512,3200,16252,-1088,3672,1
16176,-4192,3324,15884,-2388,2844,1
16436,7196,2812,15828,-3608,3476,1
15864,-5604,5468,16140,2764,4592,1
16532,-3056,5272,16268,1104,3300,1
15452,-1000,3292,16336,-1304,3744,1
17084,8548,2788,16304,-5448,3684,1
15372,-6888,6384,16500,-916,3052,1
16380,-1716,2972,16284,200,3644,1
16108,-2712,3060,15892,-1548,3332,1
16252,-1252,4380,16012,-2440,3716,1
16544,-4328,4252,17352,-856,2968,1
16032,316,4332,19356,392,-344,1
16068,-812,4428,17844,-1652,2072,1
16088,-1996,4772,16536,-1796,4052,1
16428,-3916,4320,13400,-3404,4376,1
15996,-2096,2480,13976,-1608,7648,1
16040,-1056,2236,8984,-4408,10628,1
16956,-2040,4896,25192,812,3644,1
14536,-1736,6740,11148,4232,-2988,1
15980,-1652,4084,16136,-1264,5452,1
15840,-2132,4796,15652,-132,3364,1
15884,-2304,4592,16684,-2604,-704,1
15816,-2728,5088,16444,252,2488,1
15760,-1768,5856,16712,-480,1792,1
15888,540,5296,16696,-324,1172,1
15736,-672,4992,16188,-2424,908,1
16300,-2704,4744,16732,-1016,2224,1
15288,-3012,4360,16608,-708,2628,1
15528,-2472,6424,16520,976,1196,1
15376,4208,7072,16376,-116,3004,1
16620,-44,5980,16736,-944,2752,1
14732,-3496,5920,16348,1288,1188,1
15672,-2832,5688,16636,3684,2676,1
15884,1144,4728,16408,-1036,2176,1
15600,1048,6296,16400,-7828,1692,1
15680,-2816,5200,17088,4004,4276,1
15948,-1492,5524,16432,2252,2824,1
15764,312,5464,16356,1180,3420,1
15868,912,4880,16564,-1548,3612,1
16740,-1016,3552,16672,-4496,1676,1
16868,-1012,2144,16352,132,408,1
20672,-1992,1556,16380,96,3136,1
17112,-3852,5276,16284,1752,1628,1
11972,-496,11548,16808,-2540,3904,1
13032,716,6652,16592,1432,3732,1
13284,-604,9636,16412,-224,2628,1
13388,-584,11340,16296,28,1792,1
31292,2316,-2004,17052,1224,4264,1
16596,6396,5276,16320,-1060,2156,1
15576,-2660,1620,16172,664,4948,1
17440,248,1040,16436,-1352,2580,1
16776,-2012,1356,16644,-92,2748,1
16028,676,3028,16228,-1204,3552,1
16020,-1024,5724,16504,248,2256,1
16912,-1528,3616,16256,-1388,4100,1
16500,-732,2768,15876,-184,2364,1
15764,-2528,-264,16184,376,2852,1
16020,-1436,68,15004,-888,5644,1
16352,-2436,5428,17164,-28,4572,1
16196,-380,7600,16212,-1860,5540,1
16600,-1280,4376,16464,-3212,4104,1
15848,440,2904,15976,-2264,1480,1
16016,-1144,2480,16400,1124,904,1
16028,-1320,1732,16700,-16,2384,1
16324,-3320,2892,19484,-732,3448,1
16072,-2188,656,18972,-2460,4540,1
16008,-2384,1400,15872,540,1896,1
16184,-1220,3340,11156,-4368,5496,1
16488,-552,4104,13528,-2360,7256,1
17488,-2300,5196,18736,4604,5020,1
15652,-408,3428,10880,-612,92,1
15660,-2544,2684,18260,-3800,4672,1
15596,-308,1880,16520,640,3784,1
15740,-1316,2924,15820,952,2804,1
15984,-1136,4056,16724,-596,3228,1
16288,-156,4896,16580,-1300,2188,1
16112,1568,5488,16200,3904,1936,1
15116,-1684,5980,16324,1944,6388,1
16644,-2776,6100,16580,440,4100,1
16096,656,7880,16836,-5072,2120,1
16280,6068,6036,16132,1592,4976,1
15812,-4012,6392,16352,1408,4196,1
15464,-2348,5556,16696,3000,4412,1
16508,-1200,3868,15568,-188,1604,1
15604,5328,5964,16456,-2600,2484,1
16408,-3188,4996,16748,2548,4216,1
19164,1144,2556,16240,-524,724,1
18268,-3056,1792,16516,-36,2644,1
17504,-2068,5216,16428,2428,2340,1
15556,724,5616,16252,2000,2332,1
14184,248,6392,16364,1684,2864,1
14336,-1368,8624,16512,156,1580,1
11128,1020,10688,16208,1508,652,1
18908,3172,-5120,16856,1568,4020,1
13368,1676,2148,16144,776,2316,1
15348,-8188,5088,16348,6052,4092,1
18068,10180,3220,16548,-13572,2280,1
16404,440,2276,16520,2884,4548,1
15772,-10180,5668,16604,3744,5428,1
16048,456,2892,16176,1576,3240,1
16800,4728,-460,16188,-3600,2840,1
15868,-5644,1796,16436,1344,2180,1
16120,-1848,4476,16372,588,4128,1
16280,-2388,1480,16204,564,1908,1
16612,1656,3724,16320,-2536,2484,1
16264,2720,1772,16140,2196,1544,1
16476,-6780,3104,16320,220,4724,1
16416,-884,2196,16412,-2088,4060,1
16164,560,1552,16260,-1960,2948,1
15820,-244,2644,16480,1840,2724,1
16316,2768,2712,16996,-48,3284,1
16320,-7252,2444,19064,4652,-2688,1
16236,1044,3036,17392,-320,4544,1
16260,-3480,1732,17116,-4716,3752,1
15840,-844,1092,15232,-1044,3556,1
15248,-1428,2356,2456,-1188,3380,1
15260,-1388,6172,17980,-11212,3072,1
16588,-1392,3796,17448,2520,2460,1
16080,-516,3476,15892,252,3384,1
15916,-1232,2348,16008,-1728,2360,1
16196,-1292,3708,16428,920,1388,1
16516,-1112,3828,16228,-640,4164,1
16112,-1172,3696,16604,-160,2672,1
15960,-364,4388,16536,-60,2864,1
16296,-1428,4236,16204,12,4608,1
15980,-732,3820,16232,-864,3040,1
15844,-1032,3512,16112,24,3328,1
17040,-236,940,16252,-44,4672,1
16792,-380,1696,16416,-976,2856,1
17392,76,2560,16244,1220,3308,1
17068,-880,6860,16580,632,3716,1
13904,-2264,10480,16700,-112,3744,1
11716,-1376,12136,16172,396,2804,1
19388,-2616,1324,16204,308,5312,1
15832,1136,3228,16336,-1080,3736,1
16480,-740,1488,15936,-204,3244,1
16068,-256,1204,16632,288,2480,1
16468,-252,-272,16004,-3248,3016,1
16340,-1740,1448,15924,1068,2900,1
13996,-856,9080,16348,616,2252,1
18432,-3092,4632,16940,1484,4112,1
15180,3192,1884,16236,2208,5820,1
16896,-4276,4052,15224,-1620,4312,1
15672,-1204,1556,15904,-1156,3448,1
16164,-4116,3448,16184,-2860,5168,1
15876,4140,3160,16164,-5508,4792,1
16288,1916,3716,15340,-5404,3656,1
16384,-4844,4424,16080,7868,3792,1
16656,-3820,5216,16260,2068,4184,1
15988,576,3040,15472,-1308,2584,1
15856,-120,3124,16096,-3148,2948,1
15880,-2512,1676,16732,-2844,4592,1
16060,-572,4976,18320,1976,168,1
17152,736,5940,18028,-4308,3388,1
16124,-2380,5372,15452,316,2640,1
15548,-2532,860,12348,-5352,5444,1
17328,-1212,4236,15736,-2520,29560,1
16284,332,6372,22380,14964,-3000,1
16372,-804,4404,18008,-404,2764,1
16368,-968,3480,14516,-1948,1308,1
16200,-1820,3268,16916,-1064,1688,1
15840,-1372,4228,9152,-6688,17072,1
16456,-1332,5644,25564,3148,-220,1
16060,948,4928,15096,-532,3312,1
15940,-364,3724,16164,128,1000,1
15736,0,4008,16464,844,936,1
16160,476,3784,16408,-756,3952,1
15780,-12,5684,16308,-572,3712,1
16012,460,4408,16508,-184,4464,1
16176,24,4360,16120,-232,3340,1
17076,-760,4696,16516,116,3472,1
16400,352,4532,16348,-876,3608,1
16096,-572,4468,16316,-1328,3880,1
15160,-304,7396,16228,-284,4008,1
15584,-936,7372,16228,-316,3244,1
16080,144,5408,16300,-160,3864,1
17740,328,1392,16448,-568,3900,1
16228,800,2968,16068,-480,2632,1
11624,-388,15288,16372,-180,3072,1
24104,-2876,-1416,16908,-88,4644,1
14220,1396,2924,16240,-1896,3216,1
17412,-1148,1484,16324,-132,2708,1
16288,-636,2064,15664,-416,2444,1
16300,-1188,3592,16180,-772,2848,1
16684,-896,4972,16324,-1212,3400,1
16604,-8,4176,16724,-1052,4096,1
16136,-1696,4916,17488,-388,276,1
16208,-1300,4260,15508,-3852,5412,1
16152,-1116,3012,13568,-3368,4236,1
16088,-1488,3344,17412,-520,10356,1
16584,-1632,4692,19772,-2508,1792,1
16120,-1380,4756,16940,-468,3660,1
16036,-164,3516,17068,-816,1608,1
16160,1140,3176,16080,-5724,460,1
16676,-1344,4824,16452,-1040,3232,1
16180,-2704,4200,16700,2676,5940,1
16016,-2700,3696,16244,476,2268,1
15852,3896,3324,16308,-7412,868,1
16172,-564,3256,16488,960,3412,1
15908,-4216,4940,16464,1752,3184,1
16232,-568,4452,16492,-696,3336,1
16604,3652,3696,16336,-5108,1984,1
16012,-2092,3504,16392,516,2524,1
15832,-3144,4264,16732,2580,3728,1
16100,384,3884,16116,120,2148,1
17060,6632,5072,16440,-7776,2552,1
16348,-2956,4652,16496,272,3884,1
15752,-4356,5016,16140,3480,3072,1
16164,-1780,3284,16400,272,2624,1
16608,7820,3132,16560,-7888,1324,1
15800,-7300,4168,16616,60,2596,1
16196,-2652,5160,16168,2592,3324,1
16312,492,3524,16268,1848,2564,1
16004,5036,2664,15980,-8752,1492,1
16084,-2672,3140,16680,-1208,3372,1
15472,-6372,5708,16352,6560,3672,1
16404,1724,4544,15884,820,2788,1
16624,5652,4640,16260,-14412,2948,1
16436,-5320,4680,16984,1916,3800,1
16048,-2540,3644,16040,2308,2984,1
15640,852,2964,16028,-1692,200,1
15740,3188,3396,16180,-1448,892,1
17220,104,4332,17844,-2688,4036,1
16564,-6536,6008,19124,2092,820,1
15940,-132,4552,17884,-2192,564,1
15812,-1668,1188,13460,-2960,5236,1
15388,-1972,604,11828,-1024,3328,1
16172,68,2280,17344,-2780,2860,1
15576,-2596,8120,14032,-3300,-4448,1
16200,-848,5836,12060,-4316,672,1
15932,-1656,2032,14544,-1408,4464,1
15424,-1332,488,17196,1852,-308,1
15932,-436,3628,15752,1080,-1808,1
16516,-216,4496,16124,-1708,3656,1
16436,864,3632,16812,-5604,4016,1
15544,1980,5572,16424,1792,232,1
15544,-6832,5244,15472,7224,3312,1
15356,1380,7048,16340,4276,2096,1
17636,-720,3124,16876,-6500,4204,1
15252,2592,7064,16700,-3948,3984,1
15736,-388,5884,16268,2052,3456,1
16220,456,4880,16184,1808,3192,1
17884,1072,3780,16668,-1832,4112,1
16836,84,5200,16300,-932,3788,1
17432,-1612,1840,16360,2236,2932,1
17780,1720,3100,16388,548,2184,1
12208,1140,7308,16176,240,2220,1
9224,1048,15972,16260,956,764,1
23104,-1276,-856,16944,1476,4180,1
14764,1376,4256,16388,8,2560,1
15736,-1708,2128,16156,-1124,3356,1
15856,-1468,748,16008,-928,516,1
16872,-1144,2580,16476,-2024,1132,1
17596,-256,420,16544,1584,3040,1
15004,-1248,9512,16844,-80,3240,1
13020,1128,15976,16492,848,788,1
24924,-3940,-20,16980,1652,1084,1
15124,-160,2884,17156,-1796,904,1
14260,-1428,5488,17972,-1740,2288,1
15716,-2648,3976,14100,-764,6596,1
15096,-716,4780,15420,-3452,3112,1
15508,-2132,3700,19888,324,1336,1
15320,-1388,4760,7648,-5924,6244,1
16232,-936,6716,18104,-620,-2756,1
16072,-428,6128,14000,-1920,4628,1
15508,-1188,3432,17312,1056,1368,1
16188,-996,3804,15960,-1084,2580,1
16000,-1120,4396,16040,-1496,2472,1
16088,484,2276,16816,128,3332,1
15848,1744,6900,16600,-1276,3252,1
15172,-168,9000,16204,1616,1736,1
16468,-7048,5908,16288,3720,3296,1
15324,604,3940,16292,1616,4892,1
15836,652,6932,16940,-6572,2372,1
16408,9012,5784,16244,-648,4340,1
15928,-5080,5568,16588,1924,3368,1
15668,804,5808,16268,416,3528,1
16112,5768,4148,16152,-4228,2200,1
16012,-1380,5416,16704,420,4476,1
15996,-8708,6736,16440,3280,2476,1
15240,156,5060,16448,976,4052,1
17076,8596,5512,16212,-4216,1776,1
15928,-2916,5400,16388,620,3336,1
15740,-1792,5684,16264,1228,2560,1
16080,-1952,5428,16460,3748,3252,1
15868,2084,4996,16532,-1272,2640,1
15752,-1448,3400,16364,-2404,1476,1
16140,780,3008,16236,-1688,1476,1
16324,-204,2596,16556,-120,2684,1
18144,-1732,1820,16328,364,1360,1
19404,-204,3172,16660,1116,3868,1
15600,544,3580,16556,-480,3396,1
14632,-40,4832,16452,296,2824,1
14876,3128,7604,16372,264,1220,1
6268,1232,19348,15732,800,952,1
23364,-3676,1108,16772,-76,4488,1
15508,1888,5180,16436,-1004,3740,1
14712,-2008,3696,16368,-4,3192,1
15204,-72,720,16280,-56,2308,1
16284,-2456,-748,16348,4192,4120,1
16344,-5764,4040,15376,-3916,2848,1
16668,1844,2836,16308,-4112,3152,1
16344,5516,3560,16284,-5900,4592,1
16060,-3748,3844,16744,1776,2728,1
16584,-4280,2252,16240,4824,3788,1
16400,-240,2292,16540,-3936,1488,1
16268,2896,2116,15904,-4004,3876,1
15708,-3884,3900,16448,-1316,3356,1
16072,-3252,5404,16184,1320,3976,1
16792,-2592,5352,16712,2724,3260,1
16608,-312,2816,16048,-1456,2992,1
15684,348,3804,16436,-2860,3564,1
15700,3608,4648,16112,-2308,3880,1
16572,320,4996,16364,-1332,3416,1
16468,-5188,2504,17500,-356,1900,1
16136,-2316,2472,20160,288,-3024,1
16336,-2012,3324,15776,-3712,3240,1
16020,-2340,2564,14768,-3748,2324,1
15848,-2704,600,11360,-1972,7272,1
17128,-512,5924,18792,2316,-1184,1
16160,-1232,5116,6736,-4768,-172,1
15880,-1312,3808,17780,-1156,1964,1
15888,-1264,2728,15716,-580,3028,1
16116,-2196,2376,15664,-1388,1104,1
16308,-860,2576,16852,-2288,160,1
16024,-8164,4452,17068,668,2844,1
15812,3504,5884,16644,-104,972,1
16548,4224,5848,16220,-3400,2748,1
15620,-1788,5548,16448,-5588,1652,1
15604,-8280,4260,16648,3484,2812,1
16700,-1592,3564,16476,-400,1720,1
16060,2908,4496,16344,-4260,1720,1
16028,720,4452,16500,-3532,2032,1
17236,-7596,4752,16564,1020,2104,1
15808,-184,4056,16552,636,1600,1
15764,3016,4484,16324,-2572,620,1
16396,6504,5096,16148,-2436,472,1
16184,-6376,4340,16528,-1416,2144,1
15516,-10272,6124,17152,5920,4476,1
16432,3388,5456,16096,-3496,3908,1
16564,1088,4676,15708,-7872,1692,1
15916,-624,4480,16428,-5104,3100,1
16056,-4968,4560,17132,4644,2900,1
15672,-2284,3300,16500,1964,3112,1
16256,2608,4528,15624,-3804,628,1
16232,748,4432,16396,-5268,2640,1
15964,-2180,5080,16336,712,864,1
15332,-1924,4564,17300,236,2208,1
16352,-1212,4392,20284,316,-2216,1
16140,-2900,4388,17648,-8,1264,1
15800,804,3716,11424,-2760,3312,1
15916,-2304,3660,12652,-3920,4372,1
17244,-2500,6344,19720,-5076,23808,1
15548,-1412,6436,9788,2024,2204,1
16368,-1508,5852,17112,-3048,2164,1
15848,84,3888,15380,2772,4628,1
15928,-968,4276,15880,-4724,1440,1
15304,-224,4392,17076,1316,1128,1
16456,1160,4452,16508,2320,2392,1
14720,-2088,8588,16292,3352,972,1
16076,-648,6296,16736,2048,3032,1
16232,3384,7824,16260,-9368,68,1
16220,2676,5540,16668,240,3484,1
15752,-3844,6220,16520,5364,3420,1
15292,-1408,6260,16240,-440,992,1
16212,2152,4024,16556,-812,2928,1
16436,1660,4772,16236,-3140,2476,1
16768,-1820,2148,16780,-784,2756,1
18424,-1600,2604,16504,1540,3400,1
15900,280,6352,16396,-372,1916,1
15964,-7224,2548,16688,1268,4128,1
16436,5932,6328,16436,-472,1416,1
17888,-5248,31040,16560,1704,1388,1
21820,-968,896,16684,412,2108,1
12812,3304,4180,15820,-712,2976,1
14600,-5228,3400,16488,-536,2520,1
17288,-2392,4304,16692,3132,2696,1
16776,612,3528,15728,-1468,4092,1
15180,380,4640,16296,-9100,2036,1
16616,1364,5004,16568,-3024,4324,1
15632,-6056,5936,16496,4576,3976,1
16164,-1228,4220,16284,660,3204,1
15996,-1260,3336,16048,-3580,1604,1
15616,2636,352,17032,-756,2316,1
15328,-2356,4260,16616,-1208,3268,1
16360,4280,3368,16120,-1196,3380,1
15792,-2204,7508,16540,-1384,2868,1
16000,-4152,7724,16376,1912,2572,1
16976,-3432,7100,16504,0,3500,1
15460,-2468,4956,16160,-1492,368,1
15948,3480,3936,17272,-2784,1332,1
15984,-2896,3600,21180,1928,-340,1
16304,-1144,6324,15348,-3740,5428,1
15808,-1276,4036,13852,-4148,5056,1
15132,-2488,1392,8580,-1264,7540,1
15924,-2584,6608,21816,-9500,-15648,1
15964,432,7116,6840,-3268,2060,1
16232,-1432,5724,14624,376,3004,1
15756,-2196,5124,17908,-184,3464,1
15640,-1624,3844,15180,-3040,1540,1
15528,-3820,3672,16112,-532,1248,1
16248,-536,5168,16088,-2272,2188,1
14656,2252,7300,16640,-1408,3088,1
16880,2156,6688,16368,-3372,3164,1
15584,-68,6212,16284,-968,3036,1
15848,-6652,5772,16144,4356,3436,1
15696,-996,5116,15964,-1408,2424,1
15888,2736,4540,16276,-5168,1820,1
15840,-516,6416,16560,-1616,2988,1
15628,-2032,5320,16652,2048,2200,1
15100,1944,7116,17276,720,2360,1
16440,-4420,3984,16672,-512,-1564,1
15844,-656,3472,17624,848,600,1
15824,-1980,3260,13908,-3516,3984,1
15584,-156,2648,6404,16,13620,1
14980,-1320,7856,11796,-3296,1072,1
14464,-20,5508,22664,4368,3496,1
16060,528,7824,15116,736,4448,1
16728,-996,6384,15840,-2848,4408,1
15000,-948,7380,16532,888,2872,1
15228,108,6932,16284,48,4200,1
16308,-744,6872,16176,-692,3224,1
14312,624,6436,16280,1652,4276,1
16464,-44,4856,16044,-524,3784,1
16188,-684,5352,15644,-1976,4292,1
15728,-764,5820,16436,-800,2120,1
17116,-836,3104,16532,-864,6128,1
17484,812,6404,16280,132,3540,1
19544,-4292,136,16460,548,4084,1
18004,7352,15080,16144,744,1224,1
11332,-5556,12744,16372,1440,2888,1
13236,2384,7396,16024,452,2128,1
19144,3396,1140,16856,-236,4996,1
15044,-148,5884,16328,872,2328,1
15936,-2740,3896,16884,-1400,2784,1
15744,892,2672,16240,1784,-1364,1
15424,144,5328,16408,2456,1160,1
16524,256,5212,16508,452,128,1
15960,-212,4308,16920,1568,-1408,1
16444,-3616,4768,21700,2136,-1180,1
16360,-1456,4052,10948,-3332,7704,1
15468,-2080,2868,10424,-3796,5820,1
17236,992,3064,17176,-2752,7824,1
14868,-2908,5592,8764,104,-1740,1
15520,-468,2628,19628,1096,1288,1
15644,-1580,4028,15492,-2836,1944,1
15968,-1248,3680,15512,1552,3292,1
16472,-952,7156,17412,-2024,3512,1
16160,-276,4648,16144,-2680,4704,1
16340,1092,3528,15600,-1160,3448,1
15328,-1104,1672,16360,-640,4044,1
16068,2448,2716,17040,-1216,-16,1
13836,-6544,10016,15984,1252,336,1
17304,-2384,7684,16320,1496,7396,1
15736,568,6204,16524,-748,3780,1
16372,4788,4256,15784,-3948,3008,1
15908,-1708,4964,16484,-452,2000,1
15800,-1328,5284,16316,484,2244,1
15824,-3256,5488,16444,1000,3996,1
15676,2924,5528,15952,-5052,3272,1
16692,3572,5320,16332,-1900,2388,1
15352,-2640,6844,16284,672,3792,1
15700,-5416,6720,16276,1808,3848,1
16188,-824,5548,16320,-1168,3892,1
16220,2416,5244,16412,-4540,3300,1
15852,-1976,5264,16240,-2344,2336,1
15840,-2660,4864,16252,1416,2424,1
15472,744,4852,16432,-560,2440,1
16700,-1220,4968,16896,-2968,1880,1
16420,-1092,6204,18988,-2808,356,1
16216,-1576,5092,17672,-908,2020,1
15972,-2596,3784,14584,-2348,3040,1
15684,-1072,2972,12820,-2484,2416,1
15128,-2032,3280,12812,608,4564,1
16464,-1088,5528,18808,5280,10648,1
15876,-1440,7836,14040,-584,852,1
15816,-1892,5124,19096,-1420,6456,1
15864,-932,4276,16740,680,1376,1
15060,-600,4152,16960,1204,140,1
15164,212,6872,16640,1824,1592,1
16360,68,6796,16992,0,2912,1
17256,-1128,5028,16420,-436,3948,1
18188,-1144,3804,16856,332,3440,1
15448,-532,7288,16200,84,836,1
16364,-3376,4940,16588,2452,2196,1
14244,-2260,6024,16688,16,2652,1
15116,6148,8028,16280,240,1252,1
11976,-6724,8924,16420,2100,988,1
16408,-2332,32767,17120,-256,3664,1
21288,-488,1672,17180,716,4576,1
13580,-2440,5196,16420,772,2644,1
15344,-2444,3704,16328,124,2328,1
14452,1040,4504,16504,524,1456,1
17252,-216,5480,16736,-36,2100,1
15576,-2660,2220,15832,3364,4640,1
15844,-2840,1956,17964,176,4628,1
15992,-680,5124,15860,-12584,1444,1
16988,148,3032,16576,3232,5380,1
15708,-5212,8320,16544,2184,3560,1
16492,-1312,5076,16432,1124,3700,1
16120,-284,4300,16172,-756,2404,1
15744,-3580,4432,16552,-240,1556,1
15384,-4048,4312,16544,564,2972,1
16408,5012,2576,15996,-2336,2984,1
16240,-1168,6272,16260,-1416,2948,1
15996,-3512,6408,16720,-636,2484,1
16608,-168,4468,19256,1260,1128,1
15824,-1212,5224,18120,-412,2528,1
15628,-2680,3612,13908,-1968,2896,1
15768,-1996,3264,10264,-6616,6432,1
15532,-1228,3824,13316,-1308,6284,1
16396,-3300,7884,24072,9764,-868,1
16432,-772,6400,16396,-9580,4560,1
16760,-1892,5588,16604,-764,804,1
15340,-1592,4856,17364,-548,1748,1
15432,-1136,4288,15740,-496,1344,1
14424,-1104,6624,16364,3276,336,1
16588,-2392,5328,16968,-532,5204,1
16428,-60,6972,17084,-2664,3648,1
14424,-572,8180,16212,2048,2988,1
16644,4236,5772,15980,1892,3660,1
15276,-5928,5208,16324,2276,744,1
14572,-2908,7052,16176,-1892,1524,1
15532,9292,6412,16064,-256,3604,1
15948,-4572,9260,17428,208,5524,1
14608,-5508,9468,16608,3136,3596,1
15764,-828,5124,15856,1568,4456,1
16040,2596,5484,15936,-3460,1424,1
16552,-1744,4904,16224,-2208,3440,1
17424,-3580,4628,16376,1764,3308,1
17804,-888,4416,16376,1284,1896,1
14064,-276,9052,16588,-28,3496,1
11772,-8656,6196,16396,2400,2008,1
19128,1920,22104,16688,-64,3884,1
20252,-9144,-644,16804,236,3984,1
17304,5640,760,16360,-352,3400,1
12696,-800,1488,15956,604,-76,1
17172,-1360,3920,16356,1584,544,1
11400,-1100,9124,16204,1232,476,1
14764,876,-1748,16316,1296,1900,1
12784,4748,2372,16544,-1844,3928,1
16256,-4532,4032,16348,-2732,3496,1
17376,756,3580,16360,-848,2132,1
15556,-2136,1668,16496,2716,1352,1
15936,-4104,384,15644,1256,4272,1
16460,2124,1944,14536,-3708,6452,1
16320,-1564,2712,17440,-13408,4524,1
15572,-6956,6260,15268,20,5076,1
17452,-3652,6276,16480,6428,6216,1
16024,-1156,3012,14180,-3964,4532,1
16652,4220,4668,17324,-744,3160,1
15580,-3832,3176,15744,-7736,3000,1
15948,-3444,3140,15796,452,4096,1
16028,-4144,4780,16164,-24,4016,1
16368,1004,3756,15508,-2192,4548,1
15620,-3824,3784,16348,-1308,3868,1
15008,-784,7516,16516,-6264,4940,1
17712,-1156,5852,20320,-3004,1000,1
16188,-1880,5456,16944,-3432,3784,1
15696,-4164,2864,12704,-3208,4468,1
16012,-2076,1840,9808,-972,6684,1
15484,-1716,5316,12988,1404,-5700,1
15620,-3392,5792,16448,-4968,3068,1
15656,-4348,3372,15304,524,2968,1
15676,8020,4704,19180,-15300,660,1
15976,-1236,5364,14776,-5352,4524,1
15820,-10216,5312,17676,7352,5120,1
16276,1352,5344,15912,1840,3732,1
15420,1212,4936,16400,-6208,652,1
15988,-1720,4152,16308,188,4212,1
15768,-4704,6556,16484,1732,4156,1
16296,572,4648,15884,-3568,3080,1
15108,-1548,6072,15820,-6308,976,1
16360,6196,4736,16768,-84,3948,1
16040,-9104,5396,15968,8120,7340,1
16052,104,5224,16260,-2160,3292,1
16032,412,3920,16356,-5868,-4,1
16316,1596,4700,15512,-6036,5664,1
15376,-5492,4716,16660,3296,4068,1
16544,-572,6092,15592,1116,5660,1
15628,-248,3860,16284,-456,1252,1
15860,1964,5132,16276,-2652,5136,1
15960,-808,2996,15864,-552,2840,1
14880,-7084,4572,16456,3800,4724,1
16156,3152,3632,15688,-1796,2016,1
16824,6708,1568,16092,-784,2488,1
19788,-6544,3392,16388,-4488,5524,1
21004,-3736,1256,17356,444,6232,1
6332,4060,11428,16080,996,4912,1
5204,-8648,12084,16268,-840,4792,1
26028,24448,22056,17224,632,4748,1
-2000,-3876,4540,14812,2160,3912,1
15468,-4256,5916,15812,2164,3768,1
18300,-7548,6400,16444,464,7204,1
14036,8184,4292,14928,-8544,2724,1
15124,-1972,6164,16908,-856,4424,1
15944,-5308,5292,15684,6404,5684,1
16492,1112,5392,16528,836,5032,1
16088,1848,5496,15616,-5528,5448,1
15936,-2536,5156,15876,-3244,4600,1
15528,-3200,4388,16452,292,4156,1
15776,-972,6380,16084,2668,4548,1
16192,2208,4704,15732,-1776,2980,1
15932,-324,5392,15868,-976,2992,1
15728,768,4436,15220,-4040,8612,1
17024,76,9052,16516,-6236,5920,1
15380,-4964,4548,15888,4480,6164,1
14940,-6584,2808,15028,3764,3564,1
16592,5500,3952,15980,-6076,3276,1
16068,9456,5188,16068,-11120,3804,1
14592,-8404,7604,15660,1420,5136,1
16460,-10120,6480,16904,5616,8380,1
15752,-32,5388,14044,-580,5824,1
15860,2004,4884,16272,-8488,2900,1
15604,-852,3796,16040,-1868,5648,1
14644,-4112,7676,16064,1280,6200,1
15692,-1732,6808,15300,-1888,6048,1
15008,4564,7168,15696,-8748,5216,1
15732,-1028,4208,15448,-2184,4684,1
15040,-8676,5456,15748,1288,6220,1
15896,-2784,5508,15632,2008,6196,1
15132,472,6828,15804,-3636,5504,1
16540,2888,4844,15492,-4252,4388,1
13760,-3980,6400,15032,-1856,4892,1
15408,-4396,7544,16152,188,5768,1
18288,1208,8752,14408,-2172,10468,1
16004,576,10020,16584,-1408,7764,1
15100,-2636,5324,15092,-5068,6812,1
15360,-1640,1520,14696,-3968,1776,1
14320,-6112,1180,15516,-1224,-572,1
15904,-896,2028,15268,-1264,2672,1
15468,-808,8852,15848,448,6576,1
16916,-768,9200,16120,-2700,9324,1
16340,-1132,9592,16484,-3176,8776,1
15164,-2208,4764,15268,-2452,5076,1
15508,-1604,1372,15540,-1804,2188,1
14528,-3340,2936,15160,48,3024,1
15412,-964,3072,16368,-592,4156,1
15428,-808,7428,16308,-1760,5744,1
15824,-68,8232,17016,-2596,5552,1
16724,-1068,7976,18144,-2060,6080,1
15908,-4208,6592,19288,-984,2120,1
15816,-1920,6004,11100,-3464,6416,1
16124,-2012,5168,16640,-3200,4228,1
15112,-2160,1896,12816,856,4452,1
14596,-2864,3856,13828,-10588,-2456,1
14716,-704,7820,9756,-7644,4276,1
16544,844,5712,17180,1072,3624,1
15612,-1132,5636,16788,1720,3732,1
16012,-1932,4636,15120,-2220,2384,1
15784,-740,5176,15988,-360,3316,1
15036,-2640,6112,16084,428,4564,1
15400,-2064,6628,16628,-776,4408,1
15176,1576,7156,16660,-1088,4832,1
15968,3420,8088,16348,-5612,3240,1
16164,-848,6984,16124,-68,4156,1
15656,-8372,5744,16804,4312,5084,1
15848,676,5288,16396,-2388,2528,1
15648,4516,6492,16524,-5480,1756,1
16072,3864,6380,15820,-956,2660,1
15596,-8124,5656,16548,3760,5164,1
16080,-124,6236,16240,1156,4208,1
15696,-200,4908,16192,-1660,1828,1
16896,508,2268,16544,-3272,3284,1
20204,-3184,1812,16324,-836,2212,1
17540,-3912,-284,16740,2212,5428,1
11068,1848,6752,16460,-1776,3044,1
8628,-1392,6108,16068,1496,3600,1
14060,-916,12716,15964,-508,2056,1
15376,14212,-8260,16396,-344,5284,1
14196,1860,6776,16100,-936,4448,1
15596,-4692,2144,16576,20,4024,1
18260,520,2452,16116,-1544,2756,1
17076,-324,3024,16032,-1500,3320,1
15336,-4460,3748,16256,3488,4060,1
16612,1516,4340,15896,-3616,4168,1
16536,1352,3996,15896,-3532,3836,1
15896,-2068,4848,15892,-3004,4004,1
16164,-1588,3268,15980,1716,4632,1
16028,-88,3952,16220,-432,3664,1
16044,-368,4324,15788,-3644,4152,1
15904,-1672,4380,16108,-1148,4264,1
16044,-1168,4488,16164,-1160,4264,1
16076,-888,4472,16048,-1912,4216,1
16028,-1464,4996,16080,-728,3548,1
16156,-92,4620,16176,-1656,4360,1
16200,-272,8040,16448,-1832,4804,1
16616,-384,6108,16424,-780,4624,1
15524,-2460,2060,15004,-648,5460,1
15472,-3112,-668,16820,-2748,1724,1
15976,-3052,3588,15008,-3604,2872,1
15852,-628,5064,16000,420,3864,1
16576,2652,6396,16012,-2864,5340,1
15688,2120,6160,15468,-6140,4648,1
16940,-856,3904,16044,-2800,4604,1
14376,-5880,6988,15612,1260,5028,1
16056,-1888,6280,15604,896,5676,1
16292,-932,6824,15524,-2416,5892,1
15940,1620,6020,16288,-4324,4452,1
15828,-1872,5212,15768,-2412,4672,1
15368,-2216,4924,15744,-2560,4128,1
14856,-324,6940,15648,-2280,4460,1
16348,-2900,6676,18896,-6384,4972,1
16168,-3472,6196,19736,1200,-196,1
15700,-3464,4776,12300,-6236,6676,1
15316,-888,4452,14152,860,3860,1
15204,-1104,7112,7216,-4464,3436,1
15900,-1304,8124,16032,-2336,300,1
15516,-1720,7212,15276,-2848,3628,1
15504,-2044,5428,16636,-2984,3632,1
15088,-2716,5268,15092,-948,2580,1
15816,-260,6584,16216,64,3096,1
15676,-304,6736,16276,-1596,3004,1
15568,-976,6948,16628,-908,2872,1
15636,-712,7152,16568,-1204,3968,1
16148,-400,5320,16160,-1160,3208,1
15752,-2344,5912,16632,-536,1812,1
15800,-312,5920,16292,-1352,3092,1
14928,-2132,7276,16292,-20,2296,1
18196,-4344,5212,16060,-1396,2948,1
14848,2008,6160,16280,1696,2152,1
16392,14496,9040,16524,-2340,2620,1
15180,-4260,6716,16176,2600,1776,1
15084,-5580,6492,16572,4364,3988,1
15492,-1268,5192,16480,-3144,3104,1
16020,4040,6252,16420,-6336,2248,1
16000,-3540,5808,16424,1988,2368,1
15472,-2584,6424,16896,2956,3804,1
15872,1160,5916,16052,-1168,1872,1
15932,4672,5244,16112,-3768,1412,1
15632,-3396,5584,16368,1344,1720,1
15396,-4536,6344,16616,2020,3360,1
15984,880,6224,16700,-2476,2316,1
15668,3328,5888,16480,-1984,2316,1
15712,-2580,5960,16548,-688,1608,1
15756,-1016,6204,16480,36,2220,1
15944,1176,5936,16624,-820,1896,1
15472,-3052,4344,16488,1120,1920,1
14928,-4636,5364,16316,2416,1816,1
15620,-1484,6328,16728,-1764,2280,1
15628,3332,6140,16196,-3652,2008,1
15732,-1428,7456,16448,-7704,2472,1
15616,-5708,6780,16444,5532,4448,1
15252,-5104,6524,16564,332,3356,1
15416,448,5664,16584,-2292,1904,1
15988,4568,6372,16212,-5552,2020,1
15356,-3136,6492,16372,1536,2132,1
15592,-3416,5872,16492,-380,2932,1
15804,1132,5904,16600,-3256,2104,1
15036,-888,6752,16972,-3180,3196,1
15920,-4084,6280,18500,-6604,1156,1
15408,-1316,5764,17992,972,2328,1
15516,-3040,6640,13576,-6752,2660,1
15100,-1712,4604,9616,-1600,7560,1
15084,-2780,5444,14724,-812,5756,1
13996,-1276,7692,15212,11236,1068,1
15232,-232,7688,20852,-9560,3212,1
15748,84,7156,15296,1768,944,1
15144,-1136,6140,17672,-304,776,1
15448,-920,6916,16368,-2160,2368,1
15216,-288,7132,16600,832,1352,1
15688,780,6756,17088,1096,3856,1
14808,1420,7764,16628,708,2316,1
15180,1044,6916,16472,860,148,1
15260,1348,6524,15928,-304,736,1
15996,800,6872,16752,1344,2356,1
18488,-1144,4760,16700,1260,4064,1
16872,-248,5368,16452,-220,2596,1
17088,-5456,4692,16472,1112,1616,1
15348,1900,6828,16576,952,2244,1
15704,3280,6028,16348,928,3020,1
16692,-6796,6780,16432,1800,3172,1
13652,1904,9872,16212,972,656,1
10656,1576,15044,16280,2184,2084,1
17016,7968,3188,17316,648,6232,1
12944,4208,956,16508,-1220,4080,1
15492,-2512,4960,16104,-2792,1724,1
14044,-1972,4808,16232,4496,1856,1
17564,-2360,3796,16524,2340,3172,1
16372,-100,5396,16688,1208,5000,1
16092,-496,5460,16380,7024,4576,1
15852,4384,4136,15716,3708,2172,1
16892,2320,4164,17420,-18748,692,1
15740,-2720,2268,16532,3004,4456,1
15628,-4096,4712,16212,-984,4144,1
15432,-3124,6080,16464,-1316,2464,1
16004,-240,4128,16588,292,2540,1
16472,448,3556,16136,1304,1612,1
16640,1296,3632,16128,2120,1928,1
15464,1324,3596,16488,2304,1516,1
15616,1996,7500,16356,192,2628,1
15296,-6040,6156,15720,-4332,1836,1
15264,-5804,4368,17104,-8068,5852,1
15204,-10908,2968,16572,-3124,4388,1
14632,-7424,5716,16084,300,5056,1
19144,10308,6700,16084,-832,2524,1
15884,868,8524,15972,784,2600,1
15044,-572,6532,16108,1340,3120,1
15508,-5456,4368,16608,276,3300,1
16016,-2272,3868,18056,-1556,2724,1
15972,-2060,5712,19052,-4072,728,1
15988,-112,4792,15704,-2864,3768,1
15536,-3252,4776,14956,-2464,3788,1
15624,-1692,3156,12592,-1600,5360,1
15924,-3248,2976,8396,-7336,8248,1
17956,-1996,7588,32767,680,284,1
15440,824,8824,12356,244,3104,1
15540,-188,6004,14060,3424,1700,1
15560,-3516,4124,17468,200,-352,1
15780,-2828,4812,16148,-1980,1764,1
16048,-2596,5888,16252,-1932,2260,1
15900,160,5148,16564,-5436,1652,1
16748,-1924,7252,16556,-1620,5752,1
15860,-3296,6564,16848,1472,3064,1
12440,-3048,6600,15940,8264,1484,1
17592,-1204,1504,16228,740,300,1
15264,1880,5552,16156,-3256,1580,1
15136,-24,7232,17020,-9176,2212,1
15888,-2548,5744,16104,1128,4408,1
15332,-3388,8896,16216,3328,2300,1
15544,-92,6240,16240,2236,3900,1
15360,1304,7304,16428,844,2588,1
16228,-2740,6164,16124,-2628,2212,1
15148,-1476,7036,15784,-4048,1936,1
17492,-76,5316,16276,-7184,4960,1
19968,-2680,2924,16724,1160,4772,1
21004,-3984,3036,15744,4436,4996,1
11508,-2476,12492,16276,-820,2492,1
14804,-4064,4076,16504,556,3372,1
14424,5112,8076,16052,1104,1160,1
9148,-2088,13984,16164,-716,1044,1
17268,13500,-17336,16264,-56,4060,1
7548,4240,-1304,16228,940,4772,1
15884,-3452,6660,16352,-540,3684,1
17424,-1428,3840,16196,-916,3892,1
14936,-900,1852,15996,28,2692,1
15728,-5780,3396,16020,3884,4012,1
16304,1136,1740,15660,-456,5288,1
17904,1764,3912,16488,-10120,3740,1
16328,1348,4328,15940,-2044,5048,1
16152,-5624,3580,16332,3984,5108,1
15960,-2276,3456,15748,2964,4952,1
16168,-1288,2968,16172,-1532,3236,1
16264,-104,3124,16216,-5088,4140,1
15408,1940,3752,16288,-1400,3848,1
17540,-736,6268,16360,2588,3824,1
16624,-4964,5460,16668,4512,5800,1
15972,-2704,4648,15508,52,4236,1
15988,1556,1124,15288,-7304,3504,1
15808,-5044,2312,15896,-3328,3284,1
15488,-4596,5388,15856,116,4596,1
16848,-1088,4588,15636,2312,5120,1
15808,6344,4472,15828,-4492,4936,1
16308,-3716,5656,15632,-3592,4208,1
15648,-4832,6920,15932,912,7132,1
15596,-4760,5848,15704,-412,5560,1
16264,720,4500,16156,-812,5560,1
15808,-2856,4348,15620,-3464,3816,1
15456,-2260,4140,15404,-1564,4064,1
16004,-1432,4068,16348,-136,3088,1
15416,-576,5680,21076,672,824,1
16548,-1472,7084,20684,-6036,2416,1
15504,-3856,4904,15948,716,504,1
15416,-4028,3024,6848,-3040,7764,1
14512,-1160,2860,9200,-2872,15732,1
15656,-2540,8980,23616,-6788,-11812,1
16788,-612,7880,20024,-11280,9012,1
16120,-3088,6660,14964,-1428,560,1
15588,-840,2996,18780,-1928,1820,1
15108,-3668,3156,16952,468,-672,1
15300,-1196,5412,19404,728,-184,1
16248,-2424,7024,14440,-1764,4864,1
16260,-500,6392,13612,-2740,4504,1
15948,-2880,7072,14728,-1800,-1240,1
13780,-1672,6764,7084,-2824,1364,1
16016,-1884,5196,18240,56,652,1
15704,-472,5372,15288,2704,3148,1
15992,-1656,7008,15856,-228,2884,1
16056,-1216,7704,17380,176,4204,1
15636,-964,5712,16696,-1280,1984,1
15320,-1380,5052,15840,356,3560,1
15320,-680,5156,16808,312,1844,1
15572,-340,7280,16200,-3856,6324,1
16104,-580,6068,16256,-108,2636,1
12348,-1648,9332,16196,2756,3796,1
16148,-2324,5280,16196,3040,3096,1
15408,-436,6240,16204,1508,4940,1
14840,2992,8364,16376,-2064,4724,1
16084,-2228,8092,16852,-1132,3360,1
15548,-1144,6704,16732,4048,3916,1
14548,-124,6536,15948,-1952,2348,1
15764,860,5148,16056,-1188,2740,1
15424,520,6300,16324,1112,2040,1
15720,-2516,7100,16612,484,3940,1
16752,-972,5864,16216,-1512,3412,1
14912,180,6320,16248,-1524,3972,1
19072,-4804,-680,16288,968,4516,1
16428,3240,9656,16296,1204,4656,1
5604,96,23624,16204,240,2588,1
22572,480,96,16344,608,5568,1
14764,348,6892,15800,640,1164,1
15160,-816,5968,16512,660,3448,1
17944,-1868,3968,16408,-684,2908,1
15828,-184,1152,16264,-416,4384,1
14940,2100,7044,15880,1872,3180,1
4740,-1568,20896,16440,-1024,3140,1
32767,640,-844,16768,-80,1892,1
9132,-1476,5312,15024,1072,2100,1
13568,-3092,6356,16476,-1800,5016,1
16020,-1912,7820,16616,-2360,3956,1
17016,-1892,6288,15776,-168,4704,1
15088,180,6156,15676,-2072,5232,1
16248,-2248,5144,16128,-1336,3144,1
15412,-676,7600,14964,1228,6696,1
16240,60,7228,15808,-368,6588,1
14628,-3636,6748,16532,-2464,5432,1
16344,-2320,4664,16760,-3804,4880,1
14764,1128,6120,15168,-8436,5436,1
16244,-3116,5864,16420,2036,5840,1
15104,-3036,8008,15088,3260,6780,1
15424,-1980,6832,16620,1752,3752,1
15656,2604,5316,16576,-5340,4288,1
15064,-2592,4840,15724,1132,3256,1
14888,-1996,5076,15936,196,1936,1
17056,512,3044,16220,-824,3264,1
14388,-4716,9044,15952,-492,2576,1
17140,-2192,6936,15908,-1320,6384,1
15632,-1784,6828,18128,-1836,4268,1
14264,-1336,5084,16924,80,1504,1
15788,80,5256,17504,1536,-2548,1
15820,-1500,4168,17184,-824,3240,1
15928,-2988,5804,16232,-1328,1152,1
15292,-2568,3892,16168,1384,5420,1
15276,-1448,7212,6920,-6792,10816,1
15320,448,5048,15140,-792,-1968,1
15228,-3544,7316,15400,1364,3136,1
15824,-596,7336,16480,-2768,4000,1
16092,-164,8020,15416,-1032,3660,1
15916,-1160,7644,16812,1296,3320,1
15016,-1048,6524,16440,960,3444,1
14884,-1292,5592,15768,1988,3096,1
16280,-1876,7308,17008,-3804,3540,1
13572,-3080,7192,15912,-972,5080,1
15908,8980,8124,16552,-3096,2856,1
14544,-2976,10320,15340,4268,5000,1
17356,-3956,7488,16504,5992,6028,1
15260,944,6344,16140,1544,4944,1
15904,2208,6268,16064,-9252,1836,1
15516,-1280,5080,16092,-1568,3132,1
15436,-2416,5332,16100,4788,2620,1
15924,-96,6452,16480,-792,4116,1
17236,1616,4540,15944,-2756,3908,1
18152,172,3920,16316,2052,4500,1
16844,-1320,3800,16344,264,3252,1
14804,-772,3336,16456,-744,3160,1
18844,3972,4008,16228,2200,1972,1
18460,-3716,23252,16716,-1052,4016,1
10136,-6780,10640,16336,-548,3436,1
13960,6000,7956,16128,2996,3504,1
14176,2608,3968,15684,1236,6008,1
17780,-3600,6516,16312,-540,3508,1
17176,5744,2388,15440,-1028,5252,1
14960,-5196,2188,16280,-480,2840,1
16616,-1500,4864,15892,-1216,2776,1
13748,-6700,8244,16244,1656,4280,1
15820,276,4392,16324,2012,3504,1
15916,-2420,8056,16420,-2924,6036,1
17188,7508,4400,15852,-4428,3988,1
14700,-6268,4472,16104,404,3316,1
15752,1760,2108,15820,884,2424,1
15604,-2956,3208,15620,-788,3140,1
15468,720,3712,16760,-4212,2900,1
16436,956,6076,16656,-2360,5168,1
16056,-4560,5264,15488,988,4788,1
14944,-6148,6544,15884,916,4424,1
15760,-380,3120,16120,888,5064,1
14812,960,7696,16400,-9292,3680,1
15804,-3732,7260,15876,1524,6772,1
16012,-3580,8100,16344,564,6352,1
15964,-3624,6828,15660,428,5908,1
15264,1612,4080,15400,-2136,3988,1
15940,-1036,4444,15640,-3140,2052,1
15620,-2868,6708,16084,-228,5256,1
15436,-3544,3984,16084,220,5632,1
15572,5548,6884,15404,-4468,4232,1
15836,-892,5564,16224,-6768,5120,1
15188,-2180,5956,15524,-2272,3492,1
15260,-3964,6960,16184,808,6900,1
15092,-3708,6796,15060,348,7128,1
15964,-2936,7712,16320,-1524,6136,1
15952,6448,6500,15344,-5420,5908,1
14768,-3204,5212,15700,-2468,3928,1
14580,-6548,7232,14852,-2196,4052,1
16576,-6960,6300,16208,1484,6540,1
14904,-3716,9200,15428,-2280,6024,1
16892,1808,8164,16080,-1980,7920,1
15784,-828,8088,16288,-2024,6372,1
14896,-2184,7372,17588,-380,3604,1
14760,-3008,6260,16192,-5424,5516,1
15252,-1928,6548,16040,-2312,3164,1
15508,-3600,6436,15468,-5368,2784,1
15524,-1256,4676,12756,3120,5544,1
16288,-260,4712,15188,-10884,20780,1
16440,-2540,5840,27480,13752,-6784,1
15812,-1392,4756,16696,-3608,2516,1
15624,-2196,5112,16844,-404,2468,1
15740,-772,5108,17036,-3232,2536,1
15744,-3268,4924,16444,2660,3364,1
15988,-2900,5684,16660,-604,2692,1
14788,1320,5216,16380,-8364,2284,1
15660,-1804,6228,16380,1776,3112,1
15320,-2704,7344,16636,3952,5628,1
15616,-3264,6380,16564,2572,3212,1
15540,2524,5484,16292,-2868,2068,1
16060,304,4816,16620,-7612,380,1
15640,-3796,4960,16360,3156,2176,1
15724,-2756,5300,16208,3592,2884,1
15708,-1164,6972,16576,340,3780,1
16340,1328,7304,16416,-4036,1352,1
16132,2240,4808,16452,-6808,2944,1
15536,-1740,5248,15856,644,1772,1
13664,-4160,6288,15940,8108,4304,1
15936,-1828,6608,16200,4764,4404,1
17028,5016,4844,16984,-6164,3860,1
15364,-2664,5792,16152,-5348,4124,1
16404,424,4232,16288,1576,3072,1
18656,-1240,5048,16484,-1852,3344,1
16396,1612,5192,16040,2096,2764,1
13452,-4520,8632,16052,832,3612,1
17040,708,3956,16440,376,3544,1
16948,1740,4968,16336,-164,3352,1
14964,-844,5904,16020,268,1556,1
13192,1916,19452,16568,-328,2368,1
25824,-5676,-420,16744,-48,3932,1
13808,3540,4128,16044,-596,5436,1
18320,-2252,4168,16560,-152,3852,1
17900,-592,2952,15856,-1640,3796,1
15256,-1296,2236,15468,-660,2324,1
15628,-2100,3156,16412,4040,4348,1
16364,-3716,4372,16148,-1248,4064,1
16504,4464,4828,16176,-5236,6144,1
16328,-2308,4536,16084,-2140,4528,1
16068,-1412,3392,16036,1124,3656,1
15948,-1664,2652,15892,-192,3708,1
16112,564,3376,15984,-2024,3660,1
16248,-1872,4128,16360,-948,4032,1
16284,-1028,4336,16120,-304,4744,1
16208,-1392,3956,16044,-524,4188,1
16180,-1756,3916,15948,-276,4388,1
16004,-2488,3684,16144,532,4264,1
15900,-3228,3536,15924,-2276,5036,1
15728,-460,3292,16364,-8620,5288,1
16404,1396,4384,15872,-6548,3852,1
16576,-1588,4988,16240,10640,4296,1
16124,-500,5092,15620,1600,3584,1
16312,1864,3268,16028,-3356,3780,1
15752,-4484,4080,16172,-4416,4832,1
16156,-2072,3008,16060,-768,5208,1
15784,-2952,4696,15896,-744,4228,1
16364,16,5052,15936,-776,4080,1
16036,-1672,4968,16064,-1624,4072,1
16008,-1084,4184,16256,-1384,4068,1
15848,-1112,4572,15864,-2032,3752,1
15736,-1800,4516,16216,-1044,3444,1
16056,-2004,5044,16224,-1020,3828,1
16084,180,4680,16852,-820,3788,1
15804,-3224,4596,20632,-1348,2716,1
15824,-1600,4132,17736,-2252,3116,1
15772,-2448,4796,13160,-2116,3668,1
15968,-2588,3136,13664,-3504,4120,1
15292,-2628,3028,12116,224,6600,1
15560,-396,2604,12352,-5240,9280,1
16144,-932,7476,29032,-1160,-6212,1
16156,-2092,7344,15520,-2556,6616,1
15936,-2688,6472,16148,-908,3160,1
16784,784,4860,17916,-7236,-204,1
15016,-4256,6388,16304,3192,2076,1
16280,-860,6024,16488,1120,3776,1
15860,-1552,5384,16528,608,1840,1
15268,-168,5876,16072,-3256,2620,1
16132,1116,5248,16348,-2108,2184,1
15504,-488,6028,16436,-864,2280,1
15644,-4028,6600,16240,900,3584,1
15724,-2896,6596,16140,2172,3116,1
15900,-1808,5684,16596,4,3132,1
16208,5352,6320,16296,-8480,1848,1
15640,-2176,6112,16552,-28,2156,1
15464,-3912,5528,16156,3932,4336,1
15308,-2132,7552,16384,2228,3912,1
15960,-388,6188,16464,-1064,2572,1
16056,944,5032,16040,-3044,2164,1
16616,-1972,2808,16092,-2196,3152,1
16024,-1088,3036,16504,-1272,3760,1
17220,-480,4296,16532,12,3152,1
20804,-1836,3068,16848,1608,3408,1
16356,-1708,7376,16240,32,3116,1
12784,-56,8180,16384,-1408,2136,1
12640,-1532,6720,16008,-980,2692,1
12252,-640,10868,16108,1696,3604,1
13320,-232,11856,16256,-352,2808,1
24784,4080,-7268,16224,88,5156,1
14260,4700,5164,16220,-424,3084,1
16112,-1448,2100,15912,836,4708,1
16668,-56,3340,16236,-1168,2836,1
16184,-1968,3576,15992,192,3252,1
16692,-776,4108,15932,3364,4912,1
16072,-480,4256,16428,-4172,3760,1
16208,-1512,4180,16156,-904,4160,1
15888,-2544,4780,15952,580,4136,1
16028,-3372,4612,16048,-312,3844,1
15880,-1256,4776,15936,624,4264,1
16984,4900,4024,15848,-4364,3964,1
15948,-3984,4140,16324,-1772,3496,1
15648,-2480,4160,15676,1636,5720,1
16068,-4276,6532,16012,32,4760,1
16212,-2484,5448,16480,-340,5400,1
15560,4196,3896,16484,-2316,3544,1
15464,-2196,3272,15784,-3156,2440,1
16128,-800,5412,15732,1568,4948,1
16184,-1624,6292,16340,-3276,4512,1
16504,-1852,6492,16956,-1572,4852,1
15876,-1672,4860,16672,-804,4676,1
15988,-964,4188,17056,-560,2944,1
15348,-2208,4892,16424,-1136,4184,1
15820,-1964,5248,15812,-2440,5148,1
16116,-2944,6252,15880,-1088,3304,1
16176,-2504,4812,16580,-676,3804,1
15608,-1028,3412,14284,-3580,4296,1
15644,-568,2424,11120,-3988,7120,1
16656,-3524,6508,22524,5836,-10088,1
16588,-3104,8752,11880,2020,984,1
16152,-1540,6004,14872,-3664,4308,1
15548,-884,4140,17196,632,612,1
15408,-4144,5720,16256,164,-584,1
15168,-3856,6436,16632,-1316,2300,1
16892,-820,6164,16984,492,2232,1
15116,676,8244,16568,180,1408,1
16008,-364,6724,16688,-1512,1880,1
14952,-2476,6228,16524,-544,380,1
17340,-168,4744,16440,-528,516,1
15256,-2496,5400,16628,-420,2760,1
15872,-2248,6668,16760,2180,1088,1
14720,588,6012,16180,-2592,1404,1
16368,6216,6420,16144,-7036,2484,1
15064,-5316,6548,17328,3676,2908,1
15572,-4436,5872,16620,3704,2628,1
15300,-1800,5544,16228,64,1556,1
16040,2076,5564,16572,-3004,492,1
15764,1400,5156,16352,-836,484,1
15048,-2692,6240,16552,920,1704,1
15768,-1236,7456,17068,2412,6260,1
16736,1028,6640,16644,-2812,4056,1
14672,-2760,4428,16444,1260,2232,1
16248,-3260,5584,17288,-2216,5628,1
15608,-668,7524,16212,-3660,660,1
14952,-160,6264,15732,4260,-2744,1
16196,628,3404,16560,632,-1980,1
15236,1752,1816,15940,2748,-1924,1
15648,-2324,5692,16664,436,1256,1
14752,-988,8840,16668,-684,4140,1
15856,-240,7768,16532,-948,876,1
15980,2056,4592,15916,-2452,5236,1
14560,-2276,6568,16096,1184,220,1
16256,-3400,5564,16120,6288,5108,1
15716,-488,6940,16360,200,2256,1
15288,-640,6240,16092,-924,1904,1
15560,3892,6528,15900,-3084,1368,1
15500,-1676,6716,16412,256,3424,1
15904,-2380,7364,16552,644,6484,1
15976,-1452,9768,16884,-1692,4980,1
15508,360,7920,16560,-1608,5512,1
15024,-256,6464,16336,592,2068,1
15056,-804,4392,15912,596,-896,1
15320,-1500,4208,16544,2656,1168,1
14928,-1784,6468,16148,2920,3240,1
15892,-2880,8568,17492,2416,6112,1
15492,1792,6900,16172,-4844,3000,1
15324,4720,7716,15732,-13776,3208,1
16256,-1116,5980,16552,4536,2736,1
15252,-4460,8448,16644,6492,5196,1
16012,624,7336,16676,-236,1944,1
15136,1200,5672,16288,-316,2168,1
15320,-844,3220,15996,1632,-1084,1
15644,300,2120,16684,2640,2856,1
16020,-24,4748,16404,396,5068,1
16492,-1444,8600,17564,-2292,4664,1
15168,592,7016,16152,1516,2188,1
15752,412,3820,15720,328,-552,1
17104,1140,1020,16368,868,848,1
21024,388,1104,16680,292,632,1
18172,-2304,2564,16964,2832,4428,1
14156,-672,2836,16648,-284,612,1
12536,932,5460,16292,2780,1612,1
15348,-660,9232,16016,876,-48,1
11384,-1828,12688,16376,832,1084,1
8240,6752,-1892,16844,640,3252,1
12760,2584,1476,16700,-144,3872,1
16112,-824,5836,16220,1064,1384,1
15520,-3412,3672,16088,3124,2512,1
16756,-2400,104,16696,-1772,4004,1
15960,-1588,3928,16500,-7044,2516,1
16452,3776,2648,16244,-748,3096,1
16100,-2396,3996,16148,2576,2136,1
16100,-1524,3484,16036,3556,4228,1
16168,-1500,3068,16128,-64,3560,1
16268,1176,3676,15916,-3988,3836,1
16328,-2592,4448,16668,-1416,4420,1
16032,-1680,4788,16032,1112,4832,1
16564,-464,4876,16276,1032,4724,1
15920,-2072,4232,16124,476,3268,1
16348,344,3604,15788,-3244,3180,1
16260,4296,2992,15656,-4168,5000,1
15596,-5336,5300,16260,1312,4584,1
16164,-3860,4780,16036,2032,5352,1
16364,228,4532,15904,-264,4296,1
16020,2204,4292,16584,-6096,4276,1
16236,-180,4188,16096,-20,3464,1
16096,-3112,4588,16072,1636,4752,1
15888,-2484,4932,16016,96,4184,1
16240,-272,3956,15912,-1720,4504,1
16080,-4152,3612,16276,-1368,4440,1
15704,2004,4652,15848,-4580,5072,1
15980,1008,5112,16344,68,4924,1
16464,1816,5216,15836,728,4692,1
15920,-3176,5012,16072,1616,3820,1
15948,-1908,3944,15808,-1540,4444,1
16108,-2416,5372,16096,-1048,3884,1
16144,-500,4544,16764,-1552,3724,1
15796,4,4564,17584,32,4248,1
15640,-1560,4624,19640,-424,3996,1
16328,-1044,4708,15472,-344,6200,1
16068,-2400,5248,14356,-3400,3780,1
15276,-1720,3244,7108,-2044,7528,1
15536,-1064,2644,15336,-2488,11388,1
16328,-2460,7488,32767,648,-2508,1
16248,-1140,5072,18860,-296,7484,1
15836,-1724,5576,16132,-228,3864,1
15976,1520,4212,17452,-4324,912,1
15976,-2836,3444,16764,1668,1832,1
16544,1340,4656,15696,-1000,3944,1
14676,-5168,8384,16624,1248,3640,1
16032,-3092,7108,16556,1016,4996,1
15512,-1836,5892,16432,-1380,3372,1
15668,2624,4172,16212,-2356,2192,1
15760,556,5100,16512,-1096,3004,1
15968,-1632,5676,16168,16,4048,1
15380,-5220,6572,16384,740,3868,1
15896,-2236,6260,16444,-1272,4112,1
15712,-1588,6180,16148,724,3476,1
16476,7220,5496,16244,-6500,2520,1
15088,-4820,6336,16516,136,2824,1
15884,-3192,5744,15956,1844,4992,1
15556,-2336,5924,16408,3872,4224,1
15996,2672,4768,16424,-2724,2868,1
15896,-572,4560,16256,-5524,892,1
15648,-1352,5560,16028,-1536,2820,1
15300,-4148,6424,16524,5836,4364,1
16316,-2644,6968,16492,-608,2332,1
16080,2688,4708,16328,-580,3352,1
15952,-1112,4960,16156,-2076,2712,1
15720,-2516,5140,15768,-3524,2700,1
16076,-1548,5488,15880,-10724,3852,1
15360,-1596,6120,16000,1444,4748,1
15248,-5016,8300,17004,6040,5648,1
15300,-1256,7408,15808,1712,5040,1
16652,10312,8260,16168,-7432,3640,1
15300,-4412,6136,16724,656,5636,1
15288,-4268,7800,16704,-416,5968,1
15104,-1156,4112,16060,-2152,2044,1
15780,504,2424,15904,400,-1316,1
16112,-3744,6824,17656,380,3244,1
16760,1020,5440,16756,-336,2688,1
15852,996,2248,15928,164,-1584,1
14996,-2780,1904,15888,168,-1872,1
16356,2336,2284,16848,-1828,2248,1
16364,2628,6376,16684,-2668,5216,1
15132,-4000,8256,16876,1436,5576,1
15944,-6088,5888,16120,4268,3660,1
16148,-3560,5128,16216,2744,4956,1
15848,4508,5208,16004,-8600,-36,1
16640,244,6828,16024,-3672,4636,1
15580,-628,5608,15668,2352,4368,1
16264,-5100,7196,16148,3364,4348,1
15828,1692,5760,16060,-1304,2720,1
16768,728,5404,16100,2664,4980,1
15756,-1096,5220,16844,-2972,6012,1
17920,128,996,15268,-3764,3240,1
25644,-2816,-1280,16680,-1600,2820,1
14156,-4672,8100,16796,2736,2900,1
14576,228,3500,16040,-72,1200,1
8248,-1672,9488,15872,280,1508,1
12320,-6420,23240,15808,360,2436,1
18568,-5796,-5124,16876,220,7904,1
17584,1600,5364,16328,928,3028,1
13664,-2516,4356,15520,-1984,5152,1
13808,-8,-372,15728,-7184,1904,1
15340,-5024,2604,15488,3784,4892,1
17040,-3196,5768,16404,3716,6676,1
16180,-2624,4840,15632,800,6256,1
16968,6996,4176,15880,-10240,4720,1
16140,312,1384,15980,-1292,4704,1
15892,-8116,4076,15340,5608,6700,1
15636,-4008,3904,15972,1352,5924,1
17224,7760,4776,16168,-10828,3384,1
16064,-4244,3648,15424,900,5060,1
15316,-3796,4592,16372,2924,5444,1
15740,-2960,3944,15484,412,4960,1
16160,2416,3640,15948,-4864,3616,1
15624,-2776,4452,16296,-872,4364,1
16612,-1088,3500,15876,2776,6676,1
15736,-5312,3296,16216,2044,4380,1
16200,3900,2424,15060,-7928,3324,1
15592,2676,2212,16032,-2640,3588,1
16344,-2444,4492,15768,288,6400,1
16404,-2392,4172,16212,2456,5916,1
16100,-4284,4836,16064,936,4772,1
16360,2976,1956,15780,-2336,3388,1
15628,-2964,3800,14944,-3716,4936,1
16664,428,5900,15772,-3852,5088,1
15848,-5668,6516,15652,2716,6868,1
16024,-2496,5080,15620,1656,5924,1
16064,-2804,4396,15948,1060,5040,1
15972,-2292,3824,15944,-96,4580,1
15940,3036,3408,15864,-6452,4744,1
16180,-1004,4552,15740,-6040,4608,1
15556,-3680,3672,15756,584,5700,1
15892,-2852,5000,16500,-848,5124,1
16096,-128,3724,15984,752,4280,1
16424,-2168,4788,22900,-2304,-1552,1
15768,-1052,3444,17988,-2984,1072,1
15948,-2932,4796,16864,-4236,832,1
15604,-2072,1972,11448,-2076,9684,1
15252,-880,240,7836,-5300,13028,1
16536,-2468,5332,26004,2080,-22600,1
16852,-1500,7436,10564,-1852,-1232,1
15752,-6512,4208,13520,5044,7580,1
15464,-248,7044,16424,-1240,836,1
15764,6676,3648,14900,-8664,-1240,1
15352,-5304,6408,16736,-1436,2948,1
16684,-5260,5536,16880,4256,4160,1
15432,-2616,5320,16628,2536,3140,1
14956,488,5548,16984,-3828,588,1
15656,1136,4012,16332,-544,964,1
15492,-2816,5064,16384,2540,2096,1
16144,-3684,6032,16624,1348,3276,1
15796,-992,5116,16628,-484,2948,1
15532,644,5428,16564,-3432,1620,1
15700,2036,6180,16300,-7348,1772,1
16420,-852,5964,16436,4216,2976,1
15356,-5928,6564,16600,4960,3940,1
16064,-468,5668,16440,-352,2812,1
15740,-468,4972,16624,-2560,1012,1
15540,1924,3556,16244,-3952,-64,1
15576,-1564,4052,16552,4928,3576,1
16088,-3384,6980,16760,1288,1716,1
15668,456,5504,16404,368,3320,1
16424,2900,6656,16268,-6796,3168,1
16124,2892,4896,15752,-7848,1852,1
16132,-3060,5104,16028,3624,1784,1
14032,-5596,6492,16120,7840,4452,1
16144,-1304,5376,16432,1040,2448,1
15372,-688,6516,16140,-3964,508,1
16928,10236,5720,16104,-3448,2564,1
15800,-7912,6756,16488,3084,4836,1
15760,-4100,5580,16328,5596,4436,1
14980,-1976,4476,16520,1916,3272,1
16668,5844,6424,15908,-10888,-396,1
15528,-2372,4592,15716,1324,4120,1
15612,-1564,5100,16456,3952,4328,1
16440,-892,3308,16452,2144,3476,1
19228,508,2720,16212,-4744,2444,1
21016,908,1652,16320,-540,4080,1
10964,-2916,9480,16460,796,3236,1
14180,-3308,3324,16408,2532,3512,1
14992,-964,8548,16468,-856,1868,1
12320,140,8196,16124,44,612,1
32767,-2812,-3416,17556,1116,7632,1
18048,7480,2268,16528,196,4128,1
16940,-844,3500,16448,-128,3144,1
17160,-4372,2052,16112,1616,2852,1
17100,-1120,2416,16036,-4616,2432,1
16568,5884,3084,16200,60,6496,1
16016,-7224,2508,16852,292,6936,1
15768,-372,60,16112,2592,3180,1
15560,-1004,-3148,15484,2372,1004,1
15504,-2788,-1480,15508,1400,752,1
15784,-36,3836,15968,-9480,2824,1
16976,428,6296,16752,1572,6876,1
16428,-3000,5716,16428,3736,6476,1
16376,-1428,3572,15808,4764,6516,1
15944,1620,1560,15848,-2700,4340,1
15896,-1272,3052,15892,-8208,3672,1
15792,-3644,2568,16596,-1436,4880,1
16348,-3332,3180,15744,3408,5300,1
16460,-1568,3604,16048,-1180,3628,1
16144,4000,3252,15980,-4684,4260,1
16424,1576,2876,15984,-2016,4060,1
15872,-3528,3268,15884,-316,4816,1
15976,-3504,2844,15984,3312,4408,1
16272,-1416,3396,16120,296,4180,1
16636,524,3480,16096,-2624,4900,1
16176,-708,3300,16216,-2316,5080,1
15840,-4116,3652,15948,-1840,4624,1
16048,-3528,2752,16396,-1568,4824,1
15936,-1460,5112,15276,-448,2168,1
15944,1392,2336,17192,3260,3144,1
15444,-1956,5056,17048,256,-232,1
15940,-2004,3228,17528,-3148,3320,1
15844,-4320,3160,15284,3340,3356,1
15788,-1320,2780,7704,-4960,13652,1
16928,-2656,5460,26292,-1240,392,1
16120,-1460,3780,12612,960,3256,1
16112,-1728,3728,17112,-748,3848,1
15856,-908,3728,16000,-1156,1900,1
15928,-28,2976,16640,-4956,2832,1
16000,-540,2340,16164,-1984,4884,1
15864,-8072,7916,15856,4684,2988,1
16556,-1812,5584,16668,4276,4028,1
17020,3140,4972,15996,-1896,3620,1
15956,-2120,4372,16264,-1856,2316,1
15632,-2816,4808,16432,-196,3404,1
16012,-2120,3824,16164,3928,3676,1
16808,1252,4156,15912,-1688,5964,1
15804,-3416,5384,16404,-2304,3168,1
15912,-2132,3752,16236,-1900,2688,1
15464,-1400,4068,16416,-3516,2232,1
16076,-688,4176,16272,584,3140,1
15672,-1412,5264,15688,3128,3572,1
17400,2736,5860,16288,-908,2568,1
16488,-4480,3952,16256,-300,3796,1
17356,-2068,6068,16968,292,5368,1
15760,104,2124,16260,-744,4392,1
12328,1292,8636,16096,-588,4640,1
8628,1452,7600,16104,116,4016,1
19900,16,3112,16428,1488,2444,1
16352,-2672,2948,15680,636,3300,1
14932,-1748,2456,16612,-56,3704,1
16100,-3420,3308,16232,-2260,3508,1
16476,-1208,4692,16404,-944,4076,1
16164,-1736,5500,16008,2436,3120,1
16820,-2484,3496,14348,5760,7192,1
15256,644,2016,17396,-9296,2168,1
16596,4504,4168,15304,-5812,4916,1
15636,-3440,5488,16104,2868,5960,1
15992,-5620,5320,16624,5308,5332,1
16864,-320,3116,15840,-1476,2944,1
15976,-1428,4080,15264,-2548,3288,1
15612,-556,4796,16040,392,2196,1
12564,532,11856,16912,-1876,3816,1
14196,184,4896,20168,3692,3296,1
17520,-8332,2484,15648,-428,4144,1
15584,1176,2008,12476,-1472,3496,1
16296,-3940,2432,19176,-6632,4912,1
15704,-1120,5164,12596,2976,3268,1
15928,-3056,5624,22944,-5636,4420,1
15964,-1572,4988,13460,-2448,5232,1
16072,-1140,4004,17088,-224,3376,1
15916,-1768,4128,15368,-1692,4068,1
15988,-1568,4656,16980,-216,3344,1
15880,-1624,3584,16284,888,3536,1
15748,-1188,3740,15960,-900,2628,1
16140,156,3728,16732,1812,3372,1
15564,-492,3416,16280,-1548,3004,1
16488,-1404,2744,16296,1812,3432,1
17516,-1504,3260,16180,-380,2344,1
16064,-1780,7408,16380,-492,5068,1
16848,-204,2568,16520,-528,4040,1
18028,-6956,25412,16700,-72,4764,1
13508,1784,4532,16168,452,2248,1
20236,732,984,16028,212,5328,1
13420,-4736,4608,16148,-536,2548,1
16688,-300,4124,15784,-668,3352,1
15320,-144,3304,16592,768,2104,1
16368,508,4032,17896,-208,1128,1
16008,-4172,4224,17588,1644,3468,1
16556,836,3372,9340,-908,6620,1
16648,-332,2840,13544,-1240,13284,1
15056,-4780,6040,11348,-1292,5144,1
15960,-2160,3284,17024,3916,5528,1
15888,-2752,5960,14512,-9296,5452,1
17056,3380,4220,16300,-1356,4904,1
15444,-2624,3584,15596,500,4300,1
15528,-3632,6312,16524,784,4980,1
16292,-1408,4904,15488,-284,4984,1
16484,4196,5056,16396,-8632,4204,1
16112,-5340,4620,16424,-852,5260,1
15944,-4800,5040,15944,2284,3684,1
14860,-5200,5324,16208,-80,3408,1
16872,8096,4176,15956,-4396,4788,1
15912,1956,5260,16028,-2276,4212,1
15428,-1528,4648,17240,-1112,4488,1
14976,-3412,4620,18844,-228,2168,1
15936,-2236,4476,16700,-3416,2524,1
15856,-2572,4540,13196,1836,5216,1
15832,-908,3388,15720,-6808,4764,1
16664,-2556,6304,13744,-1520,16420,1
16452,-1352,5572,15968,6260,84,1
14480,2104,432,16244,-4308,3536,1
15708,-2824,8460,16092,4948,5000,1
15616,-3888,8016,16120,5236,6260,1
16108,-1144,7596,16944,-1260,5476,1
15584,-832,5968,15988,-4484,4380,1
15732,-2244,5132,16304,-524,4432,1
15232,-1448,5048,16236,1704,3128,1
15344,4732,7016,16644,-568,2464,1
15376,996,5724,18688,-400,3164,1
16756,-6380,7996,21720,1428,-2136,1
17108,-552,4008,13240,-1792,2796,1
15840,-2980,4560,13492,-2928,5108,1
14540,-1804,2308,7616,-6004,11404,1
14684,-1380,3924,32767,2524,-15068,1
15584,-2204,7692,10036,-10212,4380,1
16572,2500,6048,14188,-2200,1344,1
15848,-1732,6892,18380,3348,2248,1
16624,-2508,7864,15680,284,4116,1
14412,-2836,5792,16284,1880,2584,1
15536,-992,6928,16124,-4416,688,1
16248,11024,6820,16300,-3940,3384,1
15992,-2936,7596,16604,2340,3180,1
14452,-7844,5812,16836,5628,4984,1
14384,-5400,5204,16552,-588,2388,1
15676,4432,5280,16184,-5324,52,1
15236,-2636,4908,16472,-328,1560,1
15468,-2628,5460,16628,2084,2776,1
15616,-2956,6532,16388,860,2280,1
15840,1100,6204,16564,-48,2472,1
15364,1132,6212,16712,-3016,1604,1
16140,212,5988,16028,-3852,604,1
15672,3532,7112,16316,-8620,4176,1
14752,-9608,6956,16140,14312,6180,1
14404,-4124,8188,16600,6256,4108,1
18524,7572,6616,17648,-10992,484,1
14544,692,7404,16212,-3592,3012,1
15188,-7896,6844,16660,5628,4584,1
15808,-864,6600,16536,856,3828,1
14368,3436,7812,15932,-2920,-1256,1
15924,-1644,3660,15980,2344,252,1
14860,-2848,4384,16552,3096,2716,1
14820,464,7076,15992,-3704,1520,1
16060,936,4908,13896,-2648,8664,1
17452,-512,4512,18764,448,5948,1
25600,-1512,-884,15916,-772,9172,1
16956,-3412,8960,16224,-168,8748,1
16312,-2148,4868,16244,-364,6256,1
13052,2472,8748,15764,-640,3796,1
9364,-2260,13216,15772,-500,1600,1
12916,-6196,32767,16292,-264,-2036,1
17912,-5776,-632,16036,2536,6060,1
16684,536,7496,16416,-6332,180,1
14676,32,6452,15908,-1336,6212,1
14540,-3076,2564,16196,-4036,1760,1
16096,-2400,1012,15404,7772,8552,1
16296,-2580,5416,16820,5812,2208,1
16684,9020,1200,15644,-5504,4324,1
15324,-6348,5160,16248,-496,4832,1
16664,-1968,4908,16380,1716,6824,1
16368,-2368,4120,15908,224,3060,1
16296,3496,1488,16140,-4352,1312,1
15616,-2860,3756,15424,-296,4556,1
16204,-2792,4576,15892,3464,7608,1
16500,-848,5592,16340,1328,3616,1
16440,3464,2408,15900,-2844,4460,1
16200,-936,4152,16216,-5332,1944,1
16120,-2164,5576,15468,1912,6896,1
15656,-1496,3956,15480,-172,4172,1
16116,-4528,5052,16584,1584,3792,1
15928,-1012,5008,15876,-1540,3276,1
16608,100,6384,16208,-1988,2328,1
16316,-2184,2928,17752,-5480,5348,1
16988,-2424,5296,23060,-1256,-360,1
15516,-1352,5836,13716,3448,3980,1
16412,-1860,4952,16092,-1336,3728,1
15700,20,1340,11232,-320,7440,1
15636,-296,2252,11360,-4276,7148,1
16484,-2336,8412,23220,-2100,-1248,1
16568,-396,5964,18512,-3332,1452,1
15716,-2640,2692,15656,1904,6008,1
16216,-3448,3104,17740,-2608,-1296,1
16580,8180,6500,16412,-8384,144,1
15988,-2964,5564,15780,-3304,4748,1
14776,-5920,5864,16784,10216,5512,1
15140,-6284,5856,16776,4572,2228,1
17124,6088,3976,16312,-1416,-440,1
15288,-2208,2780,15672,-1244,2236,1
15348,-1316,5520,16628,-2220,2464,1
15448,-3332,4516,16320,1408,1820,1
15620,88,3336,15536,676,5064,1
15888,-3544,5772,16848,72,4140,1
15456,-532,8092,16308,-7856,1600,1
16072,4380,7480,16192,-5768,3172,1
15800,44,4976,16008,3680,6864,1
14764,-5756,4376,16688,3044,3804,1
15708,-660,4932,15164,3284,5256,1
16032,-184,4916,17048,-3072,3332,1
17124,1220,2664,15912,-2248,4948,1
20880,-188,176,15816,-1188,4876,1
18736,-2200,5116,16864,-528,4040,1
11180,-1232,8312,16260,1040,3064,1
8716,-60,8680,15832,3184,4220,1
15152,-2264,10508,16116,-1756,3180,1
9848,10276,7464,15952,-596,4376,1
14012,-4240,1588,16652,1652,5540,1
19540,236,4156,15948,900,3736,1
17972,-1916,5232,15668,-3948,648,1
13820,-572,1440,16192,568,5040,1
16244,-5840,6248,16004,3276,3184,1
15600,420,4384,16132,1088,4556,1
16812,3880,1092,16000,-8560,4460,1
15036,-3608,4952,15672,-788,3880,1
16344,-4816,6288,16356,2516,6112,1
16552,-3556,5968,15920,424,5180,1
15568,2384,4760,16292,-4040,4060,1
15484,-1452,1748,15652,1432,2716,1
15052,-1112,2808,15744,-180,1020,1
16384,-1384,3084,15732,-1552,4440,1
14968,-3504,10904,15980,-2444,4940,1
17224,-836,6052,16364,-1212,6752,1
15612,-2232,6760,15680,-1052,5408,1
15780,-1156,5920,15656,-1212,4988,1
16040,-1296,4412,15836,-1704,4828,1
15020,-3236,6824,17188,-952,3976,1
15312,-2128,8060,18516,-1472,3280,1
18372,-384,8124,19780,-532,5812,1
15744,-1796,6176,17712,-2532,2336,1
14772,-1292,2464,14400,1536,4776,1
15232,-1488,1248,12212,-2796,7676,1
16028,-1556,2196,12876,-3404,8816,1
16988,-2852,7040,26276,-3652,-10584,1
17216,-1096,5884,15164,-308,828,1
15852,-2424,2132,15764,-2536,3404,1
15496,260,7772,17248,-9388,-156,1
16028,-3244,9248,16992,1740,1712,1
16540,-2400,6768,16744,5816,4668,1
16000,264,3728,16164,1532,2260,1
15832,-564,3516,16496,-12,-60,1
15672,-1484,3864,16352,-2300,540,1
15348,-684,6376,16488,-2364,2812,1
15244,-1492,6380,16836,-1228,2760,1
15312,-2456,7024,16500,1728,3920,1
15852,-1332,7192,16420,2796,2944,1
15716,-1304,6704,16192,1224,3000,1
16192,2532,6056,16596,-5520,2388,1
15996,3140,6620,16176,-6080,1268,1
16148,-3400,4836,17020,3052,3692,1
14448,-2724,4060,15872,-772,4152,1
15856,-2576,3152,15992,3520,4404,1
16200,-2400,6736,16028,3128,2292,1
16464,-1620,5088,16340,1184,3752,1
16308,2528,6400,16232,-2748,3136,1
15940,-1092,4792,16516,-5628,4132,1
15644,-1200,4760,16684,-924,3844,1
17044,2324,3728,16128,-336,3484,1
20356,464,1480,16544,832,2928,1
23956,3180,1528,16100,1956,1944,1
11432,-3212,7740,16572,-212,2628,1
12860,-2196,2836,16692,960,2420,1
10436,2148,10080,16332,-284,972,1
9752,-2424,16372,15988,1060,-196,1
22948,-3856,12784,17276,1152,5852,1
2524,-2364,3308,16316,-1376,5040,1
18220,752,4624,16400,484,2576,1
17816,-368,4416,15652,1268,2384,1
14068,-3344,108,16160,3076,1684,1
16016,-1820,3804,16340,2844,4496,1
16532,2012,2728,15912,-4484,5180,1
16136,432,2512,16092,-8660,5120,1
16092,-2064,3672,15748,-3244,4820,1
15860,-4412,4180,16224,5784,6004,1
16360,140,4216,15584,4044,3668,1
15552,1600,1444,16512,-7004,3560,1
16688,1052,4700,16216,-2816,5908,1
15932,-1788,3600,15920,-132,5424,1
16096,-4680,3764,15916,1924,4760,1
16336,-1104,3652,15932,-884,3584,1
15992,640,4600,17016,-1440,3312,1
16080,2988,2816,15620,-2640,4980,1
16000,200,4036,16028,-1612,4132,1
16452,924,4300,15856,-1684,4252,1
15336,-5304,5740,15692,-160,3764,1
16340,-6872,8188,16592,-1744,4116,1
16612,956,3840,16512,-524,3464,1
16200,-1528,3088,16712,-1840,2344,1
15496,-2548,5484,17728,668,1040,1
16148,-1648,4828,18532,-3012,4600,1
16448,252,7412,17596,-3072,2980,1
16116,-3564,5520,15344,-1200,2224,1
15476,-876,3820,15932,-1312,4868,1
14956,-2036,1688,10272,-564,6736,1
15536,-2104,2652,8480,-5692,10420,1
18828,-2424,11728,28300,6872,-10848,1
16576,-1260,8772,15036,-7060,2540,1
15892,-2992,5988,15856,-4888,3620,1
14668,-344,4216,17768,1012,236,1
14956,-2592,6036,16052,-1552,52,1
15368,700,6452,16008,-3952,1364,1
16204,-1400,6612,16384,1092,1828,1
14532,-3056,7872,16736,2356,2096,1
15452,-496,6028,16908,1012,1572,1
15768,1348,6300,16312,-5104,2104,1
15588,2268,7532,16504,-7896,3612,1
16208,-4028,6956,16960,-248,4256,1
15040,-3552,6636,16316,3880,3920,1
15104,-3148,6548,16340,2800,2268,1
16544,4392,5860,15956,2420,2796,1
16288,-2948,6072,17072,-1552,1240,1
15328,1432,5168,15952,-4088,3168,1
15592,-3104,5228,16696,-744,1936,1
15332,-1872,5984,16004,-780,2144,1
16112,-68,7836,16496,3992,2856,1
15636,1352,5568,16504,7884,3108,1
15628,1900,5844,15916,1524,2536,1
17824,912,4300,17564,-12720,2112,1
19092,-288,1936,16160,544,2868,1
17840,-1148,6272,16244,2356,3412,1
13640,-3384,10784,16804,-444,940,1
14612,-1836,4704,16636,172,2736,1
13556,-56,6492,16088,-6192,2828,1
12532,-208,8608,16176,5900,3264,1
11712,3268,10356,15644,4676,-948,1
8344,9308,40,15476,3548,5324,1
13328,4104,10680,16120,-3004,4476,1
15392,496,4368,16728,-6168,5052,1
21100,-5844,4160,15932,-5788,3784,1
13424,-2684,4144,15116,-4264,8040,1
15100,-4192,4800,15464,8976,6008,1
16032,-3528,5928,16948,9464,5328,1
16260,4308,5652,15308,-6176,4916,1
16356,392,4236,15736,-3540,4584,1
14904,-2972,6952,15504,-3940,4288,1
16884,-4348,3588,14976,724,6972,1
13868,-4520,7996,16784,-2680,4180,1
18440,2140,4540,14928,-240,4656,1
15868,-428,6244,16796,2004,5464,1
15452,3680,8148,15432,-1872,6312,1
14548,-1820,8824,15416,-2424,5224,1
15428,-5684,6264,16016,-4512,5860,1
15192,-6328,4320,15332,-736,6404,1
15616,-3116,3384,15324,-5784,6848,1
16128,1368,6348,16100,-3036,5548,1
15728,-1028,8468,18444,-1536,3280,1
14684,-8044,6956,20252,2704,728,1
15696,-6616,4748,17540,-896,4504,1
15048,-4236,6348,13856,-724,3292,1
14076,-5744,9068,13496,-9180,3612,1
16224,7276,-780,13764,5616,6976,1
11500,-2252,3788,4536,-8848,12856,1
20912,-5868,13120,32767,10636,-6408,1
14000,-4328,12356,8420,1656,8600,1
16744,2776,8528,15196,-2492,3744,1
16808,3112,6256,19116,-7392,780,1
14848,-3572,6048,16084,-2428,-516,1
14124,-2280,5640,14732,1112,4616,1
13512,-9352,7924,17876,392,2380,1
14292,-5872,8220,16120,4396,3228,1
14016,1780,9776,15964,-548,3680,1
18764,7320,6736,16052,-120,3424,1
14444,-1792,7888,16024,-3016,1032,1
14876,-2276,7036,17108,988,3012,1
15224,-3600,6240,16732,-1740,3924,1
15780,-1308,7440,16212,-5376,2912,1
14940,-892,6848,16460,-5660,3800,1
14620,-1692,5856,17016,1700,2628,1
15636,1304,7128,15636,5772,3820,1
14544,552,9760,16140,6956,3856,1
15708,760,7776,16164,2712,5576,1
13980,-2192,9568,17080,-5484,2440,1
13572,-4536,8056,16648,-3928,4168,1
20296,-552,4644,16800,-8640,4288,1
14820,884,8040,16164,-1732,4684,1
14860,-404,7768,15120,5800,3308,1
16172,1664,5188,14172,7460,1860,1
16824,1108,4316,16868,900,1896,1
21572,1392,2464,16952,-3580,3932,1
16084,-6044,8332,16204,-708,6364,1
14752,1584,2532,16336,-64,2440,1
12740,76,5288,15616,796,444,1
10780,-3088,9224,15924,2424,592,1
9916,2920,32767,17408,48,4292,1
21092,-10388,1752,16000,-576,5764,1
14536,1624,9664,16192,72,5204,1
12648,200,5692,16204,-3504,4656,1
15700,-2312,2736,17096,-660,3448,1
15808,-5936,4404,15208,1416,4220,1
15552,-6968,4068,15852,6000,5504,1
14896,-908,4768,17000,1296,4608,1
17108,6720,5244,16252,-11468,4060,1
15516,-2144,4912,16072,1204,4716,1
15244,-3428,5068,15748,820,4392,1
16092,-3208,4552,16420,3408,5384,1
16132,-1492,5748,16184,-1044,3524,1
16332,1316,6244,16136,-1016,4336,1
15896,820,4216,15936,-2260,5156,1
15760,248,4036,15976,-1260,4196,1
15612,-1336,4660,15772,-964,4092,1
15136,-3128,5656,16376,344,4412,1
15792,1248,5932,16260,240,3936,1
14796,-3692,6628,15096,4164,7820,1
15936,-5328,6168,13916,-4148,7652,1
15160,-1288,5724,16468,-676,5640,1
15812,-2360,5200,14520,-8600,6916,1
15092,-792,6464,16804,944,3948,1
16472,-1328,6944,16772,420,4328,1
15740,-160,7032,19968,2360,1344,1
14920,-680,7080,20748,-424,1984,1
15600,-4400,6188,13280,-3456,9124,1
15728,-3708,5636,13860,-2868,3120,1
15660,-1824,1136,12512,-2016,6812,1
13088,-3744,5860,9184,-4872,10932,1
19380,-628,10104,30244,4172,-15248,1
13616,-712,9268,5844,-288,2284,1
17292,-5840,6128,16836,1176,4320,1
14992,-3260,5136,17756,-1352,2256,1
15332,1548,6196,15256,-5120,-2760,1
17504,4432,4704,16132,-9292,3348,1
14840,-5612,7404,16976,6728,3812,1
15764,-4760,7936,16700,4412,3804,1
15436,908,6860,16428,1004,1072,1
15808,1408,5716,16088,-3776,136,1
15284,-1568,5084,16100,688,1160,1
15252,-5096,5840,16684,776,2172,1
15724,-3672,5800,16564,3068,2124,1
15168,2880,5508,15700,-4944,1040,1
16140,5840,7456,16356,-6400,3600,1
16500,-3464,7536,17184,-1472,3964,1
14684,-7852,8632,16196,3224,7012,1
16084,-3444,5804,16592,2956,5152,1
15272,3948,5044,16200,-660,3260,1
18488,672,4824,16268,-4048,2352,1
20524,1600,2568,16352,1544,5068,1
17068,-3264,3712,16656,-108,4172,1
10736,-6100,7188,16572,-2116,3096,1
11468,68,5572,16316,552,3284,1
14448,492,9404,16092,1456,1032,1
14588,-3644,17640,15796,408,1444,1
32767,-4232,-3952,16936,1404,5604,1
16660,8672,12784,16552,276,2972,1
14160,-3540,2760,16348,612,4496,1
19240,-3996,3464,16248,4676,3820,1
15000,-4304,3536,16100,2204,3128,1
15828,-844,2880,15576,-5876,2492,1
17896,6888,448,16464,-5288,4816,1
13992,-7884,5784,16592,-2216,3848,1
16852,140,4040,16004,4628,4928,1
16080,-296,5240,16012,1804,3600,1
16456,-116,4424,16004,-1448,4408,1
16012,-2840,4932,16208,-1584,3984,1
15848,-3332,4128,16244,-656,5328,1
16364,-2764,3940,15828,-3556,4280,1
16200,-2368,3372,15872,-2036,4564,1
15720,-2036,3264,16072,-352,3536,1
15748,3772,4032,15884,-1804,4280,1
16116,1964,6048,16432,2116,2192,1
16716,944,4372,15648,5000,2576,1
15948,1376,2700,15664,-724,2924,1
14552,-4528,3756,15936,-5004,4560,1
16672,-2160,5912,16804,-2768,5460,1
14728,-6908,6644,16184,644,6692,1
14200,-11772,5740,15980,2012,5268,1
17524,4564,6172,18188,-2680,3916,1
15116,716,4996,20308,296,244,1
16272,-996,6060,15392,-3528,6216,1
15944,-1924,5332,16264,-2728,3196,1
15448,-2084,3020,11880,3628,6028,1
14356,-2256,2528,5256,-8400,12232,1
18568,-1996,6912,32064,-52,-5840,1
16768,-2068,6336,14512,-968,4892,1
15860,-2196,7232,14840,-2552,1456,1
15612,-824,4060,18760,-2564,660,1
15576,-2860,4676,16016,-1692,88,1
15964,-2200,5428,16204,-1476,2224,1
15828,-2176,6108,16804,920,2704,1
15928,-236,6072,16564,96,2672,1
15676,-2392,5216,16388,-572,2040,1
15796,-500,3880,16228,-1016,1588,1
15732,-1108,3248,16356,-924,1588,1
16232,1176,3072,16680,-2008,1624,1
15200,-612,5764,16244,-2504,2128,1
16256,-6480,10204,16572,3336,2224,1
14936,-2600,7732,16816,2996,5256,1
14600,-2568,6536,16884,-2312,4008,1
15892,2228,3992,15908,-5772,2396,1
15096,-2584,7008,16428,-868,1584,1
15648,-1696,5792,16588,-1364,1924,1
15760,-1228,4664,15964,-1000,4576,1
15744,-456,4692,15204,-544,3892,1
16356,564,3168,13296,112,6228,1
19412,96,2484,19308,-248,6100,1
22496,-292,820,16200,-1408,6176,1
14400,-4072,9596,15800,776,3784,1
12628,-1492,3776,16236,620,3056,1
10924,-1916,7600,15560,-588,1144,1
14592,-1656,9188,15408,388,3936,1
20716,3476,32364,17108,-1164,5124,1
25528,-10468,-6352,16548,-368,5292,1
12908,224,7408,15132,940,5476,1
14016,-1500,2928,16176,-400,4712,1
15936,-2348,2544,15796,-2468,4588,1
17772,-1864,3000,16384,-2024,3860,1
15240,-1788,4496,15392,820,4372,1
16224,-3836,3776,16060,6616,5912,1
16568,1872,4316,14204,-812,5948,1
16296,1812,3196,15928,-6356,6456,1
16324,-1000,4176,16740,-5612,5364,1
16188,-3000,3200,15684,-1612,5020,1
15928,-1704,2880,15328,956,5416,1
16180,-952,3916,16244,-2304,4404,1
16028,-644,3824,15344,-408,5512,1
15844,-876,4256,15836,-436,4276,1
15784,-2204,3576,15280,-1224,3764,1
15992,-2460,4092,16436,-2476,5204,1
15924,-560,5464,17948,-1964,3780,1
16116,-1684,5992,20172,-1208,3764,1
15828,-540,4820,15444,1612,5140,1
16348,-2208,5684,18720,-1996,972,1
15760,-3532,4728,16512,632,4012,1
15964,-1448,4096,16432,-1664,5700,1
15240,-1352,1624,14092,-108,6544,1
14500,-1596,2628,9296,-4304,10768,1
16896,-2596,11216,32767,5056,-9528,1
16836,-844,8928,8224,-1640,1164,1
17016,-2504,8068,13980,-2500,5268,1
15728,-2464,6492,17228,1664,1320,1
14680,-752,6128,15708,2360,-1080,1
16624,-2936,5548,16244,-1644,1484,1
14556,132,5896,16704,1176,868,1
16268,-3020,6260,16816,532,2688,1
15648,-512,5900,16772,288,3020,1
15548,-1736,5040,16368,-8,588,1
15292,392,3848,16460,1612,3124,1
16056,-724,5052,16300,-2108,1940,1
16472,-1556,6048,17308,712,3864,1
14860,596,10316,16748,-3308,1844,1
14376,988,8988,16276,-400,3100,1
14040,-2244,8792,16276,3384,1480,1
14480,-4260,6852,16688,7012,4740,1
15480,552,7344,16224,3516,2564,1
16212,-268,7888,17348,-13424,1700,1
14064,300,8964,16348,1820,3068,1
15028,-3044,8428,16464,3452,2704,1
14836,-580,6972,16236,5344,2712,1
16780,1112,5656,16668,-1980,2428,1
17184,1176,3448,16180,-2008,1828,1
19840,1048,1452,16592,-1376,2936,1
23304,1272,2652,16484,-1272,2828,1
12184,-5264,11672,16332,2304,2692,1
20064,-804,972,16340,2048,3092,1
10900,-128,5940,16060,-436,1864,1
15188,-4872,9804,16392,1448,2160,1
8768,2100,13116,16076,-1416,1536,1
15352,-10724,32767,16848,-564,6372,1
13360,-7248,4536,16132,2348,10436,1
16480,3788,6204,16392,-564,5092,1
13132,272,3184,15520,128,6072,1
13588,-5684,2856,16052,-5344,4116,1
18856,-1444,3164,15584,16,6788,1
16144,-3484,4684,15664,1216,5768,1
15668,-884,3360,16252,6396,5000,1
16844,3240,3576,14160,748,4352,1
16112,-280,3312,15432,-12732,3880,1
15908,-2032,2188,16412,-2612,6436,1
15648,-4536,4312,15592,256,7900,1
16420,-1632,5080,16060,852,6572,1
16132,-292,5512,15748,-1628,4696,1
16368,2352,2860,15248,-3416,5512,1
15364,-4312,3356,15712,-328,4848,1
17220,-76,2996,15160,-3560,5088,1
15520,-5480,5200,15948,1204,6360,1
15572,-3444,4452,15700,-700,8048,1
15372,-4568,5640,16120,-956,4500,1
16616,4400,4100,16016,-4008,5072,1
16300,-756,5736,16196,-4336,4852,1
16488,-1760,3692,17720,-1136,2732,1
15412,-4124,4644,18884,2632,920,1
15612,-2372,3884,18296,-1872,4348,1
15864,-2332,3176,14344,-2208,6264,1
16444,-2136,4724,15572,1924,4232,1
16076,-432,4100,16328,-1276,4704,1
15768,-2232,3368,17204,412,3980,1
15536,-2148,-360,14996,500,3320,1
14620,-3864,764,11448,356,3876,1
15668,3032,3924,15072,756,3772,1
14372,-1596,4972,10724,-4460,3644,1
18308,-4608,14468,32767,10804,-6472,1
16016,-2544,7600,11244,-7560,8252,1
14928,364,11900,17396,5920,3904,1
14684,1268,8020,16808,-2452,-136,1
15012,232,6748,15552,2292,-1232,1
15112,-1328,6056,16352,3520,1864,1
15140,-1256,7284,17064,-2260,1124,1
15680,-364,6976,16528,-56,2700,1
14908,-204,8944,16700,2412,2380,1
15388,316,8696,16476,404,2024,1
14356,716,9712,16888,632,2636,1
15140,-448,8732,16836,-416,2100,1
14804,412,8228,16384,772,1428,1
14072,2468,9748,16220,552,2160,1
14604,-2036,9156,16504,1804,1880,1
14380,-6752,7260,16656,836,3264,1
14112,432,9608,16700,892,2356,1
13632,1972,9668,16116,-2692,232,1
13036,6712,11060,16364,160,2860,1
15872,-5316,7600,16832,7836,3724,1
14244,-1708,8740,16040,3048,2848,1
13208,1972,9480,16864,-2444,676,1
16292,432,7188,16396,-7084,2372,1
17132,844,7216,16196,-1520,2664,1
18444,-372,5776,16288,4668,2416,1
18404,-288,6680,16408,-108,2076,1
14092,-3388,11096,16272,572,1936,1
20728,-1292,876,16396,-1148,3936,1
16340,4876,5244,16556,2128,3528,1
13372,-344,9640,16256,140,1712,1
12032,-1364,10312,15972,1912,676,1
14612,-9192,32767,17132,528,5448,1
23992,-13528,-1356,16440,-2712,5924,1
12084,5020,8132,17308,-224,5172,1
11312,-1424,2480,15764,1976,4184,1
13684,-1180,424,16344,108,4004,1
17512,-1500,3284,15708,-1096,3416,1
16432,-1124,3092,15968,-1116,4608,1
16500,-900,3824,16108,-1588,5300,1
15736,-1196,3472,15296,-72,5364,1
15936,-2784,4512,16036,208,2668,1
16128,-1456,4544,15988,-1188,2972,1
16476,3064,3180,16656,1332,2904,1
15564,-104,2648,13244,-7384,10188,1
15728,-6656,4576,16232,-996,7164,1
16596,-7692,6592,16464,460,7276,1
15940,-3396,5800,15196,-708,7336,1
15384,4484,1780,15176,-5156,5548,1
16236,1248,3920,14880,-7704,4472,1
15724,-1944,4552,15780,-560,5308,1
16292,-3892,4260,15620,1884,6312,1
16148,-2088,3456,16256,-196,4784,1
16316,-1880,3644,15516,-2536,4460,1
17180,-2400,4356,15448,-3308,4100,1
16964,-3296,4740,16432,-1964,4844,1
14208,-3888,5084,17432,-4692,328,1
10672,-7428,9580,14320,3432,5176,1
20820,5512,2520,11780,-12220,6732,1
15028,-9708,2280,20036,-15008,8376,1
17392,-2964,11048,22536,16880,10552,1
16540,-704,7500,10540,-13912,8936,1
16520,-1396,5548,18424,6312,1832,1
15552,-132,4024,16028,680,1928,1
15632,-1664,3652,15592,-5044,1212,1
15892,-920,3732,17112,3264,2044,1
16108,-1384,5132,16280,-192,3552,1
15852,-968,3804,15956,-3588,1900,1
15908,-1456,3808,16300,-1492,1876,1
16028,-1152,4088,16212,-20,3972,1
16020,868,6084,16540,3572,2924,1
19564,-2012,5492,16284,-1004,4420,1
18628,-14332,4788,16488,-144,3724,1
10972,16380,5116,16424,-504,4008,1
12260,-5324,7720,15832,76,604,1
19796,-6384,28584,17284,544,4120,1
17572,6844,2772,16648,1272,4808,1
13924,-3436,8736,16644,844,3272,1
15000,-2368,3684,16516,-1176,3532,1
13836,2596,3404,16348,-1904,2124,1
16500,-2948,3392,16748,-1084,2984,1
16360,-2008,3544,16588,-1036,2352,1
16744,188,5148,16428,-484,1316,1
16204,-3268,2060,16856,-5164,3364,1
15816,-292,824,9464,-7652,7964,1
15848,-2312,1856,30660,21960,652,1
15048,-2432,6180,2060,704,-72,1
15932,928,3452,15652,-1936,1464,1
16060,-816,3592,17336,4800,2116,1
15964,-1540,3088,16012,-1608,800,1
16084,-2196,5260,16396,-1024,5356,1
16180,440,3888,16624,508,3572,1
16636,-2348,3860,16484,-2608,1880,1
16020,-2124,4100,16260,-20,2440,1
16776,736,2188,16416,264,1688,1
16352,-1700,3096,16612,912,3052,1
16256,-292,3912,17012,-784,3232,1
5920,-696,3084,16220,-392,2248,1
13656,2732,-1856,15892,188,3260,1
9952,3008,3232,16416,-1516,4156,1
17524,-1796,2520,16172,-952,308,1
18504,-720,3144,16212,-232,860,1
15228,-964,3396,16484,-752,1376,1
16012,680,5648,16488,-1608,3872,1
16212,1092,6288,16700,-1072,2888,1
15988,-1308,3960,16692,-1092,1928,1
15944,-1292,3464,16772,-1696,1188,1
16208,-3160,5596,16664,-1708,720,1
16628,-464,3864,16556,-940,2488,1
16216,-1464,4544,14792,-8160,4436,1
15720,-596,2344,9388,-1456,8964,1
17696,-3680,4488,32767,14404,-8524,1
16404,-640,4152,8748,6692,-388,1
15716,-1380,4928,14212,-2420,2252,1
16228,-692,5012,17932,4548,2160,1
15628,-2008,6312,16256,-788,2000,1
16572,-764,5540,15704,-3708,4220,1
16160,-104,3796,17336,3832,456,1
16540,-892,3688,16456,-2544,3092,1
17092,-204,3188,16552,460,2816,1
15764,-3452,8020,16320,1500,3152,1
11692,1468,8640,16816,-696,3612,1
13248,4048,6788,16248,-448,664,1
8984,-2096,-1568,15684,1072,-136,1
16240,3996,4708,16200,-64,1084,1
18580,1888,4512,16704,548,540,1
17908,-2484,5544,16588,-640,764,1
15216,-2204,6628,16748,-1360,1304,1
16052,-1332,5104,17924,-2940,2124,1
17388,-1600,5076,16352,812,884,1
15364,-2248,3504,10964,-3508,7260,1
15092,16,4136,10640,-992,948,1
14008,-3400,7180,9472,5360,1380,1
16200,-236,5648,22936,-2504,3928,1
15432,-1684,4204,13224,-172,1716,1
15748,-1032,3052,9528,-44,7400,1
17184,-748,6404,32260,1388,16,1
17028,-3104,3096,12224,-9928,3740,1
16820,-2408,5084,14364,2928,2308,1
14500,-964,6724,17464,1288,3276,1
16420,-1700,4024,16468,-804,2336,1
17104,2448,4944,16288,168,4136,1
16008,-2712,10028,16552,-608,2232,1
10088,-2248,14852,16316,464,2424,1
20184,6140,-224,16700,-212,2932,1
11828,-2508,2048,16164,-508,2036,1
18232,-1200,3028,16424,-1440,1396,1
16396,1724,3160,16448,-400,436,1
16272,-4600,2932,17548,256,812,1
16272,664,4896,17324,-3208,1300,1
15516,-2404,4392,17768,-2980,3480,1
15972,-1956,5180,13792,1416,5564,1
15416,-1632,2488,10740,432,4116,1
16880,-2348,3636,28196,-524,-13148,1
15856,-580,4840,11172,-1108,-3264,1
15592,-1832,3992,14872,840,3656,1
16200,-1524,3720,18148,-1908,2620,1
16084,-960,3460,15416,740,3904,1
16660,432,2344,16436,-3336,2304,1
16464,-2752,4136,16432,3648,968,1
18256,-2528,3536,16684,1472,2544,1
15516,-1640,5620,16888,580,4984,1
13856,-708,4484,16580,36,3732,1
16688,1896,5224,16412,116,1228,1
17592,-5052,7668,16400,2492,1900,1
16076,-1228,5340,16688,-696,1332,1
12120,2512,6308,16340,876,1552,1
18032,984,3388,16680,860,3628,1
15660,1000,1720,16360,-1100,3496,1
16344,1356,1568,16332,-736,2344,1
15704,-2172,1448,16252,536,1368,1
16336,112,2036,16568,196,472,1
16168,-1292,3004,16244,-1240,2488,1
16208,232,4004,16672,16,1724,1
16812,-520,2768,18512,1572,1372,1
15888,-2244,2020,19548,864,-664,1
16420,304,4816,15736,-760,5108,1
16272,-2356,4336,14640,-524,3156,1
16084,-1248,1980,13724,-1908,5420,1
16016,-1676,2160,14056,-2680,9016,1
17028,-416,5144,26340,-8836,5356,1
16392,2732,2912,17508,340,1148,1
15576,-4628,2448,16176,2480,4184,1
16088,-4364,9248,17648,1156,56,1
16340,828,4640,17144,24,2848,1
16184,8216,6312,16576,-8884,3256,1
16304,-780,5996,16656,432,1708,1
15056,-7460,5888,16152,7236,1408,1
15636,-696,4260,16168,3300,2464,1
17300,6980,3464,16484,-3536,788,1
16116,-3476,6204,15776,-7176,1928,1
15792,-920,4592,16412,-900,2552,1
15648,-812,3796,16400,2896,2432,1
15812,12,2968,16200,-488,1620,1
16056,1564,2412,16640,-600,2248,1
18328,-448,3708,16868,-3544,3212,1
22428,-3104,1808,16684,2784,2676,1
16008,-2516,4004,16172,1208,2064,1
14860,-1268,1964,16572,-1576,3172,1
12676,-236,5332,16420,-564,2336,1
14088,952,8868,15952,-796,788,1
20140,-4620,32767,16912,72,3584,1
32767,-6252,72,16072,-2552,7584,1
14056,-760,6428,16636,-96,4444,1
12324,-216,3844,16196,-1336,4312,1
16972,-600,2108,16076,-772,2932,1
18112,948,2368,16056,-1992,3612,1
16008,-1312,2052,15816,-1256,3624,1
15756,-160,308,16076,-1848,3508,1
14708,-1760,-2920,15752,-672,3996,1
14928,3060,-7036,15292,-2880,5152,1
18032,-2696,13048,14688,-3628,4628,1
15424,-1584,9308,16148,-1564,2396,1
17684,-2372,5640,17228,1436,3568,1
16688,-864,4832,13988,-3996,10612,1
15212,644,3244,16156,-3124,5764,1
15824,-1832,7964,15768,-7360,3440,1
16564,-3424,6588,15956,-1404,7056,1
15632,-2436,2972,15088,-1524,6172,1
15356,84,1392,14864,-4696,5336,1
15596,-2704,2916,15056,-2988,3232,1
17300,-128,6436,15472,-2208,6052,1
14228,-4396,12064,14676,-4388,5276,1
16860,-2204,4892,16748,-4376,6604,1
14824,-3404,9608,17676,-572,6040,1
16008,-1664,6368,17936,-2028,5720,1
15140,-3112,8416,14268,-2224,5880,1
16428,-1684,5192,15608,-648,5248,1
15708,-1180,7700,17512,-1268,4704,1
15236,-3748,6548,17528,-1192,5048,1
16072,-1756,5580,16264,500,4324,1
15036,520,2628,9628,-1444,6456,1
13992,-1712,60,5868,-3844,10216,1
17664,140,9648,22828,-7908,-248,1
14660,-3672,10556,14680,-11520,3944,1
16776,-6268,6688,15136,7000,2060,1
14936,2072,9316,20184,-3908,5040,1
16032,6256,6828,14692,-8040,164,1
14508,-5064,8656,15368,2600,3476,1
15788,-8408,5036,16408,8520,4148,1
14944,-5888,9092,14792,5744,7148,1
16396,6144,8276,16944,-4544,3908,1
15116,1260,4856,15840,-11256,-888,1
13640,-2460,6484,16316,-4048,2716,1
14064,-8440,7440,15460,2536,5124,1
14904,-1720,6288,14644,8732,6568,1
13376,4452,10868,16324,3868,3108,1
16840,448,6424,17252,-804,4528,1
12564,1144,10940,15308,-3920,4356,1
14144,-2912,10020,15932,-6932,5188,1
13196,-4728,8708,14112,-4876,7492,1
14688,-2020,9828,16836,1464,7468,1
15284,-5056,9132,16004,11904,10336,1
14128,-2180,12784,17192,10240,8964,1
14892,12092,11364,13828,-9780,6728,1
14740,-884,12508,17232,-12260,4008,1
15328,-4992,9704,15896,1416,6184,1
13464,-9368,7876,15836,6480,8752,1
15060,-2816,7112,16204,3004,4880,1
14028,6024,5640,15092,-5600,2260,1
16140,860,2112,15864,-6056,952,1
18544,-1888,-504,16356,3760,2800,1
20976,-972,1356,16824,1052,2108,1
17196,-3108,7020,16608,128,4068,1
14124,-2568,5824,15284,980,1436,1
12376,3520,6400,16520,-200,3148,1
13840,-1608,8752,16052,2800,-652,1
13784,-1956,9852,15664,3284,1576,1
9280,452,12300,15128,-628,-7672,1
19380,5484,17780,14976,-1304,5060,1
23236,-3184,432,13836,1056,12928,1
17704,-8672,11520,17216,5576,6108,1
16736,-256,3264,14832,-2700,9972,1
19636,1932,2680,16424,-7528,4400,1
15536,2220,380,14108,-4780,7660,1
14796,-4352,1896,15524,-1224,3408,1
15856,-2104,3576,14536,-720,6780,1
15884,-1740,5820,15300,448,8836,1
16676,3080,6872,14608,-2784,8944,1
16384,384,6512,16612,-1352,8624,1
15796,-3876,6448,14980,972,9168,1
15804,-7960,4820,15092,1440,7596,1
15972,-3392,5488,14616,-1112,7980,1
16572,3308,4620,15660,-6392,5048,1
16000,2960,1004,13916,-5240,6564,1
14688,-3896,6600,15636,-868,6884,1
16164,-4072,6572,15592,-72,6348,1
17512,-208,6196,16476,-1768,5648,1
16200,-344,4384,16544,-5400,3464,1
14328,-1796,2196,19296,-528,1676,1
15764,-568,3024,17388,-3076,5452,1
16120,-3340,3008,15320,812,8064,1
16004,-1432,3900,15076,-2932,5784,1
16612,-2564,3160,14520,-1336,6424,1
15164,-1928,1924,14632,-24,7508,1
15628,-2268,704,17620,-160,7456,1
14536,-540,-4928,9224,-4868,10736,1
14280,-856,6260,12336,1636,3540,1
14768,-2080,10504,8300,-1064,2156,1
17840,-1052,7480,20476,-7680,7480,1
15984,-48,6916,15420,696,2520,1
15848,-1004,4468,16412,1344,-636,1
15304,-3188,4752,17148,1996,2268,1
16120,1136,3172,16780,-1380,1700,1
15876,-1600,4120,16888,-560,2968,1
15692,380,7224,16972,-3488,1820,1
16088,228,4696,16580,2724,408,1
15788,-648,3676,15540,3408,-7260,1
15620,-248,4484,15852,5248,-5496,1
15648,1068,6316,15904,2848,2192,1
15716,268,5820,16572,-696,2832,1
16012,1920,5964,16224,3820,-1888,1
15804,-2184,5872,15592,2240,732,1
15684,164,2404,16312,1640,4396,1
16644,640,3160,17692,-4456,5836,1
15680,-2996,8272,16240,-1592,216,1
17132,-1260,5424,17052,-2708,3032,1
16052,412,4692,16244,-116,6592,1
16668,636,2624,16760,4576,4800,1
18112,-644,-288,16036,1892,6492,1
19136,2428,4420,16172,-8,1108,1
15740,-1644,7436,15772,-3508,1108,1
12952,180,8136,16828,2844,2240,1
15432,-1684,5580,16764,520,2948,1
15988,-2128,7092,16148,2148,-356,1
11896,-3144,9168,16368,-400,716,1
13584,8,11120,16456,2304,1300,1
18732,5368,22852,17028,-3028,3376,1
21560,-6752,-1132,17060,3568,6744,1
17348,5412,1144,16040,-996,3012,1
16212,-2928,1044,15928,2572,380,1
17104,-3324,4752,15900,2044,316,1
17352,3132,5000,16936,860,7000,1
17268,-1056,3220,16380,-3032,5840,1
15064,-1656,-4864,16172,-2108,3788,1
14900,-4008,-6268,16012,-924,4292,1
17180,84,3028,16320,-652,4376,1
16324,-1092,3384,16512,-516,4876,1
15840,-880,152,16196,256,3220,1
15548,-1992,-2136,15784,1448,2944,1
16064,936,480,16004,-3244,3584,1
16016,-4728,9872,16528,1212,5380,1
16684,792,6788,16476,-2188,6716,1
16568,-5092,7092,16084,-292,5456,1
16308,-124,6952,15984,-3160,4612,1
16700,-92,3708,16576,-768,1804,1
15696,-2004,1980,15748,-1400,3144,1
15704,-1368,708,15660,-1004,3776,1
15908,-2568,1044,16156,-1836,3404,1
15360,-1944,3500,19336,-2528,1480,1
15964,-2408,5156,20296,360,5148,1
16596,-2416,3464,14232,-1776,10792,1
16164,-2408,3932,14424,-2328,5932,1
14884,-3160,4108,14224,-708,6952,1
15724,-1808,3288,14220,-2276,10200,1
17272,-1820,4196,10808,-8652,10300,1
17968,-5160,4260,26124,2688,-20832,1
14744,-936,844,5572,1760,-1984,1
16432,-3368,1336,14328,-3196,4268,1
15324,-284,7916,16232,-5748,-108,1
14984,-1696,5272,16240,-4600,1708,1
16668,-1928,7028,16776,-2092,1976,1
15648,-3236,3272,16612,2760,3004,1
15536,-440,2308,16172,1188,1904,1
15612,-2408,8352,17000,2032,2644,1
15888,-2832,8508,16584,-1620,3152,1
16344,-1424,4184,16904,1920,4100,1
15912,28,3384,16280,-5888,1736,1
15868,-3256,5576,16208,-2392,892,1
16396,-1532,5996,16564,-1816,2324,1
16164,-788,4732,16720,388,2156,1
16252,-1672,2048,15540,548,3008,1
14924,-1460,2588,16368,680,792,1
15212,-912,5396,14896,2508,4720,1
16672,-1576,6708,16764,-368,4416,1
15580,-656,4628,16276,-732,5328,1
17600,1624,3544,17472,-924,3604,1
17544,-356,2484,15544,-1656,2828,1
19400,-336,3984,15200,556,2840,1
16116,-856,7696,16644,872,3560,1
13224,-4192,6636,16592,-108,5584,1
13336,5944,7152,16440,728,4904,1
14968,-6176,12040,15764,820,3184,1
12344,-3732,13992,15964,-100,1508,1
5908,15688,12412,16464,1340,2328,1
14368,-4172,1228,16048,-188,3240,1
17256,4088,5396,15660,596,6408,1
16156,-1948,5884,15916,-844,3296,1
13928,-3868,1944,16896,1656,3492,1
15644,-2288,2444,17068,1100,3668,1
16664,-3304,3364,14288,-28,5504,1
16356,1536,4096,16176,-6516,5968,1
16576,4988,4516,15860,-1896,5652,1
15904,-5320,4604,15800,1844,6368,1
16328,-992,3404,15372,1504,5636,1
16092,-520,3156,16036,-1416,5404,1
16520,1760,4040,16028,-3348,2712,1
15596,-1784,6360,16348,-20,5528,1
16796,-528,4404,16584,-1012,4168,1
16068,-2276,4408,16376,-1688,3148,1
16316,-1064,3572,16180,-2012,3064,1
15840,-228,3236,15896,-648,4564,1
15696,-816,2964,14588,-24,6268,1
15604,-564,6112,14512,-2132,7440,1
16152,-1168,7172,17712,-2156,4440,1
17360,-1728,6576,19660,-4520,3856,1
16012,-4128,5976,17896,-1596,5708,1
15704,-1704,4032,15508,1692,2380,1
15516,-376,3832,12676,-5816,3768,1
15396,-2676,2080,12684,880,7652,1
14668,-884,-1160,10120,708,12748,1
15696,-2260,2096,25052,812,13016,1
13204,420,13216,7100,3476,780,1
17688,-464,6496,20476,-9184,7752,1
15236,712,8400,16500,-2992,3216,1
14948,-2940,5336,15392,2488,228,1
14880,-4416,4984,16828,1320,120,1
16032,200,5080,16680,-684,1168,1
16132,440,4792,16588,-708,2220,1
15684,976,6252,16844,-264,1712,1
15448,-2600,5768,16524,-1192,1724,1
15468,-1388,5132,16616,-856,2120,1
15788,-1656,6584,16208,3704,2120,1
15952,-2176,7904,16832,2156,3024,1
15948,1440,5340,16872,-2324,1016,1
15796,240,5196,16128,-4076,1332,1
15928,-1812,5456,16552,-1948,808,1
15436,-1632,5392,16632,-236,2532,1
15928,-260,5756,16432,2244,3604,1
16588,-244,5320,16740,168,3592,1
17508,-828,6104,16728,160,2464,1
15604,2464,7220,16584,-716,2160,1
15496,-1700,4872,16372,-608,1700,1
17204,672,3124,16280,1108,484,1
20280,848,2424,16244,1496,1008,1
19148,-1728,6984,16408,1740,720,1
7420,-4576,12824,16632,-1720,2984,1
12512,-2404,5272,16968,864,4260,1
11328,-2428,8320,16560,752,1004,1
16092,-1132,10660,16472,1464,232,1
22348,828,12912,16052,60,2036,1
32767,-10480,-5312,17012,-240,4944,1
15336,7852,6536,14964,-576,6176,1
13764,-3292,3172,17548,1752,3148,1
17852,-3216,-364,15448,-1820,3208,1
17340,-152,3140,15660,-544,5188,1
15768,-1276,3708,14884,-2744,6552,1
16420,-3444,4828,16540,-1860,5804,1
16540,-416,3844,15700,-2468,7116,1
16304,-2368,3684,15848,-652,5252,1
16168,-2080,3040,15668,-960,5012,1
16300,-2792,3980,15396,-1284,5304,1
16364,-2112,4656,15656,-1804,5464,1
16344,-1640,4044,15888,-1148,5732,1
16012,-876,3240,15464,-1828,5612,1
15812,1436,752,15400,-4048,4288,1
15240,-6144,3304,14616,-2572,5840,1
16444,-5708,7060,17376,668,5472,1
16924,-344,4468,15404,604,7644,1
15216,-180,1892,15096,-2796,6248,1
15952,-112,2128,16052,-4800,3932,1
15712,-3200,5008,15844,-2036,5416,1
15916,-2144,3168,16084,2388,6084,1
16144,-796,5148,15756,-1296,5276,1
17160,1432,3208,16144,-2092,5796,1
15240,-1288,6660,15780,-1488,4940,1
14972,-2196,7808,15848,80,3808,1
14920,-1872,7996,15152,0,952,1
17288,-1264,6280,16380,-584,880,1
14376,-3616,7344,16648,-3216,3452,1
17708,1012,7004,23152,-1740,1660,1
14708,-2968,7380,22404,-4436,5460,1
17468,-552,3684,14936,-1044,9872,1
16584,-4224,3580,10016,-2512,9488,1
14864,-1972,1508,5656,-3564,6609,1
15244,-3412,5364,8612,8912,1408,1
14820,-2000,5188,14484,-11340,11068,1
16748,556,1988,14256,9532,10144,1
17428,-1216,2104,23972,-2372,11136,1
13640,-2592,9404,12700,3696,-688,1
16804,-2168,5532,17836,-6740,7124,1
13656,-2056,9664,16608,460,2320,1
15776,-1716,6468,16852,2728,348,1
13828,-1644,7040,17136,-928,600,1
16240,-1372,6308,16776,-164,924,1
15044,744,8520,16732,428,968,1
14752,-2032,8012,16352,-36,2520,1
13116,-1280,9252,16396,68,1288,1
16760,-1844,6296,16712,-816,2060,1
15156,-692,7100,16568,-1112,1792,1
14624,-628,8980,16556,672,1968,1
13856,-1868,8020,16392,-16,1652,1
16012,-2936,7144,16620,704,2460,1
14088,-124,8892,16512,1544,2912,1
15836,1496,8752,16396,2740,2212,1
16380,1428,6504,16672,-2964,1356,1
15196,-5252,6148,16448,-3700,2656,1
14032,-4844,7164,16664,392,2676,1
15280,-808,8416,16372,324,1736,1
15704,-2216,8272,16232,-720,2604,1
16132,3668,8032,16584,352,2512,1
15780,-3196,6528,16508,-1760,2556,1
16192,-740,6792,16528,-1100,2428,1
15452,-1580,7704,16456,108,2896,1
17500,-796,4688,16108,216,2388,1
18528,128,2768,16096,88,1500,1
16676,-584,6936,16012,2868,-1976,1
10436,-17864,23388,15916,844,2200,1
10624,-9156,3728,16884,1384,4992,1
13048,3208,6648,16624,-1472,5004,1
17860,2408,8624,16780,-32,4708,1
14860,-2364,8776,15548,1004,2392,1
14144,-1604,10404,14052,-784,5652,1
18592,12248,-10232,15976,648,3520,1
13232,4080,1336,15668,-400,9244,1
17924,-3116,2832,15296,-712,7584,1
18908,-392,4204,14336,-3160,7440,1
15676,-3424,2752,14592,2024,5832,1
15872,-2436,2548,16224,-900,4144,1
16052,-1464,4076,16380,-4588,5572,1
16448,28,3228,15500,-1352,7008,1
15776,-3112,3936,15872,-2052,5608,1
16224,-1016,1680,15564,2024,5624,1
15644,-3264,2864,14556,4936,7384,1
16480,1132,2584,14824,-4372,9532,1
15656,-1252,4152,16968,-7720,3552,1
14452,-3828,7080,15928,-4156,7128,1
16976,-1624,3856,15208,1336,7528,1
15296,-1972,3652,15128,464,6276,1
16076,208,3900,15652,-1080,5168,1
16072,872,3380,15456,4928,5820,1
15424,-1904,4124,14292,-3380,6592,1
16624,-7288,5616,15816,2128,5816,1
15024,-11184,6124,16488,-4452,7552,1
16592,2512,7352,15256,-1288,9448,1
15612,5384,1448,11256,-10524,11336,1
15736,-668,5200,15436,4992,9048,1
13612,-3492,10748,18840,-2952,6028,1
14768,-9872,8524,15940,1812,7420,1
17380,6140,5448,15908,-2628,5400,1
16136,-1244,5332,17492,-4552,2520,1
14016,-1956,8824,22308,-1280,4592,1
17196,-3260,5036,15848,-608,9276,1
16236,-5568,6076,12664,684,5288,1
15752,-1064,3340,11524,-3368,6824,1
15432,-2204,1632,11808,68,7984,1
15308,-3112,324,9356,-6036,10216,1
15236,-340,-1480,13904,-1440,9152,1
14292,-6004,13276,23172,12008,-1264,1
17460,5764,4856,22720,-10036,8092,1
16016,-3424,6484,15092,-2280,1184,1
16284,1724,6852,17612,-6652,524,1
14840,-7372,9248,17384,-792,4480,1
15388,-3312,5140,15940,10960,5880,1
15036,4248,4868,16180,-128,1096,1
15980,-2744,4620,16376,-5784,1568,1
16012,-1484,5284,16912,460,4536,1
16080,-4396,6972,16448,-164,4448,1
15964,-2184,5568,16432,-732,4012,1
15912,-336,4604,15712,-2508,3176,1
15668,108,3832,15936,1652,2632,1
17088,-712,3832,17580,1376,3824,1
17508,-1012,3944,16316,28,1372,1
17728,2792,5668,16012,2756,3676,1
13480,-32,10332,16144,580,1500,1
10856,-652,10888,16424,-3336,1732,1
11148,-2544,9064,15992,-1328,5132,1
19004,-8440,5792,16908,1468,5696,1
12308,-624,11368,16312,2768,4352,1
11892,3456,12212,15148,3496,3464,1
17768,2292,7360,16636,-2248,3284,1
16604,-5248,3768,15800,-4992,6720,1
18388,976,3412,17104,-980,4364,1
19288,-1012,3520,15628,-2956,3540,1
17832,-2036,6516,15652,-332,2388,1
11132,-4148,10608,16216,2600,2936,1
15616,-312,5036,16452,1036,4184,1
13480,-4876,5984,16240,-176,4688,1
14240,1256,9332,15856,-3952,3292,1
12600,4608,11812,16012,-380,3620,1
15428,4956,-14068,15804,6336,5476,1
7308,-216,3760,15420,4484,7572,1
19092,1612,3484,15796,4492,4548,1
18704,-3864,3720,15308,376,4980,1
16548,-776,2072,15480,-12048,4532,1
15628,-1420,3000,16628,-4556,4948,1
16484,-2000,3732,15000,-5668,5716,1
15932,-3492,1904,16084,5472,6412,1
15912,-3796,5692,13920,5008,7048,1
15900,-952,6728,16440,2844,5420,1
17296,3768,4408,15500,-7696,6128,1
16072,-2328,3416,15720,-3484,4700,1
15372,-3740,1508,15532,-1964,5496,1
15668,-2568,3228,15440,1408,5408,1
16264,-1412,3880,15900,-1284,3884,1
15720,-1740,6340,15932,-1392,3372,1
16392,-712,3500,15744,-1420,3552,1
15872,-1984,6868,17796,-1872,4124,1
16492,396,3932,19456,-2352,604,1
14712,-3332,6364,23620,-1060,104,1
16004,-2452,1900,11584,672,12592,1
15372,-4180,5368,12428,-2980,5272,1
15792,-2168,5416,9824,-3520,7828,1
15348,-1900,3104,15096,3388,8552,1
14688,-2652,4796,15296,-6032,11404,1
14592,-3584,8896,24036,5140,-3960,1
17516,-516,6560,22296,-16436,9800,1
15112,-2400,5956,14276,-568,4332,1
15172,-3392,5144,18228,808,-24,1
14848,-1696,5952,16236,-848,468,1
16816,936,4148,17028,188,1832,1
15960,-2820,3500,16856,396,3848,1
16304,-668,3608,16468,-76,3980,1
15948,-3000,6412,16576,-3876,1532,1
11920,-3692,10316,16040,-3424,3728,1
15380,-1340,7184,16840,3224,3704,1
17008,2044,6060,16000,11988,3340,1
13328,-360,8512,15976,-1836,2736,1
13928,-4256,8848,16252,-4960,3288,1
16440,-3664,6448,17072,-5180,4940,1
16028,-1672,7272,16276,-1560,5288,1
15352,-2052,6684,16308,76,2892,1
16044,300,6088,16824,1772,1188,1
17008,-88,4260,16372,-416,2408,1
16716,-1204,6876,15524,432,3968,1
16644,-2328,6308,16572,668,3060,1
17812,-3144,4856,16392,1540,3376,1
17648,1456,7728,15848,212,920,1
8400,-2476,13328,15868,-820,2680,1
13076,-7708,4984,16508,1228,4604,1
13724,-2240,9660,16552,2300,4576,1
16096,4840,12036,16216,-696,4004,1
27576,-3888,32767,16652,-124,5244,1
19088,-13416,-4292,16820,3068,6200,1
15004,5072,7496,15512,-1956,4072,1
13048,-440,3048,15644,-1612,4312,1
18568,-3456,2300,16040,3352,5456,1
16396,-436,4060,14988,3708,6184,1
15856,-1376,2912,15832,-6104,5904,1
16528,-364,3360,14984,-7776,6112,1
15864,-624,5284,15432,-3612,6364,1
16740,-1476,4936,15732,2864,7120,1
16236,-256,5020,14392,5336,7612,1
15440,1076,2664,14696,-488,4300,1
16452,-3632,3628,17808,-900,1460,1
16312,-756,2616,14384,-3020,6612,1
15896,-1860,5996,16820,344,7396,1
15472,-1560,5848,15192,-1460,7868,1
15980,-1920,5592,16772,-2176,5360,1
16332,340,4920,15316,-2456,6404,1
15688,-508,5368,14864,3428,7360,1
15844,-1488,3396,13444,-1728,7888,1
15928,-264,1616,14452,-1700,6992,1
13808,-5352,9732,14472,-1644,4628,1
17784,848,9088,20016,-2076,3972,1
13648,-2684,10328,20704,-860,2368,1
16504,-2240,3628,16924,-1668,6624,1
16888,-3788,2008,11232,364,10304,1
14648,-3068,5692,15008,-4692,5156,1
16060,-3960,7316,14784,-668,7632,1
16532,-1044,5936,14716,-1776,8304,1
15296,-2108,4144,11128,-3660,9820,1
15768,648,272,11544,-6052,9580,1
15416,-3444,6912,23276,10620,-2644,1
16608,-696,5548,22824,-9816,5888,1
15776,-2144,7224,16772,-4612,2336,1
18740,-1072,3432,18236,-1356,1792,1
15764,1176,7804,16372,-10348,3356,1
11220,-8092,10604,14804,1232,4844,1
14296,-4004,7544,18232,15912,5760,1
17772,3732,6020,15692,-340,4992,1
14896,2152,7932,15860,-148,2852,1
12388,-4164,8636,16088,-1944,468,1
16820,-3408,5108,16340,-7968,1828,1
15980,-1968,4800,16760,1772,4376,1
16964,-72,4996,16784,-4048,4196,1
14140,-2120,8248,16156,456,2832,1
14680,-2012,6836,16324,2372,2860,1
16744,-1728,6540,16472,3200,2836,1
16288,-1372,5612,16356,5484,3620,1
15336,28,8248,16144,2884,4180,1
16840,436,6136,16596,-12704,1508,1
15372,-216,6880,15704,848,3008,1
18808,-1080,5876,16812,3160,4012,1
14196,-4616,9860,15928,-720,2044,1
10468,-6796,13568,16384,-756,5000,1
16044,-2308,4364,16536,-1172,4404,1
12200,2860,6472,16240,168,4236,1
16580,1068,9352,16072,-56,1956,1
14676,-1704,6640,15628,-156,408,1
29636,2216,-2004,16592,2068,7308,1
19780,-648,6496,16232,780,4620,1
15272,-2324,3712,16556,3284,4460,1
21516,-1464,2348,15720,-736,4368,1
15896,-1860,1444,14808,-3972,6832,1
14964,-2696,3740,15764,-4228,5904,1
16844,-3188,5276,16740,-6328,4840,1
16620,-1844,4732,15072,-2040,8088,1
16060,-2620,4824,15572,832,6972,1
15836,-1632,4572,16268,7444,5160,1
15944,-1172,3768,15160,252,5264,1
16224,-1280,3372,15820,-3776,6432,1
17440,-1604,2444,16268,-6476,3872,1
15724,-1064,2440,15784,-1060,2432,1
15692,-2860,1956,15368,3072,2440,1
15924,-1864,2720,14808,2408,6156,1
16460,-764,4100,16628,-2612,4900,1
16156,-2608,3728,15628,-5104,5056,1
16120,-1392,3456,15124,-2236,5324,1
15992,-3088,4788,14820,-832,5744,1
15716,-492,10308,16972,-1816,5448,1
9060,-9692,13164,16496,-3776,6996,1
20272,6436,6368,18812,-3996,6852,1
15852,-5600,6016,17928,-2584,2736,1
13528,-2240,3388,16428,744,2292,1
17904,-2136,1304,16032,-1688,6864,1
15572,-2812,6940,16672,-2832,4220,1
15924,-2368,6832,14668,1580,6340,1
15596,-2264,6956,15120,-1312,7332,1
15048,-1644,3260,15400,-564,7288,1
15256,-1332,688,1448,-7744,12608,1
22404,-2660,7552,30688,476,-9196,1
15444,2732,9192,17416,-10172,2548,1
14700,-4912,7124,14728,672,-192,1
13056,-2776,8036,18720,48,2420,1
13140,-3048,9304,16476,-6712,1936,1
13348,-1580,11092,16064,1464,5432,1
15596,1368,8812,17632,1124,3052,1
15352,-1220,6424,16748,1672,1704,1
14280,-2000,7836,16060,-160,1284,1
14912,-2512,6576,16112,-520,3400,1
16004,-2508,4824,17892,-7856,1136,1
14184,-2632,9868,15372,2388,5328,1
12160,1456,11952,14920,6512,5612,1
12108,1892,12880,18824,4280,484,1
18060,476,8552,16652,-1752,1824,1
14836,472,7724,16432,-4492,2972,1
15268,-6076,6540,16388,-516,2180,1
13860,-3896,7384,16688,-4448,1416,1
15888,308,7328,16672,-1584,2296,1
16624,-224,5260,15888,1040,4684,1
16720,-120,3616,15916,9664,4220,1
19284,1232,428,16044,4604,3056,1
24556,2772,492,16240,-7788,-612,1
11268,-1904,13228,16108,-4852,1948,1
10640,-7168,4060,16784,2324,5256,1
11796,4968,7728,16704,132,6308,1
16796,-3752,13384,16308,-1152,4196,1
15116,1896,13588,15848,-232,2560,1
19284,5804,-832,15596,924,1316,1
16952,8652,9420,15504,20,5872,1
13816,-1784,4860,16660,-408,5008,1
18380,-5148,3964,15356,-768,3428,1
17576,2316,1224,15716,816,4752,1
15172,-3496,2968,16216,-3644,4852,1
16544,-3852,3892,16064,-1144,5160,1
15936,-3160,3008,16760,-2672,6764,1
15804,-1088,3884,15488,-3356,5260,1
16496,-516,5052,16372,-56,3920,1
16344,2616,3124,15532,2804,1576,1
15404,-1440,3640,14868,1616,2664,1
16200,-1912,2496,16184,-52,6224,1
15728,-2056,4264,16448,-8508,4320,1
13732,-6660,7220,16148,-2248,3644,1
15292,-1980,7656,15960,1112,4092,1
15436,-504,6872,15272,1116,5628,1
17084,2532,5852,15848,-2916,5464,1
15164,-2192,7684,16076,-1296,7548,1
16308,-3288,7056,16764,-1164,5044,1
14836,-3524,8152,18060,-2708,2384,1
15404,-1848,5268,18792,-3324,3708,1
16208,-1120,3744,16456,-2508,6168,1
16092,-2544,4084,13204,-252,6180,1
16216,-864,6384,18532,-3856,2356,1
15900,-2868,3004,14588,3692,4712,1
14772,-484,-928,12768,-968,7404,1
15152,-3268,2948,9612,-6132,8068,1
14832,-1128,3656,19852,3564,1904,1
15184,-1672,11064,8884,964,2472,1
17568,-168,5740,23664,-9072,6088,1
16176,-3124,4696,15852,-2244,1556,1
13492,-456,8272,16964,4248,-868,1
12704,-7636,9532,17064,-1288,2724,1
16952,1512,5748,16640,-1048,2444,1
17428,-232,5276,16332,-1116,3052,1
14064,-1164,8912,16700,676,2064,1
14408,-2540,8700,16260,2012,432,1
12848,-2016,10020,16400,772,1816,1
15872,-2936,7640,17052,504,3208,1
15288,900,7904,16420,-3488,1852,1
15128,4504,10272,16572,-2836,2992,1
14240,-3784,9828,16176,4708,2248,1
14064,-6740,8260,16724,3744,3416,1
14304,1028,7336,16788,-1528,2568,1
15924,-436,7076,16088,-6844,1660,1
15144,1084,7984,16900,576,2980,1
16100,-1784,6648,16544,1204,2780,1
16316,-2040,3608,16200,-696,3292,1
17944,-300,684,16224,-724,2736,1
20488,1648,2576,15968,752,1868,1
13824,-2392,6940,16816,1160,268,1
6412,-4764,7264,16556,1276,2916,1
12672,348,5868,16320,524,3420,1
16980,-1404,8960,16076,-496,3028,1
13560,3356,14680,15800,1364,864,1
8784,-2656,29660,16808,144,1940,1
11360,-5312,2896,16416,-2048,3540,1
18504,-2440,4316,17408,1836,5804,1
18252,-2260,4668,15952,-2268,6200,1
14928,-3652,4216,15092,-2196,7224,1
15936,1260,3760,15920,-1772,5124,1
16212,-2692,1832,14320,-2156,5680,1
15972,-1676,2048,15476,-272,5804,1
15988,-2012,4900,13772,-2000,7060,1
16544,-1544,5328,17332,-2316,4876,1
16044,-2828,5736,16856,-2956,4860,1
16128,-1796,3888,15308,-2788,6052,1
16024,-1392,1488,14964,412,6804,1
15656,-1136,-1380,13264,-1192,7140,1
15572,-2440,6188,14284,396,7004,1
16428,-228,4076,15460,-3980,6220,1
13676,-656,11868,16584,-2912,4824,1
18200,-4008,7556,16712,-2212,5408,1
17060,-628,5000,14772,-948,8264,1
11384,-2524,9844,15152,-480,6128,1
14668,-412,7688,16128,-1840,4280,1
18352,-2180,1928,14824,-1432,3896,1
16912,232,3700,14960,-2524,6768,1
10856,-5264,13564,15832,-1044,6408,1
15696,-4676,8248,16512,-1804,5680,1
15640,-2120,5576,16396,-4136,4552,1
17976,1020,2128,17504,-5020,3536,1
15768,-3264,4536,18868,-3196,3688,1
15220,-2568,8168,15300,-1068,8108,1
16972,-372,4808,14384,-1520,3864,1
15724,-784,4184,11524,-4332,5456,1
15636,-2556,4888,13192,1476,8088,1
16068,-2360,3764,17548,-7668,20824,1
18012,-2040,5924,29300,18440,-944,1
15840,188,6244,18168,-4480,5124,1
15004,-1740,6496,15148,-2000,3332,1
16040,-260,4736,16624,-592,2068,1
16192,44,2160,17076,-1072,6256,1
15892,-768,2528,16108,-2948,4852,1
16492,400,4216,16464,-4212,4408,1
16184,64,4864,16268,-1064,3720,1
16308,-1216,4736,16424,-536,4632,1
16660,672,5340,16160,1100,3568,1
16796,1420,6404,16044,-1688,2056,1
16492,-1324,5628,16024,1584,1192,1
14164,-1052,9780,15828,156,1928,1
11424,912,12144,16692,716,3748,1
8980,2936,13256,16392,768,2324,1
14588,1228,9136,15496,2608,-496,1
16832,1020,6640,16708,-760,5704,1
16044,3812,7852,16368,1812,1304,1
15160,-952,5452,15920,-1824,4008,1
16740,-3832,3024,14960,-5420,8224,1
17920,1640,1160,15612,-7468,6616,1
16956,-1976,5948,17352,-5828,6416,1
17008,-1488,4996,16408,3412,6664,1
18572,-1936,2432,16092,2772,5032,1
17188,-852,6644,15844,-672,2212,1
12956,-156,11368,16404,-576,3760,1
12428,-2536,5152,16120,1504,2592,1
11708,-2908,7964,15680,-1220,5376,1
15148,12432,9424,16256,4,3456,1
16840,-5092,7148,16032,2672,2620,1
16740,1160,7180,16684,880,2496,1
15600,-3016,24336,16064,888,3376,1
26600,-11580,-4256,16388,340,5536,1
15588,-2068,4284,15404,-868,5184,1
14588,-1268,2496,16460,-1488,3500,1
15592,944,1156,15428,40,3244,1
16692,-1644,2168,13176,-3336,8580,1
16080,-2848,3220,15856,-3592,6188,1
16064,-3428,4436,16764,-4200,7496,1
16316,352,2900,14108,-1172,8008,1
15988,-4652,3556,15116,2536,6588,1
16032,-2904,4544,14980,440,6168,1
15804,-2948,4372,15728,-1420,3800,1
16300,3008,4524,14808,-4228,7164,1
15484,848,3284,15240,-1772,5720,1
17124,-1556,4668,15684,-1252,5860,1
15200,-3296,6340,15820,-664,4444,1
14384,-4160,7040,15336,-1308,9256,1
17236,-3456,5732,15752,136,7668,1
15136,5388,6568,15732,-2120,6180,1
15832,820,3932,15040,-3316,5828,1
12804,-2244,5932,14224,-68,4912,1
11952,-3804,6064,15244,-1480,3056,1
18364,864,5208,17924,-952,2724,1
14800,-2448,5124,17364,-1528,4288,1
16120,-3416,7080,20168,-172,36,1
16328,188,4520,23944,-364,3776,1
16388,-932,6036,11980,-1276,12560,1
15524,-4620,5256,13152,1192,4908,1
15676,0,5472,13172,-3852,8056,1
16016,-1892,2544,13592,912,8948,1
15192,-224,188,11080,-6212,8940,1
15952,-3712,11032,25228,-7652,-6216,1
16188,560,8928,18292,-8664,7624,1
17876,-2712,7332,17964,-4484,4324,1
15260,496,3492,17464,-2076,1312,1
15756,-2032,3968,15320,-188,-300,1
14368,-6352,8612,15868,4380,612,1
11828,-3236,11028,17028,5768,3004,1
17408,6772,8932,16416,624,2716,1
18092,-148,4212,16732,-3564,3672,1
14748,-1464,7152,16388,-7356,904,1
15568,-4428,5772,16696,16,2104,1
16036,-1912,6468,16628,-116,3608,1
15624,-1284,6756,16256,1540,1356,1
15772,548,6244,16376,2100,2056,1
16076,-44,5724,15992,-4760,2336,1
16012,-1848,6468,16756,508,3768,1
15396,-1720,4916,15836,-3240,3764,1
16156,-28,3408,16336,952,2436,1
18744,-1520,1488,16596,5444,2548,1
23188,1060,636,16156,-1868,2172,1
16232,-2712,6268,16280,676,1472,1
3952,-4584,9108,16416,-4756,528,1
9604,-492,7088,16508,3984,5180,1
15108,1088,9796,16624,604,3468,1
13084,-1952,14932,16532,-1048,3140,1
12228,1620,9756,16964,564,3612,1
11172,-8976,7904,16316,-340,5788,1
19728,-700,4396,16208,28,2384,1
17588,-2944,4408,15424,-128,4760,1
14556,-932,4292,16004,336,3924,1
15044,-2712,4556,15760,-984,6192,1
16336,-56,5400,16384,-2240,4048,1
15864,-3020,4620,16132,-784,3616,1
15336,-488,4636,15936,740,4792,1
14908,-3660,7880,16132,-1140,4344,1
16016,-2324,7208,15852,-604,6408,1
16668,-772,4996,15908,-1000,4804,1
16324,-2424,3180,15920,-5408,4288,1
15844,-1960,3712,15920,3088,4920,1
15684,-2768,7060,16276,4164,2996,1
15312,-2244,7144,15740,-452,3204,1
15724,2104,5952,16344,-6600,3808,1
17212,-432,2676,16328,-704,4708,1
16676,-2088,3728,15916,-1052,5284,1
12808,128,10228,15240,-1124,5428,1
13052,-7916,8840,16320,2044,5308,1
16412,2984,6900,15692,-2100,5384,1
16472,-1636,4648,15652,-640,4828,1
15052,-1276,6288,15556,-1052,3988,1
14604,-1720,8180,16896,-1512,1908,1
15972,-2476,6736,18832,-3392,1932,1
14424,-1184,7796,20104,-1944,2072,1
15404,-4076,6536,18896,-308,3016,1
18236,228,5792,11560,288,9380,1
16056,-1260,6264,14200,-2924,7952,1
13696,-2500,4980,7136,-3488,11056,1
15912,-936,1684,10000,-92,9308,1
15404,-1344,6996,14028,8088,5576,1
19356,-1936,9124,23280,-12884,8996,1
16588,-1620,7500,14468,2796,4336,1
15428,-92,5668,17644,-1176,800,1
12668,708,9028,16760,-76,516,1
12248,-2172,9776,16140,1852,328,1
16344,-1768,7384,16340,6148,1704,1
14992,888,7668,16632,-1084,2544,1
15912,-164,7680,16552,-2112,3012,1
14928,832,7628,16356,-3316,2080,1
15740,-2016,6436,16452,-5004,3408,1
15732,-3644,5840,16444,-740,2456,1
14360,-3336,7136,16124,884,2812,1
15628,1148,7156,16304,2876,3240,1
16120,1276,7788,16416,1244,3524,1
17828,132,5752,16812,-1444,3632,1
19128,740,3976,16104,-172,3192,1
15676,-1284,7736,16436,-1448,3208,1
10248,-1060,17232,16172,384,4104,1
16992,-11252,2028,16680,-16,4168,1
16840,6068,8732,15892,1100,4516,1
12644,1932,9800,16448,-1140,3120,1
19920,-6200,11544,15952,2344,1952,1
27352,6168,-8660,16132,1628,4032,1
18088,-204,4644,16168,-796,3500,1
15652,-3364,272,16244,48,3036,1
19384,-1196,2848,15940,528,3900,1
16144,-3244,4420,16076,2068,4628,1
15960,-1908,3572,15980,1968,3820,1
16872,376,2864,15720,-3996,4456,1
16180,-316,2696,15628,-3956,5540,1
15904,-3176,4028,16212,-6004,6012,1
16292,-2644,4916,16584,-3016,6228,1
16476,-1020,4348,15664,1236,6124,1
16276,-2256,4296,16404,2188,4488,1
15884,-2276,3772,15856,836,4836,1
16448,-1500,1636,15812,-1652,4008,1
19372,-60,664,16176,-2816,5264,1
20492,-4868,1196,15780,1504,5156,1
5272,1748,14936,16132,-2468,2492,1
6836,-7564,12684,15588,-3096,3716,1
7192,-13344,28944,15616,-3228,3048,1
-10016,29684,9964,16220,-2168,8136,1
24532,-17252,7556,15376,-1260,5828,1
17916,1276,3324,15756,-3672,4628,1
16244,-2824,5036,16756,-2560,3872,1
16948,-2500,5016,15724,-3184,6888,1
15780,416,4744,13612,-1520,7268,1
15984,-2204,2884,13116,-3108,6164,1
15828,-1856,5244,27988,-14056,-11620,1
15940,-1620,5104,11492,8976,-864,1
15992,-2012,5004,13472,-12304,6108,1
15992,-1280,5236,17656,1152,3912,1
15744,-3004,5040,15260,612,3160,1
16120,-2636,5956,16376,-9604,3328,1
16016,-2760,3492,15232,1364,4456,1
15400,-2456,3676,11772,-2144,6112,1
16780,-2436,4808,29248,2400,-500,1
15636,-1120,6068,13448,5172,3056,1
15816,-1456,2784,16040,-3244,3196,1
15476,-1252,6780,16264,2628,1656,1
16376,-472,4528,16868,-1568,3000,1
16064,-2628,4128,15972,-4216,3880,1
16700,-1556,4608,17120,4524,2496,1
18056,-3916,5116,16596,140,3212,1
15340,756,7056,16524,-1860,3200,1
13060,132,11776,16572,-704,2512,1
11756,-9136,7432,16688,744,2956,1
15796,12216,7132,16452,52,1384,1
16100,-19744,23416,16528,-900,952,1
27184,21260,584,17164,-792,2568,1
17836,-8088,2392,16584,72,1268,1
13664,-6744,5248,17884,908,368,1
16824,5716,4792,15644,-5840,3580,1
16792,-5868,4696,14188,-3620,5808,1
15096,-1740,3168,12908,976,4992,1
15752,-744,3432,27632,2564,-2996,1
15852,-948,5464,13468,4364,-3112,1
15936,-2456,2976,16132,-2888,2796,1
16116,-2508,3544,14660,-1096,4576,1
16248,-1056,1164,12620,304,5064,1
15260,-1860,1552,13040,-572,-188,1
16356,-1604,4800,19388,-1644,420,1
17392,-2908,5216,19132,-2248,4248,1
17700,-1660,5164,14536,3172,4596,1
17100,-1648,6964,17476,2740,2960,1
14488,572,8948,15980,-1588,3796,1
14892,-7376,4804,16768,4,2156,1
14164,8056,6540,15848,1660,2308,1
15472,-4632,6220,16200,1048,1768,1
14848,-5444,6100,16516,1128,3792,1
16080,5844,7524,16052,-596,1944,1
12952,-748,11268,16564,196,3404,1
24792,-588,-1260,16936,392,6688,1
13976,3376,3696,15704,6912,6108,1
15384,-1476,1952,16152,8156,3284,1
16500,1024,1924,15244,-3940,496,1
16480,1524,764,15900,-7284,828,1
16016,-4944,1676,16232,256,6936,1
16536,-1224,2788,16248,-776,3892,1
16396,-2152,3388,16112,-1108,3224,1
15984,-1308,4792,15660,60,3960,1
15872,-352,5252,16460,-284,3840,1
15680,964,6584,16180,-2752,4340,1
15704,-1740,6696,17024,-1160,4128,1
14552,-1004,7048,19884,564,1620,1
15560,-3164,7296,19920,644,5240,1
16740,-376,6716,14204,-924,9184,1
15964,-2024,6872,14768,128,3092,1
15972,-1676,5856,14648,-1692,7944,1
15496,-1348,3668,12836,-3992,8888,1
15200,-1588,1720,10332,-4800,9872,1
15620,-1476,968,13964,1344,4316,1
15008,-1784,9100,10960,9800,-2004,1
15716,-768,6088,19268,-12268,2132,1
16284,-1700,4540,16972,-1096,1080,1
16084,-1372,6228,17144,-2676,144,1
15472,-1376,7048,17120,-696,1912,1
14388,-1988,7324,16232,2160,2456,1
15448,-2060,6668,16712,9132,1444,1
16460,1220,5376,16304,-608,2408,1
17576,-172,4116,16996,-6896,-736,1
14824,-260,7448,16728,-1836,2560,1
15048,-768,8072,16336,-1768,1204,1
15584,-3000,5980,16484,6804,2832,1
17368,-792,4936,16316,1360,2484,1
17644,152,6184,16180,472,1552,1
13032,-800,10268,15964,-300,2808,1
13892,-248,4352,16284,1588,5328,1
13816,188,6556,16484,-1000,4192,1
17160,-16,8044,16196,-792,4748,1
15752,-1680,7620,16212,1276,2124,1
15824,1652,9224,16136,828,2360,1
7072,7388,9260,15988,620,3244,1
13364,-4312,400,16664,184,5220,1
19476,-1056,3548,16320,204,3652,1
16944,-1232,4092,16064,484,2668,1
15112,-1308,1072,16144,620,336,1
15688,-776,1124,16064,2356,3656,1
16248,120,1748,15872,-2184,3372,1
15992,-1752,4712,15556,2140,2196,1
15452,-2392,5376,15664,-1860,4248,1
15512,-564,5876,15720,-2064,4676,1
17056,-40,3292,16488,-5172,7404,1
15228,-676,6064,15332,2468,5492,1
15656,-2464,6408,15800,-1160,6776,1
15228,-2104,5812,15796,-368,6584,1
16264,-612,5672,15696,-1924,5696,1
16232,-776,4644,15396,-280,6112,1
16144,-1004,4924,15480,-1068,5952,1
15932,-1248,5496,15400,-1456,6092,1
14700,-1388,6724,15264,-2596,6036,1
9372,-5348,11776,15624,-720,5480,1
18960,648,5228,16080,-2296,7500,1
16336,-156,4608,15000,-4068,8460,1
15944,-1672,3112,15076,368,6880,1
12240,-2104,8744,14576,-2208,4304,1
17880,-3728,7696,16808,1648,4552,1
15768,1836,8052,15924,-3468,5868,1
17392,-248,6768,15772,-1384,6692,1
15392,-1852,5760,10284,-1520,11720,1
14892,-2836,4032,16892,-1272,4456,1
15752,-816,4116,16464,-4376,716,1
13900,-556,4972,20304,-2896,2024,1
16344,-3508,5968,19828,-620,6668,1
17688,-4108,5764,15668,3180,5160,1
16040,-260,6172,13464,-4396,4636,1
14540,-3076,7296,12680,932,9456,1
13432,-864,6280,10668,-2104,12492,1
17992,-2768,4224,11568,-3800,-6472,1
17584,208,4708,12984,-18628,6936,1
14652,-616,5020,18336,-960,4392,1
14300,-784,9400,16716,1676,520,1
12660,-1372,9920,15784,660,-1652,1
13908,-3716,10312,16224,3588,-52,1
14752,-152,8392,16416,1012,1160,1
16016,1244,8352,16612,2740,1396,1
15376,692,7800,16608,-1124,1416,1
16092,416,8212,16816,1920,2408,1
14932,-3052,6772,16360,-3048,2364,1
13340,-5096,5608,16560,-5776,2428,1
14744,-6336,5600,16968,-7636,2960,1
17032,4476,6456,16592,6416,2592,1
17316,5256,7256,16308,3748,3384,1
15752,2288,6532,16052,2344,828,1
15228,-4752,6180,17164,-1576,1120,1
15808,-348,6320,16192,-316,2064,1
18148,-1660,3736,16492,80,2196,1
19492,-780,5536,16416,104,2300,1
13748,-1572,10996,16364,-1056,3416,1
8520,-920,7460,16152,1584,3936,1
12948,1452,5204,16584,-868,3628,1
16500,-3748,7972,16324,-240,3992,1
14464,444,10200,16052,876,2580,1
22372,2256,20720,16116,864,800,1
31864,-4152,-2116,15928,392,3932,1
11888,6676,6316,15480,1008,6244,1
13032,-3516,3504,16324,4528,4580,1
18576,-3412,3264,15768,-2848,7552,1
17560,-100,2664,15632,-4988,6208,1
16040,4048,2588,15000,-4976,6020,1
15680,-4580,6896,15376,540,5080,1
17284,-1376,6896,15532,1956,7712,1
15900,-944,5648,15568,-468,7380,1
15896,100,3944,16076,-3304,5652,1
15316,-860,2784,15148,-2164,5660,1
16220,-1996,3884,15608,1388,4812,1
15704,-904,6056,15176,-2172,5928,1
16016,-816,5340,16020,-996,5884,1
15516,-2668,4852,14544,-1756,6044,1
16336,588,2744,15252,-1280,5644,1
15460,3168,5428,14796,-584,4528,1
16456,-2868,6448,16240,-1644,5300,1
15068,-4024,8188,14692,80,6432,1
16452,-6348,5592,17212,-3248,7580,1
15596,-304,7488,17088,-4080,6996,1
15884,328,6296,18436,-5184,3340,1
15148,-1928,3540,18928,-2544,1656,1
16748,-2008,2744,16864,320,5696,1
15636,-1568,3448,15708,-924,4320,1
17356,-4124,3808,13748,-3056,5320,1
15900,-1480,4076,14652,952,8076,1
15436,-900,3732,11260,-3336,10392,1
15772,-1228,140,13536,-3692,25232,1
16320,-2584,9036,17208,4512,636,1
16420,-792,6544,17976,-2700,7388,1
17024,-864,5936,17060,980,2404,1
16412,3064,5608,17124,-1976,1500,1
13664,-3296,8596,17196,-372,2504,1
14556,-1128,7852,16572,1104,1064,1
15356,776,7924,16520,160,1284,1
14988,-1696,8116,16672,1308,3108,1
15176,700,9224,16444,2616,2744,1
14312,416,9392,16572,3132,3492,1
15072,-1596,6460,16540,-2320,728,1
15200,-1712,6452,16584,-6812,3132,1
15516,-1680,7480,16500,-3252,1820,1
15300,-1092,8724,15672,1424,3496,1
13732,-876,8468,16612,9220,5564,1
16824,1164,7656,16196,2324,2968,1
16872,1360,6264,17012,-10640,1732,1
16120,3124,5840,16420,3000,3184,1
17760,-1288,5252,16064,2856,1692,1
14764,-2076,7580,16164,-1516,1832,1
11616,-2400,6652,16264,1400,4124,1
14088,1432,5684,16552,-780,2884,1
16164,-3348,7104,16104,604,4136,1
15780,40,7492,16364,840,3040,1
14764,2328,8376,16308,-860,2336,1
6928,8204,14744,15144,-504,4776,1
20688,-8280,540,16416,628,5504,1
18648,2272,7712,15696,856,2900,1
15568,-3976,4812,15544,3496,2800,1
14232,652,1476,15208,-3400,7008,1
15992,-1412,640,16840,-1120,7248,1
16132,-2052,3800,15732,-4904,5800,1
15928,-2060,5064,15028,-3176,5936,1
16236,-1900,2852,16272,-4136,6644,1
16536,-2440,4952,16028,-736,6508,1
16684,-88,4188,15624,260,6144,1
17044,552,4884,15024,2008,5884,1
14692,3212,7316,15296,-1756,4304,1
12792,-356,10640,15340,40,4808,1
12996,-7484,8676,15592,-932,5080,1
15608,-1276,8400,16768,-2436,5316,1
16980,-3192,6628,19828,-3344,2240,1
16412,2260,4856,19380,-1852,6376,1
15172,-2824,5932,12232,-240,9436,1
15300,-2924,5952,14396,-2808,4716,1
15760,-2776,5268,15316,-5576,6864,1
15684,-3416,5348,15212,2724,5856,1
15716,-2548,5556,16528,-3432,5360,1
15584,-1424,4596,13152,-2696,6880,1
15112,-1348,1804,10596,-364,10916,1
16980,-3224,3788,31136,4440,6368,1
15272,500,6868,16792,-3892,2112,1
18876,-488,5532,16464,-3888,3184,1
16348,2912,6288,17072,2200,2012,1
11936,-3412,11552,16676,1928,1316,1
13688,-2388,9260,16388,276,1492,1
15320,-2532,5852,16528,-4184,1684,1
15604,-696,8080,16872,-6036,4224,1
13320,-2276,10216,16944,-2676,2332,1
13888,-2948,9244,16332,5900,1956,1
15300,1300,8496,16388,5492,2976,1
15844,2112,8052,16012,236,2416,1
15408,2500,8372,16564,-2380,2500,1
16440,-3180,3880,16300,-5632,4096,1
16436,-3248,3108,16200,-1096,2980,1
21180,40,2492,16020,1972,2392,1
18164,-1884,8148,16228,-420,1880,1
9260,-1976,14784,15936,728,2796,1
13680,956,5284,16488,828,4528,1
13300,88,8076,16480,348,4100,1
15232,-1112,9932,16152,-84,3480,1
15980,2208,12308,15648,268,532,1
7272,7104,764,15768,-712,3032,1
11868,2904,324,15896,-48,5408,1
20188,-1504,5524,16208,-1312,5132,1
17668,-4388,2928,15964,-2192,4776,1
14428,-3160,1940,15508,-848,5768,1
15560,-172,2212,15228,764,2920,1
16896,-2176,3920,15752,-1408,2700,1
16348,1120,2428,15000,-1492,4760,1
15300,-1976,3744,16128,-2600,5872,1
14568,-6632,8044,15740,-4204,7296,1
15384,5316,8304,16180,-2880,7360,1
16812,-5532,5584,15912,-3284,7344,1
17472,840,3636,16152,-2016,6904,1
15700,-500,4152,15404,-1044,6040,1
14120,68,6604,12692,-2076,6712,1
13360,-4948,7120,14616,-652,4656,1
15504,-1496,8320,18060,-1648,3860,1
16768,-2724,6824,18972,-2876,3752,1
17348,-868,4016,17580,-3736,8696,1
15784,-2564,4640,11136,-1488,10740,1
15488,-3104,4928,13300,-2040,4568,1
15652,-2188,3312,14268,-5572,6156,1
15272,-3644,4324,15160,-196,5716,1
15700,-2752,5420,16224,-3440,5528,1
16032,-2032,5052,16256,-1676,5860,1
16012,-2836,5940,14812,-1728,5596,1
15892,-1256,3640,12840,-3612,7020,1
15804,-2764,2204,21576,4624,-4720,1
15960,-2132,3524,14464,-4848,-1508,1
16276,-3348,2872,15992,-1572,1844,1
17444,748,1928,14980,736,2356,1
17132,536,7516,17160,-1028,3556,1
14720,84,10912,16424,4544,2644,1
11700,-3292,10748,16564,3360,3272,1
12800,-3552,10184,16884,-3600,856,1
14520,-464,8932,16104,-1936,1060,1
16744,276,6948,16700,-2148,3980,1
17020,-312,7468,16808,952,2404,1
15608,-908,7596,16048,1212,3668,1
14040,-1500,8928,16444,2220,1872,1
11824,-416,8704,16364,816,1928,1
13716,-176,7164,16328,1660,4028,1
15048,232,7948,16120,-116,4136,1
14824,96,8192,16468,20,3716,1
15208,-1324,8528,16152,504,3048,1
12740,2924,12168,16216,1140,2412,1
20504,-8220,25260,15904,1304,3904,1
15760,-1112,60,16692,36,5848,1
18820,-3616,5140,15604,-1316,5976,1
14724,1756,5560,15904,-2264,4056,1
12672,-6712,5624,15852,-1076,2736,1
16392,2912,4608,16420,628,4392,1
16856,-1004,4872,16256,-1072,3980,1
15776,-1168,5572,16584,-2184,2472,1
16092,-1960,4292,17820,-1360,3476,1
15656,-1884,4952,19284,-384,2532,1
15808,-2788,5084,16284,-460,6500,1
16100,-1464,5596,14708,-1384,6716,1
15968,-1284,6888,14992,-1908,4628,1
15792,-2300,6120,16248,1200,5556,1
15808,-1976,5632,16224,-1140,5540,1
15484,-1544,4428,13968,-664,6456,1
15864,-212,3360,12264,-2644,8088,1
16760,-1496,3560,19748,1064,-772,1
15264,-1744,7748,12012,836,352,1
15416,-1264,8300,17896,-5040,3308,1
15812,-1652,4736,16228,632,1624,1
16368,312,3476,16160,-936,1284,1
15236,-1264,6136,16292,-2160,2664,1
13312,-3580,10084,16704,520,1204,1
15368,-2300,7700,16596,724,2696,1
15848,-584,7244,16480,40,3328,1
16124,1884,6236,16708,-824,2220,1
16080,-2124,5188,16472,-728,1548,1
15320,-508,6724,16160,-336,1264,1
15488,-1580,5996,16544,448,1648,1
17296,-224,5256,16384,500,2044,1
18792,856,4896,16308,512,2156,1
16436,1052,8864,16380,1740,1444,1
5440,-2724,13536,15904,2840,1244,1
7868,-256,6548,16516,44,3804,1
11980,4396,15128,16568,-572,3960,1
12692,-6836,1908,16384,156,6020,1
9088,-1828,14084,16220,-292,1616,1
14384,668,6868,16036,1092,3776,1
12544,-2864,6232,16288,844,4512,1
15508,-276,7772,16556,-988,3976,1
15608,-1912,7772,15600,1744,4636,1
15116,448,10352,15904,-604,3952,1
12744,-1908,29224,16108,-1036,5304,1
18960,-10388,-2200,17360,1764,6916,1
17716,368,5864,15304,-92,4896,1
14712,-1740,5816,15836,-1184,7220,1
14144,-2112,3380,16072,-1652,5684,1
16920,224,5012,14412,-3048,7384,1
16180,-1808,5068,15372,-384,6424,1
16024,-976,4988,14568,-1192,6164,1
16528,-2084,4256,15712,-2388,6312,1
15744,-2176,4916,14628,-768,6400,1
16196,-1836,5736,15560,-1560,7332,1
16064,-1684,5804,14832,-2044,6932,1
15660,-1244,5920,15320,-3044,5300,1
15372,-2484,4892,18008,-1928,3048,1
15832,-2332,5748,17660,-1792,2624,1
16476,144,4248,15380,1112,6012,1
15900,-1812,4528,13032,-3460,7784,1
15672,-2148,2904,9988,-3088,8452,1
17640,-1716,5872,13228,3104,10116,1
15296,-1100,5188,8368,-5856,2848,1
16820,-1864,3220,16480,1592,5664,1
16496,-1292,3788,15212,296,6028,1
17080,452,5024,14620,-3216,5716,1
12736,-864,11324,16192,804,3644,1
13820,-9104,5868,15808,1948,4484,1
18708,11504,2880,15524,-1376,5236,1
17784,-4296,4204,16312,-3324,4952,1
14888,-1680,5060,15792,992,5164,1
15724,-2984,4428,15800,1716,5404,1
16640,636,4632,15936,-1260,5180,1
16044,276,5008,15824,-3340,4612,1
15680,-3884,4716,15636,1484,6136,1
15804,-3700,4868,16144,1312,5620,1
17020,6596,5556,15316,-5200,4452,1
15564,-1484,5796,15884,-488,4824,1
15252,-6080,4720,15736,3260,7372,1
15120,-5060,4380,16024,2928,5512,1
17920,10424,5920,15612,-6364,4452,1
15780,-2316,5196,15728,920,4904,1
15204,-5596,4736,15536,2532,6536,1
15140,-3676,4576,15840,-268,5764,1
16512,6604,4792,15564,-5708,4560,1
16044,-2564,5188,15768,1964,5372,1
15472,-5352,4404,15608,3200,6516,1
16292,2132,5296,15720,-924,5280,1
15820,1052,4824,15708,-4004,5212,1
15576,-2784,4908,15800,1364,5864,1
15736,-4184,4672,15624,1068,6112,1
16028,664,4944,15712,-224,5424,1
16088,472,5084,15720,-3820,4864,1
15928,-1652,5032,15940,604,5860,1
15512,-2948,4728,15672,188,5732,1
16392,336,5000,15744,-952,5464,1
15884,24,5348,15760,-396,5164,1
15476,-2968,5200,15684,-1540,5572,1
16428,-2528,4368,15704,60,5872,1
16392,2360,5400,15756,-448,5292,1
16028,336,4208,15600,-656,5080,1
16064,-3624,5216,15864,280,5712,1
15764,-2076,4068,15600,228,5572,1
15572,1696,5136,15600,-1560,4828,1
15504,-3072,5472,15640,-636,5148,1
16372,-1916,4540,16032,692,5864,1
15932,-140,5284,15796,-480,5496,1
15328,-2580,4808,15704,-1392,5156,1
15768,-2352,4580,15784,-164,5368,1
16628,932,4668,15960,-1356,5564,1
16260,1552,5788,15636,-956,5188,1
15488,-3172,5296,15632,1516,5720,1
15832,-4980,5004,16016,4516,6464,1
16196,3532,4956,15656,-2124,4964,1
16112,1140,5628,15536,-9596,4264,1
15508,-4392,5100,15636,-2096,6256,1
16376,-2392,5012,15732,3844,7052,1
15816,40,5668,15804,5400,5512,1
15500,-1052,5948,15900,-3260,5048,1
15492,-2396,4768,15520,-2480,5788,1
16176,28,4904,15976,-688,6196,1
15884,-1568,5280,15692,-420,5584,1
15840,-744,5628,15904,-1040,5292,1
15704,-1344,5464,15672,-628,5936,1
15968,-1036,5632,15612,-908,5732,1
15792,-1380,5572,15708,-1216,5828,1
15844,-1624,5256,15616,-632,5440,1
15804,-1364,5328,15596,-420,5628,1
15840,-1596,5128,15400,520,5700,1
15544,-2372,5288,15636,1072,5848,1
15644,-200,5616,15700,-1664,5728,1
16108,-348,5672,15800,-5060,5448,1
16140,-2152,5604,15672,-1728,6248,1
15708,-2324,4476,15420,-224,5896,1
16252,-1576,5860,15648,820,5964,1
14952,-980,6468,15496,-96,5508,1
15348,-1224,5888,15544,-68,5528,1
15232,-1664,5160,15476,-1488,5156,1
16852,-1720,4536,15656,-1092,5848,1
15584,-1316,5984,15664,-708,6308,1
16164,-840,6224,15724,-868,6132,1
16700,-668,4608,15444,-564,6012,1
15476,-1544,5572,15568,-556,4800,1
15224,-640,6000,15408,-440,5636,1
11980,-1480,8712,15796,-896,5772,1
17912,-2380,6628,15864,-1440,6208,1
16128,-56,6456,16000,-1656,6608,1
16848,-1748,5260,15728,-1476,5316,1
15536,-1632,5224,16072,-1412,4356,1
15456,-2024,3420,17492,-488,3436,1
16092,-1260,4936,19452,2040,-2152,1
16056,-1436,4520,12668,-1904,7624,1
15908,-1220,2904,15736,-236,4360,1
15488,-1624,1204,9880,-1956,7444,1
16796,-1072,4584,30812,3132,-2196,1
15644,-4208,7468,17096,-1012,7716,1
17584,2132,5524,13928,1396,4512,1
15724,-1112,6628,18332,-1328,2736,1
13416,-996,7640,16472,1400,2532,1
18124,-6680,6664,15896,-220,3296,1
15328,1428,7240,16188,932,2588,1
15528,-816,3676,16536,-1724,2772,1
15748,2044,3432,19000,-940,1992,1
16004,-4380,5552,21240,-1992,1680,1
15916,-1824,5060,13960,-1776,7744,1
16800,-2564,5220,13672,-1740,1704,1
15488,-2472,4372,14556,-2012,2964,1
16032,-1720,3592,17048,-636,4156,1
15264,-3260,1532,14964,2716,4820,1
14840,-536,3944,10016,-624,8156,1
16720,-588,5520,27796,-5428,-7732,1
14956,-1908,7640,14112,-1932,536,1
16068,-2840,8308,16672,140,2064,1
14692,3128,9576,16384,-956,1020,1
15100,784,8320,17120,5120,-236,1
15252,-1908,9384,16568,1768,472,1
15308,248,6912,16384,364,-944,1
17204,3036,6096,16552,248,1096,1
18360,1648,6376,16708,292,1200,1
17992,336,6648,16936,1460,1932,1
12756,1248,11236,16268,1936,400,1
12400,2340,11100,16472,1776,936,1
14960,-1488,9980,16768,400,1648,1
13536,1932,11540,16680,1092,2840,1
9588,2356,12468,16408,756,2580,1
13568,216,2964,16672,4452,3420,1
16648,4576,6420,16708,412,2444,1
13616,180,9644,16244,3104,144,1
8440,-1404,11856,15932,2760,-2308,1
14448,10704,-3928,15872,5380,256,1
19120,-268,5836,16564,-172,2388,1
15308,-5372,1872,16164,-1196,3888,1
19952,-2020,3592,16488,-13872,3920,1
16928,7448,4524,15620,-2664,7212,1
14132,-7220,7348,16132,9080,6360,1
17512,-9628,5180,16276,11996,6128,1
16596,656,4260,15396,-8712,592,1
16376,7952,1476,14692,-14140,316,1
15008,-6316,4408,18212,6620,464,1
16348,-5244,4424,22928,5944,648,1
16800,-1412,8540,17360,880,6440,1
16780,556,5564,10376,2596,6748,1
15408,-4908,3316,10484,-5476,7012,1
13896,-2608,4468,10228,-6120,8956,1
18924,-1184,6376,30344,-8604,-9052,1
13732,-3520,7640,8516,9860,-3916,1
17204,-1312,5304,16652,-9100,4152,1
13764,-2992,7904,15332,3840,1412,1
17756,-372,5232,17488,-504,320,1
15024,-3176,6772,15008,-2812,3144,1
13908,-2404,7300,17156,5748,1456,1
13736,-2124,8264,16868,3364,3372,1
19564,3304,5316,15816,-1848,3396,1
19424,3240,3548,17312,-3908,1436,1
19204,-2444,6228,16924,-3692,2304,1
11288,-5388,10724,16704,3088,5704,1
12008,-3512,3892,16736,2184,3608,1
11484,2864,7392,16360,956,3356,1
12172,-4324,10160,15448,140,-360,1
25728,-4216,14504,17164,1380,2540,1
18992,-3932,-7536,15952,1436,4548,1
19332,2328,5820,16816,-536,3768,1
11868,-3080,3552,16156,1284,2792,1
16324,-2284,572,16864,6808,2792,1
18304,-1896,3048,13536,-1760,6864,1
16148,448,4516,19376,-13448,2744,1
16216,800,1696,15256,-8876,5580,1
14736,-6816,4648,15560,5348,4840,1
16304,-2808,4260,16880,6304,4732,1
16616,2456,4588,19156,3932,1972,1
15660,-796,2580,21996,-4308,-1000,1
15952,-3144,2860,11484,-1588,6520,1
15756,-4396,2320,13156,-5304,3916,1
15996,-2212,1992,12392,-1120,8052,1
15676,-416,40,9248,-2244,10972,1
16992,-2872,3520,32767,7088,-18964,1
16664,-1172,4396,11856,11808,644,1
14888,-1252,4836,13476,-6804,4072,1
17712,312,4368,18304,-1236,1060,1
15484,-1112,4136,15636,-6404,1300,1
15924,-2132,4000,16420,-2532,3068,1
16116,-1988,3024,16604,10676,1476,1
16748,196,3756,16628,11980,2968,1
15960,3868,3908,16388,-4324,8,1
16288,-208,3796,14556,-12984,1712,1
16000,-4076,3412,18116,-88,3248,1
15380,-3328,4972,16028,5572,2336,1
15684,388,4788,16336,3732,1280,1
17176,4688,3652,16312,4032,512,1
16796,-1104,2208,16480,-2140,1484,1
17296,-964,2808,17148,-1884,2880,1
20120,-2580,1544,16868,184,2696,1
15760,-1784,2644,16540,-264,1972,1
9556,304,5176,16396,3236,752,1
12060,-100,4396,16260,1888,1520,1
16756,5232,8392,16408,944,1028,1
31672,-5976,32767,17532,1420,4316,1
16496,-13624,-3180,16364,1124,4180,1
13360,4176,3000,16604,-1140,2916,1
13168,-4400,1664,16352,-388,2832,1
15760,-3928,1352,16500,632,2184,1
17328,-1284,1396,16316,1128,3496,1
16172,-1132,968,16324,-772,2804,1
15956,-1824,1372,16596,1212,1696,1
15968,-268,3272,16448,-1364,4316,1
16412,-2580,3308,15948,-1260,4488,1
16716,-2220,2704,17048,-2508,3856,1
15924,-1952,2980,15572,-2284,3812,1
16624,-2532,2104,16756,252,2700,1
15540,-3372,1376,15284,-268,4764,1
17124,-2344,2160,17140,-576,3332,1
16076,-2256,2856,16656,-1596,3128,1
14552,-1420,4804,16316,-1912,2748,1
17904,3832,2244,16240,-224,2136,1
16652,736,3232,15996,2228,1908,1
16344,-1684,1604,16024,1164,4156,1
16520,-5128,788,16712,-3192,2644,1
13344,-2516,3956,15932,-2128,2020,1
15800,-14980,-424,16568,-1508,4032,1
17664,9160,2820,17732,1008,3104,1
15192,-2628,2384,15564,-164,1800,1
16316,-3128,716,16636,-328,4076,1
15972,-2996,1812,16816,-2804,1564,1
15900,-3192,2400,16608,-320,156,1
16752,-4088,3264,18464,-4340,7148,1
16376,-1568,2788,10888,-2008,12912,1
16168,-3712,3076,20172,4084,-1576,1
16140,-1396,1024,18296,-1800,-2536,1
15596,-2468,1088,10852,-3280,3144,1
15964,-2828,1272,19356,504,148,1
15780,-2936,2964,12524,-3788,1636,1
16740,-404,376,17396,2684,-688,1
15952,-168,-388,17784,2164,1108,1
16556,-1116,-500,15572,184,2588,1
19316,-2104,-2260,16784,1164,3108,1
15500,-1216,4076,16528,648,3168,1
14664,424,1012,16564,852,3536,1
14804,672,1736,16352,1068,2500,1
16624,-1676,3508,16140,104,1784,1
9132,3952,10672,15968,568,1992,1
21552,-2492,-4364,16972,2200,4376,1
15188,-1824,2472,16308,-32,1276,1
15808,-1976,1776,16120,540,1880,1
16284,-1052,1008,16572,72,2528,1
16328,-1112,1196,16408,44,2808,1
16420,-948,1184,16500,236,2080,1
16252,-900,360,16528,296,2056,1
16092,-1060,-16,16328,1708,1868,1
16112,-984,-160,16336,1644,1620,1
16292,1516,-356,15868,-5264,1144,1
17400,4172,300,16052,164,4028,1
16228,-5620,3356,16176,2524,4120,1
15644,-4900,5496,16540,5712,3788,1
15024,-5856,3324,16248,1008,2584,1
18704,9296,504,16876,-12244,2508,1
15804,-6644,-368,16376,804,4668,1
15100,-1800,4344,16240,4136,3792,1
14996,792,6088,16164,3524,3152,1
16588,-3028,3552,16304,-2864,4444,1
16444,1132,3004,16548,-2464,4336,1
16316,-2616,2872,16480,-1216,2524,1
15888,-492,2720,16688,-672,1344,1
15944,-2004,3252,18524,-652,708,1
16284,-2584,2392,18956,932,3084,1
16624,-1708,2540,15668,1452,5648,1
16080,-2552,4880,15860,-696,2796,1
15752,-2468,3836,14248,-984,5564,1
16024,-2244,3488,8936,-5468,9664,1
16200,-876,2812,15896,-3572,2660,1
15088,-2512,7900,13020,3352,-504,1
16348,-2556,7104,20724,-10704,4312,1
16088,-1724,4988,17000,1528,1256,1
15960,-1712,4048,17008,-776,-796,1
15628,-1504,4392,16712,-1920,-248,1
16220,-1972,3720,16832,2004,-260,1
16032,-1728,2860,16484,1632,-1968,1
15296,-980,3972,16076,3220,-2412,1
16640,-700,3648,16352,3236,-580,1
15888,-1752,4592,17204,-648,-396,1
15556,-1700,4568,16508,280,-1132,1
16608,-1216,5380,16868,-10488,1900,1
16280,3828,3232,16872,1076,2492,1
15284,-6212,4564,16132,5916,2260,1
16320,-3340,9748,16436,6640,1416,1
15036,-1676,6872,16456,864,348,1
17036,4416,4276,16512,-8548,572,1
15812,-3144,2136,17100,28,1596,1
15248,-3676,5144,16184,4136,720,1
15512,-2612,6348,16388,3044,916,1
16756,2524,5740,16688,-2196,200,1
15756,-884,4960,16932,-4696,3436,1
15668,-2104,5056,17008,-3372,2684,1
15696,-1684,4108,16080,2260,3700,1
16212,-1116,3288,15992,12028,2816,1
15740,940,5184,15748,2948,1500,1
16540,768,5592,17300,-9812,-88,1
17148,-792,5012,17388,-1288,4168,1
16896,-784,4308,16452,-76,4552,1
15776,-1948,4164,16372,2132,3520,1
16580,-1348,3336,16256,2824,2000,1
17784,292,4540,16364,-428,628,1
16956,-44,6400,15944,2456,1660,1
14304,-1056,7656,16676,-264,3348,1
12788,-644,6704,16572,-496,3784,1
14780,1012,5856,16728,-156,2244,1
14736,-2004,6552,15908,2004,1932,1
10148,2312,10600,16320,932,3508,1
21752,-1980,14404,16720,1968,1732,1
22740,-3160,-2640,15832,-320,5044,1
19020,740,6192,16376,372,4560,1
12880,-2056,3764,16472,-412,3220,1
17072,-928,2828,16376,328,2768,1
16616,-212,3728,16188,704,4016,1
16432,-792,3496,16544,392,3240,1
16612,-412,2848,15896,584,428,1
16028,-1340,1156,16128,3284,336,1
16144,-772,208,15976,84,1640,1
15960,-848,636,16568,-316,3292,1
15876,-1656,1428,16488,-1380,4692,1
16372,-1172,3600,16248,-1472,4512,1
16188,-940,5124,16452,-628,4012,1
16224,-1716,6752,16136,356,3304,1
16552,-1176,6036,16148,-656,3436,1
16556,-1000,4604,16200,148,2772,1
16140,-1708,2148,16276,-648,3740,1
15808,-416,1320,15992,-712,3720,1
15524,-1732,672,15852,-984,3456,1
16188,-2624,2528,15812,-2604,4736,1
16052,-1820,3564,15548,-2796,7300,1
16076,-3252,5892,15700,-2080,6656,1
15688,-1936,6336,16060,-2904,6128,1
14664,-2280,7576,15296,-1972,4684,1
17500,-2132,6884,15816,-544,4620,1
16020,-1196,3368,15684,-2176,6152,1
15616,-1664,3964,15328,-4580,6436,1
14880,-2512,1824,15452,-2040,5716,1
16764,-1796,4920,15732,-2308,4316,1
15724,-2096,6368,16128,-3332,3844,1
16216,-2864,7228,16684,-2444,3456,1
15248,-2976,7156,17708,-800,2676,1
16644,-176,2788,18484,-1720,5292,1
14564,-3140,6016,15368,-524,8000,1
10600,-5472,16004,12032,-2844,3580,1
28952,9336,-6156,17772,-1476,8744,1
11672,-6988,-848,15536,-1000,5652,1
15120,-1028,6792,16316,-2036,3440,1
17088,-2532,5060,12504,-3120,4788,1
15532,-1232,1484,14920,1080,3780,1
15736,-3988,4152,16668,-2880,-3648,1
15612,-2880,3904,15200,9876,-1008,1
15740,756,1004,20048,-4964,-456,1
16916,-1360,6744,15644,-5068,-300,1
17500,-868,7608,17380,-5340,2404,1
16684,-412,6828,17364,-6840,3012,1
13968,-3184,6864,15616,3160,3264,1
12948,-2080,7268,16972,11380,2460,1
15644,-1104,5520,16292,384,-1996,1
15504,3136,9592,17604,-5628,-796,1
15468,2788,9544,16108,2120,1048,1
14364,-1464,9580,16000,-3876,3688,1
14352,-2668,7660,17232,11608,3200,1
15668,-1332,7036,15924,6524,2832,1
16864,320,7024,18692,-13612,-656,1
14760,1872,9652,15568,1688,3912,1
13512,-1476,11136,16476,-604,4936,1
13208,-1348,10988,16532,588,2096,1
14476,-68,5360,16460,284,3604,1
12988,-244,7104,16388,2744,2480,1
17568,2952,7568,16244,384,2408,1
18288,-2876,4832,16448,2544,2420,1
16940,1688,5600,16468,-304,2976,1
13584,292,7188,16488,2164,2356,1
7980,1588,11036,16296,596,1356,1
30852,-540,-7828,16260,4620,792,1
9612,2164,1308,15176,1448,2184,1
17956,-1568,3796,15456,3000,5540,1
15156,-6584,3548,16556,-3528,3004,1
15156,-596,-1040,16520,-3344,7732,1
16144,-220,1392,16188,-1808,7284,1
16320,-1920,4464,16712,-6380,3980,1
16328,-1140,3276,16356,-1276,5252,1
16288,-1536,1948,16112,1548,6240,1
16556,-2340,2172,14860,2004,6612,1
16228,-952,2980,16624,-640,3248,1
16424,-1900,3228,15548,-1676,3832,1
15952,-1756,2840,15736,-1800,2900,1
15504,-1548,4464,15704,-968,3876,1
14676,304,5120,16180,-20,3396,1
19160,180,4860,16524,-2200,4720,1
15768,-2692,3680,18876,3844,1032,1
15184,-1004,3620,16432,-1432,-648,1
15788,-1484,2068,17672,-156,4640,1
15904,-3328,2568,15244,-2616,3624,1
16004,-1728,2816,17988,-2144,4104,1
17180,-2232,3412,14808,-7684,25792,1
16384,-192,3336,9300,-416,15264,1
17256,-3680,4968,27276,3164,-328,1
16164,-1288,4916,15680,-4804,5344,1
15636,-268,1592,16500,-240,1660,1
16324,-2924,3160,17716,652,236,1
15992,-2600,4296,16364,2016,652,1
14840,-52,9324,16060,-1112,5588,1
16104,-1712,6232,17024,660,3360,1
15764,-3172,5708,16064,568,3644,1
15480,-1676,5516,16132,1356,2196,1
17756,4068,3580,16224,-4684,1804,1
16408,-1176,2964,14724,-2192,4176,1
16200,-5204,8332,16244,-444,3512,1
14584,-3260,10948,16564,1236,4752,1
16844,-2024,5100,16208,1052,5012,1
15872,2684,4784,16272,872,3972,1
16248,-1592,4208,16456,-1068,3048,1
16612,-1440,4144,16612,-1668,5192,1
19560,-1776,532,16448,148,3808,1
16496,1268,5584,16092,204,3192,1
12096,-3432,11096,16288,428,2316,1
10288,-1564,5760,16200,784,2316,1
15092,1844,7584,16240,428,2320,1
15764,-3020,11256,16228,248,2844,1
17964,14440,6136,16156,204,4416,1
15064,-3688,4636,16116,-440,3872,1
15660,-416,3360,16336,-212,4000,1
19972,-312,3212,16184,-308,3724,1
15292,-2308,4068,15788,-1144,3524,1
16324,-528,4716,16240,-916,2988,1
16592,-1248,4508,16024,-2980,492,1
15644,-2048,4672,13904,740,8860,1
15484,-2468,2176,18232,-380,5252,1
16404,-804,4524,16732,-3724,5204,1
15860,-488,6556,14656,-6012,5592,1
15540,1680,6428,16576,-2168,4044,1
17416,-6932,5064,15896,996,6408,1
15308,-2480,5936,15668,1340,6016,1
16104,-984,4368,15348,-1684,4920,1
15300,2296,4352,16108,-5684,4848,1
16868,-236,5696,16240,-2724,5368,1
15660,-3484,5904,15752,-1624,5820,1
15816,-1540,6048,16208,412,5140,1
15708,-2420,4116,15500,-972,5664,1
15744,-680,3704,15740,-2320,4432,1
16660,-1508,4736,16520,-1940,2936,1
16060,-1676,4688,16208,-1748,2620,1
16208,-5752,5988,15700,-524,2868,1
15196,1900,5372,16988,-1944,4444,1
16136,-3732,5196,16240,-1544,3452,1
13948,-156,8544,15804,-2632,3164,1
12988,-1460,12332,16388,-2296,3952,1
19012,12728,2636,16296,-1680,5156,1
8688,-8108,3336,15536,228,4860,1
14392,1632,5212,16336,-1268,744,1
15396,-2820,4804,17040,-3020,1600,1
16808,-208,5348,16040,-4188,3192,1
16104,-2520,5144,17080,-3216,3864,1
15884,-1504,5660,14504,-4556,5612,1
15336,-2508,5448,15704,-7240,7556,1
15560,-1596,3784,12728,2920,7088,1
15752,-1904,4444,10640,-3996,7664,1
18672,-4700,8568,26264,7920,7728,1
15492,-1384,4576,16468,9932,3036,1
14888,-956,3392,14904,-4540,-512,1
16144,-1812,3604,17812,3988,112,1
15916,-1740,4696,16912,-1580,2808,1
16044,-604,6328,16332,-2104,2444,1
15852,-1940,4156,16948,-3108,-3048,1
15780,-2472,2492,16884,2832,252,1
16160,-2732,2504,14512,-13300,6800,1
16528,-1292,5220,9700,7124,4216,1
17268,-748,6440,21260,4720,1068,1
15772,-820,5152,14972,-9828,1892,1
15332,-432,2644,15128,4200,1636,1
16760,-2040,3620,17412,-1452,936,1
16584,-1160,5644,15940,1460,1844,1
16064,716,6132,16672,264,3928,1
16540,-4904,5044,16456,284,3688,1
15376,352,8076,16620,888,2888,1
15340,2508,5688,16296,1436,888,1
15920,-5020,4424,16236,1812,1056,1
16316,-372,5868,16408,700,2248,1
14272,-1144,11992,16596,-764,4448,1
12756,2152,13824,16516,160,2464,1
20244,4576,3120,16584,668,2456,1
12980,-4388,3740,16080,252,2220,1
16776,-60,2352,16688,0,3688,1
16256,-408,3340,16548,-1608,2660,1
16444,-2180,3984,16544,-780,2540,1
16312,752,4668,16380,-1056,2256,1
16332,328,5088,16688,-204,1760,1
15872,-1968,2836,16780,-652,2072,1
16104,-1496,1992,17492,-144,1728,1
15920,-1804,1756,14604,-5984,3896,1
16384,-1148,3492,14684,-4116,5784,1
16140,-1948,3036,14508,3908,5072,1
15852,-636,2080,14104,-3192,4216,1
16680,-4684,4448,21972,12748,-2056,1
16496,-604,5248,16584,-6476,-552,1
16344,-1500,4692,17264,4676,2584,1
16248,-1704,3660,12268,-4368,6092,1
15828,-1904,2768,12964,-1584,3044,1
15960,-1496,1120,19852,1084,2484,1
16112,-1016,-872,18316,-5088,4440,1
18956,-2724,5620,15304,-188,912,1
18096,-3480,2160,17856,1140,3068,1
15040,604,8284,16268,512,4060,1
13756,-5024,6356,16408,1748,1744,1
13464,5264,7696,16340,1104,1372,1
11692,-4808,10256,15968,2060,-1272,1
20424,19328,-5724,16216,1552,648,1
12708,-2812,-404,15940,-2328,5056,1
14028,-8496,5008,16384,5760,3160,1
17640,1592,4272,16136,-3748,4808,1
17708,7552,3008,16200,-9664,3304,1
17304,-3868,6616,16304,-3716,5776,1
14424,-8140,6448,16856,7140,5952,1
16384,-2932,4196,16308,2104,4328,1
15548,7964,6668,15836,-3640,1048,1
19412,2596,6024,15784,-5028,2772,1
16132,-6228,4172,17004,412,3340,1
16160,-2416,5504,18716,1156,1180,1
15360,1228,3884,18704,-360,1188,1
15700,-2604,4472,15616,-392,3916,1
15420,-2056,4356,14376,-3016,3336,1
15812,-908,2944,13276,-3008,5832,1
14900,-2508,3580,12552,1356,4648,1
16032,-1584,7240,18792,-4456,-8344,1
16328,-516,5576,15888,-3976,1276,1
16356,1940,1280,15144,-2644,6480,1
16004,-4032,9648,18716,-1980,-280,1
12416,-7904,11284,16192,-432,-264,1
16988,-1176,6988,16320,1136,6652,1
16396,3556,5636,16408,-2144,2624,1
15564,-604,5324,15628,-5652,-16,1
14948,-956,6352,16512,-2560,3928,1
17088,-3612,3964,15732,4708,7472,1
16844,-412,4740,16212,1188,5872,1
15884,-1268,6116,16136,864,3888,1
16144,500,5624,16444,888,2940,1
15900,988,5264,16040,-3440,2572,1
17380,-504,5888,16556,288,2592,1
19904,-1664,4440,16340,1324,3916,1
15008,-1788,9292,16296,-2004,4404,1
16200,784,3340,16460,2340,3080,1
12288,1520,6092,16156,-316,856,1
16368,-2020,8232,16336,1180,2176,1
17264,76,20000,16256,36,2788,1
29692,1372,492,17124,1836,2864,1
10220,2036,6924,15108,3132,4008,1
12992,1120,3412,15884,1136,6348,1
17056,-1616,628,16064,-1864,5392,1
17788,-332,1828,14624,-7728,7228,1
15772,-408,4116,16012,-6412,3784,1
15904,-3564,3472,16488,2376,5268,1
16404,-1384,3800,15040,2800,6720,1
16544,456,4364,15624,244,5688,1
16048,2940,1536,16144,-6344,4216,1
16620,1684,1432,15924,-1296,4236,1
16404,-3564,2640,15592,228,3484,1
12700,-5448,15288,16236,-488,4564,1
18508,-1768,5680,16324,-676,7680,1
16160,4752,3016,14828,-2116,6772,1
15404,-3012,76,14760,-2680,4256,1
13576,-2516,10032,16460,-964,4136,1
16464,-480,5364,17140,-3032,5620,1
16496,-2276,4864,16100,-6008,5312,1
15932,-1616,2884,15828,-1464,3820,1
16060,-2352,940,18004,-44,2824,1
15884,-2344,2468,16972,-1208,5848,1
15908,-1720,6376,17748,-1508,2184,1
15852,-1816,6380,16444,1268,3636,1
15428,352,4392,16204,4,7444,1
15016,-1912,1956,8572,-3524,10160,1
16888,-2520,2912,18760,-3340,12784,1
13448,-1128,9636,7652,3176,2084,1
15460,-1608,8016,15944,-6180,8272,1
15880,1608,7448,17264,4668,2168,1
15520,-2768,6004,16000,3040,196,1
14920,-2996,6732,16508,824,2928,1
16080,-1408,6780,17224,1600,1484,1
15592,668,8080,16452,-136,3600,1
15676,1044,6768,17056,192,1876,1
15460,884,4708,16436,140,676,1
15692,704,5748,16488,1184,2608,1
15296,-2188,7144,16504,1992,2608,1
16028,-932,7292,16980,-572,2904,1
15800,-376,7492,16668,1128,1540,1
15644,664,5980,16676,908,1840,1
16144,52,4640,16368,80,1676,1
16092,-48,3336,16560,1724,384,1
16320,-628,3644,16236,420,1444,1
16232,1672,6584,16444,2888,436,1
13056,-816,10692,16188,2036,-716,1
11924,-1908,12308,15808,3640,-3568,1
15528,-516,8048,16184,472,3012,1
16648,1576,5564,17232,-4,5804,1
16064,-1752,3400,16976,-3516,3332,1
17224,-1572,4512,16524,-4468,3856,1
17396,1684,6764,15596,4144,1056,1
18948,-2624,6612,16036,6168,3100,1
11372,-1296,12644,16552,1248,3116,1
18348,120,4268,16444,-3048,4204,1
15568,-696,4512,16408,484,3360,1
15064,-2140,7196,16052,1024,1240,1
11152,368,8400,15644,1492,-408,1
15516,13856,-11220,16168,3292,1852,1
11704,1976,2472,15316,-608,2544,1
19872,-4,3408,15972,104,7116,1
18188,-1100,2208,15880,-2652,5928,1
14536,-3512,692,15532,-2624,6264,1
15608,1996,624,13912,460,6344,1
16216,-4084,6248,16376,-600,5984,1
16356,-1052,8944,16340,-412,4608,1
16376,-1316,4472,16056,-2524,5808,1
17072,1768,-132,14244,-3472,6668,1
16252,-1700,752,16892,-2188,4668,1
15812,-1408,1824,15552,-2456,4140,1
15456,-1392,6420,16360,576,3444,1
15552,-3728,4652,15928,-1432,4388,1
15880,1644,5688,15880,-1580,4832,1
15544,-1468,4248,15696,-84,5384,1
12412,-1272,5784,15568,-1288,4692,1
14924,-732,9856,15980,-1272,5716,1
17068,-1536,5416,16252,-2028,5528,1
16292,-664,3812,14800,-776,5808,1
15308,-3768,5544,15524,-1684,4844,1
15708,-3344,5960,15824,-1264,3604,1
16224,-3624,6380,16388,-2428,4780,1
15764,604,4952,15936,-3460,6508,1
15104,96,6136,16120,-4360,4576,1
16316,-1720,4244,17864,-776,3684,1
15716,-1068,5476,17640,-784,3892,1
15668,-2968,5036,15336,332,8664,1
15852,-1896,5072,14620,-584,6560,1
15840,-2520,6240,15676,-7364,6220,1
16028,-1052,5144,13172,-1012,5860,1
16580,-1860,3376,14188,-1844,9344,1
14892,-932,1636,5768,-6128,11668,1
15948,-2284,7964,26320,-4540,-3784,1
19128,-1772,8736,21156,-7936,4876,1
16248,-2280,6772,15960,-2212,2336,1
15652,700,5996,19984,744,2820,1
15336,1196,6648,15784,-2796,412,1
14856,-908,7288,15304,864,1948,1
15892,644,7880,16764,1592,3608,1
14164,-3088,8704,16496,-104,2460,1
13764,-5108,7916,16040,2900,3712,1
13948,-1436,8280,16724,-2824,1828,1
15884,1300,7720,16516,-6024,1720,1
16788,2140,7080,16308,-1664,4224,1
15584,-3132,5504,16240,3552,4404,1
15828,-1188,5760,16408,3964,2448,1
14848,-752,6732,16404,2028,2376,1
15520,956,6452,16192,-1396,2136,1
16768,320,5636,16084,-4940,3208,1
18704,704,4288,16652,1408,4460,1
18588,-72,7120,16288,-1892,3464,1
13364,-3820,9856,16220,252,2668,1
11156,-3748,7856,16404,-108,4420,1
13656,2308,6828,16408,232,4980,1
14332,-4412,7372,16404,-24,5328,1
14072,2608,8748,16092,-108,2712,1
12544,2792,11312,16048,1364,3160,1
16152,5264,17040,16908,1784,2072,1
10072,-12764,4296,15268,2108,6592,1
16432,4696,2864,16532,744,6212,1
16500,-4524,472,14784,-1804,6444,1
15056,-2408,2064,16292,-5608,3004,1
15400,-620,3196,16276,-1748,2352,1
16572,-1568,4188,15552,172,5412,1
16320,-1376,4620,16140,-236,6312,1
15660,-1204,5860,15568,-1404,6700,1
15168,-1308,4916,16008,-904,6116,1
16588,-440,4228,16252,-852,5044,1
15984,-1276,4424,15464,-212,4112,1
16176,-1204,5036,15508,-192,4724,1
15160,-620,6260,16076,-1168,5336,1
15428,-3680,6816,15968,-908,4904,1
16120,-1224,5644,15772,-520,5988,1
15712,-2104,6764,15532,-916,5352,1
16676,-472,4948,15328,-2084,4248,1
13808,-4188,7212,15816,-1868,2728,1
16480,-1080,4396,16504,-3040,6332,1
15896,-2556,6080,16292,-4852,5424,1
17508,-1692,6228,20544,476,2424,1
15080,-1900,6960,17148,-124,2604,1
15580,-3184,4736,17300,-732,2604,1
16064,-1364,4232,15268,-3180,4680,1
15880,-2936,5932,13936,1544,6628,1
15292,-2228,4596,13496,-1216,8924,1
15496,-3072,1036,9764,-2156,9860,1
14616,-1848,2200,12672,-10664,-3560,1
15580,-1196,10928,11128,8032,392,1
16476,476,9056,22580,-15056,9248,1
17084,-2536,5252,14632,-612,3108,1
15100,-304,5360,16980,3404,-596,1
13200,-1476,9100,16860,-436,-412,1
14348,-2688,7592,16012,-1616,4104,1
17840,-1212,7476,16868,-612,2000,1
13920,-2372,8304,16192,236,2836,1
14328,692,8364,16384,3404,84,1
15728,-1132,6680,16348,1788,1920,1
16808,-1552,5652,16324,-3148,3876,1
15760,292,6460,16516,-6508,2876,1
14484,-4512,6568,16560,-2760,3120,1
14996,-2380,7516,16512,392,2880,1
14764,-1060,8392,16832,1516,3824,1
15712,-80,7600,15964,2576,3744,1
15968,920,7300,15872,6596,1568,1
17340,380,4856,16248,5936,1808,1
17216,248,6396,16676,-9260,316,1
14240,-3132,9068,16248,784,4448,1
11964,-2864,9228,16648,-904,5136,1
15332,1188,5024,16600,-1444,6276,1
14572,-6020,6468,16064,804,2284,1
17064,-540,8808,16164,640,2300,1
11024,256,11932,15916,904,772,1
14232,1232,13012,15560,116,156,1
28016,-7764,716,15760,-1160,6740,1
20704,2524,5628,15636,-368,9184,1
11692,-2924,6596,16428,-664,6020,1
16324,-1308,2760,15224,-3208,6484,1
17772,-308,2484,15756,-1048,6148,1
16048,-1988,2392,15492,-1864,6576,1
15784,-2068,1836,15564,-244,5512,1
15968,-1508,5108,15852,-3876,5104,1
16060,-1940,3624,15552,-2084,5504,1
15528,-572,3664,15332,-3276,5988,1
18212,-2084,3940,15820,28,5052,1
13656,1260,8120,15292,-2140,5524,1
10832,-5180,10856,15452,-484,5544,1
17636,-1060,6164,15960,-1636,6236,1
15580,-2028,5084,14856,-3096,7080,1
14568,-2420,6064,15220,-2620,4864,1
16520,-3256,6636,16464,-1604,4332,1
16336,-1452,5460,16512,-1744,4676,1
16396,-172,6820,18432,-2552,3292,1
15448,-1256,5012,17440,-3736,3600,1
16268,-1788,3968,17708,-392,6444,1
15740,-1804,3484,13708,-1576,9232,1
15888,-2828,4276,15424,-5844,5900,1
16628,-3144,6004,13652,4408,5968,1
15832,-2168,4368,15520,-3280,7732,1
15596,-800,836,13852,-6088,7248,1
15044,-2360,2376,8812,148,11252,1
17016,-2688,4732,27104,1456,5232,1
15568,-576,8668,7852,64,1180,1
15680,-1128,5648,18080,-3800,6580,1
15092,-2152,5092,15816,1288,2620,1
17148,108,3564,16164,2408,-560,1
16092,-1080,2944,17440,-1656,3796,1
16844,-320,5844,16756,-2388,2600,1
16504,-868,8228,16612,-3220,3500,1
12408,-3184,11928,16504,2536,2988,1
13456,-4676,9508,16248,1660,944,1
15056,-2412,6764,16296,4948,192,1
15540,5040,6920,16256,-156,2744,1
16728,1284,6148,16944,-3708,2588,1
15916,-3120,7696,16456,-2528,3628,1
13432,-3192,8468,16252,884,2848,1
15720,-1360,7764,16544,652,2192,1
15060,-364,6888,16300,1008,2444,1
16712,172,6068,16280,516,3640,1
15976,-676,5016,16396,-1316,2956,1
16024,-76,4520,16120,-1216,3568,1
17112,376,5248,16412,-1404,2140,1
16956,-360,5084,15776,740,3448,1
20788,-260,3520,15976,932,2068,1
12156,-3744,11164,16212,1072,2624,1
9860,-6400,3156,16528,-380,4296,1
11696,5472,7932,16360,576,6508,1
17092,-5388,9488,16156,-436,4892,1
11864,5860,12612,15716,324,2680,1
6092,7000,-5604,15244,564,2592,1
14508,4028,3648,15312,-252,5080,1
18712,-2284,3428,16620,304,8296,1
18068,-4240,3960,15988,-2480,6492,1
15616,-1252,4740,15528,-1740,4848,1
15528,-2028,3416,15452,380,4844,1
16204,-2136,2352,15364,-536,4620,1
15716,-4476,4744,16068,-100,4688,1
16104,1920,5712,16068,-3852,6936,1
16656,2620,3232,15552,-3928,7152,1
15768,-2768,1964,15124,-3332,5248,1
15692,-2716,4848,15940,1860,5512,1
15764,-2736,3696,15816,88,6068,1
16604,-1376,4436,16020,-1448,7332,1
15768,-168,5552,16184,-3064,5388,1
16116,-1196,4676,15740,-840,3932,1
15900,-200,4508,15648,-216,2600,1
16464,-1488,5260,15452,-256,1916,1
14056,-816,6708,16444,-3172,4772,1
17872,-2656,7148,21884,-1216,244,1
16660,-1500,7328,21296,-2792,4876,1
16100,-2012,5468,11304,836,11248,1
15468,-2556,7316,15000,-3832,6460,1
15872,-2524,5948,15052,1128,7172,1
15508,-2200,5884,13752,-2352,7284,1
15416,-1124,4116,13504,-3440,7744,1
14632,-1068,2124,9772,-4356,8884,1
17228,-3032,8856,25780,2004,-10972,1
15956,-1544,8308,12040,-9228,1964,1
15732,-1272,4688,14540,-3984,4892,1
16356,-788,2400,16960,1712,784,1
15704,-84,2684,15760,-472,-620,1
16628,-2696,4396,16816,1272,2872,1
12780,1456,11764,17272,-1560,2516,1
14472,-2948,10060,16588,-200,3592,1
15300,-1396,8728,16496,5236,3012,1
15864,-1288,6064,16572,5632,2908,1
15348,120,5720,15820,2988,1544,1
15948,452,7300,16892,-15032,920,1
15680,-780,6816,17080,-1180,3244,1
15844,-2200,5924,15764,-1632,4696,1
15264,-2232,5164,16612,10056,3848,1
14456,-564,7604,16104,5688,1916,1
15552,-312,7380,15556,-316,2600,1
18212,2108,5312,16552,-15824,3556,1
19256,1264,4304,17132,8484,5420,1
17300,-3076,7100,16104,1288,3064,1
10148,-5412,10996,17172,-2128,1952,1
14860,-496,4612,16012,-816,5364,1
15000,-1148,7100,16400,540,4164,1
14952,-1080,7524,16056,1344,3100,1
14940,456,9520,15488,152,-548,1
15448,-5724,29212,16200,1620,3820,1
17992,-2736,2228,15912,-1344,8080,1
18152,-1732,6700,17520,2320,6316,1
13748,-3012,3004,15308,92,6420,1
16572,-2724,2192,15324,-188,5276,1
16116,-2184,1344,16080,-6220,4516,1
16076,-1152,-1156,15800,-8004,8016,1
16488,-1924,-1004,14844,4628,8280,1
13792,-4700,10760,16512,6520,2792,1
17728,-3636,4548,15440,2816,4328,1
15292,3736,5456,14796,-7056,6816,1
16344,-1424,5216,15460,-5056,4676,1
15644,-4464,3896,16528,40,3860,1
16268,-3268,3776,16320,-2644,3504,1
15948,-1052,4804,18932,-1324,3584,1
16852,740,5968,19156,-5544,5384,1
16220,-2840,5076,14792,1744,9188,1
16156,-2376,5616,12472,-1096,7532,1
15920,-2164,4832,14084,-4624,5504,1
15956,-1632,4540,15624,2968,5380,1
15872,-2328,4088,15900,-424,5292,1
15596,-1956,2456,15672,-3448,4668,1
15240,-308,2384,10424,-956,6052,1
16616,-2316,4888,15884,1728,9236,1
15820,-1220,8636,10308,-4736,1992,1
18336,-884,5432,21568,-1992,4020,1
15488,316,7268,16528,-1568,1492,1
14572,-988,7284,16164,1000,152,1
13852,-3620,8528,16696,2848,1248,1
14644,-1740,7888,16544,4072,3600,1
16276,1464,7400,16440,-4340,660,1
14984,1448,8172,17216,-2796,2732,1
15524,1596,7780,16568,-5616,1136,1
16004,-8,6440,15600,-924,2528,1
14264,-3368,5540,16060,10076,5336,1
15424,-468,8028,16280,4276,2272,1
15356,3100,7580,16460,1552,1880,1
15408,480,8292,16824,-9352,2500,1
15756,468,6768,16628,-420,3576,1
16156,-2480,5332,16116,756,4044,1
16316,-4204,5100,16636,-408,3028,1
17356,316,5548,16048,-316,1380,1
16856,248,6700,16288,1324,1684,1
11184,-1772,10016,16356,736,2944,1
15160,-116,6220,16432,88,4824,1
14948,2028,7520,16216,612,4132,1
15240,-616,8440,15988,840,3204,1
13184,-2272,9832,16092,2496,2788,1
11436,6420,12572,16044,-1204,2724,1
25856,-1608,-2048,17092,172,5284,1
15524,4512,1320,15644,880,6168,1
15820,-1536,3244,16576,2636,3092,1
17600,-1736,3208,15352,4020,4884,1
16248,-112,964,14796,720,5256,1
15752,-744,788,16724,-6480,4252,1
16432,-3508,1844,16336,-3784,5896,1
16156,-856,2272,15396,-2764,6352,1
16112,-2596,3472,15420,-2016,5968,1
15760,-784,1456,15200,-1924,5064,1
16652,-1600,3176,15844,-3908,4860,1
15344,-676,4500,15504,-492,5528,1
18860,528,3496,17072,1616,4544,1
17060,2096,4984,15616,4744,5440,1
10712,-2648,10448,15984,84,5500,1
14760,-6628,10444,15948,-1732,5164,1
15928,-2596,9240,16232,-5220,4196,1
15940,-2392,5772,18812,-3640,2712,1
17624,1300,2356,20436,-1036,4272,1
15328,-1688,4724,14980,-2100,9676,1
14972,-12,-4488,14132,1900,-8008,1
15628,-5068,-4840,15460,7836,-5920,1
15048,468,-4468,14500,2260,-7148,1
15604,772,-3952,13944,1572,-7392,1
14896,-1104,-5116,14836,3036,-8428,1
14940,516,-4792,13928,2380,-8040,1
15292,-1448,-5200,15300,3480,-7292,1
15172,-840,-4916,14328,4204,-6988,1
15144,108,-4416,14492,3608,-7168,1
15512,1532,-3836,14276,3448,-7296,1
15480,2112,-3700,14112,1568,-8404,1
15220,-3468,-4800,14524,4120,-7592,1
15400,-4804,-5216,15048,9096,-5392,1
14684,4296,-3964,14292,-1872,-7772,1
15640,6964,-3316,13972,-876,-9300,1
15152,-2788,-4928,14056,5628,-7528,1
14644,-10504,-3820,14056,10204,-6208,1
15724,8864,-5180,15980,-3408,-7780,1
15340,1968,-3732,13220,-520,-7808,1
16096,-6796,-5596,15108,7964,-8280,1
13992,-6000,-4580,13872,7120,-6916,1
15836,5768,-4284,15596,-4736,-7812,1
14876,6200,-3396,12332,-3644,-9928,1
15072,568,-5324,15236,5068,-7328,1
14068,-10428,-3804,14056,11004,-6500,1
17284,5692,-4180,16128,-3636,-8376,1
14380,5220,-3464,12880,-720,-6760,1
15976,-5316,-4860,17620,6948,-8112,1
13924,-3640,-4700,14400,5936,-12984,1
15928,5452,-3800,9136,-2852,-9432,1
15040,1320,-5052,3620,1580,-7860,1
15804,-1836,-4528,22064,-312,-2696,1
15052,-2148,-4660,12044,7692,-2788,1
14672,1672,-5348,11160,-1236,-7276,1
13728,2256,-4460,14076,952,-9536,1
15904,-1500,-4700,14384,2348,-8352,1
14516,-1480,-4848,14292,6076,-8104,1
15492,-1488,-4832,14032,5692,-8716,1
14792,812,-4764,13580,428,-8744,1
14992,3564,-5268,13628,428,-9548,1
16108,-1880,-3944,14064,5468,-8768,1
15356,-1720,-4116,14016,4520,-8812,1
14608,6952,-4260,13140,-3864,-9000,1
16032,-1588,-4564,13876,92,-9520,1
15528,-1156,-4880,13916,4300,-9608,1
16768,2632,-10900,14104,-260,-10096,1
12696,-576,-6856,14212,1360,-9728,1
5380,4736,-7112,13280,1956,-8212,1
7376,-7856,-6468,14164,3656,-8300,1
32767,-6428,8968,12572,5552,-9256,1
12404,2616,-4124,11540,1496,-8680,1
11008,3468,-6080,14616,3592,-8084,1
14772,-8572,-5596,14652,4588,-7716,1
13400,168,-6284,13496,2300,-9196,1
12992,-76,-7360,13820,3108,-8532,1
14176,-2812,-6976,14224,5176,-8112,1
14516,-2028,-6180,13988,3136,-9688,1
14456,1304,-6548,13124,-2860,-9452,1
14280,-768,-6452,14172,2400,-8840,1
14284,-6416,-6372,14092,6560,-8548,1
14116,2500,-6228,13984,612,-9292,1
14096,4180,-6080,13136,-1596,-9552,1
14360,2176,-6624,14144,64,-9284,1
14160,-10896,-5844,13736,11680,-7624,1
15536,-7496,-6124,15288,7536,-7388,1
11232,8388,-5392,11764,-5512,-8080,1
15328,3588,-5404,15144,-1460,-10624,1
14300,-9752,-6852,13904,7876,-8252,1
14168,-3888,-5456,13148,6756,-8644,1
14804,2800,-6804,10212,-3112,-10680,1
12676,2144,-6688,8696,768,-9412,1
14768,-2096,-6580,17148,5928,-9884,1
14112,-5616,-6788,14864,5748,-7752,1
15024,764,-6060,14264,1736,-10364,1
13680,1872,-6076,11896,1608,-9588,1
14372,-4656,-6536,14080,5172,-9228,1
13980,-3400,-6708,13664,4752,-9600,1
14104,2648,-6552,12308,-2732,-10808,1
14292,6052,-6220,12836,-888,-10780,1
14348,-5668,-6572,13204,10296,-7792,1
14588,-11672,-5692,14432,10448,-9028,1
12180,9756,-6124,11444,-6440,-9104,1
15400,6844,-5612,13420,-3980,-10696,1
15292,-6916,-6428,12608,8280,-9520,1
14672,-3920,-6000,12888,7876,-8696,1
18472,1200,-6180,14492,388,-10412,1
12504,5240,-5780,12128,944,-9316,1
8880,-3112,-2144,15332,2168,-8208,1
15856,-6400,-18636,12792,9500,-9480,1
1024,3876,-8016,13872,2504,-9264,1
22668,984,432,12792,44,-9820,1
10604,-1216,-6224,13168,2960,-10312,1
14820,-1364,-6628,13648,5336,-8632,1
15676,-516,-5912,14596,3616,-9480,1
14532,-1324,-5996,15472,2692,-8804,1
14640,-824,-5612,13996,256,-4616,1
14516,-1456,-5468,9816,3652,-10820,1
14892,-1432,-6068,11440,3476,-10552,1
14428,-764,-6240,16260,3036,-6764,1
14280,-1188,-6184,16884,2740,-9188,1
14556,-296,-5520,11220,1572,-8020,1
14908,-672,-4876,6804,5632,-13212,1
14452,-280,-6044,10968,2464,-5924,1
14280,-712,-6236,16104,4400,-9120,1
14512,-572,-6004,16892,3860,-7728,1
15148,464,-5500,12960,1844,-8460,1
14404,288,-5264,8880,3480,-14180,1
15036,-1196,-5868,13484,2232,-5672,1
14252,-596,-6456,16040,3212,-7680,1
14628,8,-5884,16336,1420,-6660,1
15008,-1020,-5572,15808,3316,-9468,1
14412,-1720,-5352,10864,1668,-6468,1
15300,-168,-5152,14496,5512,-12612,1
14604,56,-5924,7844,-140,-8008,1
14364,-108,-6376,20668,1624,-4880,1
14376,-1072,-5920,13540,5544,-8052,1
15076,-1212,-5536,14568,3348,-7384,1
15452,640,-4440,15156,3352,-6360,1
15932,-2520,-5332,14608,3244,-7756,1
15084,-580,-6308,14448,3428,-7708,1
8944,1276,-4780,14528,3372,-6500,1
19208,-1596,-7244,14924,4580,-7340,1
17440,816,-3708,14212,668,-8884,1
13524,2480,-6420,14332,-12,-8596,1
14492,692,-6456,14912,4492,-6672,1
15976,-5396,-4680,14828,6324,-7620,1
15000,2300,-5920,14084,-12,-7748,1
14992,2460,-4928,14996,-484,-7764,1
14844,828,-6548,13992,2376,-8408,1
14916,-1192,-5828,14248,3952,-7984,1
13820,-764,-6020,15316,2892,-7012,1
14900,-640,-5112,14288,756,-7692,1
12200,1476,-4884,14336,340,-7724,1
16604,-2784,-3940,14984,4572,-8476,1
16868,3384,-4940,14608,1856,-7236,1
15156,-2792,-1540,14876,2804,-8032,1
15540,600,-4064,14192,3200,-6796,1
11072,828,-7188,15312,3060,-6752,1
13504,-268,-15424,14916,3984,-6908,1
28088,-6788,4540,14656,2392,-8440,1
12788,-1072,-4476,14064,2072,-7692,1
15368,-3372,-5704,15156,2048,-7256,1
16176,-1544,-2788,14612,796,-7324,1
15340,-1484,-5136,15636,2756,-6880,1
14244,-4248,-5092,16524,1920,-6264,1
15212,-1124,-4484,12136,3416,-8440,1
15512,2064,-4216,14608,-640,-8664,1
14624,4636,-4088,13768,692,-8864,1
15216,-4408,-3568,15548,6476,-8372,1
15548,-10220,-4696,16444,6348,-4360,1
13104,7356,-4152,13804,-2464,-6880,1
16424,3084,-3420,14136,-1416,-9004,1
15492,-4088,-4432,15496,3756,-7236,1
14932,-3056,-4752,16880,6556,-8596,1
15796,2204,-5244,12988,-472,-9816,1
14036,-1616,-4096,4756,2864,-8960,1
15720,32,-4628,6508,2704,-9096,1
14764,-3540,-4660,14768,96,-4460,1
15336,-2228,-4120,9376,5820,-9688,1
15248,-80,-4156,17104,480,-9760,1
15344,-1628,-4588,13432,3808,-7560,1
14888,-6364,-5268,15572,7584,-8012,1
15704,-4820,-3896,13112,7108,-7744,1
13952,10000,-3172,13364,-8124,-8940,1
18324,6876,-1824,12440,-7812,-11608,1
13892,-1904,-4048,13088,5696,-9532,1
15936,-12900,-3788,15052,10776,-6460,1
14332,7220,-5344,13652,-1820,-7816,1
16124,3760,-3556,12416,-2060,-7800,1
15876,-5848,-4700,16012,5604,-10512,1
14220,-4924,-4100,12668,6788,-7708,1
16780,1492,-3816,15468,692,-7936,1
13828,3604,-4352,13148,-1380,-9260,1
15836,3660,-4148,13508,-1540,-9472,1
15264,-6372,-4424,14368,8512,-8224,1
15792,-2052,-2716,14224,6028,-8252,1
14532,3112,-4448,13992,-240,-8212,1
17576,2832,-4280,13008,-3600,-9676,1
12660,1272,-8968,13604,620,-9060,1
10560,-436,-6092,14060,6752,-8672,1
6624,1388,-7744,14808,2324,-8384,1
17852,856,-160,13640,-1588,-9076,1
12020,1100,-8396,14044,3096,-7452,1
17448,-3304,-5384,14336,4472,-8196,1
14960,-2608,-5232,14220,3668,-8340,1
15324,-2260,-6236,13816,3412,-8952,1
13996,-1024,-6080,14008,812,-8612,1
15188,6920,-4228,13840,-5964,-10428,1
14184,340,-6220,13528,3644,-9556,1
14680,-11676,-4892,14728,8896,-6680,1
16408,1600,-4976,14984,640,-8420,1
12940,5048,-4128,11948,-2160,-8848,1
16388,-2064,-5620,15264,2960,-9260,1
13908,-7272,-5244,13592,6552,-8236,1
15744,1648,-3996,15912,464,-7212,1
13684,1752,-6420,16020,1068,-11516,1
14796,-3284,-6084,11024,2716,-10844,1
15204,2776,-5260,3712,2516,-8628,1
14860,-3504,-5684,7576,4580,-13028,1
15132,-1396,-6336,16488,-420,-9132,1
14376,3656,-4696,12000,5692,-10724,1
15508,-292,-4236,14304,2796,-10360,1
14840,-2084,-5696,14260,3724,-8616,1
14628,-1348,-5740,13600,4012,-9368,1
14828,-1548,-5824,12976,2580,-9240,1
14824,-1056,-5572,13788,3040,-9248,1
14876,304,-5228,13004,2104,-10520,1
14772,4100,-5572,12972,-1304,-9940,1
14868,3072,-5352,13256,1564,-10056,1
15376,-3328,-4700,13216,6308,-9064,1
15888,-6268,-4888,14548,6944,-8128,1
13976,3624,-5440,13324,2592,-9180,1
12420,392,-6336,13664,1224,-9556,1
14112,-1640,-6552,13444,2852,-9524,1
14636,-1000,-5604,13488,2264,-9296,1
16664,-820,-7076,13648,860,-9788,1
15216,1932,-7376,13028,2524,-9840,1
8140,2904,-6612,13736,1216,-8968,1
4220,-5116,-6276,13236,4720,-8564,1
32767,-9616,2228,15452,1712,-9928,1
15188,-1620,-7768,13652,2764,-9528,1
12276,2752,-8296,14392,1468,-8900,1
15288,-2336,-6472,15844,2904,-8112,1
13344,-4728,-6848,15288,3700,-9452,1
14028,268,-7492,13060,1936,-8324,1
13684,2248,-6152,13856,2880,-8996,1
14488,-584,-7092,8540,3104,-8500,1
13156,-1876,-7036,15200,6312,-20020,1
13976,-2832,-7176,14116,2836,-5940,1
13500,-1284,-7412,15680,2260,-6660,1
13880,444,-6664,10312,2876,-8240,1
14396,-1144,-6468,10592,4084,-13228,1
13796,-1872,-7436,13532,2152,-5264,1
13740,-804,-7536,14340,2992,-8076,1
13944,600,-7056,14332,2256,-7836,1
14116,-2364,-7524,15780,4820,-9580,1
13612,912,-7176,12280,2476,-6592,1
14076,448,-6652,10920,3552,-10220,1
13912,-732,-7056,16656,2736,-5956,1
13640,-704,-7224,15012,3536,-7324,1
13964,-2308,-7748,15724,2848,-8372,1
14268,184,-7108,10076,2464,-8856,1
14160,1004,-6572,11916,3048,-11312,1
14012,-1312,-7344,19520,3244,-6628,1
13940,-1392,-7364,12116,3732,-7368,1
14800,656,-7052,14408,2944,-8884,1
17076,204,-6296,14548,3672,-7840,1
14428,-2708,-7004,14736,1244,-7948,1
12744,168,-7968,14364,2580,-6604,1
7792,-2616,-5484,14652,4500,-7088,1
7924,724,-4544,13896,2128,-9128,1
8712,-260,-2096,13448,3296,-7628,1
21596,-4876,-6732,14652,5520,-8932,1
13712,-1184,-8508,13544,500,-8572,1
12300,3676,-8164,14456,-160,-7536,1
16272,-2572,-4400,14492,2296,-8672,1
15416,-7456,-6428,14636,3352,-6908,1
13836,-960,-6264,15020,2996,-7712,1
16772,640,-5584,13832,1356,-9064,1
11824,-1080,-6332,14160,-380,-9044,1
7820,-676,-6896,14232,1596,-7792,1
32767,1480,-8144,14764,3456,-8128,1
17272,-5056,-5964,13740,3312,-8384,1
14644,1140,-6152,14356,3236,-7628,1
15728,-2600,-6636,14712,2268,-8580,1
10916,-340,-5792,13824,1852,-8316,1
17580,664,-8928,14872,2404,-7576,1
14172,-3084,-5140,15108,3272,-7948,1
16464,556,-4112,14764,1920,-8052,1
13868,-5344,-6268,14744,2868,-10416,1
14988,-488,-6032,11004,4312,-9868,1
15024,-12,-5640,10728,3356,-10344,1
14512,-876,-5568,2716,1464,-4524,1
14656,-724,-6244,32767,7636,-6172,1
14120,-708,-5660,12176,8976,-9872,1
15044,-1328,-4760,9908,-52,-9920,1
14716,-1324,-5668,14188,2776,-8868,1
14300,-1744,-6340,14900,2788,-8676,1
14696,-4304,-5984,12476,5164,-9508,1
14700,-2936,-5804,13884,4524,-9212,1
14260,3748,-5388,13492,-1372,-9820,1
14720,4344,-5668,12584,1760,-10120,1
14892,-4612,-5216,13656,7840,-8608,1
15128,-8928,-5288,14400,7888,-8380,1
13332,6024,-5628,12744,-1788,-8984,1
15072,4448,-5240,13128,-1440,-10384,1
15016,-3840,-6300,13072,5544,-9948,1
14936,-6268,-4372,13636,6432,-8172,1
16544,668,-6156,14708,3244,-9492,1
13148,2344,-7076,11604,376,-9532,1
12812,-12,-7800,14720,1732,-8724,1
6464,-4136,-7036,13180,6676,-8352,1
11556,-2620,-9444,13432,5200,-9892,1
26924,1748,1456,13400,500,-10552,1
11816,96,-8312,13264,2012,-8452,1
12168,-1276,-7520,14524,4204,-8080,1
19596,-4676,-3808,13816,3828,-8920,1
14052,-2072,-6828,13644,3112,-9316,1
13308,-1600,-7456,13384,2336,-9400,1
14724,-2276,-6524,15648,3408,-8504,1
14680,-2132,-6376,13300,3876,-9588,1
14124,-796,-6024,9560,1004,-10448,1
14288,-72,-6324,8408,1444,-10428,1
14088,-1936,-7248,20536,3460,-8460,1
14344,-4556,-6812,11184,6812,-8468,1
14312,-2912,-6484,12180,4500,-9728,1
13868,1168,-6460,15144,1968,-9156,1
14416,7788,-5960,12788,-4244,-10512,1
13984,3340,-6728,12552,1964,-10068,1
14084,-11148,-4996,14472,11396,-7172,1
16324,-7588,-6252,14768,7504,-8788,1
10380,5492,-5424,11972,-1740,-7836,1
15312,-428,-7016,15864,304,-10260,1
14176,-5636,-6204,11256,9832,-12024,1
14216,1748,-5212,8412,3548,-8608,1
15272,-1868,-7040,8344,1520,-8896,1
12616,480,-7604,32767,4364,-7144,1
14576,-812,-6176,15820,10016,-7076,1
14196,-3460,-6196,10244,5172,-10216,1
14548,-508,-6440,9160,-320,-10960,1
14164,2024,-6668,16736,796,-9364,1
15728,-44,-5832,11860,4688,-10084,1
15640,-2432,-8592,13276,5524,-9556,1
11616,-1172,-7844,14224,2208,-10436,1
11592,1260,-7732,11328,2100,-9788,1
7060,-1080,-5728,13756,3284,-9972,1
13204,-2436,-8768,12868,3820,-10196,1
17432,-2800,1584,12744,1932,-10464,1
13052,-64,-8240,12932,2128,-9588,1
13536,-624,-8152,13132,2004,-8992,1
15596,-3588,-6288,13164,4296,-10664,1
13460,-1924,-7500,12652,3156,-9832,1
12940,-4,-7632,13160,3124,-10204,1
14292,-1004,-7088,12856,3140,-9800,1
13804,-4108,-7468,12984,6412,-9324,1
13776,-2160,-7060,13268,3788,-9928,1
13676,4576,-6504,12044,-3712,-11160,1
13956,4716,-7244,12868,-348,-10564,1
13740,-5880,-6864,13140,8420,-9584,1
14568,-8416,-7152,14012,8028,-8800,1
12528,4808,-7232,11780,-424,-9792,1
14212,4624,-6692,13180,-2164,-10684,1
14184,-2408,-7696,12656,4748,-10568,1
13232,-6552,-6788,13180,7580,-8468,1
15192,-6760,-6936,14656,5788,-9608,1
11376,5700,-6772,10612,-2588,-10060,1
14872,5572,-6500,13960,-1324,-9912,1
14268,-6584,-6600,13020,8248,-9744,1
13636,-4588,-6876,14096,8344,-8868,1
15480,-224,-7212,12396,432,-10832,1
11624,4568,-7416,9980,784,-11772,1
14904,972,-6700,8336,5568,-8828,1
13796,-6368,-7240,17128,6860,-10156,1
14160,-1696,-6864,10912,3476,-8740,1
13840,1500,-6740,8944,-44,-9968,1
13696,816,-7452,14000,2552,-10656,1
14064,-2080,-7296,13052,4092,-10640,1
13600,-2568,-7360,11756,5200,-10620,1
14636,-1732,-7444,12604,4068,-10460,1
14684,-820,-7992,12628,2532,-10632,1
11792,-532,-8140,12572,2796,-10348,1
11356,-1528,-10256,12332,3440,-10236,1
9940,-1292,-7896,12624,3636,-10744,1
10804,-328,-7972,12172,2536,-10876,1
32767,-600,-4340,12692,2228,-11224,1
12120,-1460,-8292,12676,4416,-10000,1
12676,-332,-7952,12816,3784,-9476,1
14528,-2244,-7348,13088,3456,-10264,1
13096,-2000,-8556,13272,4576,-10052,1
13020,-2464,-8336,12528,3476,-11184,1
13476,1060,-8260,10132,2620,-10552,1
13284,-1128,-8132,12164,4204,-10276,1
13236,-812,-8256,13816,2232,-11004,1
13140,-1132,-8132,11208,4296,-9832,1
13532,-9136,-7764,14000,9532,-9344,1
12892,1744,-7960,12344,1480,-10232,1
13108,5708,-7788,11640,-1668,-11184,1
13516,208,-8380,12712,1572,-11320,1
12832,-5048,-7284,13020,8456,-9072,1
14236,-6432,-7752,14288,7676,-9760,1
10960,2388,-8496,11908,396,-11084,1
14012,3156,-8104,9516,3264,-10744,1
13552,-4176,-7808,12744,8004,-13040,1
12928,-3412,-8356,8604,4332,-9352,1
13640,1140,-8428,6968,-52,-9324,1
12824,1148,-8644,8588,2560,-7116,1
13428,-1324,-8120,18636,6100,-15972,1
12828,-2548,-7744,10576,4536,-12052,1
13780,-1876,-7448,9616,2148,-11696,1
13324,-1252,-8392,13488,2784,-11976,1
12900,-1120,-8284,9776,4912,-12348,1
13384,-3604,-8300,11200,6748,-11292,1
13352,-3736,-8452,11124,4616,-11872,1
12924,1508,-8136,10416,2212,-12320,1
13504,2856,-7848,10680,1556,-12984,1
13072,2308,-8372,10536,1916,-12788,1
13372,-4236,-7548,11148,6476,-11896,1
14012,-5888,-8380,11040,5800,-11392,1
11916,3860,-8076,10320,580,-12336,1
13700,4096,-7988,10512,2164,-12800,1
13412,-3924,-8152,10724,3888,-12368,1
13284,-6940,-7264,11748,8528,-11176,1
14604,-108,-7916,10260,2616,-11740,1
11876,4372,-7728,10476,1048,-12496,1
15064,1252,-7636,10820,5800,-12776,1
14116,-6156,-9272,11092,4532,-11884,1
11632,-936,-10428,11024,1416,-12480,1
12380,2628,-11560,10388,3668,-11544,1
9624,20,-6992,11416,3220,-12688,1
6560,-1752,-6276,10372,3984,-11696,1
15988,-2260,-21704,10332,3512,-12716,1
16124,-1260,-6536,10636,2548,-12428,1
5560,6564,-8892,11340,4456,-10928,1
10784,-2132,-9480,11428,5100,-11244,1
17292,-5004,-8656,11244,3772,-12228,1
10936,-1476,-9576,10668,3844,-11708,1
11020,276,-9848,11208,4792,-11656,1
13328,-2344,-9248,11348,6360,-11824,1
12152,-516,-9124,10548,1380,-12488,1
11876,3000,-9572,10284,292,-12364,1
12368,-776,-9684,11524,2772,-12152,1
12384,-7720,-9124,11556,7684,-10940,1
11924,-3524,-9560,11048,5224,-11484,1
11876,1824,-9308,10876,1624,-11852,1
12440,156,-9436,11156,3488,-12660,1
12064,68,-9732,10824,2652,-12248,1
12060,-1092,-9300,11232,4068,-11908,1
12596,-2996,-9416,11728,4940,-11968,1
11792,-904,-9308,11568,4636,-11124,1
12272,-2948,-9500,11908,5104,-12256,1
12160,-1836,-9644,9424,2980,-13876,1
12048,860,-9056,8088,2872,-12848,1
12276,420,-9752,4304,1852,-9552,1
11624,380,-10784,9236,4848,-15824,1
12660,-1944,-9796,6332,6636,-11880,1
11984,-836,-8928,6912,92,-10528,1
12532,-960,-8884,9032,4348,-11860,1
12080,-1692,-9464,12920,4100,-12816,1
12092,-2320,-9816,8956,4252,-12616,1
12036,-2416,-9900,10556,3492,-13016,1
12020,-2116,-9948,9868,4576,-12956,1
12152,-220,-9408,9876,2824,-13352,1
12700,1040,-9488,9956,2504,-13244,1
12968,312,-9496,9624,2296,-12984,1
13776,-2184,-8844,10244,3696,-12896,1
12992,-888,-10192,10176,3004,-12152,1
6528,-2144,-5372,10768,4040,-11788,1
4856,-1336,-8700,10372,4328,-12364,1
19884,188,-8452,10024,2508,-13352,1
13456,-980,-9948,9720,2996,-13672,1
10704,-1996,-9876,9760,5176,-12236,1
13680,-7824,-8760,11472,12832,-11176,1
12524,-1876,-8996,9952,2700,-12008,1
11772,5348,-8844,9468,-732,-12828,1
13336,2680,-9132,9812,-184,-14320,1
11760,-284,-9048,9724,1608,-13984,1
13100,-8680,-9336,10728,6304,-11876,1
11460,-872,-9436,10260,3244,-12340,1
12260,5116,-8392,9772,-180,-13096,1
12868,1100,-9484,10020,2948,-13260,1
11780,-3064,-9244,10268,4572,-12928,1
13160,-10208,-8596,11020,8948,-11572,1
12204,3052,-9324,9380,3864,-11824,1
11460,3872,-8724,10324,3192,-12836,1
13432,-1032,-9432,10260,4524,-13340,1
12024,-2988,-9388,10216,2916,-12672,1
13124,-4676,-8396,10004,3724,-12560,1
12468,-724,-9484,9912,5236,-12248,1
11844,-252,-9184,10328,4484,-12492,1
12640,-1056,-9420,10480,4564,-12740,1
12184,-2368,-9488,10392,2940,-12924,1
12236,772,-9088,9904,2288,-13072,1
12440,-1180,-9260,13144,5576,-13032,1
12896,172,-9244,13612,3732,-13056,1
12204,284,-9316,15760,2468,-10968,1
12720,-316,-9068,10552,2804,-9940,1
12820,-1572,-8852,3808,1708,-10360,1
12324,-1872,-10108,13108,1812,-32768,1
11792,-364,-10360,10456,7984,-9572,1
11956,688,-10000,13032,2848,-9600,1
12296,-616,-9216,8320,6024,-10836,1
12632,-1976,-8844,15268,3296,-9952,1
12412,-1404,-9052,12536,3244,-9976,1
12208,-732,-9344,11344,3580,-10836,1
12264,-1444,-9484,12868,3324,-10752,1
12256,-1924,-9844,12032,3840,-10836,1
12088,-4712,-9672,12588,8092,-9792,1
12520,-2220,-9364,12604,4148,-10700,1
12056,6008,-8724,11168,-2428,-11704,1
12436,3616,-9380,12268,920,-11576,1
11944,-4488,-8712,12460,5984,-10744,1
13120,-7252,-9348,13208,6864,-9788,1
11636,1712,-9552,11508,2696,-10320,1
12124,2824,-8972,12492,1204,-10636,1
12632,-1820,-9584,12212,4228,-11244,1
11892,-2660,-9040,13892,3720,-9292,1
13680,-4564,-9004,15444,5816,-10872,1
11584,2244,-9808,16304,1248,-8896,1
12072,2168,-8600,12588,3424,-7556,1
13088,-2716,-8912,7080,3596,-8868,1
12180,-2880,-9312,6924,3776,-10056,1
12516,840,-9520,6152,2740,-7008,1
11764,1984,-10092,19780,2400,-8348,1
12248,-984,-9484,13152,5892,-9692,1
12360,-2328,-9152,12776,3244,-8920,1
12348,-1596,-9492,14264,2720,-8532,1
12120,-460,-9392,13152,3772,-9240,1
12120,-832,-9604,13408,2776,-9328,1
12216,-1748,-9740,13500,3068,-9420,1
12044,-984,-9352,13004,896,-10632,1
12164,-52,-9852,13184,2012,-8696,1
12212,-6936,-9332,14756,10016,-7984,1
12356,-2308,-9176,13216,4248,-8708,1
11892,4164,-9140,12632,-1076,-9424,1
12396,972,-9984,13624,2268,-10380,1
11900,-1136,-9584,13344,4324,-9596,1
12456,-2624,-9200,14084,4644,-8940,1
12320,-1096,-9564,13232,3620,-9288,1
13460,460,-8828,13336,2300,-9008,1
16112,-1336,-8768,13548,3184,-10236,1
15344,-3788,-8536,13484,4264,-9204,1
12652,1568,-8536,13372,2508,-8580,1
9984,116,-6696,13260,2772,-9184,1
9076,-1300,-8464,13436,2640,-9060,1
9136,-1132,-10256,13424,4276,-9372,1
14804,-2116,-7572,13068,3764,-10032,1
21488,-4516,-5080,12952,1640,-10260,1
12840,2132,-6840,13100,1932,-9592,1
11836,-4704,-7608,13404,6984,-7636,1
16016,-5216,-6112,13980,6528,-8396,1
12800,448,-7440,13020,1008,-9328,1
13616,1236,-7464,13080,1332,-10140,1
13808,-1204,-7692,13260,4288,-9640,1
13572,-8008,-7092,13724,6592,-8860,1
14564,-3152,-7252,13480,3196,-9072,1
12856,2064,-7072,12988,1072,-9040,1
13988,1168,-7120,13600,2268,-9948,1
13904,-3140,-7400,13072,4380,-9624,1
13684,-4728,-6900,13832,5128,-8996,1
14060,-1940,-7412,13396,4252,-9016,1
12996,188,-7484,13160,3084,-9048,1
14004,-84,-7432,13620,4000,-9516,1
13524,-2772,-7532,14116,4272,-8496,1
14128,-4360,-7200,17244,4376,-7824,1
14080,-812,-6944,18396,1692,-7752,1
13160,2164,-7216,15160,816,-8432,1
13740,-1520,-7164,6452,3836,-9496,1
13672,-3428,-7776,5576,2432,-10276,1
13580,-1004,-8144,11804,7924,-13740,1
13040,656,-8116,11584,3076,-6024,1
13616,436,-7340,13504,4068,-8924,1
14148,-1472,-7004,14720,3372,-8928,1
13772,-1964,-7444,14880,2520,-6980,1
13608,-3032,-7224,14976,5392,-7500,1
13732,-1088,-7276,13780,2696,-8420,1
13448,2272,-7764,14236,664,-8496,1
13628,-1668,-7756,14160,3864,-8428,1
13580,-8220,-7392,14464,6412,-7404,1
14056,-2332,-7488,14444,2472,-7732,1
12928,624,-7304,14136,948,-7940,1
13964,248,-7636,14076,2140,-8656,1
13676,-1796,-7448,14176,2868,-8164,1
14236,-2940,-6668,14420,4248,-7828,1
17104,-1956,-7376,14204,3904,-7896,1
13900,-864,-7200,14528,3088,-7440,1
14000,-1684,-7492,14736,3700,-7260,1
12400,-3056,-6092,14060,5600,-7472,1
12552,-1000,-6404,14376,2824,-8176,1
8248,756,-8240,13956,2468,-8100,1
26904,1808,-10528,14720,3060,-8764,1
17428,-3808,-4816,13708,3436,-8424,1
12760,-2520,-7036,14376,4072,-7476,1
12616,-4260,-6816,14472,5296,-7332,1
15340,-528,-5756,14284,2988,-7692,1
13928,1100,-6760,14160,828,-8272,1
14208,1252,-6948,14012,1816,-8632,1
13972,-856,-6492,14352,3796,-8124,1
14836,-8116,-6372,14548,9284,-6604,1
14088,268,-6640,14268,2964,-6912,1
13728,3712,-6072,14208,-480,-7680,1
14668,184,-6628,14004,3976,-9636,1
14116,-3616,-6640,13728,3864,-7824,1
14644,-6148,-5776,15096,5580,-7436,1
14048,972,-7132,14040,1152,-7528,1
13748,856,-6280,14160,1544,-7660,1
14900,-248,-6516,14380,4220,-8688,1
14036,-3616,-6828,14272,3356,-7936,1
14652,-1936,-6192,14624,2732,-8072,1
14096,-132,-6852,13828,2920,-8008,1
13380,-208,-6836,14332,2612,-7688,1
14504,-48,-6408,14160,3452,-7932,1
14200,-3668,-6044,14100,3780,-7708,1
14452,-12948,-6112,14648,12220,-5004,1
14292,-7412,-6468,15316,9580,-6196,1
12660,3384,-4868,13364,-2464,-6256,1
15508,6472,-5400,14108,-84,-10584,1
15008,-3228,-7296,13792,-2508,-9924,1
13132,1212,-6284,13420,-452,-8456,1
16064,-5324,-5936,15652,7496,-8100,1
12376,-2824,-6632,12996,5540,-7416,1
14768,460,-5396,14932,1188,-6136,1
14536,-4460,-6800,14128,4796,-8548,1
13848,-5204,-6292,14516,4116,-8124,1
15156,-720,-5612,14484,724,-8108,1
14236,1444,-6548,14112,1636,-8536,1
14328,1436,-6060,14404,2688,-7796,1
14016,-448,-7384,14904,3984,-7036,1
14420,-1688,-5812,16628,3968,-6396,1
16184,-88,-5060,15796,3588,-6724,1
16924,1944,-4216,14348,1788,-7668,1
13600,2052,-3444,11528,2800,-7908,1
15832,-8520,-8492,8868,3712,-8872,1
11256,1052,-12976,23648,4456,-4308,1
19592,-6708,-3828,16304,2396,-5852,1
12988,-8672,-4636,18656,1376,-10544,1
15012,536,-4596,10960,-284,-6948,1
15208,-2348,-3832,10084,1160,-5296,1
14428,-5124,-5820,13360,-732,-7520,1
14476,-3980,-4884,14944,144,-8284,1
13868,-3424,-5276,20556,344,-13896,1
14528,-5076,-5076,14744,-212,-5464,1
13036,-2456,-5356,16392,-1040,-6288,1
14952,-5848,-4512,16092,-644,-8092,1
13548,-4076,-5248,12248,-4696,-6708,1
13832,-8520,-5352,11064,556,-13408,1
14104,-5236,-5640,21156,-360,2088,1
12464,-9644,-7088,12576,-1064,-6112,1
14644,-6368,-6040,17052,-2164,-8116,1
12704,-5424,-5856,15228,-1432,-5368,1
14188,-7128,-4308,14632,-952,-7488,1
14232,-4336,-3012,15104,-1920,-3312,1
14792,-5008,-512,15040,-2788,-2520,1
14864,-4504,2184,15708,-4320,1020,1
18004,-4108,6964,16764,-2812,4200,1
16216,-3988,9688,16440,-6100,3968,1
13224,2872,4356,17580,-1432,4612,1
13840,-14288,-6524,15932,-5884,3704,1
20928,-2892,8628,15532,-4476,532,1
10716,-2648,2956,15976,-5844,2516,1
16648,-7128,5856,15884,-4128,2136,1
14412,-5156,5192,15600,-4088,3340,1
14468,-6364,7492,18800,-3328,9584,1
15100,-4264,6056,12740,-4292,9076,1
15884,1864,6188,10280,456,-4252,1
15544,-2588,6224,23356,-23232,30948,1
13632,-2708,6064,10088,10828,5004,1
16592,-4232,7672,17752,-6568,4928,1
14680,252,8620,14536,-2708,6044,1
15016,-1780,7680,14484,-3040,6812,1
13356,-936,7092,15160,-2400,6712,1
14912,-4972,7684,15028,-2512,8512,1
13868,-9512,8316,13592,-2000,8844,1
14180,1224,10960,13752,-6808,10880,1
13788,-2920,10276,12344,944,10304,1
14080,1472,10264,13452,-6692,11284,1
13512,-2748,10320,13308,-4,9852,1
13880,1220,11004,14104,-1580,11236,1
13892,1184,12520,14688,1284,12288,1
13708,2592,12676,17316,4,12372,1
14404,2132,10536,24000,-1144,10040,1
13496,1920,8160,1576,2224,-2044,1
13832,56,8356,-5320,8604,32767,1
13800,1024,9336,16820,5956,7848,1
14524,-888,9400,10436,-144,8180,1
14820,1088,10268,13076,-2572,5892,1
13972,1812,9424,16612,332,8272,1
14620,96,10588,15404,-664,8200,1
14776,1268,10680,14552,-1900,8788,1
19416,596,10840,15988,340,5652,1
13092,-804,3248,14708,316,5856,1
10264,-292,6376,15088,412,2476,1
13132,3996,12744,14224,-288,5624,1
13784,-8380,5200,15156,632,5852,1
17736,6340,8340,16308,-1764,7072,1
13496,-144,10116,16496,640,7560,1
15368,-1572,9776,22504,-364,5040,1
14952,864,8820,12408,-1276,4416,1
15276,-160,7836,6680,-1408,3980,1
14804,1020,6324,32767,-4880,28820,1
15228,-660,9024,13092,12436,2480,1
17668,1280,7172,22016,-4836,6272,1
23096,-1100,296,12036,2920,5128,1
-320,2572,10856,17888,-1084,5788,1
3144,-2412,12960,15384,1720,5560,1
15404,-2624,7148,15232,-2248,10440,1
14740,584,9012,15412,388,5624,1
12948,-2388,7448,15844,-1872,7612,1
11632,164,9796,14872,3024,6880,1
16140,3664,8364,15504,500,7084,1
14496,52,8424,14864,1352,6612,1
14728,-1352,8020,14992,916,7232,1
14760,2396,8980,15992,84,7392,1
14588,560,8464,22332,4316,5732,1
14480,1216,8340,18604,-424,1568,1
14660,396,8252,-1800,-4384,9544,1
15124,588,8236,1744,-1816,8612,1
15616,-1216,10356,32767,-20008,-4972,1
15636,3584,9776,704,504,9768,1
14336,496,10576,15408,1432,6484,1
16192,1788,9560,14668,2436,9076,1
12452,2448,8620,14688,556,7256,1
14396,-1032,7768,14380,1524,8276,1
14964,3752,9340,14880,1456,7500,1
15888,4316,9176,15084,-36,7852,1
14840,1472,8636,14176,1984,7920,1
13816,1020,8800,15108,1000,7860,1
15412,2960,8536,14948,900,7832,1
13720,2092,9060,14320,928,7904,1
15212,1544,8572,15004,1240,8060,1
13928,1700,9040,14264,1464,8396,1
15336,1516,8316,15692,864,8020,1
14292,2940,8376,14632,1224,6684,1
14368,-4,9512,15008,1420,8580,1
14576,2996,9224,14360,364,7980,1
13792,284,9420,15172,-324,8260,1
14688,2152,8876,14044,1208,8156,1
12708,1000,9460,15164,312,7652,1
16596,1512,8664,14148,864,8196,1
13476,508,10604,14972,428,8704,1
15396,968,9136,14888,-128,9264,1
14368,1176,9272,14876,-1024,8116,1
14520,-112,8600,14348,-652,8532,1
15196,672,8052,15480,-388,7776,1
14900,1200,7000,14568,1240,7504,1
14696,664,7140,15764,832,5256,1
15144,28,6392,17000,792,5228,1
15188,368,6592,11200,-1568,7724,1
16148,-932,5596,20076,-728,2824,1
15720,-352,4156,17336,48,2580,1
16028,-1944,4404,19772,1140,-1772,1
16324,344,3776,7916,-1024,7576,1
16572,-1864,2648,6848,-9448,7260,1
15692,-3296,6248,30872,-5216,-7184,1
16568,2424,5344,3508,1128,4848,1
16208,-1140,5884,14252,-3476,2196,1
15792,-556,3092,17640,3228,1956,1
16460,196,3696,14924,-588,1688,1
16568,224,3936,17312,1032,2924,1
17604,-612,3376,16688,-1112,2192,1
19824,-224,1448,16348,1400,2672,1
15156,-76,4408,16572,-432,2732,1
14336,-1872,5584,16600,924,2600,1
12940,1728,5800,16432,696,2712,1
14724,-3012,7028,16916,-140,764,1
17716,4068,11844,16332,-376,2688,1
23604,3012,3392,16956,448,3056,1
15816,308,5452,15996,-756,3404,1
15516,236,3100,17092,-612,3064,1
18048,552,3284,16404,92,496,1
16472,-3996,1328,16124,-148,-336,1
15724,-1196,3312,17132,-776,1108,1
16292,-1036,4124,18636,-2456,1752,1
16272,-1988,5644,17724,-3800,2260,1
16316,-2092,4236,13624,-1292,6368,1
15836,-1740,2580,12580,-4940,6560,1
15772,-1724,1604,13892,-404,6084,1
16676,-2124,6136,23784,-4740,-8420,1
16060,12,5136,13352,3320,-6736,1
16224,-2656,5472,17696,-4492,3820,1
16028,-2604,3956,8212,-2800,7304,1
15812,-1528,568,13048,-516,8580,1
16048,552,3544,24980,5176,1532,1
16148,-572,6380,21748,-4512,4308,1
14900,216,7848,14788,1616,2892,1
16620,580,7496,17924,56,2444,1
16188,1260,6284,16716,104,4228,1
15896,-936,4896,16044,-428,2600,1
17844,-2552,2268,16104,-276,2636,1
17276,-528,1084,16748,496,4008,1
17820,-1896,2536,16836,412,2048,1
14316,1808,5268,16072,708,1920,1
12332,2604,19288,16736,168,2708,1
12540,-2680,8208,16492,616,2088,1
19532,3428,3328,16292,1692,2712,1
17224,-4100,3908,16552,564,3528,1
18020,-208,-1800,16168,-1896,2620,1
16924,-1692,2960,16440,-552,1608,1
13720,3080,3872,16312,852,2836,1
14764,152,7048,16228,1360,396,1
8748,1540,-9648,15680,-436,348,1
11232,2856,4056,16120,1732,2560,1
16980,-5780,2600,17204,-952,4080,1
19752,748,2144,16592,-3252,4208,1
16980,-3620,2004,16368,-3184,2888,1
15964,-1352,2156,17200,-2252,1704,1
15868,-1796,4120,16116,-2136,1756,1
16064,-2472,4120,16052,-1384,3744,1
16488,-1392,5340,11628,-8192,19060,1
16916,-1488,5972,26516,12356,-4376,1
15980,-1352,3972,13576,-3812,3988,1
16352,-1464,4440,15564,468,3200,1
16180,-1700,4612,17004,-2044,3848,1
15968,-684,3824,17428,-4040,3588,1
15660,-2228,6384,16620,176,3048,1
16428,-372,4944,15828,1016,3720,1
16012,816,3748,16460,-180,2700,1
15544,-904,2476,16212,-1024,3136,1
17112,-2044,1108,16844,-556,2752,1
16640,-244,3328,16292,332,2456,1
16728,-3216,3944,16328,16,3644,1
15468,816,3136,16464,64,3576,1
14976,600,9020,16496,716,2356,1
15700,3928,5880,16416,176,3800,1
17456,1728,2504,15760,-504,3952,1
15236,-1316,2232,16460,-648,3004,1
17300,-1332,3720,16388,-1184,2872,1
16280,-972,3592,15836,-1228,3560,1
15944,-800,4080,16512,-44,1684,1
16320,-964,4396,15928,-640,3616,1
16380,-1504,4584,16408,-980,2492,1
16144,-1076,3120,16708,-80,3276,1
16300,-1704,4336,17368,-1256,1540,1
16304,-2064,2772,18908,-1220,-628,1
15728,-1624,4020,16212,-2276,2828,1
16000,-2500,2872,12676,-3460,3504,1
16068,-1700,2508,13892,-776,6036,1
15368,-2576,5228,14972,-5944,-7416,1
16272,-1736,5904,14112,-3676,-136,1
15904,-2724,3684,15460,-292,4936,1
15800,-2016,3064,16388,1580,1304,1
16272,1788,3000,15832,-5660,-1548,1
16044,-868,5016,16484,-4164,-100,1
16148,-4312,4860,16412,7112,4032,1
16104,-4004,6268,16184,864,3448,1
15176,12,6328,17136,-2312,1396,1
16760,4760,3836,16428,-7584,1212,1
15980,-5172,2192,16356,3700,2872,1
15400,-3628,6468,16684,1936,1568,1
15672,-256,5264,16540,352,3080,1
17160,7152,4332,16772,-5520,1632,1
15932,-3800,4804,16496,1132,1168,1
14804,-3248,5480,16136,1876,424,1
15876,1068,3284,18784,1864,-360,1
16704,-2792,4156,20712,-1128,-1456,1
16444,2296,2344,7932,-2784,9812,1
15412,-4736,-1740,3496,-4256,10804,1
14876,704,4772,4388,-1820,2052,1
15688,-808,8164,30268,7932,3524,1
14152,1928,9288,13100,-2480,1252,1
18092,2872,4312,16156,2296,2932,1
15612,296,5312,17916,1996,2432,1
15280,-708,4232,16524,636,580,1
15884,-2412,5240,15888,3532,4884,1
15276,-2704,6680,16336,-1092,3556,1
15860,3172,6228,16440,-5192,2052,1
15184,5824,5992,16500,-648,3520,1
16432,2440,6852,16016,3216,3304,1
15376,-8780,6956,16600,4024,3664,1
15208,2752,6532,15848,-2204,3572,1
15472,84,5836,16376,-3540,3500,1
17352,2116,5192,16396,608,3852,1
18056,196,4644,16392,1752,3344,1
18672,-1336,1796,15904,560,3900,1
15736,-468,10012,16372,696,2728,1
14024,-3204,4720,16460,-604,4068,1
14732,6272,7272,16184,1124,3224,1
11356,-3840,9496,16336,-428,2712,1
11980,11596,-3472,16704,1632,5508,1
13088,5612,48,16460,636,2208,1
18028,-3320,3576,16140,-324,3792,1
18104,-6184,5232,16504,784,3344,1
17164,6380,2580,15396,-80,3092,1
16032,-3624,3112,17148,-3852,4872,1
15732,-3464,-460,16596,-3424,3784,1
15616,-2968,-1448,15784,1096,4112,1
15568,-2776,1708,16148,-584,3460,1
16628,-1544,5084,15952,-452,3784,1
16264,-144,5576,16288,-1360,4116,1
16544,1620,4992,16556,-1360,4400,1
15332,-4988,4680,15960,-744,4248,1
16176,-1604,2084,15860,-2568,3208,1
15996,-388,-1536,15620,-1796,2492,1
11964,-8688,11996,16372,-2412,2876,1
16560,-1496,9992,16916,-584,5928,1
17896,2636,6816,16440,-24,4972,1
16008,-932,3896,15672,-1076,3284,1
15236,-3388,2796,15572,-748,884,1
15864,-3312,5568,19684,-1520,20,1
15916,292,3988,21340,-4048,1936,1
16016,-2524,5252,17288,-2196,7344,1
15696,-2676,6524,12236,220,5328,1
15512,-3636,4096,10952,-1316,5036,1
15272,-2516,3076,11256,-1968,9808,1
15560,-1168,4160,9512,-5612,10880,1
14980,-3520,11704,21608,-2668,244,1
16628,-1176,8476,20512,-6768,9620,1
16004,-1912,4568,15760,-2464,2072,1
15764,-2200,868,17592,-3316,-3204,1
13068,-4612,10368,16420,2584,568,1
16412,-1564,6916,16128,3072,3296,1
17296,-2020,6936,17076,-1740,808,1
15852,5636,6768,16292,-3724,1768,1
15004,-2752,6380,16732,-1232,504,1
14424,-4700,7360,16616,2456,2372,1
15456,-3560,6632,16508,1904,2292,1
15320,-108,5768,16796,-544,1516,1
16136,3664,6832,16324,-8392,1088,1
15292,-116,6804,16536,-2936,2256,1
15056,-4040,7568,16680,6904,4784,1
14996,-3656,7716,16560,3980,3828,1
15960,2416,7172,16232,-7404,704,1
15876,860,6024,16140,-3940,3328,1
15676,-2960,5800,16148,4472,4640,1
14712,-2636,7524,16364,4492,2712,1
14820,-1912,6668,16080,1708,3004,1
16180,8552,8040,16416,-11204,324,1
16600,-2360,6752,16300,-284,4680,1
14596,-3312,8548,16176,-4,2624,1
15200,-4608,6560,16808,10460,7064,1
14876,-2152,7868,16172,3892,3788,1
17676,5696,5356,16968,-11480,3360,1
18812,336,3608,16032,-3208,5028,1
19796,828,5204,16304,2332,4488,1
14912,-5264,11080,16260,500,3464,1
15736,-1108,3000,16152,-684,4864,1
14396,-20,6156,16108,168,2600,1
11352,3556,11528,15920,344,2528,1
13700,2220,18224,16220,-740,1776,1
32767,-8400,5384,17392,-96,7128,1
15876,6984,8484,16212,-160,5976,1
16016,-3640,2856,14748,-180,6412,1
17444,-3004,2172,16896,280,4388,1
16384,-1644,2496,15332,-2916,3940,1
16052,1192,1628,16116,-5536,5072,1
16156,-4088,1404,15792,-2284,5648,1
16264,-2648,5400,15688,4820,5272,1
16368,1144,3548,15804,-1600,3856,1
16376,-120,4180,15680,-4208,4672,1
15892,-2516,3516,15728,-1516,6200,1
16252,-1452,4200,15872,-320,5740,1
15912,-2416,5284,16036,-228,4320,1
15260,-5056,4440,15224,1004,5324,1
15996,-4780,5732,15752,1712,4084,1
16372,928,3660,15672,-5248,5296,1
16636,-828,3664,15860,-2572,5684,1
15732,-2356,4904,15600,-1220,4908,1
16128,-3536,5540,15992,-384,4788,1
16512,-2584,5964,15828,-1456,6128,1
16584,2632,3860,16020,-1932,5552,1
16600,-3060,3656,15896,-940,4640,1
15824,-1424,2008,15592,-1300,3280,1
15708,-2696,144,15400,-1868,3524,1
15408,-3676,5452,15640,-660,2656,1
16720,-792,8464,16492,-380,5648,1
16156,-1716,6656,18220,-4152,5700,1
16248,-2652,7656,23080,-4716,1272,1
15696,-2256,3988,15816,-1208,6024,1
15756,-2196,4148,15880,-2336,2712,1
16408,-2580,2872,14148,-148,5008,1
16312,440,5560,15684,-4788,5216,1
16096,396,5140,16540,-4168,4336,1
15888,-376,4432,14844,-4640,3720,1
16012,12,4424,14996,-2548,4160,1
15868,-60,3800,15120,-1500,4112,1
15780,1196,4236,15580,-292,4264,1
16348,-288,3036,16472,-132,3720,1
15624,2388,7632,16340,1044,3076,1
12336,-56,10260,16288,-180,1840,1
22604,3140,-5188,16028,4,3612,1
13512,1012,-1044,15680,868,7292,1
14300,-3172,1916,16356,2448,4480,1
15580,-604,856,14488,-2416,2068,1
17144,2268,-1092,16260,-5660,2728,1
15708,-2976,-2600,16452,-516,5076,1
15376,-8544,4268,15840,1240,4188,1
14764,608,8036,16268,2244,3752,1
17240,-964,3496,16564,-904,4236,1
16468,2416,1580,16372,-900,3868,1
16192,-3396,2580,18784,112,1124,1
16300,-1804,2360,19492,-4016,2260,1
16108,-3536,4760,17708,-792,4320,1
16164,-1208,3712,13180,728,3756,1
15596,-4488,3512,12148,-3740,3500,1
15824,-672,1168,16292,36,5480,1
15412,-1608,728,8624,-4960,9184,1
17048,-3692,9636,32767,8412,-9536,1
16752,-3332,7564,11236,3080,2904,1
15820,-2672,4928,14564,1312,6276,1
15332,656,5700,18272,-9344,-3172,1
17164,3324,4672,14200,-9752,-1080,1
14772,-8780,7164,16804,9524,4516,1
15464,-7320,7496,17260,4616,3260,1
15912,4928,5128,16844,-1280,-2784,1
16320,704,4188,16476,-6076,964,1
13776,-5092,7428,16248,5620,3404,1
15100,-6444,7044,16456,3412,2480,1
16716,2256,5600,16716,-3548,2148,1
16364,8116,4872,16480,-14512,208,1
14540,-5004,7200,16308,9252,2172,1
15440,-3460,6076,16444,7200,2664,1
15264,-2344,3984,15876,2920,3320,1
17880,5868,3200,16728,-11992,1056,1
22588,-6132,2896,16728,-1748,3688,1
15876,-2064,4968,16684,5388,3172,1
13268,-948,5292,16352,512,2272,1
13060,-720,4208,16804,580,3172,1
13492,1932,8188,16060,1016,-68,1
7932,1768,12180,15816,244,492,1
32767,208,2912,18360,440,9468,1
18260,8496,1600,16232,-1672,4876,1
14748,-8744,6992,16112,72,2640,1
15116,-876,3268,16288,1600,3068,1
17072,-292,-496,15728,3992,4932,1
16272,568,1176,16956,-7224,3028,1
16196,2724,640,16408,-11100,2536,1
15104,-8132,2968,15620,4348,5844,1
16796,-2300,3620,15224,5804,5280,1
16520,-340,3100,16132,384,2756,1
16412,1568,3232,16724,-8852,2904,1
15960,-3248,932,16380,-384,3592,1
16044,-3056,1188,15628,700,3392,1
16008,-3008,1240,16480,-712,1284,1
16040,-2592,2212,16252,-568,3604,1
16356,-1028,2984,20100,-716,780,1
16140,-2844,3444,19276,-2560,2088,1
16492,-1896,2956,16032,-492,5380,1
16216,-2544,3200,13616,-1520,4944,1
15852,-2984,1816,12176,-4648,4212,1
15452,-2164,1844,14040,580,5152,1
16368,-680,2692,12024,-7072,9400,1
16680,-1800,6272,31420,11388,3104,1
14980,-3348,8840,10148,2156,1112,1
15232,-1712,6104,16016,3740,7380,1
16260,-1632,3944,16452,2504,1264,1
15876,-896,5244,16304,-9852,-3604,1
16420,4876,4232,17260,1680,-668,1
16072,-4996,4628,15744,4556,64,1
14936,-4380,6196,16592,6488,1908,1
14996,-3152,5956,17320,-1504,296,1
18480,9792,4408,16496,-7228,-640,1
16008,-4524,6164,16628,4276,516,1
15208,-1976,5648,16356,3612,592,1
15468,-1688,5312,16596,-1248,-704,1
16236,-1480,3408,16472,1584,988,1
17748,-1904,1016,16384,5256,1908,1
17368,-1988,5456,16524,-2104,120,1
11176,4104,7512,16588,2768,3380,1
15696,-240,10004,16436,1964,948,1
12880,1420,12868,16248,1452,-1204,1
31996,2796,-2716,17088,1052,5284,1
21016,1184,-1916,17168,-1156,3568,1
17868,-380,1732,15884,-2300,2264,1
17616,-1220,3252,16516,996,1372,1
16496,-1320,1000,16040,2380,3868,1
16284,-1432,856,16364,-628,3668,1
16328,-416,236,16252,-3692,384,1
16044,1900,88,16676,-9728,1748,1
14652,-8116,2808,16724,7404,7444,1
16356,-1756,5016,14216,2784,4972,1
16268,-2316,5928,17680,6828,2676,1
15656,-5636,3604,17424,-336,4208,1
15876,-5184,5356,15644,1404,4200,1
16220,568,2180,16572,2544,3084,1
16208,3492,1020,15684,-3052,2092,1
15692,-2684,3080,16888,-3412,1412,1
16284,-1184,3972,19452,280,1180,1
15724,-4500,5184,24972,-616,-1268,1
16404,-1044,2480,18728,176,4232,1
15972,-2352,5212,7504,1092,5992,1
16052,-3204,4068,8244,-7820,7268,1
15520,-2704,3324,9868,252,7768,1
16044,-2196,940,12984,-6688,12636,1
13128,-2780,11972,13336,-1284,-8652,1
20020,1936,5256,28196,-1808,7104,1
15932,-2260,6296,13264,932,2776,1
14376,-6592,6180,18160,1988,-1848,1
14276,-1616,6936,17408,-4632,1808,1
15360,5964,6164,16052,-3444,-260,1
17088,3140,7784,16596,4152,2744,1
13648,-5128,9756,16656,7000,1444,1
15928,-780,6276,17104,-2784,2408,1
15336,-972,4592,16544,-5032,764,1
15516,560,6028,16560,400,-40,1
15676,-1676,6796,16348,5904,732,1
15476,-768,6208,16652,3500,1408,1
15864,576,6144,16580,-3316,656,1
16128,1368,6392,16392,-5356,612,1
16016,176,5288,16392,-52,1260,1
16948,-2416,6200,16280,5320,3312,1
20788,-5132,4136,16504,1380,3760,1
19776,2064,4840,16444,-4984,1380,1
12368,-2232,11512,16568,-64,2104,1
12024,-176,6304,16572,2488,1528,1
11068,4076,7272,16584,1816,1496,1
12028,3368,10424,16320,1688,716,1
14064,-3528,11016,15860,1284,848,1
16112,6136,-848,16388,2020,5836,1
18416,-2664,6636,16608,-1864,2700,1
16920,-840,2588,16512,652,2676,1
18292,-6884,3680,16200,3232,2300,1
15888,-584,2784,16228,144,2312,1
15584,816,2300,16460,-2604,1612,1
17968,6848,2180,16788,1792,3360,1
15096,-9216,4796,16168,4732,3940,1
16084,1844,4692,16164,6072,3720,1
16540,-2564,3240,16336,-3544,1536,1
16496,640,2536,16748,-988,3932,1
15712,-3608,3500,16276,1400,2888,1
16244,-3136,4344,16380,2108,2928,1
16168,1136,2780,16404,-420,2332,1
16144,-244,2540,16384,636,1724,1
16104,6160,2268,16168,-336,3584,1
16400,2648,3824,16784,-608,2080,1
15436,-4860,4808,15576,1772,3768,1
14668,-7692,5236,15832,2172,5768,1
15384,-6680,4792,15260,-296,6580,1
17324,9148,5688,17728,-8000,3212,1
16616,2780,4392,14632,-2512,4352,1
14452,-7800,5292,17004,5348,4244,1
15616,-8444,5776,16388,3132,4788,1
17024,4836,5704,16592,-1364,4352,1
16104,1876,5056,19364,-3524,1704,1
14400,-4888,4780,20104,-2036,-500,1
16088,-1408,5268,13308,1412,3000,1
15708,-2288,4468,9376,-2276,5716,1
15952,-1120,3436,12484,-1768,6544,1
14928,-2576,7360,14616,-9856,-10256,1
15376,-516,6684,10460,-5416,2484,1
15720,-2788,6076,16560,1244,1880,1
16000,256,4748,18284,2924,1240,1
15092,-1660,4264,15044,240,24,1
14132,-7368,6888,16580,4316,3148,1
15644,-3060,6196,17104,-2640,2384,1
16464,6716,6748,16832,-5016,1768,1
16520,5900,6024,16156,3296,900,1
15500,-5424,7248,16896,5632,2512,1
15904,-5004,6456,16732,120,3172,1
15012,-1280,5680,16916,-2604,1424,1
17144,6648,4796,16176,-3236,1084,1
14464,-6000,5276,16028,6884,2012,1
15764,-260,5932,16512,3772,852,1
15448,-3040,5980,16832,2676,2392,1
15784,-156,5328,16668,-868,2388,1
16148,-1780,4588,16936,-2992,1632,1
18892,-4864,1028,16208,312,1056,1
20016,168,1780,16628,-116,1888,1
13492,-2344,1316,16632,1952,4720,1
17252,5924,-2028,16288,1080,780,1
12,1932,21640,16964,684,3540,1
25460,-800,464,16312,1836,3388,1
14900,652,5504,16472,788,1308,1
18448,-4052,2340,16444,1100,2680,1
15344,-2260,3144,16460,876,2440,1
16700,-1048,2812,16608,112,1904,1
15852,-1476,3264,16376,1028,2028,1
16584,-5044,1880,16684,-1052,1940,1
16076,2464,4220,16428,180,1620,1
14128,3640,6448,16648,-2556,2320,1
17348,-552,5788,16536,4748,3932,1
15916,-1772,4824,16524,1264,2372,1
15932,-2668,2764,16632,-1232,2364,1
15696,-4528,2268,16304,-304,1480,1
15768,-5204,4784,16432,1316,340,1
15756,2372,2324,18248,1496,2284,1
16260,916,3248,19952,5716,136,1
15976,-2804,2924,18104,-140,-1172,1
15732,-2600,2072,8528,-4428,5216,1
17928,-732,7504,20112,-4928,20404,1
15996,-3164,7644,3388,-392,1388,1
15936,-1344,3952,15884,5488,4924,1
15564,-1316,4760,16204,-1780,1660,1
15636,-1220,1916,15012,2292,-2400,1
15824,-212,3792,17364,1992,-4152,1
16492,-1372,4592,11572,-5492,8632,1
16016,-6728,7656,19896,-656,2836,1
15928,-2128,6108,14904,-52,1868,1
16320,7876,6140,16012,4228,548,1
16656,4684,5176,17228,5196,2348,1
14388,-8000,7468,16800,-124,3444,1
15556,-6784,5432,16192,-7512,2640,1
15532,-676,4064,16592,-7088,1140,1
16068,68,3716,15768,9660,1400,1
15720,1320,5312,16188,7016,-80,1
15932,-364,3892,16220,2604,2064,1
17704,-2004,3416,16216,-6808,1996,1
21456,-3892,2312,16716,-4148,4464,1
12584,-1668,5644,16560,-444,3148,1
9484,-1872,5436,16168,3160,1696,1
25480,13632,17052,18204,-1224,4092,1
7520,-3444,7164,15188,1404,4196,1
24040,-4124,2992,15980,-1716,-160,1
12452,-2816,924,16340,-244,1536,1
13996,-620,1088,16304,-644,2024,1
19696,-1208,2168,16576,-296,2680,1
16028,-6588,3500,16332,856,2980,1
16520,3588,4416,17044,-1012,4732,1
13320,-2412,4328,16420,-872,2588,1
8976,3372,21116,16348,-536,1576,1
24424,-1684,2668,17020,5608,3212,1
15728,-13916,3756,15340,-2808,3256,1
15176,3432,1716,15800,-4344,2436,1
14760,-3088,1184,16252,-3408,2068,1
16272,-1524,2152,17136,1612,2228,1
16724,-384,3584,16716,312,4184,1
16180,-1332,3972,14756,-584,6776,1
15980,-3272,5400,11896,-1928,9520,1
17572,3040,4092,20692,-2504,1852,1
14732,-5376,3408,14080,-11856,6920,1
15704,-7232,4560,14248,-192,5956,1
15756,-4948,5512,15716,5224,7364,1
17364,1132,4536,16696,608,3764,1
14456,2152,6956,15788,-640,1892,1
16396,2080,4700,16468,-2588,952,1
16892,-3252,3220,18144,2656,4020,1
14616,-2820,3744,15376,-1340,4888,1
15540,-2380,3416,19220,-3224,-96,1
15332,-3056,2676,18388,-2628,-1472,1
16440,-1512,3880,13732,-6388,3672,1
15520,-2420,6400,16220,-1824,3420,1
16260,-2156,4796,16016,88,4376,1
16044,-1828,5900,12684,-3416,6816,1
15388,-732,7656,18188,-3732,-684,1
14536,-4592,6220,10540,1528,-2468,1
14568,-4036,4808,16876,7176,3480,1
15580,-5008,7768,15952,1060,-136,1
16688,5396,5748,16200,-4988,-3096,1
15696,6296,3840,16288,-7812,216,1
14316,-8592,7956,16436,7116,1132,1
16160,-8180,8072,17168,5416,5008,1
16092,5060,7656,16948,-5316,2260,1
16272,2760,7156,15928,-6564,1532,1
14780,-960,5380,16408,984,1304,1
15544,-2200,4980,16788,1088,2476,1
15208,-4736,7208,16524,3872,1584,1
15904,3880,6976,16308,-1372,2176,1
15328,1388,7184,16360,2996,1368,1
15272,-6532,6120,16080,3672,4008,1
15432,-1900,6548,16704,-3332,2468,1
16300,8648,7180,16392,-10780,360,1
14928,5584,7872,16368,4396,5208,1
16392,-14376,8864,16064,12408,4796,1
14448,3612,7048,16500,1056,4176,1
16200,2508,5688,15868,-6384,1924,1
20172,-5072,5120,16940,-2296,3620,1
21556,60,-1516,15896,4992,4756,1
15992,-3396,6456,16688,-3552,1708,1
11064,-3988,1676,15552,1528,-692,1
17504,9372,10172,16468,2836,1172,1
4532,2528,32767,16196,-1960,3192,1
19068,-32768,-3680,17292,3256,5664,1
17840,21052,5632,16564,2612,900,1
11888,-11240,3924,15948,240,4764,1
15816,-6576,3196,16216,604,2564,1
17108,3428,3424,16596,-3264,2720,1
16680,-1104,2460,15980,-156,2188,1
16056,-1808,1196,15960,976,2040,1
15768,-412,3088,16816,1472,2988,1
15344,-2008,6904,15996,660,3372,1
17000,1788,5876,16124,204,5132,1
15968,-1640,6464,16012,-7620,5252,1
15484,-3816,5564,17264,-128,6100,1
17012,-10292,4076,15412,-16,6420,1
15080,-92,480,15644,-672,1188,1
15068,3128,7068,16184,1156,924,1
14008,4276,10000,16084,3448,980,1
17308,3252,8192,16216,2172,3576,1
15664,-9828,3580,18608,-1236,2168,1
15096,-4212,-240,20176,3348,1784,1
15292,-2908,504,19268,-3184,104,1
16320,284,3996,12984,1276,1908,1
16668,-1856,3704,10600,-2384,3988,1
15732,-1136,6032,16116,-960,8392,1
16024,524,4040,15048,-6892,10592,1
16016,-1032,5992,30240,5912,-568,1
15972,-2636,8040,19752,-14652,3484,1
15964,188,5808,17788,2784,600,1
15660,-68,4240,17260,1708,-124,1
15796,-3280,5452,16664,-452,344,1
14908,-3172,5648,16900,4716,1432,1
17828,4956,5376,16668,-6776,1572,1
16092,4612,6748,16676,-4476,1352,1
14880,-1556,6672,16456,3496,2416,1
15184,-6164,5924,16720,4276,1784,1
15476,1016,6332,16548,336,2180,1
16680,5000,6216,16656,-2572,1692,1
15692,316,5984,16396,480,1408,1
15416,-784,4108,16616,2120,1052,1
16324,-676,4196,16328,2044,1452,1
15812,1248,6596,16632,-920,2484,1
17416,-416,4964,16740,-20,3956,1
18900,-3176,3488,16592,592,2820,1
18072,2068,5392,16360,716,2688,1
14740,-1520,7044,16700,1648,2360,1
12864,4092,4284,16408,1296,2016,1
19044,116,7832,16508,3400,-96,1
3536,32767,17632,16148,-40,1156,1
16656,-10092,3484,16720,-148,3724,1
18900,5648,3356,16648,392,3504,1
13844,-3452,2980,16828,628,2536,1
15756,-7816,1884,16144,-1232,1668,1
15928,2116,3096,16600,-592,1724,1
16964,1900,3440,16652,-220,3680,1
16016,-1136,4636,16284,-372,2480,1
16404,-840,4416,16380,2712,2156,1
15404,-1696,4604,16468,432,2344,1
16464,-920,3576,16384,-1308,2956,1
15920,-620,4460,16660,-1440,1728,1
16428,-1768,2368,15808,-2760,1860,1
15452,-2400,3800,15872,1236,4180,1
16188,-3780,3164,13852,-3056,6376,1
16668,-784,6544,19936,4036,3112,1
16172,20,4304,17720,-3528,6416,1
16684,-2104,2284,15044,-2516,4488,1
13544,-5480,6716,16692,3752,1588,1
15292,-4180,5656,17296,1392,6200,1
16628,-2176,3140,14688,628,6496,1
15176,956,4576,15204,-7580,1284,1
17792,5332,5216,17572,-6112,4604,1
15708,-5876,4668,15176,4032,7916,1
15084,192,5596,14648,2948,7540,1
15228,-840,6352,17328,3252,2392,1
15092,-2176,4320,16440,-4268,1904,1
12872,-6332,9352,16372,1164,2336,1
20480,-816,3448,20092,3324,3004,1
15816,1992,5068,21820,760,-2988,1
15424,-3700,6360,7932,-2700,6048,1
14480,-4832,2148,9484,-2804,4936,1
17720,-1320,3788,18516,-7052,25888,1
16596,-2652,7840,25576,14216,-8856,1
16228,-896,5668,15172,-5120,4016,1
15736,-2104,5436,17668,6024,408,1
15988,-3276,4108,15988,-1636,1228,1
15412,-2080,5396,17168,-2240,484,1
15916,-1424,4428,16412,876,688,1
15528,-1340,4956,16916,1104,1416,1
16240,-2664,4000,16240,372,-668,1
16484,-1188,4096,16416,1080,1780,1
15264,-2524,3604,16444,-1144,1424,1
16376,-2160,3900,16904,1096,2156,1
19068,-3504,3752,16576,-560,3268,1
16400,1120,4044,16648,-2180,4576,1
16324,-952,548,16152,756,2364,1
24436,448,26528,17044,2684,2196,1
13956,-3200,8156,17168,-720,2552,1
17436,2288,5184,16192,-144,2780,1
12972,-1492,4212,16256,908,2520,1
17548,-1700,6496,16640,-488,2716,1
14212,-456,7008,16384,-436,3144,1
16780,-1008,2736,16536,-436,1808,1
15140,-3948,3096,16080,608,2764,1
16876,1968,5616,16304,-844,3784,1
16672,-972,5128,15912,-440,2276,1
16048,-2096,4480,16352,852,1272,1
16564,-4092,6504,17876,1280,2128,1
16564,1428,3956,17132,-3144,3012,1
15784,-2616,3040,16320,-1260,928,1
15344,-1660,3060,18312,-2516,-184,1
14900,-564,4820,8796,-10732,6216,1
16124,-2316,5640,16952,1752,5596,1
16076,-2768,5524,9344,-3864,21268,1
16120,-1324,6184,24556,-4548,1080,1
15320,-1432,4716,16012,10692,-1676,1
14252,1568,4596,15488,4112,-1880,1
17284,-2080,2564,15572,4288,7692,1
16436,-3704,4748,17004,-5364,480,1
13368,3404,9340,16596,-9580,3184,1
18524,-36,5736,15912,4348,5224,1
14920,-3548,8224,17076,5624,4312,1
14548,-2004,6292,16696,1616,2944,1
16476,852,6364,16040,-5300,2184,1
15652,1820,6388,15840,-7320,1700,1
15252,-2616,5752,16540,208,4256,1
15792,-860,5500,15628,4928,3052,1
17016,-1572,3632,16788,-428,3164,1
17764,636,5632,14976,-5608,5276,1
22196,-652,1800,17020,924,4620,1
15676,-3400,7900,15928,132,3372,1
16488,-2064,2860,16372,224,2332,1
8820,4440,5748,15432,1172,2972,1
16268,-3192,10136,16328,-768,2088,1
-3124,13480,1968,15316,-412,6488,1
15752,-1820,5748,15776,-460,5176,1
14312,-2304,3820,15924,-1048,3280,1
22092,-4036,2864,16200,864,3376,1
14124,-2768,2820,15408,1076,4856,1
15572,2508,3404,16736,-4052,5540,1
16368,-1428,3408,15420,-4596,3808,1
16200,-3768,3572,15768,-736,3824,1
15884,-2776,3648,15260,-2196,5340,1
16160,-1016,4584,16636,-1560,4868,1
16000,-1620,4304,14816,-5316,7912,1
16336,-2844,5588,16644,-536,4776,1
16352,-592,3816,16208,-1236,4360,1
16352,-936,5344,15812,-2504,4852,1
16264,-4052,4652,15500,-364,6316,1
16372,-3000,3504,15824,-10612,11784,1
16500,-2512,4608,13612,3564,8748,1
16060,-1404,4272,17748,-2496,4208,1
21552,-1556,-892,15184,664,5440,1
13564,-1036,10892,15884,-3044,3072,1
13912,-3440,-16,15276,-136,7100,1
30780,-2396,32767,17064,40,7428,1
13908,-17064,-4028,16220,-2496,7452,1
14636,5156,-808,15540,-1840,5736,1
15184,-7628,2616,13968,-740,5004,1
13564,256,4440,15960,-2556,5224,1
17340,-1652,6196,16668,-2600,6292,1
16124,-2632,5924,16104,-1988,5308,1
16120,-1092,7828,21156,-2196,0,1
15904,-2592,4600,19676,-7512,9128,1
15984,-3676,3340,12040,3528,7340,1
15596,-2564,3748,10056,-6112,12440,1
15948,-2252,5784,10824,-3700,12696,1
16012,-3488,7316,19504,-2368,3876,1
15884,-2512,4136,14248,-4492,5120,1
15512,-1456,2940,15536,-1876,2356,1
15572,-896,2064,15580,280,776,1
15220,-1500,2936,16508,-1288,2056,1
15808,-3580,5360,17036,-2016,2448,1
16376,-3244,6312,17648,-3920,4896,1
15960,-2144,4560,16364,280,5272,1
15548,-2200,2676,15668,-1228,3372,1
15432,-2440,-1300,9376,-13860,20888,1
16648,-368,-332,32676,13940,-3580,1
20956,-4420,7940,9736,-17460,2260,1
14632,1344,11840,17920,6156,8652,1
13716,-2468,3308,16820,-132,1232,1
16312,-8232,32767,15684,-4636,2572,1
32767,-4708,-10664,19168,5592,6476,1
10816,1772,3472,12588,-1308,4664,1
11536,-6312,3480,16912,-1252,2652,1
17492,104,3480,16392,-1648,4748,1
17732,-1296,3928,16472,-800,5512,1
14864,-3248,6132,16384,-1284,4508,1
17516,2916,2912,15040,-112,2724,1
15208,492,2156,16888,-2520,3396,1
16540,-4584,6624,15940,-4892,5120,1
16528,-2592,4176,16620,2452,5120,1
14948,-1872,3260,14200,324,5428,1
15244,-2944,2864,16696,-3128,2692,1
15328,576,5676,16496,-4216,4232,1
16316,-280,6612,20140,-1568,2204,1
16160,-3860,10348,19800,372,4052,1
15484,-1560,4712,15416,4800,7236,1
14756,-4908,-608,6644,-8820,8212,1
15128,-2620,-2440,10092,-2384,12564,1
15052,-3572,10456,29360,6396,-12420,1
16932,1420,6260,30240,-10320,3000,1
16012,-2916,8724,10636,752,7236,1
15856,-1996,2968,15864,-4816,5384,1
15228,-2628,-564,8344,-1300,9336,1
15860,-2840,3696,24280,3000,-10164,1
14868,-588,9700,10164,-6172,-1968,1
15968,2104,6456,17568,1092,1828,1
15708,-3120,7508,16088,-752,2964,1
15244,-1808,6092,15808,2324,1972,1
15472,-3376,6144,16920,-1420,2468,1
15580,6000,6896,16228,-8124,-3024,1
16888,4072,5992,16212,4148,2500,1
14252,-8088,11260,16220,5260,3640,1
14752,-4656,7740,17376,648,4216,1
16376,3052,5420,15756,-6044,84,1
14808,-384,7360,16452,-4868,1524,1
14944,-2316,6868,16048,3112,3112,1
15320,-3136,7152,16716,4172,3952,1
15408,-472,7896,16124,2544,3172,1
14656,-28,6212,16044,-6684,1204,1
14960,9020,6628,16392,-6912,2108,1
16060,-3756,9044,15412,5832,5244,1
13168,-5204,10748,16652,7996,6280,1
15584,572,7740,15860,2456,5468,1
15224,5032,7460,16552,-14052,980,1
15552,264,5492,15720,-244,3300,1
18380,-4248,4408,16532,6540,5416,1
24256,592,1372,16580,-1332,4556,1
15064,-2024,9660,16572,-4816,4288,1
12548,236,6484,16136,3828,2344,1
11796,3356,7224,16256,1600,1928,1
11176,-4968,12884,15544,576,748,1
25020,1196,32767,17824,1272,2372,1
18108,-4976,-5336,14900,-2132,9524,1
13712,780,6024,17032,-1756,4252,1
12368,-2932,6172,15268,-784,3396,1
14500,-1564,232,16704,2268,2616,1
16476,-3820,3500,16328,20,4776,1
16404,-1132,4568,16432,-1276,2876,1
16644,4816,2524,16208,-3816,2412,1
15840,-436,2336,16092,-772,2908,1
16524,-4376,3972,16136,528,2328,1
14768,-3512,6852,16468,768,4512,1
15708,260,4096,16228,-1744,6008,1
15332,-7304,8052,16440,-1668,3092,1
16408,-4780,5420,16036,1568,2832,1
16868,5048,3188,16264,-2152,4072,1
16416,4476,3068,15836,-4896,3256,1
15300,-5620,4440,16024,-368,3608,1
15812,-6568,5252,16292,-584,3740,1
15540,696,3684,16764,-1844,3532,1
16864,100,3984,19292,-1364,704,1
15752,-2056,6800,22748,-160,-2560,1
15948,-724,5520,16292,-184,5956,1
16020,-3488,5884,16144,-1588,3424,1
15652,-944,2956,10488,-2316,5900,1
14504,-3208,480,12292,-1992,8436,1
15436,-1232,5236,11748,-5488,10552,1
15316,-3432,12808,21448,-4168,-7036,1
18420,-1620,8532,15768,368,6556,1
15572,-2352,7188,16728,-8220,2276,1
15012,-680,5436,18176,2512,-932,1
15096,-1788,6136,15552,484,2416,1
15136,-4740,7348,16844,2836,2340,1
14816,-3112,5888,16852,268,1380,1
17432,11868,7080,16088,-5588,1564,1
15292,-5176,7656,16808,4512,2708,1
14860,-3852,7328,16772,3556,3904,1
15180,-1832,6608,16392,-560,4104,1
16024,3680,6788,16356,-8996,456,1
15112,-848,6092,16304,2156,3076,1
15668,-1408,6256,16484,4424,2156,1
15748,-1612,6676,16048,6204,5240,1
15296,-472,6592,16356,2632,5260,1
16696,1120,7124,16860,-9640,3228,1
18328,1288,3896,15880,-5204,2488,1
21200,252,32,16380,6084,3884,1
15460,-3620,7660,16388,832,1208,1
15632,-1120,3308,16348,712,1488,1
13804,-704,5960,16276,984,4120,1
15420,1716,10580,15972,-312,-184,1
6792,-1172,13384,14988,4512,1140,1
24988,2592,-9220,15236,2136,8832,1
11420,1852,1588,16088,-4500,3320,1
15356,-448,7840,16784,-732,7076,1
14152,-12060,6164,15660,3876,5204,1
13340,-9548,2788,15444,596,5684,1
19812,22196,2680,16112,-12508,2396,1
15624,-11536,5268,16256,6060,5612,1
16212,1708,4216,15796,4704,5884,1
16248,-2620,4348,15720,168,6028,1
16608,1276,3628,16192,-4432,3460,1
15696,-4048,3496,15772,-292,3504,1
15836,-5364,3768,16496,1852,2804,1
15224,-616,4240,16208,-1080,3068,1
16976,13956,5572,17296,-3044,3588,1
16932,-11676,7936,25460,-484,-1164,1
15668,-2528,4688,17040,1756,4748,1
16136,-844,4216,11340,2112,2636,1
15808,-3816,3720,10732,-6356,5684,1
15308,-516,2512,15472,-1512,6996,1
15772,-460,3428,10000,-5068,11860,1
17820,-4416,9608,26512,-3168,-17652,1
17336,-3848,9024,9856,-168,7040,1
15292,-4504,7188,18152,6992,4416,1
14900,5344,5264,18616,-6456,-1080,1
16256,-464,5152,14420,-10528,-1160,1
15348,-5708,6044,16888,3932,2928,1
15204,-6204,5892,17148,2180,2868,1
15680,408,7688,15924,-1240,412,1
16928,6444,6788,16236,-5948,-388,1
14328,-6456,7596,16748,2504,2936,1
17044,-5404,6252,16424,3864,3984,1
14892,-2896,7000,16688,576,2928,1
16280,11464,6992,15908,-11024,40,1
14704,-5472,7140,16352,2040,2396,1
16180,-4844,5980,16176,7332,3288,1
15712,-4384,7188,16352,3444,4088,1
16620,7124,6464,16608,-2428,2212,1
15300,-3388,6180,15852,-9576,576,1
15832,-956,3008,16092,-276,2720,1
19020,-1664,1412,16568,-2084,3504,1
25640,1668,-572,16496,1780,4128,1
10488,-3480,11072,16524,2484,2836,1
14564,312,5152,16408,1812,3244,1
12188,-1216,9672,16600,-2216,1948,1
6152,2700,16024,16212,1492,2132,1
12944,-21544,-22260,15880,164,2624,1
13612,1756,1368,17208,3412,3572,1
15068,1636,4848,15980,3480,244,1
17532,-6208,3400,13980,4464,6300,1
15016,3048,1796,15644,-9588,4440,1
16080,-224,4596,17032,-7580,6768,1
16236,-5424,2700,15252,4832,6096,1
16220,-2112,3492,15512,5428,5020,1
16056,912,3408,16412,-2072,3512,1
16116,-520,1548,16144,-2896,3476,1
16088,-4656,4116,16128,592,5144,1
16268,-2756,3804,16116,356,5144,1
15956,-756,2704,16052,-1660,5436,1
15988,5744,3688,16092,-6312,4680,1
15996,224,4088,15836,-376,4972,1
15960,-4680,4852,16292,1944,5712,1
15740,1112,2904,15940,1104,5760,1
15468,-7156,9284,15896,-2444,3872,1
17188,-2472,5992,16756,264,6736,1
15120,-3244,6556,17152,-4496,3384,1
16052,3228,6124,21856,-248,2700,1
16036,-2480,6508,17288,-3564,3936,1
15604,-3024,5928,13560,592,6252,1
15692,-4068,4576,14980,-2368,1612,1
15168,-3172,3620,13072,-1360,6792,1
15756,848,3032,9104,1684,11952,1
15280,560,4760,13424,-6948,6480,1
13832,-3440,10688,11236,10040,1020,1
15900,-4680,9592,23464,-13124,10908,1
13672,-4720,7732,14312,-1320,2224,1
17516,1976,6412,17100,-1772,20,1
15708,1664,5448,17076,-1748,2296,1
14188,-3644,8128,16560,1024,516,1
16072,-3908,6256,16620,1224,2892,1
15880,-516,7284,16376,708,2744,1
15632,2112,7004,16672,-3948,1304,1
15448,1384,7220,16640,-5648,1740,1
15172,-2808,7572,16532,4140,2768,1
15512,-4004,6996,16848,684,3108,1
15572,-760,7180,16472,-1920,1856,1
15548,2048,7024,16336,-3084,2216,1
15240,-2252,6356,16224,896,2332,1
14764,-3940,7636,16320,1628,2328,1
14976,-336,7688,16352,-1360,2180,1
15340,1308,7564,16464,-6468,1908,1
15376,1164,7176,16304,-948,2340,1
15684,-4228,7084,16560,3336,2868,1
15008,-1104,6988,16256,512,2192,1
15448,1164,7220,16452,-3444,1444,1
15644,480,6784,16264,-960,1196,1
15376,-2024,6920,16732,628,2020,1
15340,-1544,5952,16348,2264,1484,1
15496,1788,6792,16260,-2476,1088,1
15588,-532,7188,16748,440,3048,1
15000,-4344,7064,16620,1856,3304,1
15328,-1492,6356,16396,-1144,2912,1
15584,3132,7424,16232,-5360,1124,1
16348,-1128,7304,16216,-512,1860,1
14944,-1360,5000,16156,3380,2416,1
16708,-424,3332,15896,-1856,3496,1
20884,1456,1128,16848,-2116,4996,1
22148,1556,1088,16544,-372,4704,1
8664,-3956,12192,16096,-1000,2680,1
13432,796,5052,16240,3240,2404,1
13024,-4628,9052,15876,1356,1480,1
11144,2532,15164,16344,64,452,1
6576,12344,-5528,15920,-56,2916,1
16264,3760,2616,16476,600,5068,1
17228,1012,6280,15372,1944,2156,1
16996,-10088,3872,16720,3616,5576,1
14812,-1124,2844,16268,-3664,5060,1
16644,7920,4028,15976,-12416,3932,1
15900,-7536,3872,16084,2404,6972,1
16244,-1264,5436,16448,4124,5136,1
16544,1332,3412,15816,572,2860,1
15900,-1380,372,16096,-1156,1196,1
15576,-860,-192,15608,740,496,1
16724,-1644,2440,16204,-2032,2488,1
16724,1328,2996,15828,-492,4172,1
15984,-3952,3724,16928,4396,3652,1
15652,-3436,3084,15748,632,3888,1
16376,96,1616,16132,-2064,2488,1
16108,-864,2564,16016,-1904,2928,1
16232,-2864,3940,16712,752,4896,1
16148,-6876,4992,16032,1556,2844,1
16788,3672,1180,16512,1532,4252,1
16668,7088,1320,16288,-9156,1396,1
16144,-8860,3068,16648,3340,4016,1
16612,-552,3160,16024,472,4212,1
16232,-2708,3204,16236,1776,3828,1
16960,2512,2280,16088,-3096,3332,1
16184,252,1908,16292,-7860,3568,1
15680,-7288,2604,16028,5336,5548,1
16196,-2640,3740,16220,3156,3016,1
16628,1004,2972,16688,2880,4516,1
17192,6272,4252,15992,-9436,3268,1
15912,-3976,3212,16436,916,3956,1
15872,-5644,3300,15784,468,4572,1
16144,-2008,2884,15972,952,2744,1
16644,2696,2240,16640,-2944,4188,1
16112,-948,3040,16332,-2164,3344,1
16192,-1172,2600,16344,1572,4380,1
16052,-2960,3516,16332,1496,3356,1
16256,-2052,3652,15648,1368,4972,1
16096,-1900,3400,16396,-456,4208,1
16824,7652,1964,15832,-9428,3216,1
15364,-8428,3108,15856,1028,3920,1
16084,-904,2456,15904,2440,4792,1
16312,-1100,2988,16008,2264,4060,1
16796,-844,2372,15792,-2752,3928,1
17312,-1280,1684,16772,-1744,4516,1
19260,-1944,24,15952,-304,4672,1
16308,-3068,-176,16184,176,1588,1
8344,-1012,11056,16124,-288,2940,1
10256,1228,7696,16236,-1372,2144,1
13036,-3040,22384,16000,-2896,1432,1
13944,18996,11036,17288,-1264,8664,1
22152,-19288,3020,16996,452,624,1
15788,5244,5152,17532,-8972,-16,1
16540,-704,3612,15552,-9016,9732,1
15496,-1192,4164,7888,1624,8692,1
15800,-828,2192,13052,-3388,6588,1
16416,-4212,7128,14764,5992,-548,1
16924,1596,3356,22416,-3468,2972,1
16124,-1120,4020,15076,-680,-236,1
16044,-1048,3660,17348,112,-452,1
16156,-1908,4572,16744,-2512,800,1
15848,-2176,4652,16536,-1496,156,1
16708,264,3528,18988,-2748,-2068,1
16104,-3896,3440,14564,-5672,4924,1
16256,-1956,4180,12928,-4232,9888,1
16020,-2108,2400,3576,2128,7784,1
18668,-3544,7908,32767,23440,-9804,1
16848,1716,5152,1796,-7276,1492,1
15636,-2636,2300,15384,252,2832,1
15980,-892,3004,17256,420,-4176,1
14488,-948,3308,15344,-2308,7232,1
15232,-4008,11396,17708,8648,4384,1
15156,-1616,5904,16964,6880,4856,1
15696,3504,3840,16076,-4820,1712,1
15644,1788,5336,16304,-3188,1704,1
16028,-1256,5856,16728,3780,3576,1
16028,-4788,5060,15464,2420,5464,1
17048,192,2864,16376,-4644,1676,1
20612,-4640,-172,16024,-1728,3664,1
19252,-4144,5012,16588,-892,2752,1
12468,-1460,12824,16376,240,4756,1
11628,-20124,6384,16568,-948,4236,1
14120,14464,10092,15964,1300,1920,1
13368,-15932,12540,15704,784,-588,1
26480,-14172,23356,16080,1920,3496,1
7512,1848,2692,16012,-936,1380,1
15100,-5092,3168,15480,1328,6392,1
17508,-6376,5820,16624,-1272,4180,1
15708,932,1520,15676,-4992,3788,1
17060,2340,-436,16016,-828,4032,1
15648,-8160,4972,16280,2936,1896,1
17056,1308,3416,16312,2316,6696,1
16704,-2748,5176,15344,840,5392,1
16620,6168,3404,16556,-9028,5884,1
15284,-3952,1856,16300,-1364,3568,1
15412,-5200,2696,16240,-64,2812,1
16476,2112,4712,16244,-2280,2884,1
16868,508,4180,18740,-4716,400,1
16184,-2392,4828,22840,-3936,-2596,1
15780,-1384,1456,13316,-200,10012,1
16040,-2048,1364,7920,-3828,6056,1
14760,-2896,616,10580,-4100,9236,1
18880,-1384,9752,32767,17996,-14896,1
16532,-1632,6824,2992,-12768,5172,1
15764,-3884,6316,14796,6432,3516,1
16656,6916,6180,18168,-6544,684,1
15444,3220,6220,14928,-9464,2564,1
15900,-7076,6876,16696,3512,2264,1
15028,-3188,7124,16668,2612,3964,1
15704,3288,5456,16040,-4068,-520,1
15784,2784,6444,15964,848,2584,1
15796,-3448,5716,16740,2296,2372,1
14920,-2596,5388,16184,3020,1964,1
16484,368,6752,16696,-2764,5088,1
16108,128,6220,15664,-6260,2328,1
16144,2184,6132,16288,-18660,4048,1
14992,4032,7472,14712,944,5768,1
14112,-9608,7868,17164,19248,6820,1
14584,-1296,7024,14424,8736,6832,1
17096,5416,5488,16000,-6480,3232,1
19312,-932,3556,15164,-10200,4064,1
19244,-4516,3204,15840,364,5636,1
14664,-540,9024,15928,2020,6296,1
17996,-18268,2216,16692,-2072,4312,1
18544,17604,6264,15856,1336,4788,1
19816,-9680,9912,16224,1552,1380,1
4996,-5440,13160,15200,-364,1776,1
32767,14612,-7044,18036,-228,6564,1
23520,3376,4228,17160,512,5688,1
12820,-10408,1760,16392,-1032,4420,1
13488,8968,-272,15836,-5156,2560,1
18148,-7428,1332,16364,208,4732,1
14796,-2928,5744,15772,-628,2956,1
16984,4960,6280,16652,-316,4656,1
16188,-2060,5948,16084,-796,4740,1
16232,-2852,2768,15680,-792,4208,1
15800,-520,664,14612,-3684,4224,1
15504,-3552,3220,16960,-1480,1772,1
16972,12,2852,16232,-3872,4628,1
15500,-3192,5008,15980,660,4476,1
16652,584,3632,18160,-3864,1076,1
15616,-1176,4420,18604,-3944,2664,1
15808,-3392,5928,19056,-3248,1364,1
15864,-1580,5168,16168,-2140,3064,1
15772,-2932,3696,15492,-1316,3848,1
14624,-3268,3264,11508,-2140,6784,1
15216,-1992,3528,8636,-1528,8900,1
14372,224,6728,26100,-9212,2616,1
13956,-4432,9780,8984,2424,-1052,1
15152,-4172,7364,18584,-3036,3648,1
16188,-1920,5544,16400,1976,1756,1
13332,2224,6988,16520,-12024,-4780,1
16752,-208,8064,16232,-2704,2564,1
15116,-5344,8648,16448,5804,5280,1
15152,-2068,8392,16988,3276,2436,1
14748,744,6960,16592,-2024,268,1
15676,2232,5948,16200,-3320,-64,1
15068,-2408,4740,16368,2608,1288,1
15116,-2220,5588,16304,236,2308,1
19220,-276,3568,16648,-2212,3224,1
25164,4,-2256,16844,-1228,5464,1
18920,-5172,5912,16204,-2320,2384,1
3100,-2624,11492,16792,2432,3212,1
14756,-3792,4340,16548,1180,2920,1
15876,1072,8912,16416,-480,2344,1
7740,-3936,15856,16204,692,700,1
17060,8380,22836,15416,460,1076,1
15924,-15268,-1736,16312,-408,6716,1
15652,4724,3740,15736,-2768,2960,1
14604,-4404,948,14196,2184,8076,1
15772,-2268,1408,16944,404,2208,1
16888,-660,964,16380,-12,5180,1
16244,1896,2172,16392,-4196,4520,1
15740,-544,3152,16612,-3388,2052,1
16456,-2708,816,15056,552,5356,1
15652,-2120,3948,16028,584,5052,1
16680,-1348,4472,16932,536,4008,1
16240,-1424,4848,15452,-2236,6024,1
16036,-2912,2308,16160,-908,3716,1
15396,-436,4484,15732,-1720,4628,1
16564,800,5060,15692,-168,2292,1
15972,3064,6060,16704,32,2240,1
15572,-2184,8524,17408,-1948,3208,1
17496,-1468,7892,25952,-4352,-744,1
15996,-1196,3960,17500,3872,5072,1
15720,-3388,2448,15436,-1040,1492,1
15260,-2436,-2796,11256,-976,3760,1
15112,-3448,1812,13604,-700,6108,1
15588,-632,1608,14528,684,8668,1
13988,-96,6376,10016,-3108,12428,1
19092,-1676,9280,32767,-10088,-11392,1
9916,-10720,17356,12532,5036,5816,1
20836,-2592,6016,18996,-4700,6188,1
15000,2360,8108,19384,-8128,268,1
17352,984,7872,14804,-7368,-784,1
13756,-6472,6996,16304,8456,1620,1
15372,-2640,7632,16948,3688,1004,1
15660,972,7892,15308,-548,2888,1
16168,388,6940,16824,-7020,2080,1
14580,-1608,9396,16276,-1728,1204,1
16604,-2844,4920,16580,-2400,5264,1
16152,-1520,4684,16888,1488,5032,1
19784,-1212,816,16960,1704,4484,1
21936,1212,1336,15420,-2152,3184,1
19616,-1448,7828,17292,-720,1660,1
6624,-2412,7912,15768,420,2036,1
13224,1844,4440,16220,-120,2872,1
13228,-2888,10232,15880,-72,1532,1
8780,1892,17636,15840,-2292,1464,1
22932,7132,14668,15828,-1516,3224,1
8464,1536,660,17392,-1548,6148,1
18572,-820,4652,15836,3064,4828,1
18084,-6632,3076,14520,-1740,6804,1
13064,452,-1084,15896,816,5188,1
15120,-2460,4876,15716,4300,5136,1
16272,-2440,4288,16444,-8368,4840,1
17932,-564,5916,15880,2552,5452,1
15708,-1948,4736,15056,-936,4992,1
15356,-3876,3308,16036,980,4660,1
16868,-2296,2420,15812,2248,3192,1
14536,2520,3808,15080,188,6116,1
17064,7360,4012,15444,-5592,5444,1
15156,-7512,5776,16088,-3416,5372,1
16476,-412,3764,15848,-2572,4784,1
15024,-6576,2836,14244,1496,6260,1
16508,-1600,1828,15808,40,3204,1
15120,1740,8224,16752,-2548,1076,1
16364,-2884,8776,24708,-1684,1752,1
17172,-3464,6788,22244,596,5364,1
15992,-2228,7240,13196,-1208,8380,1
15740,-3256,5180,12620,-3220,4356,1
15552,-2132,3672,10716,-2092,6476,1
14896,-2380,4304,13780,-1096,9024,1
15288,-2188,1576,11248,-6408,12964,1
18024,-3548,8408,32767,9848,4860,1
15140,-1980,8328,2316,10180,-1716,1
15852,-4228,5148,15164,-352,10464,1
11972,-356,8200,18704,-4000,-500,1
16560,7224,6508,14168,-12556,72,1
14872,-6140,8556,17172,2084,3556,1
14896,-2888,6808,17808,8076,2868,1
14696,-2160,7776,15816,-1460,-412,1
14632,2576,6672,16432,-4928,864,1
15304,-676,8728,17144,2400,2844,1
15320,-2480,8920,16192,-484,3944,1
15332,-3524,7228,15456,-1020,3320,1
15884,-384,6000,18952,-852,540,1
14412,-436,7704,14616,-1940,2188,1
15376,-276,6696,16776,-1544,3836,1
15840,-416,7380,16780,-436,3844,1
16084,-804,7372,16332,196,3836,1
15224,-576,6828,16184,1576,2908,1
15324,304,8660,16064,-1192,3708,1
21384,128,1488,16600,-1848,5124,1
18332,-612,5620,16504,-1020,5216,1
7472,-2008,7016,15884,2216,4396,1
10224,-2536,5780,16432,1376,2872,1
15692,664,10580,16048,-1248,1976,1
13008,-6120,11196,15828,1796,2656,1
-2348,18184,6428,15508,668,4668,1
23756,-8472,6524,16184,744,5780,1
15440,2524,6580,17036,-524,5292,1
20716,-2324,5404,16088,-252,2932,1
13720,212,1320,15388,1960,1420,1
15376,-580,1648,17352,1252,3664,1
15388,-328,6296,15768,-864,5804,1
16216,-1972,6104,15352,-3884,2848,1
16124,-1432,5708,15528,1364,6564,1
15808,-3776,5772,14764,2584,7124,1
16076,472,5020,17612,-1880,5320,1
16548,4464,5228,15484,-5148,4720,1
16920,-396,2644,15708,-900,4292,1
14304,-5572,6348,15392,152,5420,1
13608,-2728,8560,16280,824,5012,1
15972,-2816,5220,15936,-2624,5624,1
16664,2492,6368,16728,-208,3712,1
16976,-3508,6560,18212,1608,1368,1
14420,-2372,4884,19408,268,652,1
16256,-680,5136,15404,2060,5044,1
15588,-1772,3768,15496,-1700,2484,1
15616,-640,4384,15604,-1616,7580,1
15408,-2324,6940,14272,-1228,22288,1
16132,-3436,9660,22548,-4468,-604,1
14936,-3512,7628,18716,-6036,9836,1
15220,-1432,7512,14056,3388,3980,1
14244,-276,6720,16196,-1316,1112,1
15964,-908,3984,17072,1048,2408,1
14692,-1340,6720,15004,-636,4168,1
16980,-2400,7308,16576,-872,6300,1
15836,-68,7564,16216,-3316,3912,1
15236,828,6556,16508,-1568,5508,1
14180,1324,5928,15792,744,1824,1
14040,-4864,7920,15788,7108,4424,1
15644,-3708,7224,16248,5788,5344,1
15608,-1104,8000,15668,-7812,2756,1
15756,10252,7092,16908,-4796,5504,1
16208,-6912,6932,15244,4388,6100,1
14764,-3512,7932,15624,5712,5104,1
16040,-1500,6168,15852,1036,5632,1
17524,7240,5800,16200,-6012,5400,1
17784,684,28,16640,-4688,5004,1
23368,-3504,796,16124,4216,4116,1
12164,-3520,9832,15432,-716,2164,1
13168,-4132,2100,15428,2640,4036,1
17924,-56,7240,16876,444,3736,1
17776,4728,8484,15888,1144,5428,1
17888,88,9288,16076,-332,3192,1
11964,1508,8636,15976,3272,2268,1
10592,1424,10780,15520,1248,1696,1
23924,5980,-13644,17984,3808,10616,1
16004,11676,3928,16364,-1912,7148,1
12880,-8076,6968,15684,296,5132,1
17048,1936,-800,14312,-896,1312,1
15920,-536,-3808,15128,-2140,6644,1
15724,-2840,1428,15792,-888,5712,1
16776,-68,3424,15496,-4084,5940,1
16616,-800,3308,16368,-1472,6132,1
16132,-2144,2400,15232,-1248,5736,1
16116,-1512,3696,15156,-1716,6736,1
16516,-1404,4340,15512,-1940,6700,1
16440,-3824,4056,15656,-1108,7444,1
17100,-4832,2328,14472,-720,7404,1
14052,3724,7240,17420,-1408,4884,1
16688,7476,5304,14608,-3812,5600,1
15580,-1820,5684,17076,-400,3716,1
16924,-3560,7484,21204,396,24,1
16332,-3752,6420,24920,-192,-472,1
16368,3132,4468,14176,-1044,11804,1
15828,-8444,4772,16264,516,2824,1
15964,180,2240,12256,-3972,7412,1
15788,-2412,2260,12440,-508,8644,1
14928,-2092,364,12764,-2724,10368,1
13112,-400,3896,8076,-4484,14976,1
17284,-172,9312,32512,1608,-17460,1
15608,-1732,11036,7640,-3320,1680,1
16728,-6996,7884,16292,500,4124,1
12944,-2312,12580,15704,-396,2608,1
17312,2460,6544,15224,-1396,2824,1
14916,1576,7640,17260,-4284,2508,1
14700,-32,5960,16344,1324,2048,1
13504,-6160,7956,16260,5388,3188,1
16776,1496,7036,16188,24,4908,1
14736,2240,9076,16104,-13008,460,1
16792,1844,6808,16776,3056,4728,1
14812,-2848,7904,16128,3892,2984,1
15308,-2908,6324,16116,2232,3760,1
13760,-100,9248,16256,-1728,2304,1
16152,972,6644,16120,-2632,3452,1
14540,-376,6668,16892,88,3080,1
17900,-1160,5828,16120,708,4772,1
18080,1220,4236,17380,-4048,4244,1
22084,-212,-584,16344,228,5160,1
11480,312,10384,15872,-412,3168,1
15860,-4032,556,16292,572,2004,1
18352,-2464,9024,14636,476,4048,1
15928,-2348,9032,17076,-796,3140,1
12516,1888,16520,16176,-1780,5484,1
10120,1688,19620,16792,428,4552,1
17092,-5028,-3044,15256,-664,7108,1
13168,3984,7272,16216,412,4356,1
17556,-1016,3272,17012,-776,2880,1
17720,-5368,5028,14836,548,5876,1
16060,564,-340,12496,-708,7292,1
15856,-1620,2736,20560,-2540,2856,1
16276,2944,2568,14684,-7816,6480,1
15828,-2660,6260,14372,1520,7204,1
16452,-2492,5584,17020,2264,5228,1
15648,-4392,5056,15556,-1072,4812,1
16580,-1992,4244,15476,-764,6740,1
15952,-2632,5700,15536,-3992,5344,1
16148,-364,3580,16096,-3300,6032,1
15180,11196,1860,14248,-3040,8460,1
15236,-2824,5972,15968,-2524,6048,1
15024,-3288,8432,15148,-1172,7596,1
16416,-5436,7816,16460,4400,7316,1
15736,-676,3716,14532,-3276,5120,1
15332,4876,940,15952,-3892,3012,1
15540,-996,4012,20360,-2228,-544,1
16424,-4604,5152,23492,-592,-28,1
16392,-1796,7896,18412,-176,8164,1
16092,-904,5484,13640,360,5440,1
15672,-764,2180,11740,-6636,4884,1
14740,-3376,-216,9024,-2916,8780,1
14900,-740,1868,14112,512,17376,1
15548,-1616,9360,18104,-11516,-10600,1
16780,340,9080,17152,-2672,9308,1
15788,-1696,9640,17964,-2300,3064,1
16184,-316,6356,18992,-1864,2252,1
15312,360,7744,15212,5740,2760,1
15472,124,6692,16196,188,720,1
14832,-1992,6204,16820,1744,2200,1
15692,-1692,6776,15948,-2616,2468,1
14440,24,6960,17012,-1928,1664,1
15600,5036,8016,16004,-7888,1648,1
15852,3116,7992,16840,1500,2068,1
16388,-5704,7852,16628,4964,2064,1
14844,-2892,6564,16340,4788,3184,1
15572,480,5888,15972,-140,848,1
15440,3252,6604,16316,-5808,1700,1
15572,-512,6748,16428,-4408,2360,1
15828,-264,5276,16632,764,3080,1
15128,-564,2516,16332,144,2488,1
17628,-1204,2084,16412,468,2736,1
20384,1596,1444,16468,2256,4992,1
23268,-3060,-2992,16748,-3460,3948,1
21580,6020,908,16484,-212,1724,1
15064,-2700,10456,16036,-1116,2348,1
10244,1284,16868,15816,2100,472,1
6236,-2708,32484,16236,148,6016,1
30016,2192,492,17732,524,7708,1
17044,-1640,6444,15656,-2152,6404,1
12300,-1716,4304,15460,-1912,3180,1
15872,704,2332,15924,-2920,48,1
17616,-3508,2560,14996,140,3544,1
15644,-2832,5708,15664,-1176,5292,1
15768,2228,5348,16484,-4212,3400,1
17528,7540,3948,15504,-8540,3220,1
15720,-7416,3356,16608,5592,4708,1
15396,-4840,4816,15240,3160,5568,1
16248,-772,5848,15604,-3608,6680,1
16516,1420,4396,16684,-5160,5680,1
16056,-1288,2900,15228,-4640,4444,1
15768,-2052,1264,15864,1096,4764,1
15400,-1920,2656,15264,-772,3412,1
14760,-692,8124,15912,-3904,3668,1
16276,-752,7176,16196,-1740,5668,1
16028,1892,6896,16800,-248,2856,1
15248,-2528,4736,17316,-1344,3340,1
15588,-1720,6196,19332,-728,1024,1
16316,-920,5964,16492,244,4832,1
16312,-1400,5724,19608,-5144,536,1
15864,-1556,4684,17992,-540,1784,1
15476,-1692,2280,16480,-2216,5288,1
14296,-2784,-200,5848,-3228,13780,1
16612,424,9020,16280,-2052,-17472,1
17196,-2128,7852,6708,3756,-132,1
16080,-992,9648,18248,1220,5600,1
16136,824,7004,16260,-5940,4160,1
15196,-256,4864,15224,1072,440,1
15180,-848,5016,16040,1888,1496,1
15912,-1176,5904,16724,-288,2164,1
15756,-924,6292,16888,1168,2624,1
15376,1700,7948,16504,-4288,2668,1
16364,9644,6492,16352,-5696,784,1
15320,-952,6248,16596,3568,3116,1
15428,-7468,6416,16644,6752,3548,1
15232,-1476,6236,16096,-1480,1692,1
17216,6980,6488,16416,-7332,1796,1
15808,-324,8076,16464,-2528,2496,1
15804,-3392,5780,16168,2488,3836,1
15696,-3472,6448,17028,2860,3104,1
15248,3660,4068,16152,-2632,2212,1
16084,276,2584,16500,-2824,2420,1
17504,-1256,3652,16448,-1232,4448,1
19960,984,-904,16168,1572,3624,1
16392,1972,10248,15988,-748,2156,1
14516,-6140,2968,16408,-204,2000,1
15340,2796,7468,16384,1352,2836,1
14316,2840,13852,16148,-320,4320,1
14380,-3416,11636,16156,1748,3688,1
13216,3512,11968,16944,-1420,2604,1
11444,-568,6124,16380,-36,2852,1
16960,2964,3196,16420,1664,3984,1
16352,-7252,4212,16108,-2400,3008,1
14920,-640,4024,16096,-1328,2752,1
15272,-280,4776,16508,-536,3300,1
16464,-1164,5384,16500,-1240,3780,1
16636,1372,4852,16136,-852,2580,1
15964,-692,4460,16144,336,2036,1
16088,-776,3808,16236,5648,2816,1
16092,-420,852,13764,-200,6460,1
16172,-1008,1088,17440,-5452,3144,1
15920,-1832,6096,15756,-11552,4188,1
15832,-1744,3644,16516,452,5304,1
15996,-3396,3364,15816,88,4508,1
16408,-592,5400,16100,52,3140,1
15368,-576,6040,16020,-728,2728,1
17264,-156,6072,16372,-1104,3688,1
15268,-2224,5356,17868,-1360,1736,1
15476,-2052,6372,23124,-20,-2156,1
15960,-1840,4528,18752,-1728,3132,1
16184,-1844,6296,10104,1120,5380,1
16032,-2452,4836,12272,-6372,5652,1
15708,-2760,4468,12820,588,7616,1
15168,-672,1180,12328,-5308,12580,1
17844,-5724,9976,25380,40,-15296,1
17912,1512,7716,13916,-4980,-1740,1
16324,-260,5212,16196,-404,5108,1
14704,-460,3916,16652,2620,1380,1
13632,-4632,7432,15784,-648,576,1
14980,-9084,6960,17240,4192,2552,1
17032,8340,4208,16304,-4436,2400,1
16036,8908,7196,15964,-12216,1280,1
15140,-4632,7196,17156,3236,2364,1
14300,-6516,5924,16784,5056,2496,1
15780,1896,6364,16512,2988,3112,1
16084,3396,4524,15356,-1196,2896,1
15808,-1044,3288,15960,-4200,768,1
16592,-464,5020,16500,-8912,3772,1
17084,-40,2616,16648,700,3172,1
22156,1784,1168,16512,4956,4676,1
17168,1116,6140,16472,-1916,2488,1
13632,-1168,9232,16388,272,2360,1
14520,-1964,2112,16264,-292,2836,1
21360,-388,5120,16256,1212,2860,1
13924,780,8392,15420,60,-316,1
6744,908,10196,15244,68,4732,1
23056,11828,-1096,16508,-1868,5924,1
8052,3608,7880,16024,-2444,10052,1
21088,-1316,7712,15952,676,5080,1
18488,-5812,1568,16128,2436,2164,1
11568,-588,4,15540,-108,80,1
16364,-224,88,15004,-4516,7692,1
16356,-2228,2248,16168,-7924,6516,1
16228,-1776,4448,16536,-6004,5312,1
16400,-620,3936,16028,-2312,4556,1
15872,-3124,1748,15376,5836,4024,1
15956,-3340,1628,15356,-1500,3144,1
15936,-1920,1660,16328,4232,6172,1
17008,1416,5564,16028,-13596,1932,1
16624,1064,3812,15376,-860,4688,1
15768,-5544,3044,15320,-6904,4992,1
16016,-3980,2224,15436,-3244,7256,1
15308,-3568,3508,15804,-3472,5840,1
16332,-716,5156,15528,1016,6376,1
16448,-448,5216,16204,5520,6288,1
16112,-80,4608,15392,-2316,5400,1
16336,1560,3704,15304,-9768,3348,1
15784,-4000,1448,16224,-5672,6484,1
15400,-4540,3312,16032,496,3776,1
16168,-3956,4732,15584,768,5004,1
15716,4836,4556,15152,-1612,3080,1
15308,2764,6044,16452,-1396,2580,1
19360,11576,10816,20348,636,-1548,1
17108,-9936,9444,21600,-2736,2212,1
15240,-5568,4184,18072,3064,-1732,1
14516,-24,-2540,12392,-3400,4956,1
14216,-8440,184,10084,-21156,19660,1
17980,2272,4816,21700,7992,-6336,1
16108,-4980,9388,11092,-8900,5384,1
16156,-1196,7028,20336,1580,4092,1
14484,-1772,7132,16036,1228,2912,1
17136,-564,5168,16156,-424,3576,1
15112,-1452,5528,16476,-2044,1636,1
16392,-784,5452,16548,-748,3712,1
15268,-1504,4788,16248,176,3460,1
15888,-884,5692,16700,-752,3100,1
15216,-732,5056,16288,-504,1644,1
16976,136,4500,16480,1580,1264,1
15624,-616,6372,15824,192,720,1
15872,-1880,5376,16616,124,4876,1
15348,-2732,3572,16340,-4828,3048,1
16596,2272,1828,15008,-6020,3100,1
13456,-5276,9060,16572,1972,1372,1
18332,-6860,7280,17272,5116,5652,1
16888,968,8732,16004,-556,5180,1
17084,7524,5128,15724,-5408,1564,1
14752,-3848,3148,16312,-6424,1792,1
14524,-1120,3416,15900,-504,964,1
13776,-6380,6704,16088,5512,3440,1
15896,-3500,6616,16488,296,1980,1
16192,4912,5764,16364,-1940,1872,1
17144,1416,6036,17176,1360,828,1
15736,-2480,5720,19000,2716,-152,1
16124,-2500,4488,19008,-60,380,1
15356,-1264,4780,15528,1024,2480,1
15664,-1388,4304,9816,-3516,5272,1
15212,-2120,4372,14452,-5476,5964,1
16260,-208,6804,13940,2728,19084,1
15072,-2576,8724,15340,9992,-1976,1
15752,-1180,7676,17612,-7396,5408,1
15728,-516,7092,15704,3824,4292,1
15064,-852,5944,16388,2472,996,1
15540,-596,5072,16924,-2212,716,1
15348,-336,6380,16548,1284,1060,1
16220,24,6704,16412,8,2900,1
15500,-748,6984,16780,-1400,2312,1
15764,-680,6264,16212,1056,1504,1
15076,-3964,5012,16456,8132,1380,1
15672,3548,7000,16400,-224,3116,1
15936,2628,6760,15708,-6560,1356,1
15864,740,8188,16172,-11084,3824,1
15592,-1944,6648,16612,848,3384,1
14644,-5500,6680,16704,10184,4672,1
14684,3092,7424,16096,92,2240,1
16164,1040,6300,15796,-1552,3824,1
15412,2336,7448,16428,-6604,2920,1
15476,-4596,6572,16212,-1284,3404,1
16284,-3428,4956,16040,2224,1680,1
18816,1592,2136,16484,-876,5148,1
22216,412,2484,16900,-1096,4792,1
12388,-1292,14716,16296,-1104,3588,1
13668,-304,4948,16464,2208,2412,1
15360,4240,9360,16280,1320,2336,1
11484,-3808,11312,15960,1008,68,1
3512,8904,19116,15924,-76,3204,1
32767,-8196,3112,17436,676,5148,1
13120,2676,5992,15796,-2256,5932,1
14924,-2352,4300,16020,0,2800,1
14568,-5056,3792,15260,712,4844,1
16956,-3036,4772,15928,-140,4272,1
16412,2732,4056,16892,-2824,4332,1
16328,5304,2136,15684,-4020,4400,1
14584,-6516,11800,17032,-1804,2312,1
17604,-5524,6152,16368,1276,4920,1
15864,1232,4092,15704,1112,4940,1
15572,-3572,6752,15716,-904,2400,1
15684,-2300,4468,16156,-1476,4288,1
16232,836,2528,16124,-1516,5308,1
15816,-2832,2320,15260,-6260,4384,1
15720,-1368,2236,16380,-3728,3368,1
14924,-2868,6384,15752,-5408,3872,1
16200,-1440,7760,16172,4220,6076,1
15988,-1952,6956,15824,216,5764,1
15840,460,4272,15944,-332,4104,1
16100,-1700,552,15536,-5888,1708,1
13892,-3368,10612,16644,-5380,4468,1
15160,-2944,5528,16296,5984,6712,1
16436,2476,3600,15116,-5352,5352,1
16088,-3392,2300,15824,1268,1484,1
15820,288,2632,15884,-2012,1424,1
15592,-3076,3860,15736,-168,3088,1
15456,-1436,6024,15952,-2152,3576,1
16776,-836,8024,15948,-1752,6168,1
16108,204,5244,15396,-3752,7836,1
15884,1040,3556,15460,-10364,5056,1
14388,-6104,8096,15904,-2476,5688,1
15668,-5788,6164,16084,10000,8800,1
15040,-6388,9940,15140,2936,6516,1
17660,9288,5840,14712,-4372,8616,1
15860,532,4292,14332,-10896,3408,1
14812,-2888,5600,15260,-4156,3864,1
14688,-9592,5140,16524,4488,6152,1
14632,-5360,6556,14924,2116,6900,1
16700,5880,5340,17004,-5212,3220,1
14516,1388,6640,18540,-7248,3672,1
15444,-4952,7924,24412,-2484,-1052,1
15292,-696,6004,14652,-1348,7488,1
15988,-2188,5972,16420,-1224,3832,1
14784,-2844,4756,10088,-2144,8936,1
15028,-1140,3864,8356,-1924,10884,1
18348,-1240,8104,25836,7368,9736,1
12464,-544,9472,2328,-2060,-3204,1
16256,-2016,5404,18112,-628,3736,1
14316,-488,8076,16512,-2804,2372,1
15424,-148,4788,15404,964,-620,1
15084,3332,4960,16892,744,668,1
15600,52,9140,17144,-2996,-952,1
16400,-2308,7452,16720,732,576,1
15952,-5488,7268,16352,-248,2144,1
14984,-4564,6844,16224,1904,356,1
16172,7428,5960,16244,-1068,708,1
15436,4552,4744,16708,-4216,680,1
15656,2384,7004,16824,-176,1744,1
15376,-3800,8828,16392,448,2104,1
15992,-6608,6608,16452,2336,1432,1
14876,-2472,6528,16600,-972,1172,1
15544,-360,6532,16644,-816,1264,1
16416,9492,6656,16496,-1804,1072,1
15656,-1676,6152,16500,-1028,1652,1
15368,344,7232,16352,1020,572,1
15572,-3736,6188,16504,652,1328,1
15668,-1532,6148,16436,116,-44,1
15964,968,6428,16192,3688,580,1
15332,1196,6048,16644,3256,752,1
15068,-848,4684,16508,-520,2128,1
15368,-1988,6364,16204,-7880,4064,1
16192,-2032,6728,16472,-13556,3916,1
15804,-1548,7532,15820,-11712,4524,1
15456,-2608,6320,16108,-836,7148,1
15828,2856,6872,16864,17524,6232,1
15900,60,6400,16096,8468,2936,1
13520,2088,8816,14404,-268,76,1
13392,2780,10012,15748,-10252,2516,1
17532,-1736,5476,17208,-6152,5512,1
13808,324,7832,16948,1156,2712,1
15848,-3776,10832,15852,3936,5376,1
15812,3880,8680,16568,2788,2660,1
15860,-268,3148,13656,2288,4704,1
21712,432,2372,17728,-9328,4488,1
23472,-72,4688,15472,-2220,4776,1
12496,-3628,14084,16968,1588,5864,1
14884,-6376,4156,16272,692,1860,1
13416,2144,7568,16068,1548,1292,1
11748,1408,12612,15496,-1220,-1156,1
23120,-6372,32767,17020,1952,5740,1
32767,-11336,-3788,17672,1896,6468,1
12524,7528,6824,16472,-1224,6316,1
11156,-7588,4144,15584,-1800,4476,1
16396,-896,1804,15980,-2164,3024,1
18924,-656,2336,15328,-732,3916,1
15652,-2000,2276,16696,-1764,3672,1
16012,-1060,3140,16316,-3088,4544,1
16556,36,3716,15956,-4124,3760,1
16224,-3032,2872,16160,-3048,3328,1
16100,-920,2228,15792,-2324,3388,1
16544,-2360,3184,15008,1236,7132,1
16808,-1024,-1412,17336,3468,6084,1
14884,-2268,-6064,14136,-4820,4168,1
14460,-8140,8660,17344,-10936,356,1
16484,1568,2384,15552,316,7116,1
16192,-3588,5416,16040,3308,5916,1
16628,-304,5520,15356,-2084,6048,1
16096,-2308,3144,16268,-4020,3580,1
15684,-1676,2652,15364,-5864,4112,1
17212,-3232,6124,16876,-4676,6464,1
16376,-756,5008,16028,1996,5876,1
16012,-1776,1472,15408,-2384,3852,1
15420,-1284,-1040,15868,-2228,508,1
16096,-1776,948,16492,-1196,-320,1
16368,-1368,780,18432,68,8,1
16108,-2148,1988,22396,-4996,-2300,1
16112,-3776,696,16788,-312,3932,1
15788,-1992,904,15388,-2216,2172,1
15748,-3572,4024,12236,-5052,5392,1
15860,-1792,2428,11972,-1308,9420,1
15488,-708,1952,12464,-6264,11772,1
17628,-2628,8564,28380,6232,-14128,1
16612,-1620,7932,14284,-3800,852,1
15284,-2784,6156,16052,-3048,4768,1
15072,-2340,5592,16984,4204,-48,1
15644,-1160,5116,16460,-1044,-432,1
16300,7504,5684,15760,-10796,3024,1
16112,-792,5264,16928,-3092,1256,1
14912,-6368,7868,16248,3280,2424,1
14688,-6520,6320,16744,7324,2104,1
16464,936,4396,16396,308,840,1
16128,4788,5436,16588,-3352,4,1
15580,-2196,6404,16140,-3888,-112,1
15980,-2904,5188,16504,2476,2880,1
15896,-2448,6672,16888,2076,4960,1
16252,-968,7888,17028,-1868,3504,1
15420,1596,6164,16232,-11268,68,1
15388,2432,4712,15848,-2032,3152,1
15112,-4320,5084,16208,7060,2740,1
15740,-4144,8468,16868,12020,3532,1
15008,-92,7784,15948,6024,4040,1
17884,7240,6348,17928,-17040,1076,1
15764,-2448,5728,16552,-1780,716,1
15496,-2484,3736,16284,3880,2912,1
16872,-1656,3140,16500,1504,1144,1
24180,-140,-1292,16560,-1440,4508,1
19892,-1248,4592,15960,-1576,1664,1
9572,-596,4572,16328,1596,4080,1
12580,4880,4940,15976,516,2268,1
16424,-5356,8316,15692,656,696,1
10104,5424,16852,15408,112,-444,1
17920,-5668,-19792,16224,-168,6048,1
12152,12876,4788,16780,-1068,9304,1
18264,-2232,7060,15432,-516,9412,1
19780,-4056,3664,17300,-2324,4632,1
15700,-2816,584,16232,84,3792,1
15736,-12,484,16420,-4160,2720,1
16516,-940,1416,15976,-5840,5224,1
16264,-1004,4332,16068,1324,5564,1
16124,-1560,3600,15704,3564,3124,1
16304,-424,1756,15632,2464,2660,1
16184,-380,1708,16340,-1188,3808,1
16104,-2092,3312,16136,-6792,6500,1
16076,-1748,3636,16040,-4224,3448,1
16292,-1084,1552,16284,644,4376,1
15660,-980,1624,15616,304,3808,1
16252,-500,3748,16128,-892,3352,1
16348,-980,3452,15900,-2468,3200,1
16448,-1120,5316,16844,-1268,3288,1
16952,-4492,6076,19664,-3492,2932,1
15932,164,2976,22044,-4948,2408,1
16092,-540,-64,14452,888,4992,1
16004,-5300,2548,12392,-1728,1700,1
16428,-2012,1700,10952,-684,4944,1
15796,-2168,-768,13660,-972,10068,1
15240,-1576,-408,13880,-8756,7676,1
16336,-3172,8464,22840,408,-3192,1
17300,1448,6824,23652,-13672,3996,1
16360,-1168,4268,15072,-520,1540,1
16188,-812,3016,17836,108,-48,1
15848,-1376,3264,16804,1044,1000,1
15820,-1024,2840,16120,820,1732,1
16204,-1216,2480,16980,944,2304,1
16144,-280,3336,16700,-620,1040,1
16224,1380,4796,16708,-4116,-132,1
16548,856,4484,16596,-304,456,1
16028,-1204,4228,16892,2216,2712,1
16116,-1676,4084,16440,2588,2532,1
15832,-1144,1880,16656,-116,116,1
15764,-1368,-128,16616,1216,1064,1
16240,728,2148,16616,-992,236,1
16156,-800,5612,16672,-5316,2072,1
16376,0,6376,16980,-664,2808,1
16288,-448,5908,16880,1276,2920,1
16596,-320,4612,16640,-640,1924,1
15880,-1272,4092,16472,400,1116,1
16200,-192,2252,16668,-632,1120,1
15788,-1548,-756,16204,456,-1704,1
16328,-960,232,16076,3096,-4992,1
16500,88,3272,16228,6436,-6032,1
16640,-524,2836,15956,1364,-984,1
16432,-576,1900,16748,-3472,3168,1
15644,204,-896,16940,-3132,560,1
17156,3176,-1488,16004,-44,-2736,1
15048,-2144,11840,16440,6040,3116,1
16640,-1752,8204,16852,-516,2368,1
18348,528,5596,16852,64,3804,1
15816,-1376,5816,16732,-792,2964,1
16084,-1588,4632,16868,80,1540,1
16188,3352,5068,16640,-1604,1472,1
15788,-2036,4596,16760,1000,1004,1
16180,860,3812,16336,92,440,1
16336,-1096,3140,16648,592,376,1
15872,-328,1308,16212,64,-2724,1
15904,-1344,-1640,15960,4732,-6384,1
15968,-824,688,15952,3884,-6828,1
16588,-316,2300,16960,1744,-12,1
17172,-1960,1860,17628,-4560,8336,1
15984,-224,2364,16532,-6476,-664,1
16596,-1140,2264,15828,5084,-4676,1
16324,-660,948,15808,796,-3764,1
16424,-872,2796,16564,1720,-1396,1
16804,136,3468,17148,-328,168,1
16284,-1692,2408,17148,-1852,-208,1
15900,-844,-1816,16676,1300,-1592,1
15676,-1752,-3512,16284,1492,-4920,1
16280,-912,1384,16192,3608,-5404,1
16320,412,588,15504,3268,-8252,1
16568,-1408,256,16984,-1772,1604,1
16012,-1056,-1212,16320,-8180,-1688,1
15624,-440,-2204,16268,4688,-5432,1
15792,-2740,8804,16624,1376,-2592,1
17440,40,7480,16900,3344,2592,1
16720,2552,6752,16828,-4604,1396,1
16456,-1764,2604,16284,80,-4604,1
15948,-4548,1792,14724,5548,-9796,1
16240,1168,1208,15576,3392,-9300,1
16528,-660,176,15920,-1700,-3956,1
15756,1776,-5504,16936,460,4360,1
15440,-9188,4444,16900,-3096,-3140,1
16676,1276,6636,16656,3152,-1608,1
16360,3496,1500,15888,1468,-2788,1
16104,-2928,-1024,16960,3336,-1772,1
15568,60,-1296,14808,-2700,-1012,1
18264,-1900,-188,16956,-272,1392,1
21804,344,1444,16768,-2916,4068,1
15636,-200,5396,17636,1296,5016,1
14748,-1064,3308,16824,4384,952,1
13996,1384,5060,16144,52,-1564,1
12196,-912,9944,16408,3264,-1588,1
15112,3284,9856,16112,-764,1972,1
22848,-5620,1096,16728,2748,4992,1
18048,-1940,3596,16700,1600,2628,1
13284,-732,636,15496,-380,2508,1
16432,-744,-624,15984,-4140,3568,1
16300,-3292,-652,16928,-4052,6080,1
16272,-2752,3460,16576,-3476,5240,1
16556,-1172,800,16256,4,4036,1
15088,-2916,-2028,14740,-1104,4624,1
16532,1568,-3372,16628,-2700,4456,1
16120,-6772,10388,16380,-2912,2336,1
14456,-1136,14388,15748,1840,2332,1
19572,-748,3660,15792,-640,4640,1
15616,-76,4172,14988,-2252,6348,1
16100,-2180,3552,15400,-2140,6160,1
15556,-1780,2892,16524,-3440,5764,1
16796,-2420,4344,15524,-3224,5348,1
15544,-3732,2328,15496,-1528,4324,1
15060,-1368,-36,14652,-2460,7584,1
15352,-1660,-3160,14988,-2748,7604,1
15864,1460,13160,17340,-3600,3348,1
15788,-4612,13144,15856,-1896,5792,1
17008,460,3844,15752,-272,5996,1
13936,-4828,-3244,14692,-1832,4352,1
15720,820,-1380,17636,-3648,1208,1
16524,-3388,3656,19688,-2892,2260,1
16040,-2060,4076,20308,380,3928,1
16248,-2304,4136,17488,-6028,4508,1
15984,-2300,6216,12316,-3928,4876,1
15764,-804,2320,11232,-652,8712,1
15448,-3908,3820,12060,1476,12896,1
17104,-2032,8648,11212,-1892,12348,1
15828,-880,6736,9156,556,-472,1
15656,-1320,4152,17520,-128,4000,1
14348,900,-4224,16224,-5844,2568,1
18100,-2360,13296,15624,-6740,-232,1
16412,-7016,13524,16924,64,316,1
16512,-1312,6556,16208,3844,2884,1
15712,2456,4444,16380,8340,1872,1
14300,-688,2360,16028,-2920,932,1
15656,-672,3772,16244,-6912,1732,1
16848,-1124,6716,16660,-7572,4136,1
15788,-1496,5284,16660,-1484,3772,1
15628,-2108,3428,16288,5128,5364,1
15388,-1132,5816,15928,6468,3068,1
16428,-676,7696,16804,-6076,992,1
15792,2608,5212,16300,-10880,3464,1
15808,-3200,9388,16528,-3572,2680,1
15880,-2284,6672,15936,6516,4380,1
15708,-352,5636,16736,4428,3512,1
15740,472,4756,16420,-6496,416,1
15876,588,6620,16420,-5364,916,1
15800,-2872,4312,16540,-4416,5308,1
15504,-1920,2624,16352,356,4068,1
15408,-1784,2092,15108,4432,6112,1
15748,-692,476,17620,1392,7224,1
19712,1104,4424,15800,-4752,3756,1
21200,2332,1480,16360,628,2908,1
16396,-2268,6276,16456,244,876,1
9536,-1532,10780,16232,-80,-1168,1
10752,1124,5676,15936,4112,3268,1
15936,-3168,9088,16108,-240,3068,1
13592,-1624,10688,16396,-1016,1456,1
14928,7596,25488,16296,-512,936,1
32767,-7872,2860,17376,2468,5412,1
14564,7512,1024,15812,340,3144,1
18464,-1644,172,16276,-3232,4936,1
17128,-512,4040,16016,-200,4308,1
16740,188,1124,15940,-1480,5252,1
16544,-1012,3028,15928,-1716,5264,1
16352,256,1896,15772,-1260,4756,1
16168,-1532,2880,15924,-880,4704,1
16304,420,2360,15872,-1108,3512,1
16312,-648,1144,15956,-1192,5288,1
16416,-228,2944,15676,-1980,5296,1
16204,-1556,5256,16076,-996,5592,1
16852,-1068,4764,16164,284,4592,1
16088,248,3212,15976,2084,4256,1
16192,412,1516,16156,-3700,5136,1
16232,-1632,2040,16036,-4588,5492,1
15744,-1024,3040,16188,-3020,4696,1
15476,-1448,4212,15804,580,3968,1
16088,524,4188,15976,1540,3436,1
16440,-712,5496,15900,512,3288,1
16016,1660,5232,16116,-2232,5176,1
16472,-472,3984,16932,-276,3180,1
15884,-3484,6184,15992,-1832,3172,1
16212,8,4492,16584,-8796,5856,1
16308,-3272,2648,13488,-4092,9080,1
16160,-312,4052,13820,-3544,4784,1
15640,-5328,1504,16736,18128,4936,1
16348,-872,3156,21768,-7816,10540,1
15620,32,4320,16480,-1496,2768,1
15888,-1448,4820,14944,5596,2968,1
16124,-16,9084,16400,-5468,764,1
15068,-1604,5528,16752,3328,2428,1
16708,256,5184,16412,-1392,3820,1
15852,-964,4780,16136,32,3300,1
15648,-20,6300,16496,232,2708,1
16176,-368,5092,16212,-1404,2316,1
16048,-568,3160,16204,-536,3216,1
15944,-512,4092,16204,-8,2828,1
15404,-4724,8200,16420,4876,1368,1
16464,7280,6700,16488,-620,4468,1
16300,-416,3380,17028,-1404,3324,1
15892,5796,6792,15736,-736,2772,1
15432,-6380,4152,17216,144,2412,1
17192,-4020,5068,17356,-396,6192,1
18468,-3608,1732,16360,-1612,2928,1
18736,-10736,3932,16408,1656,4624,1
12540,176,7448,16500,200,2688,1
13508,-9372,8304,16228,376,3080,1
14468,7292,8100,16760,1060,3216,1
18716,2344,5064,15912,596,2272,1
13524,-17492,7428,16496,3212,3648,1
14776,6692,15232,16348,336,1904,1
12796,3956,9888,16108,2544,3144,1
15472,6292,-1180,16084,-2852,2344,1
14196,3044,1016,16144,1668,4960,1
16740,3760,5332,16556,1120,3184,1
15952,-3584,4336,15908,-1984,3912,1
15464,-1076,3608,16092,-2084,3168,1
16532,2832,3544,16112,-2048,3792,1
16076,-1128,3256,16148,-2668,2728,1
16068,-1056,3628,16500,-2780,3380,1
16204,-424,4012,16412,-2248,2616,1
16384,-1588,4152,16764,-3148,2816,1
16060,-580,3924,14572,2616,5496,1
16100,-1304,3260,13068,-1940,6072,1
15980,-960,2140,16224,472,4188,1
15744,-3296,5012,12656,12460,-1912,1
15808,-1776,5072,15140,-24324,4804,1
15640,-1252,4408,17048,1928,3612,1
15720,-1932,3788,15272,1988,344,1
15444,-1644,5564,16224,-5940,1852,1
16508,-1916,5540,22824,-168,-140,1
16148,-1472,5648,17200,-3724,2512,1
16012,-2928,6704,12416,-288,4664,1
16176,-1960,4484,12184,-6420,6772,1
15544,-1684,1908,8984,-3452,7868,1
16256,-3872,1944,28280,12088,16412,1
15324,992,3964,8620,7480,-7740,1
15960,-2356,6688,21624,-3072,-6080,1
15944,540,6692,10716,296,3652,1
15912,-3576,3944,10644,-5396,4432,1
15352,-1264,3440,17036,-768,1524,1
16264,-564,6000,23184,8600,4792,1
15564,2020,7232,20552,-10008,2560,1
16048,460,5684,14164,-1752,2004,1
16092,-1280,5392,19008,208,1316,1
17552,352,5476,16708,-1396,4104,1
17188,-6328,4856,16016,1084,988,1
14392,-5816,10808,16756,-1468,4748,1
13468,14708,5548,16436,1240,1484,1
15660,-4492,23964,16356,2016,24,1
14076,2504,25792,15872,1356,-876,1
25352,3792,764,16864,4068,3532,1
10312,-4120,5016,16832,-1220,2988,1
16960,-260,3512,16700,112,1748,1
15188,1296,4888,16476,-448,2124,1
16776,-1816,4572,16448,1412,1484,1
16616,1092,5548,16552,876,3192,1
16200,1008,7380,16556,1152,2572,1
14904,-4,8752,16304,464,2132,1
14132,-136,7564,16364,1232,2924,1
16628,336,5584,16536,1408,2780,1
15852,1724,6320,16624,68,3052,1
16072,-2420,4260,16448,-72,2848,1
17828,1460,5600,16436,12,2004,1
14960,-304,6516,16580,888,2204,1
12180,-1944,8088,16004,856,1788,1
12156,932,15992,15836,296,184,1
17528,-468,2152,15616,88,1912,1
17392,-4420,2360,15888,-80,9416,1
15332,-1588,2904,15776,1184,5600,1
15076,8,2552,17360,-4684,7104,1
16064,244,1424,14056,-7372,7592,1
16288,-2788,536,15696,-6800,6160,1
16272,-1888,744,16516,2840,5276,1
15720,-1580,4220,14504,-180,5556,1
15336,-600,6752,16644,-2840,3500,1
16076,2560,2972,14868,-3528,5616,1
16328,-636,2156,15052,-216,4508,1
15316,-6852,10428,16016,4,3224,1
18112,-2044,8184,16056,-2120,7176,1
15704,3056,6800,16204,-1068,6872,1
15720,-2676,4468,15840,-3648,3908,1
15720,-400,4324,17272,-1624,1876,1
15652,500,4444,19136,-2924,1348,1
15588,-3228,5316,19096,-3932,5968,1
16268,-868,4620,14952,-892,6680,1
16272,-3084,6008,15168,-2284,3244,1
15924,-1784,3572,12532,-4956,5396,1
15592,-2172,700,13336,128,6400,1
15556,-2248,1596,12160,-4220,9312,1
16724,512,4996,12512,-1344,9696,1
14752,-2056,3692,9892,7656,380,1
15652,-1748,1088,22500,-8764,7640,1
15496,1252,5088,13480,-5636,460,1
14848,208,9204,16788,1780,1364,1
15260,-4588,13168,17128,2516,1484,1
15776,-1220,7720,16432,-496,3852,1
15832,2740,6116,16416,-1924,3016,1
15544,4268,5696,16364,-1828,1212,1
15524,-2984,7732,16332,968,720,1
15648,-2008,5156,16548,2320,3788,1
16124,988,6412,16444,152,2132,1
15772,-940,5464,16348,-2680,2628,1
15760,592,5972,16296,-6168,1584,1
15824,72,4384,16284,-2880,3820,1
16132,-1524,3348,16712,1628,4700,1
16624,-160,3308,16744,1268,3716,1
18216,-2788,3756,16500,-2124,1992,1
16292,280,3616,16392,60,2408,1
16908,-636,6608,16428,-532,1392,1
16268,-1700,4092,16496,2332,1868,1
14560,1692,5064,15904,2152,784,1
14796,4360,7860,16064,2904,944,1
16212,-4080,8964,16328,432,2668,1
9808,8188,21876,16552,852,3588,1
23168,-4756,616,16920,920,4172,1
14368,-900,3368,16088,520,3336,1
15116,2160,2044,16124,1048,2324,1
17348,-960,1396,15564,800,668,1
16140,-1704,4476,15740,24,5092,1
16548,-564,4208,16440,-560,3740,1
16812,-3264,3188,16096,-1276,6512,1
15920,300,1432,15600,-6696,3624,1
15664,1208,1196,15848,-9840,4900,1
15844,-5112,3620,15768,8172,7072,1
16188,-2132,5932,16132,4696,4692,1
16304,-3204,4736,16100,-1464,4856,1
15824,184,4696,16508,-6412,4908,1
16176,1440,2748,15664,-3120,4136,1
15332,-3544,5496,15980,848,2380,1
16704,980,4392,16720,-1340,2268,1
16140,-2424,5988,18684,4052,1988,1
15080,-1200,6068,16212,-2476,5640,1
15476,332,5652,16660,-4292,3448,1
15656,-4348,5228,17904,5500,-332,1
15728,-1972,5900,13732,-12588,6168,1
16044,-672,5076,9260,-1380,7348,1
15496,-3880,3664,10488,-3712,16232,1
16752,-2656,6172,27540,-1924,-3264,1
16276,2484,5268,12632,-5620,452,1
15332,772,1488,16772,4264,1512,1
15560,-10524,10616,16824,4376,880,1
12688,-3548,5620,16544,2892,5828,1
16132,2604,8124,16320,-6340,2312,1
16540,5984,6360,16384,-5268,3260,1
14292,-6764,6092,16124,3332,3828,1
15244,-4224,7032,16364,3948,2128,1
16408,1900,5432,16704,-2080,4176,1
16084,2780,5340,16260,-4176,5864,1
16640,-1124,6284,17368,-5816,4256,1
14608,-3540,7496,16040,4460,1616,1
15188,-3084,5496,15756,4248,268,1
15196,-2608,6924,16296,3764,960,1
16036,-1344,4256,16280,-484,1380,1
16108,7768,7208,15780,-5356,3912,1
16308,1228,6100,16352,-428,3216,1
15044,-5900,6472,16068,3688,1516,1
14916,-5052,7204,15896,1856,5376,1
16016,1392,5384,16176,-2236,5012,1
16992,1612,5796,17196,-3472,3524,1
17692,-684,1732,16672,-1132,5068,1
19000,-2016,920,16612,1148,2544,1
14620,-856,8688,16832,692,4220,1
14036,-1844,1672,16048,612,2336,1
17996,296,6472,16028,3284,-468,1
16304,1216,10360,16388,1484,2840,1
10200,684,13492,15676,1316,-1744,1
8324,-376,8716,15864,464,4744,1
16476,-444,2416,15672,-668,6280,1
18008,-3512,3812,15968,-216,7248,1
14932,-444,-364,15668,-1108,3800,1
15248,2148,-2836,16120,-4060,4076,1
15708,-3372,4472,16156,-3240,4312,1
16616,-3392,8400,15852,4692,4684,1
16452,-2100,4996,16488,6420,7032,1
16420,6424,4344,16712,-5144,6528,1
15764,-1100,852,15576,-11136,5236,1
15744,-3708,476,15112,-2776,5692,1
16276,-5956,5952,16420,2892,5868,1
15936,-2644,3016,15172,2220,5208,1
16244,-1388,3368,15088,-936,4376,1
16436,5896,6772,15676,-1820,3468,1
15508,4912,3852,16048,-1324,4632,1
16284,-2292,2804,15652,-600,4504,1
15480,-7228,2724,15556,904,3652,1
17200,1716,864,16980,-932,3052,1
15768,-3900,4436,16356,-2472,1556,1
15960,-1552,5008,21624,-3136,-2020,1
15356,-2360,4592,23020,-2068,-3008,1
15292,-1092,6748,16572,-3144,2528,1
15632,-1752,4240,9656,-5160,10204,1
14924,-1396,1480,8036,-204,13704,1
15112,-1728,5020,18716,-2356,-6224,1
15328,472,6552,8108,-1236,396,1
15860,-1820,5940,19920,-2108,1420,1
14448,-1644,9564,16372,-72,4716,1
15392,-7280,8760,15536,5208,2076,1
15124,6908,6116,16344,-2164,2932,1
15452,10296,6100,16664,-10388,1240,1
16388,-4768,4652,16372,740,2472,1
15088,-9328,7832,16724,3992,3176,1
16508,228,5212,16472,748,2908,1
14968,3760,6064,16492,-3808,1412,1
15904,644,5168,16560,-5180,2624,1
15476,-4800,7184,16544,1820,3476,1
16356,-2296,6704,16876,3060,4476,1
15664,820,6256,16480,580,2960,1
15728,688,5956,15944,-3116,720,1
15616,628,5500,16108,-2896,2724,1
15912,-776,4488,16500,-1912,3404,1
16040,-704,5056,16596,-4080,4128,1
15468,-960,5816,16220,-3988,2920,1
16084,808,2960,16708,1452,5824,1
16076,-516,-228,16156,1936,2824,1
18212,-724,1476,16196,1544,2012,1
17916,2280,2132,16032,764,1780,1
16656,-3404,3168,16232,1524,2172,1
18696,5884,5812,16248,2116,1604,1
15220,1540,10020,16444,1436,1212,1
10952,-2860,10472,16500,468,3924,1
13456,2700,16960,16400,-96,1136,1
19204,416,964,15648,1464,84,1
14540,840,3108,16444,1416,2752,1
17100,-3856,404,16336,5044,7788,1
16012,224,2380,16140,-8224,5264,1
16008,5436,1684,15052,-13704,5832,1
16460,-4044,3872,15820,-4504,5096,1
15880,-2532,4364,15540,4876,6804,1
16244,-5248,4120,16804,8424,6188,1
15856,3328,2648,15564,-1408,5528,1
16516,6676,2864,15896,-15020,2192,1
15280,-5544,2744,15736,2504,6484,1
15560,-2240,6944,16064,6196,3320,1
16616,-3732,4628,15980,720,1780,1
17068,1476,3100,16124,-4324,5424,1
15692,-1856,5244,15756,1888,5208,1
16208,-864,5740,15552,-3836,5580,1
16200,-5412,5472,16268,2004,6272,1
16136,4896,4384,14964,-2188,6884,1
16320,-2012,4280,16124,-7260,3944,1
15944,3540,56,15424,-7508,3912,1
15648,-7228,5080,15296,684,3756,1
16788,-3808,6924,16484,844,5196,1
17084,-292,8932,16160,704,5144,1
16400,3676,4168,16776,-2704,3684,1
15152,-2964,-1016,18136,-2320,472,1
15600,-1532,-604,18620,-2484,-796,1
15892,-4700,2792,16792,-2408,2812,1
17152,-244,5804,14672,-2604,3572,1
15808,-2304,3032,14684,-5752,4920,1
15928,-1656,3408,17304,-3412,4788,1
16284,-3004,3692,11500,-2496,22176,1
16304,-872,3212,20680,1408,-4012,1
15860,-1908,4100,15348,1136,-1392,1
16376,280,5908,18000,-196,2596,1
15756,-504,5076,16288,-576,1132,1
15472,-1208,4148,16472,4540,1900,1
15364,-1256,4280,16604,2196,1248,1
16528,-328,4976,15832,-796,4128,1
15788,3036,6688,16172,-8884,1480,1
15880,1528,6448,16516,-4400,3644,1
16000,-1060,5156,16724,2268,4568,1
15620,-3308,4908,16240,4828,2172,1
15760,-476,4540,16144,260,1688,1
15948,1676,4220,16276,-1312,628,1
16024,936,6116,16160,-88,2800,1
16088,-2048,4956,16492,-2788,5040,1
15960,-524,6012,16892,-4588,4240,1
16108,-388,4652,16420,-8080,4544,1
15320,3376,3768,15716,-9752,4984,1
15564,1656,4096,14368,9048,7744,1
14936,-4536,9888,16664,12148,2144,1
14432,-2424,8312,17044,8024,3316,1
15904,840,7280,15512,6352,7188,1
15856,3964,7772,16020,-15236,4040,1
15712,2336,5832,15288,-5388,1708,1
15256,-1912,6140,15960,1428,5376,1
15308,-2040,6848,17032,1416,3868,1
14652,-2352,7448,15876,-1240,1528,1
16952,3136,6896,16732,-1992,2792,1
19200,3784,3624,15512,68,5480,1
22216,-804,-2824,16820,976,5516,1
16044,-176,4004,16136,-1436,3572,1
13988,168,728,16320,-744,2396,1
16252,-1128,8520,15532,672,3936,1
16680,-760,23828,16236,24,2320,1
5296,2924,14564,16100,-1636,5944,1
15024,464,4580,16400,-60,5828,1
18188,-3616,3816,16292,664,1584,1
16008,-2916,-68,16156,1440,2592,1
13732,3024,832,15396,-1800,4080,1
15788,-1840,4488,15928,-1740,3808,1
16848,240,4152,15324,-1864,6644,1
16244,-2572,2076,16700,824,4900,1
15976,140,2920,14572,-5844,8036,1
16636,128,3700,16420,-4092,6984,1
16088,848,3388,15472,-5036,5192,1
16652,1864,1416,15036,-3932,4396,1
15796,-3276,1832,14616,6076,5620,1
14832,-6080,8416,16224,4156,4788,1
16876,-556,5728,16336,-3052,6932,1
16456,5364,4348,15932,-4224,6236,1
16120,732,4064,15784,-3892,4064,1
16520,-2052,2980,16068,-48,4760,1
15928,-896,4080,15552,-244,2268,1
16392,-888,3448,16064,-2188,5404,1
16036,724,4916,15632,-564,4004,1
16412,-32,4420,15800,-1264,3508,1
15968,-92,4664,15328,-1552,2652,1
15768,-4228,3620,16168,-2504,2452,1
16060,-1848,2288,20668,-368,5052,1
16156,-936,4980,20692,-4084,4016,1
15572,-2892,4524,14612,-636,4508,1
16232,-2460,4988,15656,-5704,5196,1
15324,-2444,4280,12732,-780,6388,1
15736,-1768,4328,16208,-4196,10188,1
14864,-1540,3768,1060,-15156,14764,1
16212,-2920,5912,22744,88,-3916,1
15668,-2016,5596,14156,1420,5076,1
16264,-480,3700,15080,-4980,2352,1
15888,-2312,4636,16148,3540,2552,1
16104,-2940,5196,17224,800,2240,1
15548,200,7196,15800,-2892,1228,1
16568,968,6612,16492,-10576,2004,1
16088,-972,3724,16244,-316,4508,1
15740,-2536,3568,16324,2332,2864,1
15176,-2640,2772,16136,1048,2496,1
15296,-304,2980,16396,-1244,1436,1
16128,-1736,7908,16620,-6416,1660,1
16944,732,7300,16940,-528,2964,1
15772,-584,6084,16528,1348,3136,1
15536,-568,6308,16816,64,884,1
15452,-36,5708,16588,-1472,1816,1
16380,4160,9356,16784,1004,1436,1
16088,1412,5172,16076,3524,984,1
15584,-1140,4092,15892,3344,2060,1
15488,-3076,4352,16480,-3280,1400,1
15596,-692,1780,15980,-4220,3408,1
15416,-2352,-1192,16720,-10216,5464,1
17148,-1776,3560,16344,68,4116,1
15196,-764,13300,15828,2564,2344,1
17404,2624,7316,16872,7040,2592,1
16036,5328,8440,16208,1308,2992,1
16124,-1256,6152,16096,-3008,2452,1
15400,-2016,1832,16488,-2040,3868,1
15400,-108,3344,15232,-5156,-308,1
16612,-1936,7488,15944,-4920,4736,1
16416,240,6660,16044,1568,6644,1
16684,-736,6220,17268,5840,8392,1
16820,-348,3696,16260,3036,6596,1
23520,3956,-3072,16852,-6276,3740,1
19312,-1896,3372,15616,-2068,148,1
9788,-3744,7476,15968,232,1964,1
11284,-2460,3556,15952,496,1216,1
15404,4320,8856,15964,-1992,2500,1
21440,-14880,32767,17108,1136,2028,1
31580,3516,2176,16392,1276,2740,1
13360,-136,5824,16260,-1808,7176,1
11040,3220,7976,16124,1464,3148,1
17740,-3024,3960,16072,-1172,2096,1
18316,2592,312,13816,868,7692,1
16256,-3504,2072,17384,-2672,8436,1
16028,-1384,416,15788,-10436,6524,1
15848,-2108,2792,14928,-2896,5444,1
16524,-2236,3984,16176,-1896,4084,1
15960,-1208,2340,13828,5216,6852,1
15940,-440,-1172,15456,-1184,4200,1
14960,808,-4516,16384,-4288,5720,1
18340,-2552,10000,15216,-3152,3464,1
18596,-1676,9048,17232,1300,6648,1
15564,3392,244,15572,-3840,8020,1
15064,-3208,2048,14796,-1284,2784,1
15548,-4788,5052,15680,-2712,3396,1
16736,860,508,16208,-388,4468,1
14860,-108,-2420,14648,-2748,4848,1
15120,-764,1240,14932,-2780,3268,1
16116,-5556,14732,15724,-468,4508,1
19456,12,8388,15100,-3532,12744,1
16332,-1848,8992,16340,-1852,9756,1
15028,-1260,5628,15872,-4376,8644,1
15076,-2640,3660,15312,-2944,8136,1
16192,-880,1340,14796,-1880,4804,1
15388,-1148,1488,14780,-2920,440,1
16016,-1304,3352,14980,808,400,1
16304,-704,11648,16080,-360,3848,1
16948,2220,6984,16212,-1080,3120,1
14184,-1660,-6176,15960,-2952,7424,1
15644,-2652,-3904,15736,-960,5772,1
16716,-1836,1012,15592,-2872,3340,1
14556,-2628,-1340,14984,-1604,2004,1
15984,1024,-3568,14552,-1900,5788,1
14360,-1236,12784,14952,-2768,3104,1
14948,-1940,12472,15744,-3408,5132,1
17184,-2060,9560,15268,-2216,12076,1
16692,-1284,9196,15928,-1440,10868,1
16296,-2516,7844,15716,-6024,7508,1
16008,-1808,9688,15700,-2716,4592,1
15080,-1924,-620,13180,-904,3272,1
14920,-820,-3600,14508,-2100,3680,1
14664,-3976,-4232,17128,-1536,2984,1
15492,56,4600,14608,-5760,5628,1
17820,-752,15580,16400,-1576,6280,1
15084,-3988,1976,15912,-1092,6588,1
16048,2616,3748,15032,-2020,3840,1
16432,-2228,6220,17404,-1548,1952,1
15828,-4076,2000,20108,-4900,-276,1
16404,2084,6448,22472,-5960,3884,1
16364,-3284,2740,12564,268,9776,1
15460,-536,284,12552,-3448,5928,1
16236,-4248,944,12616,-852,7708,1
15892,-2252,824,16864,-1548,6908,1
15244,-1668,-484,8972,-9164,10428,1
16180,-4424,1016,32767,9428,-10736,1
16400,2680,5788,15204,-11456,1104,1
16396,-2384,5080,16876,-848,4028,1
15676,2968,964,16612,-3732,68,1
15920,-2136,7976,16500,1148,-2360,1
16560,-3176,7892,16724,960,1904,1
16252,3600,5224,16244,3388,-1388,1
16104,-536,5744,16328,3016,244,1
15268,272,5508,16108,-4748,-1492,1
15900,-1360,5048,16496,-416,4576,1
15964,-752,2804,16516,-5956,5836,1
15796,-2104,1372,17412,-5364,4668,1
16016,-636,1132,16204,-1160,2152,1
15504,-1292,2956,16508,-776,856,1
17592,2248,8792,16156,292,-1088,1
16576,-1416,7604,15672,836,1012,1
15080,4,2728,16884,6180,5300,1
16240,-2592,788,16676,-4252,5696,1
15700,-1128,1752,15872,-5932,2020,1
15656,-368,2948,16224,-9560,2832,1
16804,-52,11708,16012,-4208,284,1
16504,-1964,5188,16380,2972,4184,1
15828,32,3324,16744,8788,3312,1
15744,-1820,3252,15212,168,3048,1
16164,172,4980,16908,-4672,1040,1
15984,-792,3312,15004,-13704,4672,1
16168,-1828,2948,16512,-1588,6064,1
14940,-1020,-412,15964,988,5240,1
16064,-156,1484,16496,2988,4964,1
20624,1836,2928,16020,8232,716,1
21896,1324,4240,17560,-3344,3552,1
14020,-2448,10964,16880,-4668,3912,1
10068,1520,6944,16572,-28,3320,1
9080,-376,7968,17176,524,3100,1
16452,-1124,8132,15940,-1280,1484,1
26108,3676,32767,16984,-504,1040,1
14840,-22960,620,15980,1064,3340,1
13444,-2764,4376,16040,664,4640,1
14160,196,2444,16320,-612,5108,1
15968,-1824,1264,16236,-1668,5824,1
17524,336,2840,15608,408,3452,1
16368,-2200,3172,15944,-992,4864,1
16380,-4316,996,14588,1216,3600,1
15780,1372,2264,16044,-5352,4728,1
16692,452,3880,16116,-7860,6828,1
15788,228,2052,16060,-4140,5488,1
15744,-2544,4696,15620,892,6244,1
16120,-3644,2928,15592,6408,3832,1
16284,1164,2896,15492,-20,3700,1
16360,-320,4176,15676,-6660,4004,1
16512,5984,3804,16064,-2208,6216,1
15804,-5408,4280,15748,468,4660,1
15704,-1872,3856,15724,2512,4780,1
16660,124,4308,15376,-1308,2872,1
15764,-328,5136,18104,-2708,2604,1
15764,-2700,3664,20984,-3028,5480,1
15992,-3988,3600,18152,-3964,6632,1
16604,-700,6856,14992,-4672,2624,1
16104,-1784,6572,16944,-1432,3992,1
15380,-1908,3584,14964,-5812,9460,1
15300,-1832,2376,9532,-1292,11556,1
16824,-2292,4216,11780,-3944,-18936,1
15752,-1524,2460,8028,4380,-5256,1
15528,-516,3064,13344,-592,3348,1
15228,-336,3696,17112,816,-1452,1
16284,-128,4820,16108,1340,804,1
14892,-3520,8544,16780,1536,1684,1
15496,-1748,9412,16984,-2296,1372,1
16700,4184,6528,16480,-1756,1136,1
15720,816,6800,16272,412,-424,1
15136,-3416,3540,17048,3696,-16,1
15580,-2412,4084,16284,4636,1668,1
16816,3632,9328,16744,-9084,2208,1
15980,-596,6072,16336,-5828,1076,1
15496,940,7464,16084,-9184,2552,1
14904,-4292,4848,16172,5720,4496,1
15440,-2176,5744,16652,9532,4584,1
16048,1044,6464,15820,5864,2876,1
15272,1964,8392,16872,-6088,1636,1
15684,1096,6900,15472,-11592,2984,1
16216,-204,5768,16536,-4784,4568,1
16984,-2160,4332,16660,6164,6724,1
18940,-2748,640,16740,4464,5024,1
18620,728,1016,16068,-1948,2556,1
14820,-664,9908,16284,-1408,2360,1
12524,-28,5960,16152,684,2240,1
14124,-1560,7076,16568,2908,3764,1
15672,-1632,9672,14952,-1552,3828,1
15300,-248,7984,16272,-624,1564,1
3032,9880,6216,16296,1544,3696,1
17048,-4412,1612,16296,3792,3852,1
19468,2392,7676,15816,3592,4808,1
17532,-4556,5168,15760,-3416,3800,1
13948,-2096,2084,15680,-5656,5848,1
15776,-1792,572,16524,-11288,6384,1
16256,-1900,-388,16108,784,7044,1
16136,-1924,5532,15376,4296,5412,1
16780,456,5008,16508,5204,3068,1
16592,1024,3516,15556,788,3032,1
16212,-1428,2980,16180,-4640,1560,1
16064,-1580,2632,16204,-664,3648,1
16252,-1580,2192,16064,-952,3176,1
15924,-1436,2316,15920,-1392,288,1
15912,-1096,3844,15296,108,2500,1
16232,168,4104,15560,-1704,2788,1
16244,-2576,3020,14332,-4704,10592,1
15260,-3316,4560,14860,8368,5160,1
16196,-2652,6872,16636,-2760,8012,1
15700,-864,7864,21160,-7820,4396,1
16124,-1340,5212,20136,4948,2480,1
15836,-2188,5808,14464,-1040,4872,1
15860,-1388,5312,13296,-8504,2644,1
15704,-2432,4884,14692,3740,5036,1
15348,-1032,4988,14644,-1756,9092,1
15960,-2104,2856,13272,-3456,23960,1
16236,-1032,5444,32767,-4860,224,1
16516,396,6880,20188,2048,3364,1
16236,476,5012,17608,232,1968,1
15844,136,4836,15736,-3160,1284,1
15084,104,7628,17128,1016,716,1
15276,-1268,5448,16628,-1940,2124,1
15736,-492,6960,16728,-268,2500,1
15192,2068,7100,16700,232,2036,1
14356,352,8152,16404,-564,1016,1
15964,192,6432,16492,880,-28,1
15988,760,5644,16596,-256,1976,1
16168,36,5160,16728,-684,2152,1
15820,448,4204,16640,-1036,1252,1
15752,-1124,5264,16464,-752,1192,1
15876,-220,5032,16444,-680,1040,1
15844,-548,4436,16484,-880,1284,1
16092,-912,4744,16600,-948,1096,1
15868,-980,4776,16504,-956,712,1
15964,-1180,3612,16512,-848,492,1
15984,40,5324,16456,-268,384,1
16048,-1096,4404,16648,352,1116,1
15724,-704,4504,16556,528,368,1
16252,-1088,6088,16532,-3212,840,1
15852,-144,6216,16620,-6200,1756,1
15960,-3084,5348,16928,-3476,2896,1
15832,-1220,6356,16612,-872,1588,1
15804,-1100,6316,16432,1212,836,1
15816,-676,5628,16536,260,-104,1
15928,-500,5584,16520,-644,96,1
15872,-1088,5724,16636,-1152,128,1
16016,-1144,5500,16596,-1240,44,1
15844,-1316,5188,16600,-1672,-68,1
15956,-1144,5012,16648,-1084,-160,1
15928,-1192,4320,16632,-512,-340,1
15804,-1112,4396,16584,-1016,52,1
15956,-1268,5044,16640,-1224,248,1
16056,-1372,5280,16716,-1320,488,1
15972,-1240,4996,16616,-1340,168,1
16032,-1416,4520,16468,-1256,92,1
15928,-1336,4388,16588,-1072,-196,1
16012,-1464,4524,16568,-1100,-432,1
16092,-1464,4356,16632,-1320,100,1
16100,-1524,4392,16612,-1260,64,1
15992,-1308,4424,16640,-1252,72,1
16016,-1608,4184,16644,-1204,4,1
15956,-1468,4436,16572,-1256,4,1
16104,-1412,4668,16624,-1192,-256,1
16084,-1500,4712,16500,-1224,-260,1
16024,-1440,4392,16636,-1116,-368,1
16056,-1332,3904,16588,-792,-460,1
16032,-1560,3660,16672,-1364,-204,1
16128,-1392,3808,16664,-1192,-284,1
16008,-1360,3908,16592,-1060,-264,1
16052,-1400,3976,16656,-960,-88,1
16088,-1420,4056,16620,-860,-140,1
16136,-1500,3848,16540,-1176,-268,1
15936,-1964,3176,16556,-1052,164,1
15624,-2400,-152,16628,-716,-480,1
14920,-2508,1216,16252,-436,-1016,1
15536,-392,9468,16080,-2960,-2504,1
17220,-1952,8184,16624,-272,-584,1
16372,-1772,5076,17028,1676,2040,1
15768,-1636,5196,16156,-216,624,1
15548,-2352,4384,16608,-2540,676,1
15896,1124,3936,16672,-6228,360,1
15684,-316,7492,15504,-11204,-756,1
15780,-3292,4660,17452,6024,2072,1
15496,-2024,4972,16316,8360,2904,1
16128,776,6748,16548,-1608,664,1
16020,520,5148,16240,-6504,1004,1
16252,492,4536,16276,-6512,2120,1
16300,-2900,2456,16472,468,3612,1
19448,1452,2404,16680,5028,3104,1
19764,-2328,3956,16968,-1644,2028,1
15524,-1068,8424,16048,-1648,1360,1
11048,-1096,9680,16532,700,2440,1
13844,188,6116,16524,464,2808,1
15644,-472,7296,16512,-160,2328,1
16260,-372,8176,16160,-464,1884,1
14388,1024,7992,15996,-464,848,1
9316,592,9020,16852,796,2492,1
7848,-4340,1420,15892,-372,5796,1
13028,-4276,8872,16284,-428,1964,1
16084,-1764,1988,16232,876,4208,1
15944,1748,52,16716,-284,4572,1
16400,-2456,1416,15984,-2644,4832,1
16344,-244,2468,16244,-1152,3740,1
16488,-1704,2836,16116,-996,4452,1
16224,-884,1912,16092,-1000,4268,1
16344,-320,1960,15980,-976,3216,1
16216,-1032,2920,16084,-1080,4772,1
16384,-708,3084,16048,-1644,4936,1
16520,-1284,3740,16040,-528,4324,1
16240,-380,2856,16048,-996,5060,1
16108,-912,2804,15972,-792,4260,1
16520,-1388,2604,16136,-1216,4812,1
16228,-592,2848,15832,-772,5428,1
16308,-1140,3280,16124,-512,5056,1
16244,-524,3052,16068,-164,3808,1
16148,-256,2616,15900,-120,3236,1
16056,-484,2612,16004,-360,3872,1
16428,-404,2644,16076,-452,4016,1
16468,-544,2320,16152,-568,3552,1
16116,432,2656,15988,232,4788,1
16792,372,2896,16164,-32,4080,1
17440,120,2788,16292,-180,4612,1
16124,844,3460,16088,-96,3724,1
15616,-1732,4536,16144,32,4000,1
14756,-1484,5124,16152,44,4376,1
15736,-1336,4400,16160,52,4112,1
16824,-1072,3200,16176,-460,4448,1
16664,288,2820,16112,556,3172,1
15600,-148,3196,16036,-440,3980,1
15676,-296,3724,16248,-408,2756,1
16180,-716,3532,16120,344,4980,1
16592,-1036,2760,16052,1096,4668,1
15852,-628,3388,16068,-164,4140,1
16396,-428,3296,16000,-508,3700,1
15976,-808,3412,16548,-948,4188,1
16452,-640,3564,15952,-284,5128,1
15652,-476,4836,15864,-668,3732,1
15136,1560,3296,15744,996,2916,1
16688,-7072,3144,15848,-92,4064,1
16340,4200,6572,16160,-1060,4884,1
17080,-1832,5588,15940,-1456,5116,1
15992,-3960,5948,17032,-2208,5124,1
16384,1476,3552,15920,-2408,6684,1
16168,-424,-484,13804,-3608,8464,1
15888,-152,-3064,16112,-1300,3376,1
10544,-9708,28080,15428,2468,4612,1
27544,2252,8220,16520,-5600,8388,1
15088,-7288,-1340,14352,-5959,-1,1
16060,-2840,7328,18272,1232,792,1
15840,1892,4280,19012,-436,2412,1
15400,-2704,7604,21732,1164,120,1
15992,-2124,1480,16692,-1996,6060,1
15504,-3776,3756,11824,-1668,5356,1
15612,-4052,4816,13444,-1580,4160,1
16076,-1676,3836,15328,-1616,6628,1
15480,-3140,1696,15012,2396,7952,1
14280,-1064,4688,9956,-6304,10640,1
17120,-2908,7004,23264,-4376,-13392,1
16564,-4188,7360,13952,408,752,1
16288,-932,4012,14512,1636,5656,1
14580,-3060,6656,16740,-8576,1160,1
16308,4796,5456,15684,-7276,516,1
14488,-6696,7860,16872,2412,3076,1
16536,-3952,5952,16992,5524,2368,1
15644,-1624,6024,16528,672,1076,1
16268,3664,7024,16800,-6104,324,1
15672,-832,4688,16608,-3368,184,1
15404,-4372,4380,16496,2940,692,1
15976,-3424,4276,16188,7660,1564,1
16172,232,5144,16608,2484,1228,1
15904,2220,7436,15776,-7240,1656,1
16140,-28,6012,16692,-7968,3564,1
15840,-3836,4432,16596,-2988,2776,1
15680,-4816,6368,16552,7380,3116,1
16004,2152,6060,16332,3976,2676,1
16116,1804,4868,16676,-2012,200,1
15708,-4,4924,16084,-5364,212,1
17016,-748,4112,16844,-1860,3900,1
17760,-600,3964,16220,3744,3784,1
21920,-472,2632,16616,2060,3848,1
15108,-5432,7208,16412,-816,1412,1
15660,-996,2888,15972,-2820,1684,1
12172,1272,5584,16544,1852,3268,1
15868,-3812,8676,16036,-320,2104,1
12828,1108,10660,16000,-24,1396,1
6408,6380,-3320,16592,256,3988,1
9452,-7292,-732,15812,3704,5520,1
18028,-608,7728,16084,2160,3464,1
14284,-2864,4948,15808,808,1968,1
14792,-2908,2948,16396,3712,3648,1
16768,-60,2524,15324,892,5820,1
16252,4720,2848,17012,-6328,3832,1
16228,1500,4344,16336,-3968,3208,1
16532,-1740,2964,15440,2004,6300,1
15584,-5260,3076,16380,1908,5408,1
15548,-4168,3676,16176,-1056,4792,1
16580,2688,3156,15852,524,3952,1
16316,1088,2068,16464,-1756,3248,1
16208,-1208,4012,15980,-1032,4360,1
16120,-1760,4432,16320,-1568,3740,1
16292,-3212,5548,16056,2008,7840,1
16460,108,2840,15852,-1992,5204,1
15848,-1356,1852,15868,264,4856,1
15996,1300,-724,16132,-4,3176,1
15636,-2212,1064,16036,-1808,2076,1
16196,-900,4696,16196,352,4752,1
16784,-4096,8636,16584,1316,3964,1
16792,-188,5264,15868,-188,4260,1
15784,800,3444,15820,-112,1700,1
16932,312,1388,16452,-2040,3260,1
15220,-3824,1584,21980,-3172,-960,1
15896,-472,1596,20104,112,4356,1
16024,-3948,4824,12608,-1980,7372,1
16548,-1524,4308,13896,-3480,4692,1
15696,-2236,1868,13112,-60,7928,1
15152,-2268,2600,12508,-2176,8996,1
15180,-772,3396,14736,-2740,9860,1
15324,-2996,10684,26848,5392,692,1
16796,188,7668,22096,-424,9900,1
15520,2572,7900,16060,-6064,2152,1
14564,-1268,5268,16892,-6216,-644,1
15632,-6124,6636,17700,3324,328,1
15172,-468,5676,16448,3444,3940,1
15868,-1816,6528,16592,-1136,800,1
16220,6880,6448,16396,-5016,492,1
15180,2704,4736,16740,-3452,1552,1
15960,-10352,6012,16096,2580,1992,1
15188,-2616,6988,16968,7324,4076,1
16568,1056,7148,16344,3420,1632,1
16436,6160,6608,16568,-6276,728,1
14980,-1744,4728,16164,-2504,508,1
15024,-3948,6008,16144,564,1076,1
16032,1088,5244,16236,-4832,3312,1
17764,224,3048,16884,1172,4376,1
20568,-3328,2504,16828,1776,4560,1
18464,2408,4472,16508,-676,3400,1
12508,-4604,10892,16200,-48,2284,1
14856,944,5192,16520,988,3224,1
15536,-36,6244,16676,728,944,1
14732,-3224,7836,16080,-68,1800,1
15316,632,9624,16376,1476,360,1
8576,3800,25368,16256,236,2848,1
28464,-9572,-2540,16536,1140,2744,1
16460,2608,2044,17404,1752,4972,1
17856,-3008,1960,16012,5720,4536,1
15960,-4548,3808,15624,1408,5188,1
17432,7720,1692,15608,-9500,9384,1
16640,1356,4332,17312,-3616,4024,1
16156,-5400,1584,16148,-108,4448,1
15228,-1004,1516,16168,2132,3936,1
16896,-1108,1788,15728,-368,4356,1
16248,-1712,2772,16496,-2488,3372,1
16172,-3912,1676,16516,852,2952,1
15652,-860,-1656,16248,-1608,4212,1
16420,60,-1380,16104,-2724,940,1
14744,-3392,7780,17312,-2456,800,1
18168,940,5188,16268,508,3128,1
16724,-476,5588,16228,-1944,5140,1
16392,-2072,3560,16664,-2020,4068,1
15660,-3480,3564,16456,-2888,3636,1
16328,-460,1852,16152,-3024,3472,1
15720,-2220,-864,14940,-768,3748,1
15364,-4104,-592,16336,-1700,1968,1
15456,-1156,152,15412,-2428,2180,1
16516,-2728,4576,16684,-2220,892,1
15100,-488,7088,15364,-1976,3412,1
14988,-680,8048,16900,-568,2228,1
18056,-1068,4524,16480,-1524,3336,1
14628,-2500,6284,16016,-4140,1952,1
16888,-2460,4096,20368,-656,1580,1
16188,-2300,3444,20248,-3184,2356,1
16840,-1900,4224,15256,468,6164,1
15092,-3720,6788,14412,-3116,2812,1
15732,-2232,3272,11060,940,9280,1
14104,764,-232,12164,-5488,13572,1
18004,-3392,5604,26764,-3400,-3896,1
16572,1108,9312,16812,-6616,8620,1
14452,-2020,8012,15012,-8124,2436,1
16132,-1008,5076,18344,-2300,756,1
15596,-300,5564,16116,1800,2364,1
14808,-3348,9028,16708,728,1316,1
16908,464,7468,16924,-1684,3168,1
15952,3560,6440,16684,-184,2744,1
16496,3812,6172,16544,-1248,1292,1
14748,-664,7504,16096,-2008,516,1
15336,-10628,6500,16428,1532,352,1
14972,-2856,6472,16312,3696,2068,1
15656,-1388,6376,16372,3228,696,1
16000,10268,3412,16488,-3804,4868,1
16588,-1688,5660,16164,-4000,932,1
14516,-4220,6132,16172,1232,1444,1
16640,368,4280,16452,-228,2432,1
15688,-592,4484,15840,-1244,3912,1
15744,-1704,5776,16372,-3944,3812,1
16872,-316,4244,16688,-7908,6076,1
16612,-928,152,16640,-592,6212,1
21040,-2836,404,16552,3680,2800,1
17896,-1552,6288,16104,2284,2228,1
12172,-5668,9512,16400,800,1576,1
13080,6028,6516,16660,-1204,3056,1
14844,-2048,8684,16356,356,2044,1
14148,-1052,8360,16192,840,1124,1
20624,5412,20848,16300,-448,1240,1
26024,-3332,-7012,16380,3488,1612,1
13820,8224,-248,16372,620,3744,1
18096,-984,3156,15740,3276,2504,1
16784,-1668,3296,16100,-1904,5056,1
15952,-1636,1648,15592,-592,4912,1
16644,304,5156,15964,-10672,3720,1
16216,-3564,2852,16036,-2596,8344,1
16388,-1888,1452,15676,412,8188,1
15536,-1220,-1920,15768,460,7036,1
15180,-1564,-4044,15944,1068,5336,1
15516,-916,-2132,16288,-2704,4840,1
16172,1260,1460,15300,-2308,3616,1
15740,-7028,11888,16420,-364,2028,1
18440,220,4984,15740,452,4500,1
16112,4080,772,15028,-464,5912,1
15844,-1204,5336,15832,-1280,4820,1
16048,-292,5316,16184,-2300,4456,1
16396,-5664,3328,15772,-1324,6476,1
15920,-1776,3696,15704,-684,4272,1
15468,-2688,6076,15412,-764,3596,1
17296,3712,9064,15632,-1184,3588,1
15816,-3600,3380,16012,-2608,2620,1
15216,-3836,1560,18600,-4428,3860,1
16716,2724,2376,22556,-5412,2984,1
15052,-4940,6260,17448,2728,7452,1
15856,-24,4736,16456,-2928,4636,1
16200,-2924,5488,12864,-3520,5748,1
16064,-648,4084,12420,-1976,9240,1
15428,-2052,264,9416,-4072,10148,1
16060,-2272,792,21280,-6188,22144,1
16228,-1136,10316,20528,9988,596,1
15848,-1668,8008,16568,-4652,6320,1
15908,-1468,4052,16836,-1976,264,1
15208,108,1588,17012,-1704,-184,1
15564,1192,4952,16688,-244,612,1
14640,-988,10280,16528,-24,-120,1
18240,-6068,10396,16580,3492,-972,1
14816,752,9872,16036,3268,-1304,1
16616,2068,5448,17128,68,2692,1
15352,3208,4608,16632,-4008,516,1
15192,-2712,6440,16408,-2884,1924,1
15000,-2864,7324,16516,484,1280,1
16184,572,6564,16916,-716,3072,1
15740,-604,6020,16576,-844,1932,1
15804,-576,5096,16644,-2016,2644,1
15324,188,2124,16640,-3112,3244,1
16960,364,1700,16764,-260,3324,1
20228,1036,3072,16336,1720,1056,1
20596,1320,4164,16224,1100,1476,1
13156,-3692,11328,16416,284,-228,1
13988,-1568,5540,16992,-256,4600,1
13884,2840,6088,16744,972,1964,1
14652,-2668,7692,16340,1528,832,1
15208,-1980,9128,15500,2764,-2496,1
17336,5032,13776,15888,2968,-1344,1
18268,5956,-5904,15936,1560,-1024,1
14748,4160,604,15376,-932,7932,1
19632,2768,2652,16120,1212,8776,1
18496,-2584,1668,16764,-4676,9244,1
15076,-3600,788,15088,-6700,7296,1
15584,320,2696,16016,-4916,5240,1
16536,-3088,764,15936,-452,6140,1
16108,-216,616,15820,2764,6332,1
15736,-64,-668,15672,188,4884,1
16588,2204,-84,16068,-1124,3320,1
14580,-228,7264,15400,204,1132,1
16436,-5532,7120,15964,2816,1384,1
13820,6732,2340,15916,1320,4396,1
16140,-5456,3120,14712,-1952,6452,1
16364,-1628,3728,16408,-1752,6144,1
16672,-3912,4472,15984,-6168,8584,1
16088,436,2468,15836,-5120,6904,1
15544,-2708,2452,15276,-2032,5432,1
16284,-2336,4452,15568,-1332,4676,1
15424,140,7284,14996,-2976,2320,1
16652,-2048,6608,16248,-2660,3168,1
15596,-2576,4796,19336,-156,3312,1
16252,-2876,7084,24772,736,-1396,1
15780,-1548,4664,16340,-992,7264,1
15776,-1068,6160,14200,-2772,3448,1
15636,-1828,4264,11768,-4840,6216,1
15304,-3160,4288,13072,28,9672,1
15644,-764,3288,8580,-4516,13248,1
16548,-1988,6152,29012,2628,3932,1
15896,-2012,8412,5656,3736,-496,1
15464,-1792,7112,17700,-6304,6256,1
15944,3640,3472,16504,-664,-352,1
15776,-7620,9568,15456,4276,-2360,1
15428,-4544,7188,17304,-12,5068,1
15996,1516,4944,17316,-628,2236,1
14764,5520,8208,15832,-5316,2632,1
15640,-3040,7464,16520,-1672,884,1
14284,-3024,5172,16628,7216,2608,1
14972,-1824,6120,16896,2952,3764,1
15756,708,7316,15988,-6612,2400,1
16088,752,8228,16260,-8528,2188,1
15640,-180,5288,16200,-5084,3780,1
16236,-1016,3560,16604,1644,4032,1
19848,476,536,16848,4576,5212,1
19600,328,-116,15704,-1896,2364,1
13960,-2364,10324,16496,988,2124,1
14888,-320,6060,16276,604,2212,1
14360,456,7492,16340,1984,3144,1
13352,-2220,9060,15700,-228,2676,1
13048,-988,11564,16940,696,2628,1
10740,-756,30708,16348,-580,3496,1
25688,-10748,-2572,15944,656,5732,1
12916,3496,5500,15468,3396,3224,1
12660,-552,1836,16420,6576,1668,1
16680,796,1908,15792,-5948,5468,1
17120,-1988,2200,16496,-7476,5344,1
15656,-3780,2612,16048,-3580,4476,1
15896,-2836,3072,16144,-1100,4684,1
16444,-1880,4204,16116,-68,4452,1
16588,-112,4920,15920,1060,4256,1
16440,64,4144,16264,380,3720,1
16356,-1024,2792,16496,-956,4024,1
16112,-2112,2308,15944,-3020,3504,1
16068,-3336,2200,15116,-1068,4672,1
16080,-288,740,15336,-2316,5560,1
15916,-2944,2392,15992,-3132,4756,1
15928,-1532,1152,16184,116,4176,1
16652,-4184,9116,15752,-2320,4900,1
16864,-888,4548,16288,-912,5560,1
15928,-356,1104,15172,-4612,5820,1
14792,-9212,8152,16296,-7040,2392,1
15976,-6748,4268,16052,3612,6860,1
16508,-824,2572,15472,292,6536,1
15432,2680,4952,15344,-1368,3260,1
15596,-2920,4392,16184,-5172,1444,1
16088,-3076,2420,17808,-84,2488,1
16348,-428,2960,20016,-1524,580,1
15544,-3576,3184,21344,-5724,1992,1
16216,-1712,3600,13852,-852,6052,1
16140,-3264,3468,14992,-2696,3364,1
15936,-2264,3072,12800,-2624,6044,1
15608,-2044,2032,11656,-4020,8156,1
15300,-1344,624,12208,-5648,7796,1
16704,-908,8016,23304,208,-4996,1
16516,-416,7216,20892,-4276,-588,1
15668,-224,5744,16404,-2512,4008,1
15956,1076,5060,16912,-1752,-192,1
16012,-1396,6460,16632,1224,3484,1
15940,-1916,7684,16344,-792,2772,1
14872,-816,7748,17020,1604,2456,1
15148,-2864,8232,16412,-504,3224,1
16604,2940,7076,16640,1348,2164,1
15684,2304,7040,16248,1848,768,1
15632,-912,5232,16420,1160,1600,1
15544,-1828,5508,16140,1824,3436,1
15440,-908,6428,16568,-2948,2876,1
15872,132,5652,15912,-4228,2164,1
15952,1180,7080,15944,-10548,2048,1
16208,1316,5684,14972,-9780,2216,1
15976,-3060,5452,16396,3852,6924,1
15584,-3084,5760,17380,12772,6280,1
15348,-1656,6872,15348,6052,4020,1
16232,1984,5972,16500,-7900,2636,1
15852,1180,4628,16120,-8164,3484,1
15736,-1016,4928,15980,864,3892,1
15392,-1404,5760,16112,276,5368,1
16824,924,5468,16308,356,4712,1
21044,3596,2508,16940,-2276,6628,1
20948,-372,3824,15984,-740,5108,1
13140,-3060,10180,15892,816,2932,1
12504,-3696,5748,16236,1080,3268,1
12768,3992,6256,16304,-440,3444,1
16960,-6700,8912,16224,-460,4076,1
11900,-372,12672,15756,624,1640,1
13972,-3564,32767,16796,-592,1924,1
24456,-1960,2688,16196,-328,7256,1
13992,-5304,6496,15768,728,4692,1
14196,3452,4040,16220,-1048,4828,1
15572,-1176,1656,15904,-1048,5312,1
16404,476,3376,15524,-3520,5224,1
16772,-1148,3468,15876,-1124,5436,1
16364,-184,3732,15808,-916,5004,1
15932,-920,4540,15288,-1684,5016,1
15964,-1440,4140,16124,-2152,3544,1
16152,-1264,4692,15548,-2152,4048,1
15956,-984,3288,15476,-3008,5016,1
16420,-3776,4832,15096,-2588,4936,1
16004,532,4500,16340,-3664,6384,1
15192,312,3108,15060,-3116,6456,1
14844,-5200,7064,16136,-2140,4648,1
16012,-992,6408,15640,-3592,6356,1
15680,-2488,5948,15600,-2056,5292,1
15064,-1044,6456,16264,-6684,3824,1
17072,-420,6188,18212,-2508,4676,1
16036,-2496,5300,13456,-3012,7680,1
16708,-4948,4028,12800,-1508,8904,1
14972,-3260,6032,13744,-2200,4200,1
11552,-4280,9324,16660,-1504,1696,1
10328,-3044,11192,15672,-6924,2396,1
16088,6056,7712,18176,-2704,-3508,1
12228,-5456,3796,16932,-4660,4348,1
18616,-1184,5980,15084,-5560,680,1
17000,-1760,6340,16648,-16564,1224,1
15416,-4376,4140,15696,4232,5436,1
15356,-552,2696,13760,-3496,8732,1
15640,-2268,4908,9692,4584,5544,1
15548,-4188,2832,32767,17632,-25000,1
15452,1016,8800,6472,2684,-2996,1
15632,-2504,6008,19388,-3068,-608,1
16176,-336,5460,15152,2248,-2104,1
15644,-1328,4156,16744,2400,-1316,1
15716,-2212,6100,16244,540,-1256,1
16152,-2336,4860,16324,3836,-300,1
15420,-2296,3752,16572,388,316,1
15520,-2252,8536,16640,-3764,-2440,1
15820,456,3932,15836,-8168,556,1
15784,192,5296,16760,-7036,1192,1
16132,508,8244,17888,8168,3640,1
16576,-1404,5636,16824,9748,4376,1
17276,-3436,3808,16864,-7204,1760,1
16420,612,5380,16144,-2804,1408,1
18208,-1688,8092,16780,4056,2800,1
17336,0,7136,16596,1000,2724,1
15500,-8756,4220,16952,1100,3660,1
16052,936,9580,16796,-1196,3664,1
14772,1648,7832,15984,-816,1360,1
13352,-10556,8288,16180,1236,932,1
12072,2140,13748,15684,200,-1128,1
19648,5568,32767,15620,-968,-320,1
32767,4484,6008,16924,7104,7296,1
18020,-6484,2476,16780,2368,1700,1
14552,-1460,1988,14700,1228,9464,1
18712,2380,3384,16668,1308,6044,1
17292,-3720,4104,15264,-11708,7760,1
15948,-240,4544,15356,-4740,3780,1
16220,-1424,1084,16092,3796,4364,1
15696,-964,2080,15472,364,4440,1
15696,244,4936,16228,-1776,4232,1
16036,-488,7876,16304,-2148,5388,1
16752,356,5392,16224,1096,4844,1
15144,-2840,5556,15968,-1520,2372,1
15252,-1508,5292,19536,-4036,208,1
16032,-2916,3680,23220,-636,1704,1
15252,-740,5156,13392,-1612,8976,1
15184,-2392,8080,15924,-8700,4128,1
16216,-2084,7168,14764,1520,7840,1
15664,-1900,5236,9696,-5168,12532,1
15320,208,-1528,9256,-15164,13280,1
16840,-4684,7356,14428,31932,-9268,1
12984,456,12612,22156,-10404,6848,1
17212,-5312,8612,14180,-144,4452,1
15796,2636,5300,16116,-84,2416,1
15948,-1832,6084,17616,-6284,2072,1
15288,-576,5172,15912,-468,1760,1
15476,-1412,4628,16748,180,3356,1
15748,-1848,7784,15364,2596,1528,1
14824,-336,8468,16628,-7284,2224,1
15812,1532,6852,15412,-13016,2564,1
16080,468,8344,15688,-5012,4532,1
16236,-4836,5836,16468,10668,7148,1
16180,676,6152,16376,9020,4792,1
15996,900,4692,15916,-6348,3684,1
15296,984,4864,15760,-4852,1628,1
17772,-1552,3996,16228,2464,2656,1
19284,-16,3908,16240,1600,3644,1
15804,-1476,9736,16428,64,4048,1
17492,-804,3848,16772,-932,3416,1
13668,496,6720,16108,176,3504,1
15564,1860,8628,16372,836,2220,1
11344,2332,10416,16316,-712,2792,1
10372,-328,29400,15660,-72,-140,1
16516,-32216,6132,16304,5572,3332,1
16712,5180,6216,15704,4424,1460,1
14132,-1488,-192,16368,-32,5872,1
17024,-4080,-112,16352,-8660,8056,1
18172,2212,1644,16332,-4468,6176,1
15908,-1468,1772,16092,-572,5392,1
15968,-1440,1476,15128,1716,4020,1
15916,740,3348,16432,140,1688,1
16016,-7616,7772,15980,-844,3972,1
16520,1520,8124,16244,2236,4044,1
16464,228,5040,15500,-1316,3700,1
15212,-1728,2716,16228,-824,2312,1
15992,-872,4284,17268,-3640,1656,1
15668,-4180,4740,20692,-5620,2764,1
16568,124,3840,21688,-1248,3376,1
16056,-864,3924,14912,-1776,8956,1
16284,-3000,6008,13924,-684,2416,1
15804,-1928,4184,12392,-824,5376,1
15560,-1556,3520,14356,2968,8156,1
15392,-2136,804,10716,-6148,11856,1
15380,-1608,3604,18044,-3436,5244,1
15320,640,7692,10888,4336,-8,1
14956,-752,5472,22072,-8688,9368,1
15748,-944,7176,16232,-3724,1724,1
16100,-3580,9424,17136,-112,848,1
14248,-4680,7560,17088,-2172,6088,1
15976,-1572,5852,16556,284,1256,1
14884,1088,6720,16436,800,936,1
15696,896,4020,15636,-1332,-412,1
16004,1816,6912,17088,-6488,-1376,1
15788,412,5792,15904,-1652,1980,1
15904,-3884,6452,17692,3548,7844,1
15124,-2480,7456,16088,2308,6144,1
14240,-3288,7160,17068,-1676,3424,1
16376,4628,6912,16276,-3344,2116,1
15308,-1068,8060,15768,1508,1648,1
15740,-1572,7556,16920,1620,4856,1
14360,524,7680,16604,1972,5144,1
15620,1128,5876,13796,-4900,5624,1
15136,428,6368,17044,-11348,2564,1
15424,-1840,6452,15928,-2444,2284,1
16064,-1592,5668,16088,240,5640,1
18428,-260,2888,17740,7756,5212,1
20596,360,2300,16260,2832,6832,1
19040,84,8116,17104,-5800,3844,1
8936,-2380,7436,16176,-84,2616,1
11336,-4504,5352,16052,3204,4016,1
17148,2640,9288,16100,-3040,-944,1
10952,-1456,10804,15176,0,3096,1
8628,10920,24516,16268,1420,3504,1
27480,-20024,-2712,16348,-1240,9916,1
14760,13132,10580,15984,236,5336,1
15000,-6740,5164,15960,1288,4448,1
14404,-3412,3708,14512,1528,6164,1
16900,-2672,4028,16000,164,5808,1
16372,-1836,2968,16808,-6716,5548,1
15064,-828,6132,15612,-2976,6612,1
16040,788,4612,15800,788,5224,1
16608,-1148,4212,15404,2840,5228,1
15768,68,6008,16184,20,3672,1
15892,-508,6752,15764,480,3332,1
16004,-4012,5656,16136,-348,4888,1
15840,-3352,4800,15508,-400,5520,1
15532,-3244,4128,15620,-1224,3976,1
15868,652,588,15052,-3572,7456,1
15680,2092,2064,16168,-3844,4244,1
12296,-6124,10484,16048,204,4668,1
12184,3164,11816,15972,1288,4548,1
16132,-4456,8560,15376,-2136,6544,1
16060,-4804,5560,15116,-1760,4724,1
15408,-5120,4200,16768,-1804,4036,1
17472,3460,3672,19144,-552,-1004,1
16020,-1620,5792,18900,-2316,2872,1
15336,-5972,6096,20576,-3760,-1800,1
15744,-400,4664,19952,-3304,496,1
15792,-1516,5204,15668,3720,7552,1
15276,-2412,5976,9816,-3688,23604,1
17092,-2712,7976,10404,3912,5144,1
15424,-2420,7784,5748,-572,-3120,1
13960,-1228,6576,19500,2292,2652,1
14820,312,6452,15992,-7596,2484,1
15544,-1092,5224,15592,-60,188,1
15028,-2052,8136,16788,-652,2352,1
16456,168,6312,16316,-1536,2300,1
15768,804,5532,16796,300,4136,1
14292,684,6760,16484,-576,1040,1
15752,-4888,9836,16604,1588,1744,1
15712,-4688,7164,16816,6968,4016,1
14908,-4728,7896,16564,-2384,2376,1
15316,9500,5200,15384,-14120,-448,1
15652,4120,4348,16000,-4240,3036,1
15592,-6492,9064,16468,9692,4276,1
14148,-4968,7652,17036,4556,3996,1
16796,3204,6164,16268,-4000,1996,1
14508,2728,5228,15696,-4824,2364,1
17848,-2764,2824,16152,-956,2956,1
23024,-3244,2880,17640,-332,6764,1
17024,760,6544,15728,-2640,2012,1
13232,-6380,3160,16876,1436,3932,1
12088,916,5932,16040,2692,796,1
15820,5656,10492,16324,2676,2128,1
3188,4440,20920,15236,-3112,-1020,1
27480,-3064,-4504,17500,208,5944,1
16560,9716,5628,16464,1424,3572,1
14324,-6152,2344,15940,376,3720,1
14248,-3684,9888,16344,-2216,2768,1
18004,-10000,7540,16320,-2296,3956,1
14944,5900,3668,15724,2428,5608,1
16480,-5360,4804,15596,3448,3712,1
15608,1140,2892,15296,-3536,3724,1
16560,6012,3684,16636,-10592,3228,1
15576,-5508,5640,15888,-2904,3832,1
15756,-5624,4020,15140,7472,7264,1
15448,-6364,6456,15964,5240,5064,1
15984,3456,5656,14336,-3756,4724,1
17160,4676,5052,16144,-11624,4220,1
15224,-5104,4860,15920,3236,3548,1
15360,-3020,3408,16216,2196,1648,1
16268,-92,5620,15744,-1336,2500,1
15924,-1224,3760,16712,-3000,2140,1
15780,-1732,5216,18800,-1092,3592,1
16496,-16,4620,22824,-4208,-600,1
16132,-5124,4560,14248,2628,8792,1
15776,-1636,2100,9492,-3812,6288,1
15516,-2092,3392,15744,880,8028,1
17064,-552,5636,12800,3224,32767,1
16408,228,8460,6680,-3968,280,1
16124,-1312,8980,17408,2524,4728,1
16008,-1944,6580,16860,-4264,4592,1
15724,-624,4904,14360,-804,-1316,1
15772,-2532,3260,16864,192,-1616,1
15672,32,1872,16640,-96,896,1
15960,-484,3800,16736,1168,2104,1
15732,1952,3328,16432,-3372,-96,1
14892,-1788,10656,16328,4036,-456,1
17088,-2852,6500,16340,4784,2488,1
15964,740,5692,16892,2656,2360,1
15632,2468,7132,16836,-5144,1164,1
16136,3492,5356,16792,-3676,2000,1
15940,1540,4952,16820,-928,3020,1
15780,-5728,5548,16292,3168,356,1
14692,-1900,5176,15948,5076,772,1
16552,2672,4236,17008,1972,36,1
15700,-492,3684,16892,-1152,2872,1
15996,-96,4436,15972,-5352,2372,1
16688,-1508,3956,16476,-8204,3896,1
17740,-168,2472,16780,-2376,3072,1
20352,-372,-2040,16856,6660,3436,1
17792,-2236,6564,16392,1208,1556,1
12484,-4480,7228,16644,-1376,2976,1
13748,336,5224,16492,644,3320,1
16432,-380,9252,16348,1512,1632,1
19608,-224,31608,17440,-308,4032,1
20064,548,-396,16392,152,2744,1
12528,1632,3700,15792,700,3900,1
17808,-2964,2396,16532,404,3204,1
18484,-84,3632,15960,640,3616,1
16580,-1868,4384,16088,1184,3392,1
16244,-624,3200,15920,-1764,2208,1
15960,-3060,436,16656,-4552,4836,1
15696,672,-1928,16028,-4412,4204,1
15764,-2676,4900,16560,-856,3136,1
16512,1012,6476,16316,2504,3196,1
16492,-972,4492,16380,396,2032,1
16152,-1408,4932,16300,-524,2820,1
16132,-572,3460,16228,-1296,3516,1
16232,-1112,4308,16196,-1136,4140,1
16068,-1268,4952,16456,-1136,3924,1
15916,-852,4784,16516,-932,3224,1
16036,-1736,5620,16004,-476,3916,1
16304,208,3564,15968,-608,2828,1
16072,-1632,4208,16884,228,-168,1
15856,400,2420,16476,1548,1372,1
15780,-4048,3168,13976,-6008,10700,1
16584,-2120,4648,14672,2148,6772,1
14772,-3776,-64,12240,15348,-40,1
16128,-2340,5108,17988,-13160,1124,1
16228,-1360,4060,16616,3400,3572,1
15824,-2464,4292,14776,-3636,4156,1
15936,-2540,3136,13772,-1264,5872,1
15436,-1948,2932,14044,4984,5976,1
16020,-1648,5420,13920,-3452,7244,1
16988,-60,6196,11596,-1196,6760,1
16264,-2360,6068,17484,128,452,1
15224,-3068,5468,16304,-900,6180,1
15504,-2896,2512,16524,-2192,3072,1
15608,380,-356,16472,-948,1064,1
16528,1744,1916,17708,-664,1000,1
15748,-476,10132,16524,32,1476,1
15340,-964,10660,16740,1196,2864,1
15844,1532,5788,16856,-744,2884,1
13988,-2376,8108,16616,-916,1632,1
16504,-2444,4596,16380,2724,188,1
15712,8,6512,16556,1232,1968,1
15896,4116,4100,16240,8,728,1
15212,-3368,5296,16080,2704,-1668,1
15344,112,5240,16016,-676,-1140,1
16216,308,3140,16384,-1896,5248,1
15736,-4272,1872,13172,-6288,7308,1
14568,-2304,-336,17724,-6716,7704,1
15604,732,-1348,17916,576,5328,1
21944,-440,5972,15944,2972,1528,1
17336,-2068,7044,16132,5060,2844,1
14040,-1460,5472,16648,-2716,3588,1
16544,1892,4648,16588,1572,1976,1
16200,516,7496,16120,484,2980,1
17344,-988,9808,15848,1172,100,1
9420,3592,19540,15040,480,5560,1
19044,3920,-2232,16524,1040,3672,1
11384,2488,3476,16336,592,6568,1
17596,-3360,3208,15708,-292,2784,1
16424,236,-568,15104,-3020,5080,1
15512,-2964,-316,16016,-1676,4008,1
15712,-1368,392,16140,-3744,6524,1
16628,-2524,1968,16004,-1604,5828,1
17080,-3012,5352,15616,2764,4856,1
15844,-608,2880,16296,-2520,1688,1
16512,7484,3516,15240,-4216,6768,1
16404,-3180,1936,16088,-4568,5260,1
15904,-3904,3396,16216,-1760,5452,1
15864,-5540,3196,15616,4084,4208,1
17120,1252,368,15572,688,4756,1
16076,2852,1260,15852,-384,2584,1
13900,-1168,10756,15700,-4396,4472,1
17760,-564,5812,16212,-424,5568,1
15972,-4672,5436,16040,-116,3656,1
15728,-516,1712,17440,560,1036,1
15932,-1712,1964,19260,-3412,-264,1
15820,-944,2008,22140,-2364,748,1
15844,-3004,3960,14676,-2492,6528,1
16392,-1732,5864,13004,-2836,5980,1
15820,-2356,5180,11596,-3712,6592,1
15592,-1200,2288,15232,-572,9776,1
14996,-1436,2116,13704,-2668,9640,1
15704,-1396,4080,25924,-9988,-7024,1
15860,452,6528,20772,120,4120,1
15916,-576,7144,16028,-3900,1184,1
15724,-392,7144,19320,-2592,2956,1
15664,-3828,9284,16396,2756,3616,1
15336,-3560,7076,16120,-84,3728,1
16192,1300,4968,16572,44,1524,1
15580,3792,6192,15964,-3652,252,1
16104,5408,6772,16316,-5244,1460,1
15508,-3412,5664,16612,2564,2880,1
15796,-3476,6092,16452,2480,4132,1
14812,-2636,6596,16352,-276,2052,1
16048,1336,5784,16476,-952,2224,1
16264,1888,5584,16420,-3100,3952,1
17820,-1972,4704,16380,-1276,3076,1
18016,-3892,440,16752,80,4448,1
17624,-1620,3052,16092,-976,1932,1
12132,-2480,8420,15928,64,2040,1
17872,-2872,2784,16440,3212,2488,1
16652,-392,7012,16248,8,2428,1
16620,1636,7564,16564,168,3596,1
13432,784,12804,16224,-2168,60,1
7552,1476,23932,16008,1576,2072,1
29676,-7000,1804,16468,3292,2784,1
18708,4852,1380,16668,728,3952,1
16504,-2408,1948,16944,-2272,3112,1
16560,-652,2544,13712,-5896,11836,1
16636,-1956,2084,13136,-3668,9152,1
16612,-1820,2868,24264,-964,2588,1
16364,2092,644,15280,2516,1260,1
16632,-1532,1752,16296,1068,2700,1
16976,2196,3512,15288,104,2984,1
13128,-4748,8272,15964,1924,3012,1
19496,-10016,3156,15872,1120,2160,1
15640,5032,3096,15352,-56,-8,1
16624,2868,272,17840,-1792,3852,1
15532,-5060,1508,19344,1280,4696,1
16300,-636,4140,16828,-4224,6468,1
16728,-3340,5084,16516,1372,4080,1
15860,-1764,4532,13244,-588,5160,1
15792,-2976,3944,15600,-7256,5528,1
15516,-3136,4116,15740,-528,4120,1
15744,-1800,4232,13224,-260,10592,1
16196,-3948,5848,17144,-2448,3420,1
15872,-984,5728,18216,388,1248,1
15916,-3464,4524,15492,4176,3020,1
15724,-748,4704,12392,-1172,9416,1
14664,1384,6872,16404,-19780,-764,1
16068,-2356,7600,16284,1984,-1048,1
15660,-1704,4964,15320,4224,3984,1
15436,-6544,5864,17776,400,3076,1
15308,-1720,5784,15408,3716,3696,1
16740,4256,6268,16944,-6636,1804,1
16312,5148,5828,16460,-3920,2740,1
15196,-3932,5996,15700,2256,2728,1
15540,-3080,6384,16416,2308,2620,1
15692,-1064,6616,16616,296,2892,1
15600,-144,6580,16828,-4212,2720,1
15960,4040,6080,16728,-8216,3600,1
15668,-3484,6092,16308,-1436,4460,1
14908,-1716,6424,15688,5524,2812,1
15756,-1336,6356,16500,4172,968,1
16128,1648,3568,16128,-1560,2960,1
15700,1372,1604,12876,-1892,9412,1
16944,-1376,3004,26028,7228,-1668,1
18460,-1776,4720,13368,-9704,3604,1
18616,-176,2984,17696,-188,2052,1
14336,-2996,8988,16396,832,2092,1
15372,352,5128,16416,776,3360,1
15508,-832,5856,16224,2240,3384,1
16088,-484,8096,16768,-1488,3088,1
12208,-1696,10984,15840,-52,784,1
10548,-2568,32767,17196,968,4076,1
19328,-7208,-1304,16156,652,5972,1
17988,-376,3372,17484,-16,5284,1
13472,-1016,4128,15768,116,3960,1
13732,1036,2700,15732,-4180,2552,1
16008,-6056,6512,16244,-492,3780,1
16500,932,4404,15992,-608,4716,1
16264,-2000,3948,15968,-1116,3940,1
16052,760,3064,15556,-2248,5280,1
15928,-2516,3608,15792,-2472,6388,1
15604,-2288,3824,14548,-3556,6520,1
16424,-1608,5876,16476,-1588,5112,1
16204,-2128,5236,16148,-2412,4588,1
15656,-2528,5732,15164,1976,7320,1
16232,-1980,3520,16604,-3428,5236,1
15456,-552,3812,17804,2400,1672,1
15404,-1312,5612,21208,-1964,-932,1
15188,-4056,5880,20512,-752,3472,1
16012,-492,6608,11812,-3480,7820,1
15900,-2164,6548,14632,-2292,4940,1
15564,-2648,5096,13348,-512,7628,1
15248,-1452,3720,14160,-660,9220,1
15172,-1056,3496,11352,-4552,11648,1
15752,-1668,7804,23796,-6620,-7992,1
16520,-1768,8344,16032,-1476,1764,1
15280,-2256,6292,16312,204,2828,1
16628,-1172,6844,18476,-4440,2056,1
15240,-724,7436,15596,432,1136,1
15812,-1132,7032,16208,-6108,1604,1
15604,1168,5644,16504,-1784,2224,1
15432,-1712,5804,16280,2168,2640,1
16288,-220,4396,16396,1688,3496,1
18040,-1888,2024,16612,948,2808,1
19372,1880,2308,16720,-1548,3544,1
16156,-3168,8616,16592,-1604,1332,1
10108,-996,9516,16604,2792,3792,1
11712,356,8780,16016,828,2588,1
12300,-4136,13608,16480,4,2396,1
18280,5068,32767,16428,-984,4636,1
17524,-8688,868,16760,500,5180,1
17992,-636,4216,16596,-800,4984,1
14864,12,4988,15948,1304,4180,1
15752,-980,4288,16200,1108,3584,1
15116,-1136,4516,15808,284,3612,1
15112,-8,6452,16424,688,3052,1
8532,3632,15816,15652,184,3996,1
18968,872,44,16776,956,4904,1
16240,-880,6940,15568,1560,3196,1
14640,-2824,5168,16324,224,924,1
16440,548,4960,15516,-2036,5008,1
16584,-3588,5760,15572,-320,5168,1
16408,-212,5220,18084,-2316,4564,1
15780,-1644,5392,16508,-908,4092,1
15536,-3068,6152,15180,1512,4128,1
15688,-752,4148,12320,-2512,4504,1
16124,-3368,5036,20980,-5852,26772,1
16300,-2160,6880,21340,968,1988,1
15316,-2576,6876,21548,-1168,1420,1
16000,-1732,6460,16976,-4288,1332,1
15464,-2372,6156,17544,-2036,1904,1
15496,-2656,6328,16964,-940,3664,1
16172,-1120,7004,14976,1032,4880,1
16208,-884,6428,11688,-4536,11644,1
16104,-1108,5060,16788,-1316,-9952,1
14848,-1400,196,12092,4452,-2064,1
16092,-1612,184,15560,-1188,3012,1
15792,2980,3920,17376,-1396,1696,1
17316,-1292,7480,16256,-1700,964,1
15464,60,8088,17060,2560,3284,1
15984,900,6800,16612,-1200,3324,1
16536,2516,6092,16684,-480,2424,1
16020,1892,6184,16440,152,2272,1
15100,568,7244,16380,708,1532,1
13944,1760,8900,16500,564,2280,1
13640,44,9472,16256,840,2684,1
14056,1160,7924,16280,384,3544,1
14700,404,7292,16436,672,3932,1
14708,2008,8112,16456,1312,1988,1
14856,1796,8008,16452,1604,1992,1
14880,1828,8204,16532,1272,2168,1
14788,1768,8248,16456,1332,2052,1
14828,1796,8376,16456,1396,2016,1
14808,1808,8076,16496,1292,2040,1
14940,1984,8164,16548,1420,2180,1
14716,1836,8292,16348,1192,2132,1
14564,1688,8376,16504,1272,1952,1
15528,928,7776,16496,-40,452,1
18712,-1312,3864,16560,1020,2060,1
16360,-2244,7144,16576,2832,1600,1
12284,4196,8652,16596,116,3304,1
13864,1932,6140,16452,-192,1628,1
16392,-1100,5516,16548,1888,1948,1
15504,-4000,4768,16520,3816,440,1
16304,-372,5688,16408,-1708,1192,1
14688,3180,8416,16512,1476,1696,1
16988,10612,-1720,16620,1232,2844,1
15640,-2820,-1348,16412,472,2332,1
17316,264,3556,16204,3224,1872,1
15624,-2064,6004,16004,5700,-48,1
16468,-640,5484,15660,404,2460,1
16472,-2916,764,17160,-7532,7492,1
15108,-2096,-1336,16624,-3360,7236,1
15772,-2396,-2116,15532,-3264,5824,1
14960,-4460,4100,15628,4052,3260,1
17156,-112,5708,16148,892,240,1
16644,-1736,6908,16192,2476,592,1
17136,5824,3600,16076,-1652,3624,1
15972,-4356,3732,16148,-2200,2108,1
15948,-1888,3072,14832,-3576,7716,1
16208,-2144,1440,16260,-904,5544,1
15876,-3100,448,15836,-3468,4576,1
16360,-1848,2056,15920,-2304,4232,1
16416,-1676,1348,15888,-1392,5460,1
15980,-2636,1180,16108,-1592,4384,1
15912,-1432,1456,16980,-1756,2944,1
16044,-2816,2708,21004,-1488,-656,1
15620,-2696,4292,17184,-400,4828,1
15328,-1516,3352,13944,-3068,4720,1
14132,-4580,10208,8552,360,9328,1
15676,-2628,4772,15044,-3780,11600,1
16488,-700,4608,13484,-1756,7376,1
15896,344,2992,15884,716,1916,1
16288,-2288,6048,16320,-7000,7392,1
14632,-3820,9312,17684,-428,3748,1
14560,-5124,6828,16080,-2792,3832,1
16104,-1192,5108,16580,-728,1468,1
16436,4584,4732,16476,-876,1168,1
16064,1240,3112,16264,1672,2372,1
15848,-5204,5704,16416,2752,2808,1
15440,-4492,8136,16072,540,2788,1
15844,-752,6540,16612,-2748,3604,1
17140,2092,5708,16596,-3788,2764,1
15572,-224,4824,16244,-1884,752,1
15524,-2184,4592,17456,-3744,-1100,1
15528,-2712,2776,20376,-644,-468,1
15728,-1464,4624,20052,-1020,612,1
16104,-2884,6088,12528,3072,3300,1
16080,-2552,5472,13244,-4688,6252,1
15696,-1516,3696,11080,-2796,9068,1
16232,-2272,2124,25756,6488,-9252,1
15032,-636,2908,5196,4604,308,1
16364,1648,3664,17452,-3724,3896,1
19452,-2992,6124,17604,-5120,2632,1
13152,4020,11912,15124,528,1204,1
11640,-3236,14056,16296,1696,-2296,1
14040,-5072,9512,14516,4104,-6572,1
13888,1256,7740,15556,860,3248,1
15248,2212,7484,17508,-4112,9484,1
17600,1672,7208,17044,-4136,1204,1
15104,1372,7616,15696,2352,-792,1
13496,-1320,8444,16184,1448,-1076,1
14224,-1896,7928,16596,-664,2276,1
15688,1144,7124,17272,-868,2508,1
16496,1340,7488,16416,-1680,4572,1
15268,192,5876,16316,-580,3900,1
15400,652,4616,15768,440,2956,1
17492,1628,4260,17088,-836,1536,1
19624,1800,7268,16400,-432,3828,1
14596,-4648,12736,16572,1244,1628,1
14932,-4748,6068,16200,1968,3408,1
13876,4248,5612,16200,456,1796,1
12808,-3532,7524,16372,1096,1636,1
14968,1352,9344,16308,-1144,2008,1
12392,-1056,11468,15984,1596,1560,1
9652,-92,31316,16576,-1072,3468,1
20144,-14604,2380,15792,16,5548,1
14576,600,7608,15964,-236,4012,1
14072,344,3480,15632,-100,1612,1
17552,612,2648,15716,-124,936,1
17520,-1520,2584,15816,-2136,7724,1
15840,52,1248,15480,-2292,5508,1
15856,-3708,-280,15952,-2824,5816,1
15988,-1416,-352,15396,-2816,5492,1
15964,-2660,1740,15240,-3428,4904,1
15468,-1392,-1296,15728,-2896,5476,1
15248,-4244,1160,14852,-2032,5260,1
15424,-4648,13680,15188,-3132,3720,1
19936,-1052,9064,17476,-2596,5928,1
16396,-264,4264,15604,-3332,7884,1
15552,-1948,1524,14676,-3332,6668,1
15152,-5108,2560,16052,-2744,3496,1
16528,-644,4920,17508,-4780,764,1
15940,-852,3748,17980,-5448,1480,1
15620,-4012,1872,18852,-5380,2896,1
15800,-1696,1260,15012,-2432,6932,1
15804,-4896,2920,13520,-2720,4080,1
16108,-1424,5792,13172,-336,7444,1
15408,-2188,3120,7512,-7028,10584,1
15800,-2156,3680,20392,12408,-1812,1
16072,824,7308,18040,-13884,1556,1
15600,-1516,6364,12520,-6788,4652,1
15840,-2132,4004,17544,9900,1832,1
15676,-7652,6020,15688,1484,1180,1
14284,5760,9768,15608,-8156,1272,1
16244,4728,5876,16960,-5296,1804,1
16776,-2824,7208,16276,16,2692,1
13860,-5664,8452,16880,7228,4252,1
17372,3116,4652,16340,-1180,2144,1
15336,1488,6104,15800,-4856,664,1
15732,720,4656,15900,-4332,2600,1
15444,-5588,5044,16344,-1136,2840,1
17380,-1740,3308,16356,-2584,5140,1
21432,-2016,-44,16316,-1340,4444,1
21896,-4032,5840,16484,-204,3148,1
9456,6044,16520,15780,3164,2636,1
16520,-19064,1296,16560,-208,4908,1
15488,20320,9716,16180,-1140,3768,1
16248,-1236,10472,16188,616,1716,1
10172,-7560,9264,15692,1664,-200,1
29748,14984,-13600,16912,1696,2004,1
19112,1280,-2968,15388,540,8120,1
15776,-4872,6136,15908,-1292,2012,1
16876,264,2460,15504,-1628,7092,1
16524,-760,3576,15656,-568,3856,1
15688,504,2284,15828,-6108,4772,1
16320,-3428,3532,16152,-3292,4096,1
15736,-2452,2104,13516,3196,9672,1
16548,-4444,3912,15604,5356,7772,1
16164,568,3776,16364,-3700,5000,1
16416,2756,3224,15644,-6328,6452,1
16100,-2744,824,15412,36,3468,1
16040,-3204,1988,15708,128,2072,1
15888,-1740,2108,16056,-696,460,1
15636,-492,5272,17652,-2376,948,1
16656,-60,5256,24300,-6900,-1560,1
16272,-2716,5284,19136,-1988,7560,1
16068,-2468,4456,9396,1676,7932,1
16068,-2280,5424,11636,-6120,6436,1
15912,-1756,3460,13916,1780,9360,1
15472,-1568,2300,10356,-6392,10960,1
15388,-1828,1980,15128,-5496,-6304,1
15836,-856,8288,8968,-2816,-2580,1
15924,-340,6220,16704,-7016,3916,1
16976,-2784,9344,17164,7340,4008,1
13488,-6632,7900,16764,2832,4864,1
17156,8444,3652,15972,-6012,1680,1
15380,3376,4224,16096,-6748,1328,1
16160,-2152,5824,16216,-1396,1548,1
14112,-7976,8196,17044,7344,4612,1
16920,4308,7252,16388,-2232,3644,1
15432,2156,7208,16172,-5160,2532,1
15864,-1288,5772,16404,-580,3052,1
15672,-4512,5116,16332,888,2580,1
15700,412,3552,15992,-2468,3176,1
15900,-376,4016,16364,-2916,4036,1
16712,-164,3992,16344,-460,3264,1
18244,208,4864,16144,836,4632,1
16708,652,6760,16340,-128,4180,1
16040,-3644,6520,16276,164,3936,1
11872,-864,12096,16096,-452,2736,1
19268,-6572,704,16492,-408,4024,1
15004,2948,6364,15792,416,2736,1
19548,2984,10684,16120,784,1944,1
3820,7528,22384,15300,-960,4676,1
13964,-2260,3064,16168,308,2892,1
19436,2704,2708,16004,1292,4972,1
13732,-4160,4780,16440,720,3620,1
16536,116,3728,16016,-1304,4032,1
15944,-392,5184,15916,-712,3160,1
16100,-1672,4924,15892,-472,4592,1
15984,-32,4824,16096,-1552,3652,1
15940,-76,3488,16208,-1472,4176,1
15976,-2572,5504,16156,-696,3768,1
16056,-1792,6076,16424,-472,4872,1
16024,-1108,5192,16672,-3028,4272,1
15876,-1580,5696,15796,-2376,4620,1
15888,-1100,4268,15512,-2644,4676,1
15596,-1744,3904,15556,-268,4392,1
15876,368,4160,16356,-2656,3420,1
15836,-1288,6248,16992,-6948,2788,1
15980,-1964,5140,17952,-11796,3244,1
15448,-2568,7640,17404,-1816,5304,1
16408,-1892,5120,12648,2980,11076,1
15308,-1744,4816,10440,-3936,6252,1
15416,-1776,6652,11308,-700,7088,1
17148,-1456,8084,28432,10420,-14124,1
15272,-116,6432,9384,-200,1552,1
15840,-192,5844,18872,-3056,4028,1
15284,-816,6544,15928,88,1980,1
15500,-632,5684,16736,-3272,2784,1
15652,-1480,5712,15992,968,3580,1
15496,48,6324,16384,-1408,2604,1
15764,360,6988,16044,-2764,1220,1
15292,2140,7344,16624,120,3968,1
15900,-1396,7076,17152,680,3824,1
15628,-452,6144,16344,-192,1484,1
15744,3716,5732,16044,220,-460,1
15728,1268,5844,16332,2136,192,1
16560,-1444,6272,17852,3556,5188,1
15412,-2756,5712,16880,-1612,568,1
15884,2820,4044,15708,-8412,3060,1
15280,828,5648,16136,-6396,3364,1
18396,1112,5996,16768,5308,4496,1
17632,-5264,1756,16488,2752,5036,1
15800,808,6468,16248,-1568,1692,1
17652,-14404,6984,16588,936,3832,1
17652,3644,14408,16192,1204,2356,1
12864,6304,7528,16312,708,3048,1
13864,-19396,7612,16264,168,2012,1
16004,6280,13584,16924,1440,952,1
5304,2492,32767,15604,1180,24,1
32767,-4176,4892,17020,1296,5020,1
16788,988,3124,16240,-1860,312,1
15380,-3856,656,15692,-2128,1600,1
16352,-2356,-136,16500,-8812,4784,1
16376,-1108,576,16756,924,6608,1
16180,-1768,-108,17472,4816,4064,1
15260,-2152,-2076,16068,-2196,2880,1
16172,-436,1176,16408,-1508,1384,1
16384,-832,-556,16716,-3040,3520,1
15892,-2828,492,16264,-3148,2768,1
16476,-1992,624,17024,184,3772,1
15784,-2540,884,16300,-3192,740,1
16208,-2004,2476,15924,-1452,420,1
16396,-288,4404,16544,116,-920,1
16752,176,2488,18664,-968,-1484,1
15640,-3232,1928,21984,-5016,-740,1
16060,-2508,3348,15176,-560,1800,1
16068,-2052,2872,14032,-4840,3624,1
15900,-1724,2232,14032,1752,5676,1
16676,-3128,3652,8860,-10008,9120,1
16212,1256,5764,6668,4552,-2472,1
16004,-3180,4852,12712,1036,4060,1
15564,200,3192,15788,1268,3848,1
16104,-552,1996,16116,1156,-340,1
14980,1056,2636,16404,-2236,188,1
16676,904,5368,16660,124,2204,1
15728,-84,14396,15976,2568,-1524,1
16008,-3456,5960,17196,5564,5008,1
16768,2708,1988,16372,-1044,4348,1
15832,1152,6048,16460,-7920,2908,1
15956,1236,6432,15840,-6396,4044,1
15992,-1668,7208,16616,2048,3184,1
15444,-1304,4920,16144,5328,4380,1
16132,-44,3368,17056,-4736,2852,1
15972,696,576,15892,-740,4072,1
21564,116,940,16428,-376,4584,1
18368,-832,6252,16688,2992,2896,1
14272,-3496,8052,17036,-404,2804,1
12592,-3776,3736,16136,860,376,1
17252,4620,5592,16172,1720,848,1
15480,-4508,7680,16388,1448,168,1
10624,11368,22836,16516,1216,4288,1
28496,-5660,-2492,16932,-1080,2700,1
11256,4108,2688,16724,2000,4908,1
16512,-4184,1400,15952,1436,3992,1
17192,-960,1100,15984,712,1248,1
16836,-1244,1736,16260,-588,3876,1
16264,640,908,15272,-8256,4880,1
16492,1636,812,15392,164,7260,1
15716,-4084,2264,15092,2196,6596,1
16676,-532,5644,16604,2468,2060,1
16568,472,4080,16160,-2020,3084,1
16772,6024,3388,15664,-4060,3836,1
15836,-2956,2800,16388,1152,5592,1
15276,-1748,7128,15860,-120,5048,1
15396,-2920,12612,16080,-1128,2852,1
18240,1340,4792,17708,156,-784,1
15592,1104,-1260,18848,-5784,604,1
14544,-2732,-4384,22232,-1240,1796,1
16332,-1332,3224,13148,-2032,5752,1
16336,-4344,5964,17964,-2200,1404,1
16724,-1668,5428,19992,-2688,7908,1
15720,-1840,1296,6356,-4400,17124,1
14840,-1560,-2988,12048,-6632,12912,1
15692,-1952,7480,14784,17500,-460,1
15768,1800,9684,18412,-11912,8648,1
16068,-576,3808,18184,-1636,2308,1
15676,428,9056,17532,1528,324,1
15240,-4408,5832,17140,268,1060,1
14272,-2936,7004,16512,1916,1344,1
17380,6188,4784,16920,-552,948,1
15108,704,6308,16604,-3752,1896,1
15784,-412,6084,16364,-956,2240,1
15476,-1908,6156,16324,1224,1052,1
16328,-1188,5700,16772,260,4604,1
15524,-104,5060,16484,-8176,3304,1
17220,-776,1948,16328,-7220,3696,1
19160,264,324,16476,1396,3724,1
20120,-1148,1680,16360,5104,3684,1
14536,-1712,11820,15632,-132,2092,1
13724,-6036,4716,16728,400,4020,1
14600,5764,8696,16364,-948,1628,1
14576,-1788,10732,16352,1388,1312,1
23160,608,29100,16256,412,-624,1
30096,-2640,-8396,16784,680,5444,1
11428,4044,4968,16620,-1096,2564,1
16076,-3556,1444,16772,-1992,4636,1
19584,-3532,3528,16152,-692,3404,1
17660,728,2816,16032,360,2844,1
15696,-2272,1392,15504,-1512,3864,1
16000,-1336,2076,16068,-2624,3592,1
16124,-2788,2176,15268,-608,7040,1
16356,-2444,4792,15600,-1640,6836,1
16492,-2092,4588,17036,-1944,4676,1
15840,-1004,3692,15160,-4440,5584,1
15972,-1328,2788,15940,-4488,4476,1
16072,-1584,1752,15808,-492,4928,1
16092,-2540,5412,15900,-100,6032,1
16376,-1952,4644,16200,-492,4720,1
16320,1924,-1520,14600,-1896,2676,1
14396,-6916,10872,15320,-2852,488,1
17632,2132,9084,16660,-588,2328,1
17752,52,8580,20412,-3220,4776,1
16060,-2184,7304,21024,-4724,1992,1
14600,-3488,3420,11416,456,11052,1
16144,-2084,3400,11388,-860,4808,1
15540,-3340,3204,15228,-2396,5012,1
15868,-1296,4644,23924,-12620,15032,1
16664,-2508,6956,14180,2116,5192,1
15420,-2220,5912,17216,-4604,3140,1
16356,-2216,6280,16656,748,1484,1
15648,-3352,5720,19184,-3784,7152,1
15476,-2388,6916,9284,-4696,13472,1
15772,-2104,6788,24668,4988,-2784,1
15516,-428,4720,15248,-1200,3912,1
15212,-1360,4600,15956,1660,1360,1
14568,-1012,3164,16328,368,1664,1
17244,-4884,6968,17544,-364,1508,1
15320,-604,9864,15484,-4344,1992,1
12880,3752,12588,16656,312,2672,1
18696,4376,6180,16576,2224,4672,1
14492,-6828,10200,16460,6332,3992,1
14200,-4100,6272,16232,24,2516,1
16260,2312,5520,15864,-3284,1496,1
16052,2084,5488,16404,-10724,2668,1
15996,-1612,4444,16296,2752,3808,1
20036,-3760,2260,16336,5820,5276,1
20708,900,-3056,16788,-1748,4852,1
15284,252,8568,16020,-2240,2720,1
11376,-508,3648,16508,1108,2140,1
13120,280,9384,15952,1568,2656,1
21120,-1748,22480,15796,-2068,5000,1
11536,6184,8236,16676,128,4860,1
18720,1016,10192,15852,1784,6584,1
15264,2288,7012,16728,-996,5260,1
19328,-7448,4012,16048,-796,4172,1
13536,-1876,4032,15652,-836,3892,1
16132,348,5464,15760,-580,4232,1
16196,-1404,6340,16568,-1300,5184,1
15948,-1172,6720,16316,-1984,3820,1
15996,-188,4816,16452,-1984,2036,1
15616,-2356,3128,15804,5060,6628,1
15488,-2296,1156,12764,-4980,9412,1
16372,-1860,1064,16860,3028,1476,1
13944,-2224,8952,15004,-10592,5560,1
15008,-316,4400,16152,-2544,6364,1
14300,-4888,10160,17264,1300,7324,1
16028,-464,7348,15932,-1548,6224,1
17048,-2084,4840,15816,2300,3236,1
16144,-548,5436,18060,-4796,952,1
15976,-2116,5312,20812,-1392,76,1
15232,-3052,5772,17844,-2292,4900,1
15924,-3100,6080,13116,-3576,6072,1
15536,-2076,5524,11132,-3160,5764,1
15452,-1760,5944,12512,-3052,11596,1
15464,-2240,3432,17788,-912,15604,1
15472,-1516,6348,15928,-5716,-6092,1
15336,-524,7400,17460,3324,3520,1
15580,-2940,6888,15476,1132,2900,1
15696,-1208,6060,18188,-2952,3848,1
14524,492,4248,16036,-240,2000,1
16608,1488,5472,16508,-4904,716,1
14644,-1076,7776,16092,356,2304,1
16484,-2428,8288,16892,3528,5392,1
14824,-1212,7016,15428,1648,5220,1
15592,72,6388,16872,-468,2368,1
15496,3024,5220,16284,-5476,2088,1
15980,-180,3972,15600,-6832,3824,1
15584,900,4112,16244,-432,4764,1
18988,-1044,2316,16468,756,5816,1
21724,-272,2372,16300,4252,4608,1
14760,-3012,7088,16224,-292,3476,1
10632,-476,10840,16428,-352,3896,1
14600,972,3872,16052,-52,3396,1
18572,-1156,9604,16080,-376,4084,1
14756,3396,18584,15688,-1224,2364,1
13324,6796,3400,15744,-164,3916,1
17592,1104,4736,16024,764,4080,1
15104,-324,3232,16328,104,2732,1
19516,-3028,2536,15216,148,6480,1
14392,220,4204,15796,3560,4652,1
16636,-972,3188,14044,-1072,6672,1
16400,-628,3312,17232,-7748,4612,1
15952,1228,1532,15600,-10024,5032,1
16172,-2316,4852,16200,-1884,5316,1
16504,-3156,5536,14816,6552,7308,1
16360,-988,4852,16800,5456,4012,1
15956,892,3684,15668,-6600,4456,1
15856,676,1868,16628,-2128,4472,1
15544,316,3136,15736,980,4840,1
17304,1028,4924,15880,-356,3252,1
15232,-808,7796,15536,-1188,1744,1
15740,468,4112,15852,796,3032,1
13092,-4560,9712,18824,1032,6500,1
18200,-4592,5004,21380,-7676,3480,1
16284,428,5828,16708,-1544,6860,1
15868,188,6112,9996,-2084,5348,1
15264,-1612,5320,12360,-2092,4952,1
15308,-1172,2624,16084,-1060,7576,1
15340,-1492,1600,10868,-2740,11440,1
15520,-1000,7860,18520,-8564,-16048,1
16140,-1184,9580,17472,-3224,1080,1
16144,-1856,7112,16156,-152,1712,1
15784,160,4948,18684,-3820,3800,1
14660,-3976,7764,15968,1336,1460,1
16696,-2996,7492,17352,1136,-248,1
17300,1340,3332,14740,-1228,7288,1
15564,1664,6456,18020,-6164,2992,1
15120,160,6944,15404,-6364,584,1
15692,-2688,4456,16820,2300,1216,1
15896,-272,4424,16080,7040,1776,1
16068,-948,4468,16316,1580,3340,1
15460,136,5140,16168,-3012,5060,1
16392,-528,2568,15988,-6896,4960,1
19476,1232,2860,15848,-3648,3920,1
19848,-1792,3848,16180,652,3112,1
15812,-1656,6856,16364,300,1896,1
10392,-652,8056,16884,980,1964,1
12572,-3432,4544,16324,1312,3352,1
15172,744,8160,15972,220,3568,1
16676,3688,13020,16044,-2020,3356,1
15216,16260,21136,16740,296,5932,1
16640,-8772,4164,16488,244,6128,1
20344,3380,4704,16700,100,3964,1
15856,-5036,2300,15936,-148,2456,1
13616,-2536,1008,16088,-1108,2796,1
17064,596,3076,16224,-1472,2156,1
16576,-464,3424,16868,1080,4596,1
16140,-2964,3988,15428,132,6764,1
16184,36,2528,16504,-1144,3292,1
15924,-1232,808,15824,-3228,3264,1
16632,-356,5020,16332,-540,2660,1
16008,-424,6396,16116,-1392,3484,1
16144,-420,6400,15948,184,3056,1
15196,-1900,6704,15964,-520,900,1
16352,-3420,2640,17452,-5496,3256,1
16512,-1156,4828,23084,-1460,188,1
15560,-1328,4044,19504,636,5192,1
15800,-2404,4948,10812,-1124,7260,1
16360,-1964,4248,13216,-920,3572,1
15896,-1764,3532,15184,488,6564,1
15880,-1628,2352,14644,-2356,10244,1
15344,-1584,3936,8396,-7972,-636,1
16424,-588,7452,10292,-1076,-4,1
15920,-2684,5176,16208,-1128,4432,1
15808,-1136,4016,17432,-3208,3680,1
15232,-1884,1600,14828,-1016,1288,1
15760,4980,476,16504,-4848,760,1
15512,-3952,11996,16908,-2860,2904,1
15560,-3620,10204,16256,7348,4112,1
15488,-5556,7700,15996,5592,6056,1
16776,9444,5460,16404,2192,3680,1
15116,-2184,4552,16384,-8992,240,1
15088,-1792,5248,14912,-3260,1628,1
15692,-1016,3516,17104,28,5256,1
16300,-1184,3264,16076,-44,5148,1
16948,-528,2912,16556,-1480,4272,1
20564,876,-116,16744,-476,4484,1
23440,896,4128,15684,408,2736,1
12104,-1248,11552,16348,-896,2848,1
9124,-4096,3748,16984,-172,3048,1
11220,2080,6916,16152,132,3244,1
16960,-4564,13700,16856,780,1732,1
10380,8064,32767,15552,-688,3684,1
9188,-19844,7088,17024,-456,6552,1
19296,5228,4316,16544,1364,5652,1
15932,-3968,2688,14236,-3896,8692,1
14212,-2552,4212,17464,-4864,5700,1
15860,-328,4292,15668,-2020,5316,1
16020,-2324,4016,15776,828,3464,1
16436,-556,1544,15772,-1080,3776,1
15808,-720,2624,15768,-1864,1916,1
16020,-2816,1288,16096,-1008,2760,1
15852,-1820,3748,17160,224,3476,1
16724,-668,3988,20044,-1700,-512,1
16752,-3108,5680,19532,-128,3988,1
15892,-584,3292,16320,-1120,2152,1
15844,-2644,2284,15316,-1752,5216,1
15708,-2032,-348,11116,-7116,17704,1
16084,-2912,2212,18360,4768,-6948,1
16024,-1680,4804,14296,-4364,3952,1
16272,-2324,3632,20340,384,1512,1
16060,-396,3772,16216,-92,124,1
16040,-1056,2720,16364,-1084,1552,1
16160,-1612,3500,16864,876,2336,1
16116,-1492,3564,16756,604,892,1
16252,-400,4272,16212,-2400,1860,1
16240,-1164,3824,16012,572,3932,1
16128,-2236,4120,12848,-2776,8780,1
16360,-2148,3420,18400,2724,5308,1
15956,-1412,3168,16120,-5192,2808,1
15608,-1372,3508,16664,-1168,-768,1
15584,-1244,4140,17280,804,-2060,1
16024,-240,1220,22084,824,-736,1
16420,-2092,3808,14208,-160,7268,1
16344,-2192,9160,13080,-868,3844,1
16240,-2580,6920,16148,-2896,6036,1
16312,-1016,3860,23464,-7980,17628,1
15868,-2868,1728,15876,516,-3004,1
15640,-1528,3632,19356,-148,-796,1
16152,-2060,4712,14724,-3024,2372,1
16008,-1236,4820,16740,-588,2140,1
15492,388,2480,16168,-1744,1196,1
15988,-2544,2348,16064,-1708,760,1
14448,-3328,10192,15900,5244,1708,1
15100,-448,10544,17256,3068,4156,1
17624,-872,6892,16484,-3036,5900,1
15064,3092,8008,16568,-5560,2452,1
15704,-3568,5248,16000,-1080,3112,1
15884,-1400,5172,16416,568,2808,1
15344,-856,4432,16192,752,2156,1
15720,404,4600,16592,-3908,3728,1
17184,1500,5660,16660,-3764,5000,1
19876,-604,2172,16636,1916,5204,1
20056,-1620,4288,16496,2024,3096,1
16440,-4052,4528,16156,72,2328,1
7156,3724,11132,16620,232,3272,1
10664,-5964,2248,16284,1252,2108,1
18584,-1592,9976,16400,1416,1852,1
13280,5288,15800,15968,1208,1440,1
21920,11412,204,15152,996,3584,1
20156,2832,6120,16024,500,4856,1
13432,640,3720,16312,612,4032,1
19240,-2780,3380,16496,-848,3540,1
15244,636,3248,16184,-688,4248,1
16760,-976,3812,16228,-28,5080,1
15556,-940,5672,15824,788,4252,1
16232,20,4508,16268,828,4340,1
15608,496,7080,16632,416,4644,1
17244,-1436,3976,15692,256,2260,1
15896,-1080,3452,15904,216,2520,1
16048,868,2192,15136,-3404,7124,1
15908,-2372,2328,17432,-3420,3220,1
16380,-4856,8720,16664,-1080,4248,1
16876,-1900,5692,16196,2932,2152,1
15784,-792,2764,15244,1152,884,1
15796,376,2688,15096,-3036,5220,1
15652,-840,4196,16648,820,2684,1
15552,-1960,5048,15716,-4596,2912,1
16908,600,4084,16968,-1200,1144,1
16224,-3084,5052,23476,-4152,788,1
15496,-300,5176,21316,-632,4640,1
16360,-5120,6372,14668,-4744,6416,1
16048,-2872,5988,13040,852,1384,1
15620,-1536,3820,12980,-3820,7124,1
15120,-1536,4176,14136,-3940,7872,1
15828,-3104,3056,20384,896,22656,1
16132,-1368,8412,32767,-6396,204,1
16148,-1508,7408,23208,4328,6036,1
15988,-2060,6308,16084,372,1680,1
15576,-1268,5468,17980,-2776,808,1
15400,-2764,5488,16724,2016,132,1
15776,732,3848,16200,-3136,-652,1
15792,492,3540,16652,0,944,1
17316,-652,6280,16708,3492,1060,1
12824,-4784,12220,16828,1556,1340,1
15972,-3272,6480,16856,-992,1340,1
16576,2084,4220,16252,404,1124,1
16216,1668,6256,16160,-3872,2360,1
15852,-1836,7496,15908,-6828,1016,1
15988,-500,6716,16328,-6412,2360,1
16880,-544,2828,16436,-2632,3636,1
17640,-2732,2164,16508,6080,4628,1
18748,1588,1312,16704,4256,4068,1
19460,-1448,5780,16132,-5736,1436,1
10452,16,9876,15728,724,1364,1
8732,-540,4100,16576,1540,1400,1
10768,-1468,10204,16628,2168,816,1
17860,4672,17640,16332,-1444,2392,1
11380,2140,19460,16760,248,2772,1
24612,-5976,-2996,16800,1952,3568,1
14900,2884,2316,16312,-360,2832,1
14976,-1304,1960,16144,1516,900,1
16220,-1936,1436,16372,812,816,1
15796,28,3612,16372,-436,1960,1
15312,-6760,14904,16172,1632,-788,1
19088,1664,3660,17076,4928,4568,1
15600,-1448,-244,15108,-1264,10040,1
15352,-248,2068,18236,-2848,3960,1
15832,648,4592,15512,-8368,3740,1
16728,3832,3920,16260,-2600,4848,1
15036,-3396,7028,15468,5000,5240,1
15740,-9372,6996,16888,5252,5300,1
15036,-2876,7576,16180,1692,4380,1
16660,4460,4456,16260,-6184,3536,1
16316,3300,4340,16620,-324,1924,1
16124,-1044,6500,19168,-244,-632,1
15560,-7176,5676,25796,-920,-500,1
16808,1548,5280,13984,492,8308,1
16152,-1496,4400,10236,-76,3316,1
15456,-1740,1484,11312,516,8440,1
14576,-1972,3328,8236,-8516,17020,1
16880,-848,7212,32767,1772,-4688,1
15260,200,10216,20124,-12692,6640,1
17864,-3812,8572,13072,1044,6632,1
15708,1124,9328,19744,1740,2192,1
15564,-312,7940,16740,-2256,3216,1
14508,-1608,6580,15292,-264,2432,1
16020,-1268,5008,16160,3020,1916,1
15036,-2816,5856,16088,4808,2080,1
15624,1096,5692,17040,-5072,780,1
15096,2124,8076,16100,-5440,1516,1
16824,2940,7124,16492,-3164,2828,1
15052,-5376,7184,16584,3976,3836,1
15000,-4104,7380,16816,5196,3160,1
15912,1684,6696,16196,-872,2280,1
16372,220,6600,16208,-7436,2172,1
14924,-948,4160,16160,-4052,1892,1
15932,-2012,3512,16388,-1732,3972,1
18476,-1072,1576,16684,1684,4552,1
19640,668,1076,16636,-344,3960,1
16528,-1100,11188,16524,1428,3564,1
10016,-640,8032,16480,120,2908,1
13948,-1824,2360,16760,1400,2876,1
14732,780,11228,16644,152,2932,1
15708,816,13780,16296,2024,-788,1
9960,7100,13736,15668,648,1308,1
10432,-8356,3136,16936,312,4520,1
19032,4124,2704,17012,336,3000,1
17172,-3544,6228,16200,316,1036,1
14856,-380,2452,15416,-676,-1744,1
16372,-1752,552,17040,3492,7712,1
15740,-2552,-392,15512,-168,7984,1
16184,-396,5792,13096,-8100,6672,1
16728,4344,5872,15072,-6068,3660,1
16068,-1460,2592,16860,2772,4072,1
15952,-2492,3020,14968,2232,4132,1
15776,-2832,5496,16988,1216,1628,1
16232,-3156,5084,16280,-836,4060,1
15740,2092,5428,16556,-1500,3960,1
16808,6656,5492,17984,-1732,4560,1
15716,-4404,2972,15492,692,2572,1
15400,-1912,5584,20212,476,-392,1
16316,-1672,5084,21540,544,3880,1
15864,-1364,4156,12212,-1740,8620,1
15736,-2896,3176,11020,-1300,4004,1
15464,-2328,2328,13312,-6692,8124,1
15712,-740,4936,15904,-3680,9728,1
15892,-1048,6196,6096,-8856,-5120,1
14968,608,8796,15528,1156,2488,1
17464,-4632,6744,17108,976,1372,1
15656,1484,6764,18740,-352,3004,1
15504,-1804,5536,15028,448,516,1
15328,-1068,6232,15968,-60,1360,1
15716,-1336,5708,16548,1492,2440,1
16468,-1232,4752,17392,-76,3144,1
15064,-292,6668,16424,-3436,2508,1
13884,1848,10104,15948,-3144,980,1
14356,2752,9944,16916,712,2188,1
21876,-2976,3124,17020,3224,3740,1
14040,-6120,5952,16360,4468,4500,1
14264,1908,6540,16800,-3868,1464,1
14872,-952,7364,16272,-7500,2960,1
16604,4068,5860,15764,940,4440,1
16864,-4240,5792,16068,3860,2924,1
15840,-2068,4516,14580,-740,5520,1
21084,1088,2360,18168,-5712,5752,1
20668,-1540,1292,15256,-200,2844,1
14572,1056,13612,16540,1644,3188,1
14300,-3852,-516,16080,2512,260,1
11180,-344,12452,15740,-424,28,1
16028,3140,22508,16132,352,4444,1
12728,12160,4016,16240,364,5180,1
13756,-524,7248,16100,-292,6176,1
15984,2220,3984,16228,-316,2504,1
21396,-6212,652,16296,-320,2228,1
14560,-408,3152,15860,668,1548,1
15420,-1904,8416,16144,748,3748,1
17552,580,7944,15612,-2796,2484,1
17484,3128,6860,18164,-344,2116,1
15500,-3112,2376,17232,1992,5592,1
15564,-3820,-252,13208,-2376,10036,1
15148,-1948,-416,7700,-300,14080,1
15104,-2264,-416,20292,-4880,2532,1
15496,-1480,1040,13188,-6820,4628,1
15608,-1868,1748,17004,-232,4788,1
14876,-632,7868,15404,368,2056,1
16456,-1072,3984,17176,32,2388,1
18444,-3012,9044,20632,776,708,1
16272,-1592,3296,22508,-1784,3656,1
15700,484,520,12496,-2628,7804,1
14576,-3652,5464,10884,-5372,2908,1
16404,748,4436,15184,1648,6508,1
11976,-7776,8764,13760,-3900,12728,1
14372,-1828,5808,7384,-3736,-6716,1
6952,-2224,12276,16552,-5072,800,1
17840,-52,8236,18092,-2092,2708,1
15484,-2980,8316,17168,-644,3796,1
15272,-820,7944,15328,2068,1040,1
16676,-1232,6492,16436,-2084,2324,1
16064,2020,6112,16720,-1176,2396,1
15240,-2812,7540,16336,684,4836,1
16264,-2292,7016,16584,-1636,3656,1
15516,364,4600,16532,-1168,3416,1
16836,-696,-720,16652,-3280,3860,1
17860,-2420,-3872,16704,-316,3908,1
20076,1636,4132,15912,-1504,1236,1
11740,-1960,14892,16524,2088,772,1
10312,-2192,6588,16980,2264,2652,1
17584,2160,10924,15968,160,1992,1
14588,992,12084,16372,136,2824,1
13916,2528,13636,16012,1580,-984,1
13112,2332,18368,16332,240,3288,1
32767,2560,3488,17536,1268,4816,1
8880,184,1152,15516,-1820,4192,1
16360,-2640,3832,16364,-1240,416,1
17092,-1072,7328,15956,1096,-160,1
15876,3612,5024,15740,-284,460,1
15816,-1312,2340,16032,2988,9368,1
14972,-2260,1836,14688,1760,6476,1
16096,-3988,6108,18948,-4820,4548,1
15172,1932,8196,14688,-13744,6848,1
16656,-136,4532,15360,-4100,6260,1
15204,-4376,5856,16312,3468,5244,1
12444,-3452,7556,15516,3564,2856,1
19016,-1196,4488,15832,-2040,2128,1
16368,3756,5324,18368,-2644,2576,1
15668,-1536,7720,24740,-2752,296,1
15296,-4888,7664,14192,-1540,7780,1
16372,-868,7792,12816,-2108,4896,1
15516,-1756,4696,10620,332,6868,1
14668,-2536,4228,14900,-4204,9472,1
15256,-3468,4152,7820,-9916,8124,1
15540,-788,7572,11632,10392,-2460,1
15224,-1640,5120,14316,-1880,5784,1
15804,-984,4656,16528,892,2948,1
15760,1844,7132,15948,-248,-40,1
15440,-3724,9940,17532,-13504,1880,1
15856,-4452,6684,16276,-1116,3188,1
14740,-5780,7420,16736,13200,4272,1
14768,3720,5228,16052,-2080,652,1
16088,5308,7188,15980,-12432,280,1
15028,32,6012,16288,-268,3648,1
17140,-3388,4748,16056,2144,4828,1
17368,-2868,1592,16156,4496,4688,1
20048,-116,3508,16296,-4632,3032,1
13476,-332,10368,15976,600,4344,1
14136,-1016,4184,16660,1256,3080,1
14232,2816,5360,16636,-164,4084,1
16004,908,10484,15956,44,1688,1
5936,816,24460,16216,-72,3536,1
32767,-1020,-4580,16400,652,5128,1
12368,8468,5248,16320,-108,4928,1
13756,-5356,3776,16208,-1980,3728,1
18640,-2764,4368,16272,-348,3704,1
15920,164,5164,15416,-1384,1680,1
15728,1348,6072,17164,1500,2148,1
16220,-440,4332,17772,-392,2620,1
15908,-1724,4724,20368,-3980,1640,1
15456,-2144,3544,16988,1220,3800,1
16244,-1160,5452,14388,-36,5788,1
15888,-2692,5040,15368,-3808,2540,1
15640,-2504,5068,14040,-2440,3672,1
15832,-1616,2788,16652,-296,6032,1
15056,276,6456,6532,-2756,12424,1
16112,-1400,7616,16772,-7932,-2648,1
15668,-416,7704,15060,1748,5440,1
16968,-368,5920,18056,36,3316,1
15552,-696,5424,14936,-2816,3264,1
14544,-3464,5296,17236,3940,1200,1
15692,1352,5480,16608,-3712,2240,1
16404,584,5552,16664,-96,3216,1
16072,-240,5432,16476,480,3540,1
14648,648,8172,16528,-1296,2192,1
14512,592,8404,16304,836,804,1
15196,-88,7600,16672,776,2840,1
14640,1212,8848,16332,-308,2924,1
15288,772,6908,16872,-1828,3608,1
14488,-180,7960,16448,1244,3300,1
14184,560,8044,16720,2456,3468,1
11908,416,9820,16116,1108,2840,1
11608,4364,18680,16408,-896,2404,1
17992,2568,5228,16448,3704,3132,1
19740,-8396,280,16768,1312,5096,1
15280,4780,3568,16216,-2948,2452,1
15180,-1340,7768,16236,-8892,1772,1
15456,-748,5772,16672,-656,3320,1
16592,-60,7204,16640,7700,4236,1
16032,-3016,7460,16336,3636,4664,1
15484,2312,6544,16840,-2120,412,1
15504,2748,6332,16420,-4580,2156,1
16188,1208,4092,16296,-2968,2684,1
15632,-1888,3996,16460,3180,724,1
15008,-3988,4096,16416,2748,-340,1
15572,-2768,3100,16184,3420,688,1
15052,-496,4160,16380,1260,908,1
15076,5220,10404,16500,-5940,3060,1
16976,3092,9404,16612,-4772,4092,1
15636,304,8268,15912,-3360,3420,1
15816,-5916,6380,16740,1332,3756,1
15304,2280,7612,15620,-3196,5552,1
16120,2108,7636,15192,-4012,6336,1
15064,2212,7644,15584,-4284,6144,1
15504,1232,6436,16156,-3548,5296,1
15516,1180,5936,16228,-3640,4888,1
15716,1664,5856,15276,-2948,5044,1
15824,-144,5424,14420,1080,5968,1
15948,-636,4268,12140,616,5192,1
16324,-1492,3136,22852,-576,712,1
18672,2520,160,11876,-6628,4476,1
20508,2668,1284,17268,-1300,6884,1
16536,-652,2648,16364,1452,3460,1
8004,2932,15196,15632,-1148,2448,1
10472,-17336,7448,16460,100,3264,1
14444,20736,8512,15732,-472,-2444,1
12272,7408,1776,14832,-284,2928,1
27108,-3796,3056,16480,-1420,632,1
13812,1856,3144,16344,1204,2960,1
17844,-7360,3932,16524,-1980,4084,1
18172,5948,1652,16404,-1836,1004,1
15004,-4756,5464,16292,-456,1868,1
17080,-2116,5504,16688,544,3720,1
16596,4776,2468,15992,-2540,-200,1
16248,-324,1888,15392,-15816,-792,1
14640,-6588,5212,17236,3260,2448,1
16348,-6304,6688,16728,5996,4388,1
16596,6068,1512,16408,-892,-820,1
15956,1112,3080,15144,-14156,812,1
14884,-4632,5424,17664,8424,5516,1
15480,-1180,4116,16592,1676,1972,1
16504,8088,2008,16252,-2668,-1300,1
16692,168,3312,18176,-3356,-2892,1
15696,-7620,4688,21284,1992,1192,1
16316,-292,5568,5676,-6496,10680,1
16160,800,2432,6356,-10532,9840,1
18556,-3612,6692,32767,728,-5740,1
15596,-1828,9884,11440,6180,11312,1
15092,-1956,7136,16100,8412,5156,1
16044,2236,5416,18096,-1072,260,1
16584,4392,4280,14268,-15072,2772,1
15500,-1736,3816,15988,-2604,4160,1
15228,-4332,5592,16292,4524,4428,1
16032,1272,5304,16232,32,4244,1
16692,604,3160,16184,-1392,3488,1
21928,-320,1520,16124,-2600,5348,1
16672,-504,4252,15760,-664,3832,1
9960,-1636,9980,16208,-276,2712,1
8188,-5724,7000,16044,1272,3836,1
11700,9840,10288,16208,-1280,2192,1
26712,10484,-7400,16512,-72,9452,1
17676,-2932,8628,16960,60,4184,1
14344,8612,5476,15620,-208,3100,1
17524,-7548,4744,15388,-1524,3817,1
16412,-3488,3652,16092,-316,5116,1
14476,-3096,5604,16124,-1580,5264,1
17208,6056,4644,16824,-7048,2604,1
16440,-496,3140,16020,-2476,4032,1
14044,-4876,7652,15152,4040,4724,1
15780,-7208,7112,15920,2968,5984,1
16252,1796,4048,16212,-1784,3460,1
16404,6752,2444,15448,-11324,1772,1
15472,-6656,6812,16572,2740,3968,1
16036,-3224,5860,15964,2516,5260,1
16264,-76,5624,16272,-1132,4128,1
16236,-172,5600,16360,-5524,2992,1
16104,-1444,4456,16232,-2312,3040,1
15748,-2364,3932,16148,-1532,1964,1
16116,4,3592,17220,-1180,1068,1
15996,-3740,4148,20024,-1060,1208,1
15872,-2440,5480,16980,-3400,2508,1
16388,1016,5180,12684,-548,5740,1
15868,-3716,1868,10656,-8576,7524,1
15036,-4048,1388,13404,3572,2348,1
14624,-4800,6544,9040,10556,4288,1
16236,-792,4504,22120,-10596,6392,1
15488,-2892,5384,16112,252,-760,1
16412,7260,4184,15428,-9756,-648,1
16084,-272,4732,17512,-704,2596,1
14268,-13276,10352,16840,9420,5464,1
16460,1784,5080,16020,2056,4048,1
15744,6536,4196,16644,-9208,860,1
16144,2364,4420,16516,-3272,1620,1
15872,-7056,6264,16444,6936,3424,1
15500,-8156,5092,16720,616,3340,1
16948,2440,3052,16424,-3732,2272,1
18156,-3604,3932,16208,-772,2288,1
17340,-644,4172,16588,1108,5124,1
15764,-3904,5984,16536,348,3752,1
12400,3580,6236,16196,-1344,3112,1
11400,4080,9672,16740,20,2328,1
17084,12924,-4252,15900,-832,3868,1
16480,200,3504,16428,2620,4076,1
14928,2672,6772,16360,948,2424,1
18992,-9028,5584,16236,2496,2804,1
15848,1492,1744,16076,-2960,3412,1
16176,12168,1964,16288,-8932,3104,1
15380,-10004,7864,16152,2172,5228,1
15416,-8280,8828,16688,6568,5412,1
15716,2044,4452,15836,-128,3684,1
17484,9496,1972,14912,-8224,2064,1
15408,-8076,5812,16152,-3412,1476,1
15256,1688,5788,17640,1280,2564,1
16364,-3164,3880,19176,168,1036,1
15748,-4516,4792,16132,-3304,3980,1
16072,552,4088,10512,-1576,8520,1
15740,-3444,1188,11232,-6892,6692,1
14688,-1856,-4796,14036,2472,3104,1
12584,-4336,12388,11808,11472,-56,1
15600,-7232,12436,21440,1060,9684,1
17600,9308,7444,14820,428,6012,1
15452,2556,7500,15416,-17772,-920,1
14536,-5544,6804,17892,2084,5384,1
15180,-8248,9252,16444,13808,4916,1
16648,784,4096,17184,-4876,1588,1
18580,3840,1084,15760,-6164,1920,1
22672,-9584,3452,16344,2628,3056,1
13308,-2396,9100,16724,2368,3936,1
12748,-7404,6644,16408,-820,3872,1
12020,3744,7480,16368,-1744,3200,1
16592,-8080,10112,16100,-692,1512,1
9784,-1644,17876,16008,-172,2260,1
20192,20220,-7044,16848,872,5788,1
14548,4864,8364,17020,-2276,4284,1
13944,-8132,5200,16288,-104,4052,1
16896,4716,4004,16572,-28,1856,1
16140,-4120,4436,16252,-2456,1488,1
16008,64,5024,18080,-4332,1648,1
15820,2060,5900,19532,-7068,1260,1
16272,-3180,4420,15244,-2824,8944,1
16272,-3144,4312,6392,3852,14936,1
16288,-2436,4008,10544,-7804,7524,1
15532,-1440,3124,11612,4696,9180,1
17364,-2656,10684,24196,444,1628,1
16664,600,2920,20788,-1752,6512,1
15784,-3392,3328,15384,1864,772,1
15688,-328,4088,17312,716,1520,1
16584,-1312,3740,16124,-1120,3304,1
17120,2904,5724,16108,2148,2216,1
16236,-5208,7008,16120,40,2852,1
14820,-1000,6880,16244,1848,4408,1
14868,-216,8692,16692,592,4116,1
15160,-1352,6384,16296,-600,4232,1
16384,-476,5560,16392,580,3504,1
15496,-1480,6712,16372,268,2644,1
14052,2000,8592,16260,628,1552,1
10044,7660,7072,16004,-1128,2236,1
17256,-792,4260,16444,120,3564,1
15464,-10468,8832,16116,2736,1904,1
15176,2328,4624,15852,-616,4448,1
16272,5292,3012,16180,-7164,2436,1
16572,1788,1684,16036,-2896,3904,1
13892,-8984,9972,17252,1948,1228,1
16900,820,7888,16764,532,712,1
16884,4684,3596,18928,-2244,-472,1
15300,-6956,2252,19424,-3268,44,1
16184,1420,-440,12760,-208,6836,1
15228,-7092,2284,9172,-4356,6960,1
15968,1212,5508,15868,2348,4500,1
15484,-2996,6932,20436,-8172,-6264,1
16572,504,6552,16632,-8552,1936,1
15660,-3420,5384,14852,-3040,2596,1
15336,-1444,4768,18584,4988,972,1
15560,-1248,5456,15580,-1028,3184,1
15816,-2156,4372,16848,-1132,2736,1
15872,-4924,5320,16556,956,-1068,1
12804,9056,11336,15832,-5696,2452,1
17896,-140,10124,17016,5172,4808,1
14640,-10204,11024,16812,6616,6428,1
15100,-144,5236,15828,180,4072,1
15320,4404,5176,15544,-8248,2320,1
15676,-1288,5924,15916,-5904,3012,1
18236,-3168,3696,16240,4976,4452,1
20336,-1880,4324,16868,236,4748,1
17088,-3200,4940,16144,-1440,4068,1
10112,-6096,3740,15688,1708,2520,1
24956,1432,32767,17116,-820,5764,1
-2632,-6844,12180,16616,-1948,5508,1
20592,2304,5912,15876,1708,4244,1
11512,-9840,6488,16096,1572,2404,1
15720,-6520,4264,15972,1456,3020,1
14532,356,2052,16080,-5368,2276,1
16608,13948,-1956,16176,-5776,3932,1
14516,-12252,15916,16956,2556,3204,1
18432,-6052,8180,16856,6784,7536,1
15416,2644,4616,15568,-3184,4364,1
15536,7768,1964,15484,-7676,2516,1
15128,-8316,8352,16584,488,2992,1
15028,-5096,5464,17504,3228,2808,1
15752,3788,5820,19368,-2000,1732,1
16916,-1620,5768,20736,-2560,-752,1
15372,-5564,5156,13360,1288,8304,1
16128,-84,6072,9032,-680,3932,1
15592,316,5508,13040,-3356,6848,1
15216,-2460,4304,13252,-8088,21088,1
15436,-16,6604,12048,16140,-3032,1
15364,2556,5812,20124,-4712,3504,1
14708,1076,7592,15028,44,5680,1
14908,-8064,11640,15560,3244,3892,1
14124,-13692,10332,18012,4288,6928,1
15320,9540,8908,15220,-11108,2352,1
16612,9028,5856,16060,-6412,2508,1
13800,-8872,9884,16408,8536,4156,1
13804,-7172,8740,16556,5704,4624,1
16316,4016,6184,15276,-2648,5256,1
14824,1020,5788,16080,-7940,1768,1
15296,-2296,4408,15576,-3476,2804,1
16996,-2300,2564,16356,2812,3764,1
22108,-3660,1844,16536,-1436,6376,1
15256,104,7260,16292,-1156,3816,1
13136,-684,1976,16472,596,4392,1
11448,-96,14704,15672,96,2888,1
1616,6636,12292,15720,-696,5540,1
13328,340,7664,15228,1112,5512,1
14956,-10096,5428,16728,-1016,1816,1
18740,-4456,5460,14860,2576,4928,1
14572,15248,2872,16376,-9080,4792,1
16380,-10252,9644,16412,-3596,4076,1
15996,-4664,9272,14520,4132,8040,1
16052,-1840,5296,15860,3272,5948,1
15432,6616,-592,16272,-7364,2956,1
14344,-3036,7544,15692,-4032,2524,1
15352,-3528,8804,16448,2500,4900,1
15540,-3044,6604,18676,1592,1840,1
15576,4000,5676,22892,-2944,-868,1
15864,-4004,5340,13932,-3612,7680,1
15320,-1896,6284,11860,-2776,4172,1
15424,-2288,6024,14488,-2616,6796,1
15936,888,276,10396,-2692,11984,1
15512,-3564,11552,24260,-5536,-5876,1
14412,-6644,10640,8616,-3212,7572,1
14052,-448,9728,15992,-1764,3520,1
16472,12680,4872,15896,-9164,2624,1
14368,-5760,7740,16256,-6396,2072,1
13704,-8892,9256,15640,10324,5540,1
15672,-736,7168,16704,692,4124,1
14984,6844,5944,15672,-7404,3288,1
14660,-1492,8504,16344,-3948,2768,1
15444,-3056,7140,15384,3416,4652,1
16232,-1272,6744,16584,-2296,4596,1
16492,-488,-24,16056,-1700,2716,1
18264,-1552,3952,16264,2572,4964,1
18936,-3092,2396,16284,-1252,3328,1
12944,7972,9660,16224,-1204,4300,1
11868,3888,23152,16884,816,6008,1
9236,-5948,7856,15720,64,4420,1
21908,-2168,4404,15640,-404,3708,1
11256,-8816,7924,16052,2344,3084,1
16148,-4668,4716,15824,2620,3736,1
15204,11216,3176,15340,-9228,3788,1
15032,5320,7756,16484,-1896,4184,1
15492,-10628,11820,15384,3840,6636,1
15128,-8756,8148,17372,4544,7364,1
16908,4260,5628,14600,-8876,3036,1
14856,8900,1396,15512,-2984,2216,1
14840,-4048,6828,16296,2528,1048,1
15408,-4992,7968,16796,2420,3912,1
16600,3196,6188,19024,-2840,2016,1
15792,-1560,8444,20940,-3828,2108,1
15268,-2116,5312,14268,-676,7384,1
15592,-1512,4184,6780,-2756,5136,1
15752,-816,5228,13476,-928,3740,1
15940,-2028,7180,17436,-11844,22696,1
16308,-2344,8488,17856,5876,1272,1
15592,624,3716,17164,-1656,6132,1
14832,824,5100,17508,-4524,2760,1
15252,2364,6860,15376,3188,2032,1
12100,-18276,11856,16892,3508,5528,1
15124,-2924,8200,16732,2888,7372,1
15580,6520,7380,15668,-9712,1576,1
15656,6936,5700,16256,-6600,3376,1
15140,-5848,7332,16416,5724,4896,1
14784,-7392,6992,16384,4624,4200,1
17104,2432,2084,15920,-5108,4088,1
21904,-872,2096,16252,-2868,3716,1
16496,1984,6520,16024,564,5080,1
14476,-2328,1968,16104,-644,3940,1
15504,1856,4572,16016,-1056,3556,1
5360,-944,32767,17696,-2352,7536,1
30264,-14616,-1980,16632,-508,6884,1
18168,6268,3040,16152,-404,3836,1
11412,-6636,3768,15760,-1012,3936,1
16984,-1224,4092,15576,-1308,3860,1
16916,-328,4228,16000,-1476,4352,1
15392,68,4284,16396,-1260,3880,1
16508,4640,4208,15652,-5332,4452,1
15324,-7320,5000,15948,-192,5132,1
15712,-5408,5136,13984,-1448,5792,1
16536,-4968,1328,15468,2212,4408,1
12664,4460,11920,16660,-5092,2108,1
20048,12336,6584,16100,-3944,5360,1
14300,-12612,8760,16632,1432,3688,1
15748,-2220,7436,18240,-2824,5400,1
15660,24,4972,16348,-3580,900,1
15216,-2852,6244,17044,-5780,6052,1
15472,-1228,5772,14448,-944,5080,1
15312,-2200,6332,16480,-1964,5604,1
15744,-2124,5716,12760,-1248,8396,1
15692,-956,5624,11204,-6424,8652,1
16468,1656,5808,20984,-3220,396,1
14604,-6844,8600,14808,2532,6060,1
13900,-9908,7980,17040,7968,4640,1
17052,11300,4620,15752,-7216,2288,1
15956,48,6404,15996,-6968,2168,1
14832,-7024,8328,15916,3452,6416,1
16024,-3056,8180,16484,1888,5480,1
15308,580,6004,15768,-2088,3432,1
16008,2832,3672,15736,-4576,3760,1
15688,-1752,2484,15968,-1324,3192,1
19140,-3124,2912,16060,2260,3404,1
18264,900,8396,15788,-344,5248,1
17060,-944,3440,16216,-856,5144,1
12732,1532,8840,15960,-784,4852,1
2460,13580,17868,15160,-2032,4088,1
21048,-1300,3400,16080,1220,5820,1
16100,-7412,7324,16276,2080,2640,1
17380,492,4960,15312,-2592,3556,1
15076,10116,3024,15920,-6292,3684,1
16564,-4544,7252,16288,176,6356,1
14712,-6260,9832,16316,2908,5704,1
15424,-3180,6048,15972,980,6316,1
15416,3824,3340,15828,-3820,4040,1
15752,1884,4792,15832,-3480,3060,1
15276,-5360,7184,16288,1308,4404,1
15800,-264,7752,15584,264,5084,1
15604,1532,6244,16396,-2684,4632,1
15784,-2536,5696,16612,2336,1848,1
15656,-1300,5512,17104,-3636,2516,1
15772,-1040,7244,17440,-2812,3244,1
15576,-2904,6512,17284,-540,788,1
15564,-940,4492,15068,-496,6856,1
15348,-1860,5648,7060,-7124,15384,1
16040,1272,6008,25572,-4804,-4364,1
14792,-2892,5856,11924,-2996,3948,1
13360,-6940,11820,17300,5324,5312,1
14924,-676,8132,16192,1180,5092,1
15836,4460,4948,16452,-4624,2840,1
14924,-2052,7152,15916,-7484,3340,1
14872,-4344,7524,15900,3104,4608,1
15224,-3372,7784,16944,2656,5380,1
15588,1460,7452,15792,-1192,4860,1
15676,372,5620,16004,-5572,3624,1
14992,-576,3176,16100,-3652,3408,1
16632,-1168,1688,15788,180,3536,1
21548,-4328,4124,15988,2048,3080,1
16452,1216,11868,16068,-416,5984,1
14804,320,5560,16520,-2344,6248,1
12936,3260,8980,15916,-912,5992,1
15148,-1100,17664,15788,168,4844,1
11588,6912,11544,15376,-32,3696,1
17580,-176,5476,15596,-4,5756,1
14032,-3000,5412,16120,-1516,4644,1
18032,-3960,6100,15532,-724,4548,1
14288,-2088,5792,16144,-164,4484,1
16144,4504,3700,15488,-3460,5104,1
16388,5756,3992,15624,-5188,3988,1
15324,-3688,7188,15944,-596,5352,1
15108,-7440,8248,16320,1896,5912,1
16188,188,5884,15632,-1176,5364,1
15744,2156,4648,15508,-4164,3708,1
15528,-220,3884,15036,-3356,2212,1
14820,-2724,7568,15340,844,5196,1
16232,-1844,8372,16932,-2080,5580,1
15756,-2700,7412,19116,1924,5284,1
15472,36,7248,17188,-4776,5028,1
15304,-472,5956,13860,-6124,5044,1
14636,-3124,6356,14276,-2668,2220,1
15472,-2016,5720,15980,-1848,7432,1
15316,-804,5060,9848,-2844,10208,1
14632,1056,6016,14052,-12168,-2512,1
15828,-3728,9664,12700,6308,4224,1
14896,-6284,9592,16628,2180,4772,1
15052,1540,7564,17212,-896,4480,1
16460,8124,4704,15096,-7492,2248,1
14888,-5196,7628,16316,-5280,3116,1
14516,-4712,8428,16320,4000,4924,1
15228,-700,7356,16072,64,4756,1
14804,2932,6752,15776,-3260,4524,1
15396,-40,7016,16000,-8904,2280,1
14412,-1988,9464,15224,536,3172,1
15848,-4028,6860,16932,3364,6764,1
15040,456,7068,15388,-240,5316,1
19324,680,4852,16844,-3484,5120,1
20900,-312,-932,15628,-4608,4964,1
16384,-24,6976,16092,328,4032,1
10060,-1432,5608,15852,648,3944,1
10428,-2868,4720,16092,536,4712,1
15920,3600,17436,15804,-2264,4484,1
10180,6416,9652,16396,-3104,7108,1
10504,-5708,6584,15832,-784,6700,1
20104,992,4024,15768,460,4832,1
16156,-4076,6852,15664,-516,3856,1
14532,1836,3368,15716,-1292,4840,1
16804,5024,3544,15508,-3868,5328,1
15972,-312,5436,15984,-5084,4544,1
15668,-7608,8580,15660,1736,5168,1
15572,-3952,6360,16108,2756,5396,1
16308,1784,5072,16068,-1472,4812,1
17644,11520,1500,15440,-5788,5116,1
14388,-8012,9048,15976,-2952,5016,1
16364,-1968,8360,16464,1416,5236,1
16044,1528,4168,15760,-1992,4264,1
15624,-2264,4724,14856,-1608,5104,1
15272,-1068,3112,15476,-3024,4992,1
17000,484,4444,15176,-2316,6060,1
20860,-608,-2184,16464,-3016,5296,1
19052,-748,7540,15640,-256,3148,1
5804,-7280,4332,15748,-1692,4512,1
11608,7432,15464,14524,-1156,2992,1
32767,13760,-1544,16052,-2752,9980,1
11240,-3632,5440,15120,-3428,6464,1
13932,-3444,2132,15416,-2912,7204,1
20820,-1652,5624,15032,-4016,4780,1
16992,860,3848,15204,-2076,6088,1
15348,-2540,5544,15388,-1852,6044,1
15704,-1628,5532,14864,-2312,6992,1
15476,-1176,7148,15372,-3028,5704,1
15752,-2784,6824,16476,-1504,5568,1
15740,-696,7360,17600,-1472,3136,1
15656,-2132,6060,19792,-376,3416,1
15404,-2636,5800,18844,1528,2400,1
15860,636,3456,14096,-7568,11104,1
15092,-3740,6356,9404,-2256,11064,1
15768,-2300,4868,12544,-9188,13284,1
16028,-2592,5296,15948,-1848,4460,1
16008,-2652,4680,16636,-3664,4560,1
15812,-1760,5604,16368,-792,3896,1
15656,-2520,5984,15136,-1088,6832,1
16052,808,4072,12908,-3084,9420,1
14980,1504,-260,19672,-7704,-1888,1
12752,-9212,15052,16056,5776,5792,1
17036,-2152,8012,15660,5428,9656,1
15312,1644,7436,16488,-316,5456,1
16376,3756,6860,14884,-9516,4420,1
15472,-4472,5424,16380,-1004,3864,1
15740,-3244,4560,14860,1672,7100,1
15424,-1820,6756,16688,-1032,5500,1
16620,-572,5736,16036,-4680,5076,1
17704,-2068,2152,15924,1872,4640,1
17596,3860,7156,15756,-628,4128,1
17512,1464,2244,15332,-1208,5408,1
16004,-760,5236,15344,684,3776,1
7036,1620,26840,15928,-2096,6716,1
21864,-8228,-1764,16552,-1692,6484,1
17720,2740,1816,15316,-5976,2928,1
13824,-10576,4340,15392,2488,5112,1
15156,-5308,7052,17208,4356,8692,1
16852,180,6456,15208,-1496,7652,1
16948,10520,7012,14936,-9716,7524,1
15292,-5688,6756,15500,-5936,5832,1
14760,-5944,7604,15680,3776,6492,1
16388,-2380,6868,15136,72,6112,1
14800,1480,6456,17136,-2344,3276,1
15960,1976,4764,18780,-3336,2212,1
15372,-1648,4820,20152,-1000,1112,1
15296,-4296,5048,14148,-3836,7932,1
15356,-3204,6536,13808,-2432,5212,1
15724,-1504,8028,12824,-3932,6284,1
15608,-1792,6628,17448,1600,9516,1
15272,-1092,7696,7956,-11256,21648,1
15756,-1608,6320,17116,-4204,-2340,1
15264,-2468,5824,12668,2768,4452,1
15708,-1580,5640,18076,-480,5676,1
15660,-1368,5552,14936,-2628,3980,1
15624,492,4716,16536,-4620,1948,1
16320,2800,3852,15872,-6360,2988,1
14024,-1692,8928,16668,3104,5076,1
15004,-4380,7508,15904,3376,3944,1
15520,-6116,7784,16680,2268,5036,1
16156,264,7228,16000,108,4420,1
17328,14956,7260,15620,-14104,1752,1
15540,-6228,7544,16488,2656,5428,1
14888,-6464,8604,15956,6360,4976,1
14592,-2456,6668,16200,1148,4496,1
16512,9140,6020,15604,-6120,4468,1
15896,-3724,5776,15304,-7072,3364,1
15256,-860,5432,15804,-256,4272,1
17284,-240,3776,16060,516,5056,1
19860,-2252,3372,15544,1128,4448,1
16448,-352,5696,16528,-2168,4156,1
8040,1628,5640,15636,-328,4456,1
6912,504,10588,16152,164,3900,1
17164,76,17528,15880,-452,4700,1
19020,7656,4204,15600,-800,6056,1
15064,-1732,5892,15440,-1532,5032,1
13684,-2880,5680,15888,936,4860,1
18604,-3892,5276,15488,-1536,4884,1
15568,2476,4056,15716,-3264,4804,1
16492,1360,2940,15432,-5272,3112,1
15028,-3296,6820,15836,-832,4092,1
16624,-3032,5500,15848,2676,6208,1
15932,-1560,6704,16328,-172,4432,1
15896,3088,5668,15808,-4716,4684,1
15736,348,3516,15680,-4208,4100,1
14864,-5648,7656,16172,580,4312,1
16200,-1832,5924,16684,192,1760,1
16072,1304,5832,21340,-2876,-96,1
15432,-1480,5440,21708,-2672,2788,1
15736,-1668,4608,6136,-196,10484,1
15660,-2576,4696,10532,-5128,7680,1
15504,-1856,3448,15400,2136,11256,1
16276,1212,4524,19312,-14668,196,1
15920,-1200,8596,6656,2504,-232,1
15488,-3648,9120,16504,1960,5152,1
15232,-2788,9124,17224,1676,5400,1
14556,-1860,8332,15600,1020,3984,1
15992,4736,3928,15804,-5308,3012,1
15764,5104,3536,16260,-8604,528,1
14976,-4560,8600,16288,2560,3928,1
14744,-10144,8876,16624,4544,5192,1
15812,1084,6788,16116,-480,3392,1
16828,13548,6124,16044,-14244,1024,1
15616,-5044,6620,16656,388,4008,1
15084,-7720,9276,16676,8004,5044,1
15480,-1640,6428,16300,-388,3628,1
17148,11968,3992,15980,-6800,2008,1
15288,-2700,5748,15832,-9404,2136,1
14528,-8004,8604,16144,8632,6020,1
15728,-4856,7148,16752,4260,4192,1
15760,7244,3928,16056,-2776,1804,1
15752,2640,5548,16028,-13172,2136,1
15048,-7880,7052,16544,8260,5296,1
15328,-4160,7036,16588,2088,4604,1
15628,6612,4764,15860,-6384,2688,1
16612,1760,7204,16276,-8748,2344,1
14868,-6588,6692,16520,6880,5352,1
15812,-2692,5928,16348,3116,3588,1
15760,6028,5160,15944,-9980,520,1
16772,3120,5144,16452,-764,3200,1
15144,-6208,7972,15680,1096,2616,1
16328,-2072,4876,16952,6320,6968,1
15400,-1592,4908,16372,-3148,3912,1
17444,4336,2608,15376,-6464,2472,1
18488,-96,2444,15992,-3044,3568,1
18112,-2856,4480,16364,2876,4264,1
13472,-3552,2948,16120,-156,4552,1
15160,2144,7616,15992,696,3620,1
9932,4656,25688,16540,-888,5912,1
13116,-9248,3504,16780,-1356,5792,1
20812,6972,2744,15576,-244,2788,1
9580,-8364,6996,15752,1008,4408,1
15636,-5288,5064,16248,808,4980,1
16484,-1676,4404,16064,-3668,3636,1
15844,-520,4672,16060,-1768,3612,1
16116,10704,3128,15852,-5040,3144,1
16068,-2000,6964,16232,3208,5204,1
15424,-10552,8896,15824,6768,5180,1
15708,1940,4048,15340,240,6144,1
15020,2844,5192,16648,-13316,2932,1
16560,3316,3692,16176,-752,6080,1
14872,-8696,8240,16412,1996,4164,1
15888,-1820,5868,15828,1176,4688,1
15688,1496,4960,16056,-280,2896,1
16344,2836,5584,16104,-392,3004,1
15804,-2348,4808,16912,-2892,1596,1
15316,-1704,5048,22228,-900,1572,1
15856,-2332,7384,16996,-4528,6300,1
15908,-1920,7300,12156,-2084,7728,1
15624,-1844,6384,11516,-3244,6584,1
15304,-1472,3352,13672,-1536,9372,1
14808,548,5772,9560,-11708,-2660,1
14592,904,6840,8128,-4656,1416,1
15960,-5576,8884,15932,3564,4224,1
15124,-4588,9056,18344,1124,6500,1
15232,-3792,8816,14716,1020,3096,1
15704,6304,4576,15872,-4504,1860,1
15644,2576,5960,16768,-9076,2508,1
14776,-6072,8012,15528,5336,4476,1
15300,-4352,8940,16408,1400,5016,1
15800,1568,6820,15844,-2952,2956,1
15960,1532,6284,15992,-6600,2468,1
15024,-2320,5760,16032,2736,5324,1
15232,-2628,6640,15744,992,4796,1
14864,-1300,7692,16644,-692,4432,1
15360,476,7712,16380,-2892,3776,1
15544,472,7980,16040,-5064,3792,1
15424,-1180,6124,16048,-716,3008,1
15304,-956,6056,16056,-504,4348,1
17588,1652,4040,16056,-580,4628,1
20956,-2808,1112,16312,-2636,4208,1
18916,-672,3268,16428,208,4324,1
10116,316,12476,16096,88,2828,1
11268,-5204,4712,16332,1276,4228,1
14208,4852,13052,15804,-728,2064,1
11880,13996,32767,16636,-96,6140,1
13556,-9364,4776,16572,-596,5932,1
21276,4312,3800,16112,-900,3396,1
11336,-6328,5980,16016,16,4040,1
15640,-2580,4196,16148,436,4056,1
16724,-728,4852,15948,256,4204,1
16688,12440,3228,15376,-7480,3992,1
16308,-4512,4856,16184,-3008,3664,1
14792,-7952,6256,15524,5564,5936,1
15748,-2980,5708,16312,3456,5092,1
16112,3692,4072,16316,-2908,4692,1
15924,1384,4440,16248,-6508,3308,1
15648,-1468,6076,15848,1148,5264,1
15968,-4596,6552,16340,3024,4868,1
15844,-4800,6296,16076,-1332,4388,1
15992,1900,3944,15876,-1412,4600,1
16324,4644,3496,15548,-6588,4144,1
15476,2872,5196,15752,-2396,4016,1
15740,-5792,7112,16084,692,4292,1
15336,-4096,6560,16536,3024,4020,1
16052,1972,5064,17812,136,1340,1
16356,996,7032,19028,-4680,-804,1
15744,-4068,5272,16156,-4300,6076,1
15180,-4584,3872,14372,628,76,1
16140,-996,3004,18132,-4112,11076,1
14648,708,7100,5840,-9700,9668,1
15728,-3080,8900,19904,956,2792,1
16156,-2476,6788,14664,-4344,5848,1
15540,-1100,6736,17036,-1256,3956,1
15200,-1328,4500,15312,-1556,1908,1
16336,-132,3592,16116,-96,632,1
15964,-1476,6692,14924,916,5392,1
16460,3896,5992,16136,-7396,4524,1
14904,-4524,7128,16592,1392,4900,1
14120,-6848,8876,15844,924,4484,1
15408,-3280,6912,16080,2112,4044,1
15604,-776,6632,15972,1876,3320,1
15980,5368,5608,16284,-7488,4176,1
16636,4212,7032,15552,-4588,2480,1
15956,-964,5216,15932,2132,5016,1
15500,-7416,6728,15860,2536,3104,1
17780,-2888,5400,16032,-548,3072,1
18060,-624,2860,15820,-3520,5864,1
13284,4392,9928,16268,2088,5316,1
7280,3112,8684,16256,440,4924,1
21544,-584,13292,16016,2148,2836,1
17212,5884,5664,15660,-516,3336,1
16668,816,6224,16436,-536,4504,1
15644,1204,4300,16036,-1608,4728,1
17512,-4056,5900,16128,-592,3908,1
15548,-2408,4376,16224,28,4036,1
15816,5300,6112,15924,-1076,3652,1
15992,-904,6140,15968,-204,4564,1
13280,-4992,11864,16188,2224,4688,1
17564,-3760,5628,16104,2992,5840,1
14648,-728,5672,15380,-6396,3600,1
16404,5524,2008,15236,-12948,4760,1
13872,-7140,8244,15976,3264,5608,1
16196,-5788,8976,16184,5972,6636,1
15704,372,7812,15772,-116,3944,1
16012,5908,5600,15788,-7088,2864,1
16504,1524,4776,16532,-816,3696,1
14900,-6796,5324,17408,1220,2784,1
15708,736,8024,17572,-3376,2992,1
15156,-4116,6928,15976,-3024,6672,1
15420,-952,6740,15496,-1536,1804,1
15148,-2016,5264,18280,-380,3276,1
14916,-1540,8152,9204,-6200,17964,1
16156,-764,6784,11900,1104,7504,1
15896,-8,7576,20996,-712,1760,1
15224,-1448,6464,14844,-3936,4096,1
16640,-60,5376,16228,932,3372,1
15184,-9368,8348,16256,4664,2424,1
17076,3140,6612,15908,-400,3628,1
13524,864,8052,16324,-10144,3420,1
17432,3224,4368,16376,-2028,4728,1
14404,-7620,8408,16172,3664,4912,1
15996,-948,7088,16052,1640,3896,1
15416,1244,6200,16200,-2280,2440,1
15888,4108,5512,15748,-8848,3280,1
15392,-3916,7872,16140,2020,5580,1
15412,-4948,7908,16120,4852,4620,1
15400,2892,6312,16308,-268,4360,1
16136,3872,6364,15992,-6984,3352,1
15392,516,6504,15888,-4168,3868,1
15304,-3192,6596,15884,1508,4768,1
18060,-1332,4964,16148,2976,5024,1
21080,-3136,588,16032,-2024,5872,1
15276,3252,10956,15968,-3292,3956,1
12604,-1720,2456,16340,100,4596,1
15876,3820,4376,15572,340,3044,1
12384,-2500,18672,16132,-764,4532,1
12928,5396,7156,15708,-824,4332,1
23684,4512,2712,16152,-1684,5808,1
12908,-5352,7016,16264,-2596,5132,1
18524,192,5568,15460,-1884,5076,1
15220,-3064,4196,15668,2180,4804,1
16096,-2792,6260,15976,1352,4160,1
16220,608,4344,15404,-7400,5524,1
16140,2156,3900,15476,-7276,4292,1
15404,-3716,7628,15516,172,5420,1
16148,-3880,6420,16136,5416,6096,1
15744,-80,6312,15900,-3188,4580,1
16408,5716,4064,15016,-6268,4348,1
15684,-424,4928,16004,-4420,5232,1
15364,-4736,6260,16092,2920,5588,1
14876,-3656,7292,16124,288,6752,1
16876,4428,6796,15324,-5512,4484,1
14848,-1240,7940,16144,-1092,4504,1
16200,-1736,5896,15820,-584,4436,1
14492,-5156,6940,16108,-1956,4256,1
15660,-1684,5420,15548,-1784,4836,1
15404,-3308,5168,14336,472,4176,1
15628,-4732,7552,17044,1532,3512,1
16004,4416,5468,15412,-3852,5816,1
15712,3724,4028,15248,-10072,6572,1
14756,-5840,7476,14404,-6888,2948,1
15148,-7392,8648,16184,3620,8016,1
15216,-4344,7900,15416,2188,5964,1
16352,3848,7508,15628,-3160,4800,1
16948,3560,5576,15508,-5428,4204,1
15020,-4800,3980,18332,1168,1792,1
15156,-2180,7800,19288,-4804,1932,1
15976,-2008,7672,20632,84,1092,1
14816,-3096,5716,19040,-1964,2276,1
15664,-392,4416,8128,-4416,11252,1
13876,100,6604,3428,-9284,18900,1
15560,-3120,8280,19240,-1988,-1464,1
15436,-1248,5680,14888,-828,7576,1
15624,-280,5380,16120,-1504,3016,1
15088,-2448,6268,15632,-1740,364,1
16136,-5984,7508,17064,3892,3748,1
15556,1228,6748,16012,-848,3872,1
15584,5708,6376,16520,-9880,1028,1
15184,-1672,6224,16560,-928,3240,1
15248,-5804,7320,16408,5488,4132,1
15380,-1568,6400,16052,2756,3572,1
15644,2996,6720,16472,-3348,2564,1
15452,-52,7272,15928,-6236,2044,1
15260,-3312,6628,16444,3632,5680,1
15288,-2424,6832,16192,4384,3508,1
15740,1812,7344,15444,-3288,3000,1
15432,1232,7012,15312,-7728,2708,1
15676,-480,5780,16164,-5864,4140,1
17092,-656,4884,16536,384,4772,1
19140,-5120,-440,16292,3720,4880,1
17472,3676,9792,16036,-732,4636,1
11084,-4596,256,15844,-1668,3904,1
10728,4224,8416,16280,664,3380,1
9692,2800,32132,15932,-1172,4184,1
20956,-16332,4220,15836,-20,5176,1
19984,7676,3656,14884,-1424,5836,1
11380,-8988,6988,16980,-3084,3416,1
16244,-2380,3884,15876,-44,4036,1
16224,-852,3304,15820,-136,2584,1
14408,1308,7720,16024,-12,5404,1
16584,1288,6732,16304,-3576,4516,1
15520,-828,7496,16244,-2552,4828,1
15592,-4472,6532,15656,2000,6132,1
14848,-4724,6220,16000,3236,4352,1
15472,116,4248,16124,-2048,3636,1
16192,6880,5492,15800,-9192,2604,1
15672,-4820,6440,15848,620,4840,1
15004,-5424,7212,16388,3440,4976,1
15400,-2864,6432,16176,876,4836,1
16496,9248,5408,15832,-9980,3156,1
15444,-4796,7224,15992,-180,5108,1
15860,-3456,6940,15876,2944,6452,1
15236,-2852,6864,16364,2356,4460,1
15644,-80,4956,15560,-7128,2612,1
16232,876,3756,15392,-2524,3288,1
15328,-1752,3844,15876,-1388,3544,1
15368,-272,5036,16064,1068,4628,1
15736,-5376,7332,18616,-220,4312,1
16676,708,9976,21280,-5008,3040,1
16044,-1820,7496,16384,-6140,2796,1
15292,-3420,3764,12332,-3640,3728,1
15336,-1528,2360,10784,-3488,9740,1
15624,-2124,4420,12204,4612,21644,1
14988,-924,9888,10728,-6048,744,1
15796,-204,7556,23228,3204,3316,1
15584,-544,6060,13776,-736,1624,1
15308,-3540,5320,16084,1844,192,1
15156,-5268,6936,17360,2368,1460,1
16004,5444,7016,16728,-1988,3256,1
16088,4768,7948,15964,-7304,832,1
15216,2928,5768,16764,-1976,3024,1
15280,-9748,7792,16192,6492,2840,1
14992,-2116,6524,16524,3748,3452,1
16000,3584,6920,16716,-4136,2736,1
16016,1268,7908,16184,-7992,3444,1
15288,-664,6980,16008,-1340,3316,1
14896,-6160,7020,16420,6744,3792,1
15464,1560,6760,16228,-924,2556,1
15364,888,7248,16296,-1448,2976,1
15996,3392,6440,16104,-4956,2276,1
15180,-788,6940,16168,-2296,3076,1
15424,-2272,6580,16564,104,3272,1
14912,-2148,6300,16504,-620,4168,1
16152,1992,8632,16528,-1376,4624,1
16732,1268,4576,16452,1208,2856,1
20304,-560,3008,16320,-436,2572,1
15784,2244,5412,16428,-408,2912,1
17392,-5708,1608,16372,-216,3532,1
14460,1816,9676,16420,-72,2576,1
8904,716,21336,16748,-1428,3732,1
19092,4456,3288,16368,-384,3452,1
14008,3720,5840,16340,-1004,3788,1
13784,-4324,4260,16264,-768,2320,1
17560,-1060,5648,16336,-628,3216,1
16664,-576,4952,16456,300,3764,1
15584,-3084,5988,16204,1748,3336,1
16044,1016,4488,15960,-5944,3312,1
16140,4204,1276,16080,-7816,2988,1
15620,-5196,9436,16388,320,3324,1
15912,-432,5060,16692,4968,5472,1
16068,16,5480,15968,-3004,3456,1
15900,-1544,3564,16032,-3852,2936,1
15872,328,2276,15848,-2880,3228,1
15412,-4396,5536,16184,1464,3120,1
15892,-4824,6836,16584,-692,4468,1
16060,2516,4848,16188,-2792,4292,1
15004,2916,8276,16184,-4032,4356,1
16332,8980,5472,16240,-1596,2904,1
15396,-3600,7384,16088,1752,2464,1
15368,-3928,8184,16280,1580,3684,1
15816,-4352,5416,16256,200,4760,1
15760,-1204,4932,15568,-5484,3984,1
15732,784,4480,15684,-7112,3948,1
15760,-2384,4868,15956,-884,3684,1
16144,-1836,5604,17984,1688,3412,1
15828,-252,7088,16924,-2032,884,1
16052,-1264,6284,19904,-1160,-1236,1
15192,-3252,7212,17036,-4268,1868,1
15104,-1176,6256,15120,-2132,7704,1
15588,-296,5280,6536,-7672,16552,1
15636,-2688,7596,27316,2268,-3848,1
14876,-2584,7260,12948,-2452,5828,1
15496,1020,6572,17320,-4292,1264,1
16204,2260,3048,16372,-288,1948,1
13020,-4960,10948,16508,1872,3868,1
15632,-5904,9684,16648,3792,5152,1
16724,1608,5876,16168,-1876,3228,1
15876,8604,4056,15968,-13208,608,1
15244,-6752,6172,16608,4112,3476,1
14744,-4456,9040,16400,6656,4292,1
15104,1208,7628,16120,1008,5016,1
15848,5364,6912,16408,-6480,4152,1
15628,2636,6160,15684,-6524,1692,1
15204,-3272,7340,16004,-3804,3248,1
15372,-3336,7692,16416,2300,4440,1
15712,452,6784,16320,916,3068,1
15420,1224,4964,16252,592,3744,1
16368,420,4428,15956,-2368,4960,1
19008,376,-596,16076,-1632,4400,1
14448,-328,10996,16316,-724,5632,1
17032,-4364,856,16212,-744,4388,1
17936,-1824,13276,16460,-1724,4800,1
9468,7148,18228,16200,-436,4488,1
11864,1276,10300,16088,-504,3160,1
19564,-924,-100,16496,584,3136,1
12756,-3952,6860,15192,-2012,4056,1
16672,-504,4932,16128,-1928,3872,1
15540,-4432,6104,15748,1052,3840,1
15356,-3192,8472,16216,4248,5244,1
15996,9100,5132,16052,-6080,6188,1
16084,252,6776,15788,-8376,3656,1
15268,-3808,7184,16064,-1400,4020,1
15408,-5536,6792,16156,3256,6084,1
15544,-1732,6716,15816,-564,3336,1
15156,-1068,6940,16152,-2796,4072,1
16264,5132,4652,15952,-3244,3320,1
15392,2988,3140,15664,-3136,4008,1
15348,-5124,8576,16148,-1616,3728,1
16516,-1752,7040,16540,84,4520,1
15976,-1932,6900,16964,456,1668,1
15588,-16,7532,17188,-3760,3348,1
15412,-1580,6064,17552,-2304,2664,1
15496,-2116,6748,18092,-1292,380,1
15660,-2108,6272,17676,-2792,8700,1
16124,-184,7416,10040,-5312,10980,1
15752,-1024,6712,18004,-2752,1472,1
15140,-2004,7336,14776,-1992,2316,1
15512,-408,6140,17196,-2344,2616,1
15456,1076,3948,15948,272,1308,1
14808,-3560,5688,16488,2928,1860,1
15476,-4704,10408,16540,4100,3040,1
16460,5712,6692,16128,-1868,4660,1
15620,2980,6048,15816,-13840,3048,1
14896,-4236,5156,15780,-3792,3860,1
15132,-4576,8048,16876,4108,5024,1
15380,-328,6824,16020,2356,2992,1
15024,752,7776,16608,-2676,2236,1
16540,8480,6376,15396,-4696,3612,1
15512,-3620,6832,16368,-536,4192,1
14388,-6392,7676,15980,3212,4192,1
14860,-880,7276,16892,-256,3568,1
16080,3608,6276,15576,-684,4028,1
15616,1780,6768,15764,-10428,5716,1
18948,-932,4372,15692,-4988,5072,1
19004,-4332,192,15996,2484,6336,1
16288,1004,8060,16220,716,4744,1
12780,-5448,4484,16076,-2828,4488,1
15304,2480,8976,16220,1748,2712,1
12620,520,16832,16164,892,2384,1
9760,-872,13824,16032,-1552,4824,1
20540,4580,92,16752,-1780,5420,1
15192,-3396,7104,16292,-324,2352,1
16556,-2684,3392,15352,4412,4348,1
15200,-2324,3208,16212,-484,2588,1
16612,3816,5596,15820,-13504,4392,1
16812,3784,5992,15948,-4984,5688,1
15336,-8580,7208,15904,5976,5548,1
15592,-3100,5512,16284,4156,4012,1
15496,2864,2692,15912,-3500,3532,1
15980,2520,1876,15588,-11104,1972,1
14304,-8364,8248,16556,1596,4572,1
16620,-772,5076,16912,1860,5632,1
15288,-4860,6404,15680,-2036,3328,1
16372,3740,5348,15596,-4912,2524,1
16072,5544,5092,15960,-2220,3816,1
15604,-3936,5084,17116,-648,2824,1
15472,-3356,8536,19412,-2504,1592,1
15860,-204,7312,17676,-2888,3004,1
15408,-2244,6024,16156,-2480,756,1
15472,-508,2872,15924,-1904,3800,1
13316,-4272,9036,12100,-6668,15988,1
17348,-1532,7788,13892,-168,2228,1
14972,-2948,10920,16420,-2728,4192,1
16044,208,7292,16644,-5812,3596,1
15652,2156,5148,16520,-2268,1080,1
14140,-5292,7564,16084,436,664,1
15440,-8448,7768,16224,5168,4324,1
16052,584,8632,16536,-1068,3192,1
15460,7100,7296,16184,-7588,1724,1
15248,-2516,8252,16024,-7440,2636,1
15016,-5264,7716,16612,6800,4096,1
15132,-3944,7464,16324,-276,3072,1
15360,2200,6312,16236,-4752,1192,1
15992,3696,6384,16220,-4912,1760,1
15204,-4300,6936,16576,2696,3892,1
15480,-7108,7068,16720,4004,4192,1
15676,5608,4644,16376,-2352,2660,1
15208,3716,10688,15484,-12492,416,1
15936,-3124,7296,16324,200,4280,1
14840,-6948,7700,16628,6596,4824,1
15152,-472,6700,16120,1068,3656,1
15608,9864,7636,15472,-11404,1528,1
15564,-1400,7660,16304,-716,3264,1
14888,-5752,7264,16252,4336,4508,1
15840,-2076,7372,16296,3100,3444,1
15368,2524,7412,16240,-3260,980,1
16172,2756,4672,15740,-6416,3216,1
15124,164,3180,16152,-3184,5256,1
19968,-2256,4300,16616,3924,6392,1
25604,904,492,15972,-528,4844,1
13068,440,11476,16260,-1776,5576,1
10604,-3972,2560,16420,136,3568,1
13420,2304,16520,15852,-1932,944,1
-1020,8504,7692,15700,-388,2392,1
20260,8492,6324,16556,440,4756,1
10732,-336,1436,16056,-1772,2620,1
18052,-6660,3972,16012,644,2100,1
16432,2272,3804,16008,312,3408,1
15952,1996,5724,16204,-1600,4776,1
16324,1028,6284,16240,-4220,4268,1
15852,-4348,4420,16000,-4468,2664,1
15600,-5304,2316,16120,4184,6352,1
15428,-1908,5936,16316,260,4400,1
17260,8592,3288,16096,-4924,5616,1
15932,-4480,7048,15944,-3936,4076,1
15744,-3356,5164,15700,296,5360,1
15460,-6708,5828,16180,2500,4952,1
16292,4540,4288,16288,-2716,4812,1
16484,2164,4168,15876,-10552,3980,1
15264,-4780,3836,15616,164,3788,1
16240,-4004,4064,16376,5092,5296,1
16096,-1600,4644,15904,-792,3556,1
17004,7288,3940,15740,-2628,4164,1
15716,-5796,4512,16292,-4992,5396,1
16452,-3104,7164,16508,3828,6092,1
15864,1524,1716,15888,-532,4880,1
15632,-3224,28,16276,-1444,1020,1
15660,-2504,1804,15984,-11920,420,1
16116,-3520,1576,16140,2360,5732,1
15988,-5964,6480,16700,3332,5688,1
16064,-952,4204,16324,876,2264,1
16276,1836,1464,15712,-7768,2344,1
15752,464,1900,15956,-2940,3380,1
17528,4160,2980,15992,-2904,4612,1
15160,-7608,4472,15968,684,3796,1
15960,-4112,4604,16648,3620,5564,1
16280,-7648,1760,15692,672,1976,1
16804,16268,3420,15212,-11160,4376,1
15216,-2588,6788,15960,-5440,3892,1
17716,2004,3016,16084,560,4748,1
14536,-10612,5868,15640,1884,5056,1
15880,1408,2212,16288,1776,4352,1
15812,-1948,3812,15920,-3416,3028,1
16320,-928,6328,16100,-2332,7056,1
16540,-1920,6252,16424,-2468,7556,1
16380,-2432,7068,16252,-2304,7600,1
15740,-912,3524,15772,-2772,4308,1
16152,-72,864,15900,676,1036,1
15816,-1196,-2512,15972,560,856,1
15580,-3244,-2936,15436,308,-1232,1
16148,-156,6324,16260,-2096,5292,1
16812,-2168,6360,16252,-1024,7216,1
16284,856,3668,16256,-1864,2784,1
15584,-32,-264,15620,-3872,1376,1
16424,1748,3908,15784,1796,5260,1
15672,-4120,4972,15872,-1116,3596,1
15432,1524,5088,17472,536,2328,1
16304,-2444,4924,19016,-1536,1444,1
15976,-3528,6480,19536,-4048,2356,1
16240,-280,5232,14288,-964,5224,1
15604,-2272,3060,10744,-4136,2656,1
15728,-916,2276,18848,420,5720,1
16056,-1884,6476,8020,-7792,28528,1
16788,-996,9472,22744,2004,-1188,1
15924,-84,7876,15616,756,3260,1
15872,1496,5268,16716,-1612,2964,1
15720,-1628,4648,16340,332,296,1
15792,-448,5400,16500,120,1504,1
15880,428,6712,16656,-1320,2892,1
15876,320,6676,16428,424,3944,1
15468,-392,6780,16600,-344,2688,1
15492,-1832,6492,16740,1512,2664,1
15812,488,3900,16392,1740,1512,1
15500,2548,5416,16236,-9424,432,1
15656,5236,6176,16600,-8,3732,1
15472,-11396,8468,16504,5404,3660,1
16224,816,5972,16788,4388,3988,1
16056,1904,6480,16380,-4388,-412,1
15952,3068,5868,15916,-4584,2076,1
15684,-1860,5916,16656,4312,3504,1
15388,-3552,6568,16440,1644,2564,1
16276,2468,5596,16400,2444,2340,1
15528,236,4496,16184,-3344,988,1
16316,4560,5696,16364,-9080,3560,1
15528,-2964,6176,16392,-3448,2920,1
15496,-3780,5980,16416,5544,3916,1
15544,-604,4872,16252,1636,2720,1
16188,1664,5040,16440,-4084,2276,1
17432,-192,3096,16120,-1352,1388,1
21320,-4212,1172,16048,-416,4388,1
14476,1700,12952,16608,1600,3988,1
14360,-3320,1628,16508,-2396,3448,1
17192,1620,11428,16524,916,3016,1
9344,-932,24384,16356,-540,3948,1
24976,-5704,-1176,16480,-1668,4136,1
16836,5756,4948,15852,-428,3800,1
13492,-5752,4636,16104,-912,3816,1
15576,-940,3448,16456,-440,3236,1
16772,-880,3132,16128,16,3052,1
16360,-3752,6012,15988,-256,2892,1
16084,5672,1784,15304,-4732,2728,1
16408,8764,4824,15848,-6360,6528,1
15888,-10904,5740,16244,-872,5368,1
14724,-6964,5580,16136,5352,4748,1
17460,5732,4416,15216,-5372,3640,1
16476,448,4476,15632,-5560,3572,1
16056,176,4192,15924,-3392,4272,1
15564,-3808,4944,16148,92,3296,1
15700,-1032,4648,15740,-2388,3664,1
15600,-2248,5460,16416,-2716,4404,1
16028,-1988,5260,19244,-3736,3624,1
15120,-2192,5360,14160,196,3404,1
15640,-2052,6228,14664,-5192,3372,1
15888,-2976,3300,12812,388,2368,1
15976,-2684,6092,15428,7588,4396,1
15468,-4156,6312,20136,4244,3712,1
15612,-1600,6648,14552,-8208,3940,1
15940,-2008,7360,17536,6412,1992,1
14968,-2096,6720,16584,-3648,3416,1
15768,-740,5996,16256,-1232,1492,1
15480,-1948,5560,16312,2732,-444,1
15476,-1600,6744,16364,-1144,848,1
14732,-4656,5592,16856,3516,2744,1
15788,-1124,6592,15920,-5520,2204,1
14680,2716,6576,14968,-4104,3696,1
15576,4660,8416,17472,-2948,4024,1
14644,-4696,10840,16404,8744,4764,1
15012,-524,8416,16384,-112,5784,1
15592,2188,5584,16268,-2596,1388,1
15400,-352,5932,15772,-6196,1872,1
15760,-2600,5496,15888,732,4452,1
16088,-3100,8320,16728,-1064,5308,1
18564,-2324,3860,16112,-2964,5676,1
19244,-3944,3324,16160,-428,3448,1
14876,-2748,8108,16320,808,4540,1
11988,-10484,6636,15928,-320,2664,1
15032,10856,5904,16316,-84,1384,1
17564,-16472,29068,16468,2420,4196,1
12824,17668,11000,16692,-988,5584,1
20252,900,5956,16032,588,5924,1
13212,-3200,4512,16164,912,3576,1
17796,-2676,3384,15804,-664,2836,1
15220,-1476,3512,16004,-1268,3076,1
15764,-2468,5352,16192,-1616,4688,1
15868,2900,5836,16720,-2784,5288,1
16696,4292,3788,15960,-3332,4384,1
15232,-5892,4084,16044,-456,1768,1
15872,-2900,7744,16188,2580,4252,1
16568,4948,4284,16128,640,5016,1
15780,-760,4624,15920,-3944,3992,1
15604,-1080,2988,16304,-3188,4056,1
15800,-2924,3724,15992,-6120,3552,1
15596,-3772,5324,16176,-1648,3816,1
16384,-2104,6236,15976,-1144,4872,1
15712,-1564,5260,16412,-2568,3452,1
15868,-508,6912,16612,272,2316,1
16452,708,7824,16320,-2852,1832,1
16400,-1688,5480,18380,-5452,-888,1
15516,-5000,2428,11844,-18808,7128,1
14940,-5604,2188,12052,8588,6716,1
16020,-3956,5968,18576,8388,11056,1
16552,488,9744,15336,6144,8720,1
12848,-12460,10320,13836,-9440,3672,1
12188,4460,8996,17112,3432,1272,1
14716,5164,6356,17456,-2412,1124,1
13872,-6760,4908,16352,-2660,1968,1
15900,324,5172,15976,448,320,1
15776,-2616,6336,17036,828,304,1
16032,-1288,5432,16496,-1156,1684,1
15556,-244,5884,16540,-3208,936,1
15780,560,5096,16752,-2152,-1024,1
15380,-3916,4932,16668,4920,-448,1
15628,-376,4652,14764,-13220,-348,1
15720,-2412,3352,17824,8784,1976,1
15564,-1628,6840,16808,7588,3800,1
16056,-2632,7204,17436,-3880,4048,1
15324,-656,7916,16908,-1592,820,1
15544,1148,4740,16312,-1640,632,1
15440,-1088,2508,15820,268,168,1
16692,-1208,7416,16856,-4324,1888,1
19800,-2656,3676,17640,936,5628,1
18668,-1524,5148,16344,-136,3256,1
14552,-1588,7604,16324,2372,1428,1
10292,-10976,7244,16244,2556,-648,1
15088,13732,9952,16216,1424,744,1
15564,-3004,16076,16156,428,2672,1
10976,-4716,24196,16996,-1164,5372,1
19564,7396,552,16744,-496,4556,1
17628,-4152,4644,16156,252,976,1
14260,-1992,4244,15892,-1320,192,1
15788,-2892,3468,16684,6024,3860,1
16420,1268,6024,16004,-2732,2440,1
16596,3128,3656,16244,-7432,5056,1
15704,-2280,4468,15940,-5204,4076,1
15708,-5140,6396,16472,340,4352,1
15948,-1740,6948,16020,1220,3764,1
16292,2192,6456,16592,-2768,3004,1
15632,-1548,4636,16252,-2432,3660,1
15568,-1616,3468,16060,-1904,2172,1
15668,-1808,4740,16360,-3076,2548,1
15020,-1456,6164,16964,-2272,880,1
16580,-576,7672,18944,-2120,3196,1
15992,-584,8772,18064,-4960,3876,1
16060,-1340,4648,13188,-2552,2900,1
15048,-2564,272,11028,-6996,5044,1
15392,-6960,664,16576,4012,7728,1
15264,-2360,9344,29888,3448,-2260,1
15636,188,7296,20340,-4688,5796,1
17120,-7604,8828,17212,7380,-996,1
15304,3320,6872,17708,-3820,1508,1
15836,5020,6512,16888,-6164,544,1
16348,-1096,7460,16512,-3600,1196,1
14732,-9088,6572,17660,9208,3272,1
15256,-384,6432,16520,2496,596,1
15152,6412,6908,15880,-6204,308,1
15544,1260,7260,15724,-5864,1408,1
15764,-5436,6224,16532,1928,1808,1
15228,-3420,4444,16180,-908,1332,1
16288,-1432,4712,16472,-1920,2108,1
18740,-288,5628,17104,-3620,3548,1
20032,-2008,2672,16912,2880,4160,1
16072,1396,9496,16864,1300,2020,1
14548,-1080,5560,16720,-388,3740,1
10028,-6632,7028,16420,924,2580,1
13328,9028,8812,16292,1488,640,1
15344,-7956,13104,15936,1104,1600,1
10812,20024,6392,16236,-368,5028,1
12500,1708,7172,16000,112,5684,1
18708,-6452,6480,16600,1576,2788,1
18688,-3100,3536,15828,392,1972,1
14824,1216,1256,16104,648,2084,1
16316,-1016,1800,16136,-876,1200,1
16064,2012,3156,16624,2692,4880,1
16312,1740,3688,15964,-4872,3452,1
15836,-3128,6792,16680,-5056,3508,1
15988,-3236,4856,15884,1548,4276,1
16440,356,3932,16204,-1664,4404,1
16168,4212,2652,16160,-8288,1736,1
16156,-1792,2692,16296,-1524,4156,1
14820,-5652,6904,15716,8024,4700,1
15928,-1308,7072,16288,3508,4596,1
16188,4668,4708,17084,-4308,2332,1
16116,-2472,4540,19204,-940,924,1
15088,-3224,5244,20632,-3544,-348,1
16356,-1208,4592,14108,-2120,5288,1
15848,-2128,5156,12588,-1908,3736,1
15476,-1464,3032,15140,-884,6724,1
15616,-1476,2540,15956,-3884,16560,1
16576,-1160,10556,32564,12992,-2284,1
15392,-5704,8652,20580,-1460,9244,1
15352,980,8812,17572,108,2220,1
15792,3104,6104,16860,-3472,-1256,1
15808,6692,3452,16796,-1528,-1556,1
14732,-5956,5992,16240,3660,1704,1
15272,-6628,8292,17096,4568,3396,1
14928,-1448,6208,16620,3092,4632,1
15748,5660,8044,16240,-10796,-1508,1
15824,1388,6412,16096,-6172,2532,1
15044,-7940,8656,16528,12492,3984,1
15160,-2104,7240,16268,2420,3332,1
15592,4028,6504,16768,-1116,1096,1
15904,844,6812,15360,-7648,1984,1
15156,-1964,5712,16792,-3396,3628,1
16932,-1916,3724,16488,2208,4324,1
21160,-1620,976,16168,1084,3912,1
17732,-1656,4436,16548,-1360,5300,1
16448,-2112,3416,16600,48,4228,1
12788,4664,8828,16112,1624,1616,1
12792,468,12412,15676,2876,-1352,1
12432,10216,14744,15688,1352,528,1
19084,-3424,4408,16764,-732,4880,1
15940,-3320,8080,16648,4768,4192,1
15360,-2120,3372,15312,556,5252,1
14408,2760,1736,16464,-9920,2716,1
18044,2384,4648,16532,-1720,4480,1
15480,-3760,5252,16312,3096,4516,1
16136,-3564,5160,16444,3960,3992,1
15920,2612,4212,16260,-5696,2412,1
16624,2808,4064,16288,-2896,3264,1
15608,-3588,4160,16244,784,5516,1
15652,-5568,5736,16292,3832,3840,1
16080,-1036,4536,15960,1364,3944,1
15712,1456,4656,16300,-2536,2676,1
16820,5528,4412,16344,-2856,3404,1
15768,-1752,4424,16076,460,2492,1
15500,-2168,4400,15736,516,3216,1
15676,-1608,6508,16104,-1496,4344,1
16100,-944,6500,16516,-1712,6148,1
16132,-3164,5952,16148,-1524,5900,1
15424,-3360,4308,15976,-2368,3460,1
15764,1420,2904,15764,368,2228,1
15660,-964,4584,16084,-1780,2324,1
15768,-892,4596,19616,1460,1984,1
15832,-1788,7728,19604,-1320,4012,1
16080,-2676,7940,17992,-1776,1804,1
15436,-3176,5628,17804,-1012,2652,1
15460,-1252,4432,10244,-4012,13088,1
14992,-2268,7828,10804,-1224,-2220,1
15700,-1052,5196,17200,-248,2252,1
14464,-4672,6576,15796,1344,3988,1
15212,-460,6636,16084,456,724,1
16076,4796,6792,16280,-5304,1152,1
16036,2180,7444,16780,-2732,2612,1
14920,-5836,8384,16224,2836,3752,1
14648,-4372,7456,16468,2948,3760,1
15912,1636,6004,16548,-2592,1136,1
16256,4008,5580,16064,-4088,876,1
14816,-1432,7540,16312,-1604,2368,1
15656,-4476,8840,16852,5428,5196,1
15116,-1316,8932,16772,2008,4516,1
15996,1276,7164,16084,-908,4688,1
15744,1696,4824,15692,-11024,1196,1
15884,-272,3008,15476,-9576,1632,1
16184,-2204,2388,16960,2136,5336,1
19656,-3740,196,15616,9644,6028,1
17316,-104,6136,16236,-348,3536,1
16496,2432,2268,16956,-5924,2604,1
13432,-3452,4256,16172,216,2304,1
17356,7376,11844,16688,1864,2196,1
9604,-1200,26972,15912,-56,2032,1
32767,-15424,-5860,17084,-1376,5620,1
15960,9876,2896,16136,84,4472,1
12864,-6928,3320,16008,-76,4540,1
16224,-2240,2940,16048,-612,3304,1
17176,56,3016,15764,3148,2440,1
16224,-156,4620,16300,-3276,4608,1
16396,4108,2328,15896,-13456,4164,1
15328,-7016,4728,15856,488,5196,1
16064,-5244,6060,16248,8508,7032,1
16452,1432,6060,16084,3368,3780,1
17116,7204,2748,15444,-8236,4612,1
15904,-4260,3480,16076,-5176,3608,1
15228,-5424,4592,16256,1420,5204,1
16132,-2160,4516,15716,732,5032,1
15816,-2580,5368,16120,1524,2776,1
16016,4408,2676,16364,-3892,2812,1
16360,3868,4604,15900,-3380,3224,1
16180,-3912,4480,16000,-1660,3820,1
15272,-2524,6364,15576,1420,3252,1
16028,-2468,3376,15804,420,3396,1
15164,-268,4584,15124,-1008,6516,1
15640,-1596,9420,17280,-4748,5636,1
16404,-2684,9156,20500,-4652,4404,1
15488,-3800,6156,20524,-1132,-1732,1
15528,-944,4008,19048,-2032,700,1
15304,-2032,4988,12640,-3248,9828,1
15308,-2200,8028,17724,-404,-160,1
15372,-1680,8448,9724,-2088,-1672,1
15328,-1228,6528,16680,80,3320,1
15012,-1324,4424,16784,-1972,1960,1
15476,-1112,5240,16028,-556,316,1
15324,-1996,7284,16436,-40,2352,1
15704,-2780,6232,16824,4184,4100,1
16240,3620,7356,15832,-9088,1760,1
14268,1544,9196,16088,-9252,1852,1
16100,-2264,5960,16472,1272,4396,1
14936,-5504,7136,16764,3400,2688,1
15364,1412,6728,16112,-784,1100,1
16156,2568,6688,16368,-5448,1628,1
15484,344,6216,16632,248,3736,1
14580,-6604,7772,16836,3280,2956,1
14788,944,6920,16688,620,2384,1
15948,3076,6464,16000,-10748,768,1
15508,180,6464,16156,-676,2096,1
14908,-2672,6412,16636,3168,3856,1
15496,-1356,5944,16304,3784,2468,1
15304,728,3956,16092,-2740,1632,1
16160,2172,4332,16336,-5916,4596,1
20184,-2920,2712,16448,-3592,5268,1
23440,-436,2248,16588,852,5228,1
10456,-1920,9932,16196,1812,2408,1
11960,-4116,3408,16332,1304,3632,1
18536,3748,13444,16140,-900,1664,1
7108,-40,18812,15976,324,2308,1
17204,7128,-1376,16244,756,2452,1
11036,4552,4012,16240,-304,3996,1
17248,-5832,3232,15984,-1976,2528,1
16816,-740,1776,16816,5116,5248,1
15904,-1444,3704,15824,-20,4936,1
15612,924,5768,15992,-7464,5192,1
16332,388,5392,16020,-5896,4208,1
15376,-3420,5488,15608,3568,6788,1
16112,-3284,5728,16012,2424,4756,1
16128,132,5168,16464,-2876,3660,1
16888,3588,2780,15672,-2844,4260,1
15368,-2952,4276,16036,-1612,4436,1
16360,-3060,5612,16084,1036,4832,1
15736,-2392,6336,15964,-504,4380,1
16160,-1000,4880,16216,-1060,3924,1
15684,7232,1692,16420,-2432,3968,1
16180,-68,3416,15884,-3208,3680,1
15912,-3988,5588,15832,-852,3552,1
15592,-4104,6256,15236,1104,6016,1
16344,-192,5316,16480,-1276,3144,1
15932,-768,5236,15360,-2500,5272,1
16192,1620,5824,15780,-1768,4736,1
15612,-2180,5820,15608,-1836,3192,1
16420,-204,4064,16564,-1208,3648,1
15548,-1592,4116,19412,-1564,1780,1
15808,-2528,4440,23372,280,16,1
15748,-2020,6448,16804,592,804,1
15876,-2320,5168,15872,-6352,3260,1
15472,-3276,4472,10792,-3244,11120,1
15448,-820,3840,10828,-4288,14912,1
15724,-548,7024,22996,-3780,-15720,1
15264,-1392,9332,17780,-2460,4672,1
15228,-1792,7296,17128,-428,1800,1
16440,-1664,5404,17112,-1652,1124,1
15220,-2120,5840,16560,2200,1088,1
15632,-2160,6488,16152,-1488,2076,1
15108,1184,6604,16740,-580,1332,1
16196,4124,6628,16192,-4152,2140,1
15420,-2332,7676,16696,1180,2104,1
14208,-4692,7556,16516,4472,3856,1
15808,712,6600,16452,-2100,2436,1
14944,-64,7640,16500,-7808,2260,1
15672,740,7200,16444,-72,2920,1
15472,-2612,7456,16600,2924,3108,1
15184,-1264,7708,16460,960,1972,1
15860,212,5640,16464,-200,1512,1
15092,-1352,5788,16704,-3516,1368,1
15600,-776,6196,16108,-3960,1604,1
15252,80,7480,15188,-6888,5116,1
15460,-160,8228,17000,3628,4592,1
15348,-2176,7468,17192,11144,4184,1
15292,-32,7120,15912,-1476,2160,1
15688,1560,6704,16004,-7236,1636,1
14896,-2320,7036,16284,840,3964,1
15992,-204,7056,16360,3340,4800,1
14832,860,7672,16260,-964,3628,1
15680,4004,8096,16108,-8212,2232,1
15368,-1124,6928,15772,-396,3504,1
14120,-5788,8120,16980,5848,4852,1
15140,200,8032,16348,1296,3116,1
15296,1060,7532,16232,-6892,3448,1
15596,1528,7908,16108,-4472,3248,1
14744,-3584,7260,16072,4552,4264,1
14924,-884,7960,16192,5416,4096,1
15132,-1500,5044,15824,864,2176,1
15376,5668,6796,16148,-8932,2848,1
18336,-1096,4784,16252,-6984,5252,1
22972,-1204,2028,15760,1156,8272,1
14576,-280,11524,16416,4976,6908,1
14824,-6192,3296,16332,-1288,4444,1
13620,4504,8564,15860,-1584,2328,1
11332,1884,19248,15940,3080,2476,1
8588,13616,8432,15936,936,1336,1
15532,-1584,4440,14664,-2640,3452,1
14948,-3628,4328,16572,-304,2732,1
17480,-7872,3708,15852,-168,5396,1
15304,-1868,5200,16272,928,4548,1
16304,10868,6112,15776,-9012,4616,1
15952,-6360,6396,16152,1844,5296,1
14964,-5120,5416,16220,4212,4472,1
15236,-3284,4944,15844,2212,4128,1
18004,10068,2576,15992,-10308,2688,1
15504,-5320,4820,16508,1916,4820,1
14944,-4036,6272,16272,1584,4364,1
15740,-3116,4916,15988,996,3408,1
16912,5248,3820,15976,-4672,2648,1
16408,-176,5252,15768,-1016,5288,1
15584,-5404,6224,16076,2900,6036,1
15544,-4340,5968,15852,1128,4940,1
15832,-2664,4216,15884,172,4524,1
15820,2376,4408,16056,-9284,3640,1
16068,-724,4300,16696,1300,5652,1
15568,-1572,7036,16152,1736,4332,1
16228,-888,4852,16388,-208,3832,1
15856,-2480,4180,15172,76,1736,1
16124,-1904,4800,17892,-5112,4424,1
15992,-3488,5728,15920,-3768,3868,1
15256,-1460,2572,15732,3488,3904,1
15320,516,3428,15932,-332,528,1
15280,-1452,5512,16448,-840,4168,1
16500,1316,4948,15920,-2284,3020,1
16484,-232,4548,17004,296,1592,1
15096,-3748,7416,18008,1472,2964,1
15784,-276,6728,20336,-64,-412,1
15344,-2464,5832,18196,-1940,-1564,1
14880,-2908,3612,12932,-4868,7756,1
14856,-2072,5920,10912,-1532,10924,1
15680,-864,7332,9812,-372,13748,1
15572,-1100,8912,18296,-7116,-852,1
16040,-44,4428,15300,2500,2356,1
12804,-8940,6816,15704,7032,4104,1
15636,2384,6348,16080,-2124,3000,1
15576,156,8140,16724,-6820,2448,1
15428,-1816,7176,16388,-3876,4860,1
15404,-2652,6492,16456,868,3216,1
15428,-2044,6736,16004,1204,3136,1
15176,-860,6788,16276,-1552,2792,1
16880,3896,5464,16324,-4004,1896,1
15012,-1356,7496,15780,-1620,1652,1
14948,-2460,6940,16268,2884,4880,1
14952,-5532,8520,16396,3332,6728,1
14964,-1172,7776,16072,-2204,5444,1
15328,-296,6700,15848,-9152,1448,1
17072,5984,5000,15784,-984,4440,1
15224,-5280,7672,16160,-708,2980,1
15780,-1400,6948,16052,4948,7616,1
15348,-2336,7792,16612,-932,4960,1
14856,24,6084,16016,-5108,2540,1
16220,304,3432,16060,648,1564,1
14784,-1656,4648,15864,612,2320,1
15180,-1272,6636,16492,-476,3420,1
15892,-840,6660,16048,-2572,3128,1
16244,-1060,7644,17100,-380,4044,1
15604,-1660,4744,20088,4184,776,1
15904,-780,6352,19596,-3472,-3876,1
15184,-1628,4292,16472,-3012,-2496,1
15708,-1420,6576,18592,-2196,7688,1
16196,3420,11152,20332,1420,4968,1
14880,-5284,9640,15724,992,4656,1
13604,-3908,7156,17028,4244,936,1
15192,2312,7852,16724,216,-1204,1
15024,6992,7564,15744,-7644,-112,1
15564,140,9184,17024,5396,848,1
14068,-4512,9304,16548,4604,3448,1
15260,-1152,8352,16940,1684,4172,1
14384,124,7820,15996,-3084,-320,1
14788,2508,8320,16408,-8744,2176,1
15172,-3344,8248,16920,1772,1804,1
14188,1268,8952,16212,-4064,2052,1
14916,204,8488,16556,-1288,1936,1
14732,4136,7416,16504,184,520,1
15176,-4832,7728,16256,6496,736,1
14192,-3136,9212,16652,7212,4396,1
15304,2160,9032,16824,-2600,3004,1
14952,3840,10224,15912,-11376,1852,1
14788,-572,7992,16356,-3088,2196,1
14036,-6528,8380,16820,3744,1832,1
14868,-1204,7500,16356,2884,1168,1
14672,716,8932,16356,-2216,92,1
15360,2032,8540,16252,-1556,952,1
14632,-1240,9172,16604,-172,1408,1
14256,-1720,7424,16368,-1704,1124,1
13804,220,6044,19400,-2688,1544,1
14544,-872,9808,19568,1824,-6584,1
14760,244,10124,24440,1280,2244,1
14228,1808,10240,16584,1292,2896,1
14320,8,10124,16104,-2688,1384,1
14688,540,9696,17472,856,1676,1
14256,616,9632,16496,-1908,1384,1
14644,272,8976,16760,-756,2096,1
13540,1292,9668,16532,72,456,1
13360,1468,11256,16896,8312,2424,1
15560,444,7564,16052,1772,3252,1
14324,1264,10268,16300,-9504,1804,1
14288,-2856,7712,16348,-7756,2028,1
14196,-1556,9508,17440,408,3220,1
14116,1520,10324,16360,-436,804,1
14552,1668,9772,16232,-968,188,1
15508,140,10376,16500,196,1332,1
14424,-1172,9472,16288,-968,1556,1
14344,-708,8324,16576,-1452,1876,1
14964,-76,7532,16292,-364,1428,1
19056,96,6696,17008,-2224,5492,1
19024,628,5816,16824,-2920,3820,1
13932,-5640,200,16188,-1412,-84,1
11708,3340,27468,16540,1084,1288,1
4920,-3544,13116,16540,980,224,1
28124,-1008,7492,16956,972,3948,1
9520,656,9356,16628,-1904,2284,1
15976,476,6288,16464,-1384,1036,1
14604,-592,5532,16244,-72,1428,1
14960,1508,6596,16340,-1764,700,1
13036,4952,12864,16684,-1800,2952,1
17096,-2468,7696,16684,2580,3944,1
13716,-1404,11248,16604,1196,3164,1
14080,-4184,8980,16692,304,3092,1
14308,3728,8240,16504,-1696,1876,1
14996,12660,7408,16272,-5324,2316,1
13836,936,10872,16400,1028,1940,1
14896,-10252,10624,16664,6372,3348,1
13552,-1080,8908,16316,4292,4020,1
14348,4148,8740,16008,-736,2860,1
15144,5296,7840,16540,-10068,2064,1
16056,-2260,7832,16620,356,2872,1
18352,860,4272,16612,1248,4704,1
15532,700,7364,16556,-2432,3788,1
14248,-4,7648,16448,-1808,2848,1
11956,3912,13224,16060,1332,1632,1
5456,2552,32767,16464,384,1528,1
31156,-2316,-4956,17120,1336,4452,1
11924,-2792,7300,16016,3884,-692,1
11572,-7640,7400,15640,-1124,2508,1
15304,348,6392,16152,-11404,1648,1
18044,11016,5932,16244,-9028,4248,1
15068,-4728,11700,16032,4676,4416,1
14044,-5468,8316,15884,6084,3916,1
14812,260,6468,16772,3980,3700,1
15612,2432,6560,15840,-3636,3708,1
16648,-244,4992,15732,-5660,3492,1
19820,-2488,6956,15328,-7716,6088,1
18548,448,2324,16152,2952,5444,1
10720,-3616,14140,16956,252,3036,1
12396,-5268,1612,15852,-1472,2652,1
16832,1204,6172,15860,-228,2024,1
10028,2180,24188,16260,-800,3204,1
25140,-3152,236,16572,1208,6220,1
16348,7800,6776,16008,-492,3576,1
13404,-2088,3612,16004,-1520,3260,1
17160,-3396,3968,16012,-72,3532,1
15796,1988,4196,16108,-748,5240,1
15876,-4032,7144,15800,-3540,3840,1
16180,-3036,4780,16284,-556,5840,1
16044,-7528,4928,15816,1564,2440,1
14540,-188,5420,15644,-1748,4732,1
18388,14320,5332,15608,-7104,4064,1
13840,-6056,9388,15660,1188,5136,1
15512,-3164,8180,16288,3424,4488,1
15784,-5268,5840,16140,188,4860,1
16728,5468,3932,15560,-7272,3408,1
15320,-4524,5212,15672,-1688,2752,1
15100,-2148,5584,15512,352,3244,1
16156,1624,5332,15804,992,3768,1
16680,536,5992,16668,416,4808,1
15500,-2592,7900,17140,-3088,4152,1
15760,-796,6588,18388,-5864,1588,1
15588,-4040,5944,19212,-4544,-2252,1
15364,-520,7572,15380,-1852,11756,1
16048,-300,8384,8584,700,13420,1
15660,-1416,6116,15088,-3652,-692,1
13432,-2088,8332,9764,-4888,5320,1
15788,-1468,4248,17744,1752,1948,1
15564,-1080,6040,16024,-864,3220,1
15300,-244,6540,16152,-728,1960,1
14840,188,7320,15928,-732,676,1
16356,96,6424,16432,404,2988,1
15692,-1004,6016,16168,-1272,1264,1
15004,-2468,6348,17048,580,2220,1
15448,-1572,6440,15816,-2080,3656,1
15332,-2620,6700,14872,-1628,5660,1
15296,-2288,6684,15588,-9148,6784,1
15400,-364,7372,19232,5568,704,1
15596,-124,7024,17004,2804,3288,1
15524,2960,6584,14960,-9160,76,1
15940,196,6756,11740,8072,19280,1
15556,-2876,6576,16744,-12376,5248,1
14052,-2304,5012,16800,-432,684,1
16148,-356,5084,15708,1532,3636,1
16356,4080,7048,16476,2220,3236,1
15524,3140,7660,16944,-5092,2868,1
14544,1164,8800,16552,-1640,2748,1
15940,-8496,6084,16636,2096,3352,1
13524,-5812,8468,16256,724,1924,1
15112,-2940,10328,16164,-792,1208,1
16648,6788,8732,16472,-812,3340,1
17076,2780,6908,16592,-2072,3536,1
13620,-6584,6472,16580,-1656,2804,1
15796,1340,6116,17640,-2356,1140,1
15248,-3292,7888,16868,-3980,328,1
16124,-692,6136,16876,-3296,3364,1
15460,-968,7520,7916,-2308,13748,1
15596,-1764,8232,22860,-3216,996,1
15228,2508,4760,15012,-2576,2776,1
15956,2804,3272,16676,4940,928,1
16000,-3380,7856,16364,1996,1520,1
13408,-6780,10636,16520,1300,788,1
15100,-3112,6648,16848,3764,4860,1
15748,380,7968,16420,-3452,2616,1
16588,12576,7368,16004,-11636,2620,1
15588,2376,7420,17360,256,3360,1
14768,-10420,8176,15828,4748,2768,1
13864,-4140,8928,16536,3676,3604,1
17464,1648,4528,16396,1224,1900,1
15416,11008,6508,16580,-7712,2056,1
15204,6924,6716,16312,-960,312,1
15996,-13788,11540,16452,5176,1308,1
15740,-4148,7204,16832,3652,2096,1
15380,2012,5752,16416,-124,1676,1
16388,5152,6108,15436,-5092,-1024,1
15232,1564,5260,16372,-10856,2624,1
15480,-4772,7108,17652,3896,3076,1
15788,-4724,6736,16500,5160,3216,1
15232,-288,5728,16176,708,612,1
16036,712,4444,15516,772,-640,1
15188,2684,6156,16460,-12264,448,1
15560,2840,5680,17656,244,2236,1
15520,-2884,8160,16376,-360,2504,1
14992,-4988,5616,18036,5444,2432,1
16144,2076,6244,17972,-528,-2276,1
16012,-1324,7140,17228,-4348,-1400,1
15244,-1948,6212,16376,-5112,1728,1
15348,-868,7028,15272,-1848,8924,1
15896,-744,7580,20368,1584,-4852,1
15392,-224,5764,15080,-7244,8,1
15756,692,6528,17312,2472,2364,1
20640,964,2340,16908,260,2940,1
21200,312,5360,16352,-788,3060,1
14252,-1240,13712,16656,-2580,4096,1
6888,-3736,1216,16756,1400,2816,1
11128,3052,10640,16452,352,1796,1
16500,316,19020,16424,-1140,1960,1
12168,1044,15976,16328,88,1252,1
22976,3028,-460,16608,-84,3588,1
15264,2752,5412,16172,-632,2916,1
14572,1140,3120,16272,680,2856,1
16112,-3708,3072,16380,-1188,1884,1
16632,-1528,4200,16420,632,3340,1
16260,-1592,5076,16280,-220,3612,1
16204,-5560,5748,16780,-2476,3628,1
15140,2840,6776,16464,-4052,3492,1
11980,4024,12556,16796,-3792,3892,1
15872,6136,8436,16520,3436,3860,1
17776,-896,8372,16108,6448,2896,1
14452,-3072,9008,16116,1908,1104,1
18152,-1804,4972,16312,-764,1908,1
14652,-1360,4912,16312,-2664,4156,1
15716,3404,3884,16688,-5316,3704,1
16348,5660,888,16452,-4596,3228,1
16260,-3512,220,16052,4076,-144,1
11572,-6740,12196,15576,-196,-1248,1
16752,-10148,10284,16300,1600,632,1
17632,3612,7596,16268,-2240,6124,1
18652,8164,3860,19612,-920,4144,1
14852,-6064,4412,17988,-4204,1364,1
15620,-156,5332,18096,-1784,-1044,1
15284,-1904,3012,16624,1312,1252,1
14828,-3020,5088,14232,-244,6720,1
15664,492,9200,7044,-11976,1372,1
15408,-168,8960,10988,1024,272,1
16260,1472,4976,14540,388,5656,1
15428,-5880,6220,16996,1392,-868,1
13840,-3396,9092,16476,3500,-1152,1
16376,3120,7420,16768,-752,2900,1
15644,7648,8932,16536,-9904,860,1
15396,-2860,7612,16996,-1432,2528,1
15168,-4876,7156,16364,3344,2292,1
15280,-1824,6124,16496,6160,2080,1
15604,3348,7212,16352,-2436,1500,1
15864,1448,5912,16432,-1552,1664,1
15328,-892,5564,15864,-7788,1700,1
15264,-1588,4140,15588,-976,1392,1
17356,-288,4380,16480,1100,5104,1
24736,-236,1596,17160,840,8404,1
15824,752,11204,16748,-2772,5548,1
14468,-5028,2848,16688,-48,3968,1
10744,1480,10960,15740,-384,1020,1
11560,1820,19460,15900,-52,-368,1
11908,4892,2124,16344,-908,3808,1
7592,3064,5892,15752,-224,4656,1
17860,-4756,4448,16592,1484,4048,1
19516,-5096,5596,16084,1276,3392,1
15016,3928,2228,16100,-8240,3516,1
15820,3772,3204,15852,-8596,3108,1
14568,-7972,6476,15876,5388,6004,1
15880,-3268,5248,17072,4612,4300,1
16748,5248,4068,16220,-2584,3644,1
15860,168,5560,16012,-6132,2920,1
16076,-2984,4428,16200,-1612,4244,1
15788,-5740,5860,16364,3704,4652,1
15940,-1028,4960,15852,-2004,3236,1
16904,7264,3776,15640,-3088,3044,1
15572,-2612,7396,16312,-4420,3720,1
15772,-2308,5512,16412,1660,5540,1
15668,-4248,5908,16072,2160,4164,1
14920,-1380,3964,15876,-764,3184,1
16804,1244,5136,15960,-5800,2256,1
16076,8056,7008,16268,-4672,5928,1
15728,-3484,7244,16408,-1376,5472,1
15204,-4888,6076,15896,1120,4540,1
15228,-2592,5176,15896,572,2892,1
15900,-928,5164,16068,-2844,3048,1
16068,2224,4392,15748,-2900,4052,1
15428,-1352,5440,15800,-1640,3392,1
15580,-804,6768,16400,172,3624,1
16300,-376,5696,18288,-1016,-152,1
16056,-484,7516,21156,-6520,1004,1
15224,-4884,5664,18648,-3376,-148,1
15464,-1192,4224,16108,-3080,7320,1
15160,-380,4284,9632,-1756,11720,1
13736,-4480,10752,20024,-8164,3492,1
15364,-8336,9516,18712,7372,4544,1
15100,1876,8824,18188,2424,4732,1
15656,1028,6924,16784,-3828,2004,1
14980,3212,6552,16368,-7240,1864,1
14464,-4552,7628,16524,1580,1972,1
15732,-6060,7540,16348,1816,2524,1
14184,1700,7352,16496,-1988,3464,1
16456,4612,7072,16296,-6600,2376,1
14916,-456,7028,16600,-1804,2916,1
14852,-6560,8472,16448,2720,2696,1
15692,-24,7068,16260,-1152,2964,1
15300,-284,7888,16336,-1784,2276,1
15188,-376,7104,16928,-1224,2904,1
15520,-2776,6988,16592,868,3504,1
13860,-2356,9132,15560,1492,4424,1
16676,1468,6316,15280,-4380,5328,1
14852,2536,6340,16672,-10356,192,1
15040,-608,7288,16056,-4532,2928,1
14948,-820,5912,16224,4808,3036,1
17064,1772,5448,16576,-4576,2736,1
20492,-480,3264,16228,-1092,2436,1
18308,996,7228,16564,1176,4636,1
15396,-888,3112,16116,1032,4024,1
14208,-100,5124,16344,-1036,2692,1
14300,2792,12488,16232,-384,1868,1
8964,-964,17120,15736,356,2412,1
12064,6060,4968,15684,80,5052,1
13616,2064,7440,16164,240,4952,1
16732,-6460,5300,16576,4856,3100,1
18580,1912,1756,15484,860,3300,1
15328,3812,296,15736,-9860,4124,1
15672,-2264,6612,16096,-4264,4408,1
16520,-2524,7820,16112,2416,4844,1
16360,-316,6328,16032,2436,6424,1
16300,-244,5840,16244,208,4768,1
16112,548,2580,16028,-4380,2360,1
15780,-2040,796,15932,-1204,4252,1
15584,-1964,-988,16112,-652,2904,1
15916,-1372,-788,16228,-2120,2664,1
16472,-392,6664,16176,-352,2052,1
15032,-1028,9216,16060,-592,2720,1
16880,-1596,6404,16384,1308,4464,1
15796,260,4036,16112,3336,3108,1
15464,-2220,2684,15704,172,652,1
16316,7092,772,14744,-6888,5740,1
14712,-3508,10560,15920,-5464,3888,1
17008,-3656,8808,16488,-2140,7840,1
14988,-2680,9604,16048,1912,5732,1
15440,-1496,8440,15580,-1284,5644,1
15564,3956,3276,16944,-4488,4196,1
15012,-2532,5796,20484,-3000,1940,1
15640,-2108,6836,18804,-1148,3916,1
15880,-2160,8052,15284,-2400,4872,1
15756,-1684,5684,12768,-4612,4024,1
15292,-2404,3532,14916,2844,9448,1
16292,-584,7592,9544,-8376,32767,1
15892,1936,6084,15372,-164,7296,1
15968,-5192,9584,15248,0,3952,1
14716,-5012,10564,17508,4476,1824,1
15636,572,6684,17160,652,3424,1
15648,6488,6144,16256,-7472,572,1
15296,1736,6948,16344,-5488,1076,1
15136,-6444,7488,16892,8400,3092,1
15788,-1220,7880,16032,2956,2976,1
15408,2060,6520,15948,-4340,1848,1
15684,1696,7944,15752,-11616,1616,1
15340,-580,5436,16240,-2448,3764,1
15276,-3644,7272,16376,5352,4324,1
15572,-1844,7268,16108,4148,4372,1
16268,4288,5328,16044,-1980,3832,1
19820,1828,2648,15824,-8868,6728,1
21816,1308,3000,15636,-3112,4156,1
13736,-4500,14708,16172,952,6396,1
11008,-8616,3384,16104,364,3248,1
10276,2228,11140,16288,-540,3092,1
14500,4804,21852,16880,-352,3368,1
8132,-928,23272,16076,608,2280,1
21688,-13604,-736,16420,-60,6708,1
17684,7748,5088,15952,-2192,4064,1
14544,-5816,4352,15796,-320,3760,1
14768,-7224,4780,15264,3900,5896,1
16836,4260,2684,16112,-1136,5028,1
15956,2152,4936,15148,-9812,6168,1
16060,-864,5700,15984,-3060,4880,1
15700,-5580,5468,16196,3648,6060,1
15544,-2012,4724,15464,4228,5640,1
15620,-84,4028,16112,-4640,3044,1
16388,4688,2876,15392,-4196,6808,1
15792,-2572,6852,15892,-2140,6100,1
16052,-3060,5816,15940,28,5772,1
15552,-2024,3540,15740,552,4608,1
15844,-792,3784,15620,-1084,2884,1
15484,184,5732,15776,-2076,2784,1
16372,2996,5720,15632,-1156,3736,1
16224,-2428,6020,16864,-292,3772,1
16260,-2976,7900,22828,156,1872,1
15636,-316,7464,17660,-5076,5312,1
15088,-2340,7556,14792,-4912,5156,1
15480,-1028,5828,13024,-3104,5056,1
15320,-2824,5824,14232,108,9184,1
15392,-1696,5884,10944,-2032,9500,1
15976,-408,5904,14428,-7444,16560,1
15552,-2380,9088,27996,9864,644,1
16212,-3792,8744,19084,-436,6316,1
14444,-1712,6776,15420,1568,3124,1
16464,3112,4376,16320,-4804,-480,1
14588,1148,7480,16768,-7104,2680,1
15032,-3260,8160,16148,1412,3168,1
14932,-3800,8424,17112,2804,4316,1
15028,560,7248,16008,-1612,2484,1
15376,936,7236,16424,-2120,1640,1
15452,1732,7132,16396,-2032,3556,1
15432,-2632,8784,16368,308,4164,1
15004,-1832,7428,17064,2400,4236,1
15208,-1056,8100,16236,236,2980,1
15944,1800,6292,15800,-7212,3796,1
15960,2388,4992,15120,-14772,2292,1
16072,-3448,6752,16340,-420,5496,1
14820,-1212,9008,16188,13464,4660,1
15128,16,8956,16476,996,3244,1
15132,1668,9124,16356,-3348,2820,1
16144,844,6100,16432,-2484,3608,1
15096,-2932,4936,15900,2132,2192,1
14912,-52,5716,15848,-2836,1776,1
15460,1148,7428,15804,-8976,3196,1
15776,-136,7712,17108,-6220,8052,1
19752,1404,4588,16524,944,9272,1
23104,-256,520,16416,9160,3896,1
17780,-1448,2848,16172,4472,-460,1
10636,-972,8756,16252,-6744,1392,1
12360,3048,3776,16124,1088,2560,1
16636,216,16960,16076,1488,1988,1
7216,-236,27508,16268,332,4268,1
15728,-1376,6596,16600,-1148,2792,1
23936,1044,2848,16592,300,3816,1
13432,-316,3864,15772,-144,5828,1
15540,-936,3952,16144,-1428,4448,1
15180,-2736,5892,16132,-1876,3464,1
15476,-3252,6988,16228,844,3964,1
16092,-1856,6324,16680,-232,5108,1
16724,8148,2940,16204,-1900,4596,1
15720,-1868,5720,16276,-5028,3032,1
16008,-480,5352,15984,264,4340,1
15984,-3796,4096,16100,768,3620,1
15744,-2428,5224,16288,2232,4000,1
15984,-1900,6468,15876,-1104,4100,1
16124,1588,5216,16188,-7412,5160,1
15816,716,3832,16016,-2688,4832,1
15572,-2084,4952,15908,-1832,2736,1
15744,-268,4416,16008,948,3256,1
16056,1352,5664,16424,-480,2584,1
16352,984,6268,18356,1404,432,1
15180,-2924,7228,19368,-4660,1216,1
15852,-2240,7068,16416,-6308,3752,1
15836,-1424,6372,14084,-2000,1808,1
16004,-660,5676,19092,-2980,3948,1
15920,100,5856,11820,388,21056,1
15476,-444,4756,19360,1112,-4484,1
14468,-1496,9072,14024,480,332,1
15816,636,6328,17328,-4300,2908,1
15312,-396,6296,16344,-1632,2376,1
15268,-1120,4588,15992,-852,-260,1
15396,-520,6088,16532,-3792,2948,1
15960,268,7132,16428,-5248,2036,1
15420,156,6800,16204,-2936,1452,1
14788,3016,6028,15868,-5796,800,1
17196,4964,8420,16724,224,3608,1
15696,-4840,8516,16608,3092,3748,1
15520,-4584,6820,16796,3704,3872,1
15272,2928,6512,15920,-1668,1892,1
15676,-304,5652,15688,-7604,1688,1
15328,1032,6280,16096,-6340,912,1
15404,276,6496,15964,-2576,2388,1
15004,-3440,6104,16828,816,4584,1
15564,840,8192,15048,-732,4692,1
16004,364,7192,15072,-5372,4952,1
15036,2096,5520,16720,-11736,3404,1
16524,-564,4284,15868,-6536,5764,1
23324,-3036,-3508,16940,9176,6484,1
17172,1080,7808,15752,340,2696,1
13924,-1496,-156,15396,-4800,2468,1
7528,2132,9712,16040,-984,2504,1
16256,-1816,3536,16356,1396,288,1
15928,-1496,3308,16172,-1760,964,1
15556,180,3228,16340,-3288,-656,1
16288,7628,4724,14700,-13736,-2324,1
16300,-2488,5348,15984,-5844,1944,1
15692,-6740,5388,16564,-2784,4048,1
15876,52,6204,16520,352,912,1
16576,8472,4332,15392,-8388,-100,1
15688,-2292,5484,16720,-6040,620,1
16232,-4816,4632,16444,2040,3788,1
15328,1212,5492,16708,-1712,1956,1
16456,8620,3848,15052,-12596,-44,1
16276,-1688,2684,16660,-1176,2060,1
15612,-9188,6620,16808,2296,3596,1
16744,4044,4120,16376,1200,1380,1
16336,8296,4324,16084,-10812,624,1
15676,-988,5560,16792,-1368,3128,1
15540,-7820,5500,16892,2712,2940,1
16032,1352,3024,16276,476,2504,1
16768,8204,4032,16412,-9856,564,1
15788,476,3552,16636,-7400,220,1
16300,-416,3420,21304,712,-248,1
15992,-1712,5396,19568,6388,-4096,1
15824,44,972,-2032,-6444,9244,1
18008,-1484,6972,32767,-3432,-6976,1
16288,1292,3628,-6432,-2220,1796,1
16028,-476,4004,15556,408,2752,1
16708,7080,3080,19436,-2680,2624,1
16468,-208,2164,15340,224,2444,1
15920,3768,4704,16592,-1996,2160,1
12356,16968,12276,16988,704,24,1
22480,-6552,1448,16704,2284,3080,1
14012,3980,3604,16260,-2868,2536,1
16220,-4484,2596,16196,-3708,1060,1
15940,-264,3632,16268,-3476,1924,1
17800,5484,2824,16588,-712,3440,1
17656,1632,1616,16960,2064,3496,1
15252,1656,1940,16056,484,728,1
12432,-460,5660,16332,-4552,2908,1
21512,8364,7688,17112,-1264,5152,1
11280,1988,7080,16368,716,1912,1
17396,-804,4344,16512,-1480,1676,1
16836,-3836,2640,17896,-556,924,1
15720,104,1848,18428,-364,-1964,1
15936,-1660,5936,15292,-6264,652,1
16384,-864,2688,9784,-7020,5296,1
16644,-20,3760,20892,-7040,-612,1
15796,-956,-260,5876,-1696,-36,1
18268,-2512,1428,14132,524,604,1
18820,-1340,956,16476,3100,2004,1
4820,8784,11384,16320,424,992,1
32767,15400,-16716,16888,-576,-1784,1
-1204,580,3612,15192,1760,9668,1
15976,948,4760,18492,-14724,4940,1
20140,-3620,5068,15576,-4228,324,1
13552,-4860,1900,15728,16808,-528,1
15216,-736,232,17304,4588,4484,1
16264,9532,5292,15664,-9892,1212,1
16352,-64,5872,15728,-16308,2716,1
15592,-6920,4096,16136,2644,4580,1
15064,-204,5764,16460,4904,4252,1
15724,7936,5948,16256,-11240,396,1
16888,-3968,7520,16040,4088,4788,1
14460,-8016,7876,17948,2112,6244,1
15632,6080,6052,15068,-6412,3452,1
16948,4660,6772,15608,-3452,1452,1
15568,-3296,7348,16680,1000,6336,1
14416,-5188,6536,16612,2248,5612,1
16888,10420,7056,15000,-8488,2500,1
14328,5496,6996,14808,-10444,1976,1
16316,-9072,7560,16264,-444,7864,1
14876,-652,6756,16152,7196,7004,1
15028,9276,8020,15824,-7324,2452,1
15436,3980,6236,15208,-3032,3208,1
14488,-10424,7060,16580,-228,5684,1
15484,-292,5448,15320,-1716,4048,1
16156,5720,7352,15848,-4672,3180,1
15360,3472,8596,15932,-1404,5236,1
15012,2008,8668,15908,904,7220,1
15720,724,6460,15592,-504,5596,1
13348,-3932,5952,15656,-872,6668,1
15820,1160,6304,15884,-3072,6348,1
16868,-1092,5268,15932,-808,4980,1
21840,-3712,4756,15764,1960,6776,1
15804,-296,2188,15360,1640,5580,1
2000,4056,10504,16084,352,6752,1
9876,88,12808,15320,-456,6376,1
1008,2800,6732,14372,-3440,5544,1
27848,-7708,5024,15068,-2956,4836,1
13488,-12024,3432,15476,-1300,5948,1
14588,-668,4840,15912,-2288,3392,1
16444,7748,2988,15752,-352,3024,1
15900,9904,6284,15540,2372,500,1
15404,-8464,5016,17208,1268,2500,1
16344,-1224,8816,17384,-1804,-668,1
16368,-428,6308,12036,-3612,1768,1
14624,-1784,4448,10100,-2404,7712,1
14920,-2692,5316,3804,-24908,9216,1
14808,-664,6708,12320,-1020,3628,1
16228,-360,7344,16452,-6304,4804,1
16280,480,5204,16752,-2104,5512,1
16096,1380,4612,15468,-5220,1524,1
16408,2704,3492,17188,-520,2456,1
16784,-5880,4136,15760,-2864,4244,1
9780,5392,9200,16192,2476,1836,1
16924,-5108,4820,16424,1436,3692,1
15904,-17540,7732,16528,-1192,5492,1
16776,9444,4124,16332,-668,4668,1
14952,-7596,3352,16308,5464,2420,1
16824,12812,512,15468,-6960,1152,1
15544,2908,3544,15448,-10376,1812,1
15800,-13088,5968,16348,3772,5060,1
14976,-6972,5720,16788,1392,7832,1
17828,13856,4460,15804,-2820,2896,1
15188,-1512,4008,16176,1316,2776,1
16740,3004,3064,16052,852,2176,1
14620,4092,5788,15872,2552,2244,1
14652,-23280,2924,15900,1588,308,1
16192,-3056,11424,20208,3888,8888,1
15640,8768,9076,20764,1804,5868,1
16656,-2728,6852,14080,-2560,7688,1
15508,-3028,1768,11716,-8892,6888,1
15404,-3052,988,14340,-1052,8964,1
16524,-636,8288,12288,-4564,31436,1
16896,684,6256,14488,-22112,8000,1
15884,-924,5844,20100,8308,5820,1
15708,-1980,4352,14732,-1780,744,1
15984,552,4980,14756,-872,1544,1
16192,212,5360,17764,2724,2980,1
16916,416,5700,16652,-4480,5544,1
15472,2104,5324,16540,404,3328,1
14060,9084,7424,16212,164,420,1
15896,-1904,5900,16488,-504,3012,1
15552,3796,6476,16336,1436,832,1
12748,-3656,4828,16352,1360,1436,1
11928,-16628,8960,16544,2792,2748,1
17428,1812,6184,16588,-1480,5320,1
16164,-2228,4232,17852,1616,2736,1
15592,-4072,5212,14996,1440,3160,1
15932,-2288,2592,14036,-7056,4676,1
15876,-4160,3904,16872,-132,11916,1
16164,-1624,3228,21300,-8044,-1148,1
16184,-1512,5396,21520,2192,-3876,1
16296,-2048,5592,19780,-3140,660,1
16232,-2144,4032,17180,348,1636,1
15444,-1260,184,9080,-4676,6560,1
15840,-1288,2324,14396,-6880,17940,1
15696,-1616,5848,16076,2180,872,1
16316,-728,5140,20216,2188,4480,1
16112,-2316,5524,16908,1080,1268,1
15464,-4712,4200,16608,2612,816,1
16100,3752,5544,16816,-5844,1104,1
16572,14172,5536,15952,-13212,1548,1
16792,-9600,9188,16960,11348,3184,1
15056,-4848,7332,16708,6332,6704,1
14936,4776,5184,15852,-3668,2896,1
16048,1596,4748,15884,-4836,796,1
16116,-144,4580,16564,-2864,2400,1
15772,-2032,4436,16792,6644,4524,1
17224,668,4156,15824,-3784,1580,1
17436,868,2608,16112,-6776,2584,1
19580,-28,2568,16864,1024,5936,1
15612,1504,5632,16680,-1928,5568,1
13300,540,3796,16268,864,2024,1
14504,148,10792,15960,2792,-880,1
11068,13788,-1268,16112,-516,4676,1
13684,3512,1900,16124,-3684,2784,1
11664,-660,-1752,16076,-2716,1672,1
19896,-6100,676,16104,-1240,1652,1
16876,-5788,3112,16592,6604,2472,1
15932,1156,7280,16176,616,4140,1
16528,9080,3532,14628,-12780,3168,1
16048,-1776,4216,16628,-7380,4484,1
15816,-7780,5168,16864,-64,5396,1
15420,-3864,5548,16132,7064,4568,1
16376,3712,5192,16084,-2084,2372,1
17044,5008,4820,16104,-5652,672,1
15196,-3544,4052,16672,12,3408,1
15232,-5088,6532,15624,388,3272,1
15904,-420,5956,12732,-7392,9468,1
16156,-480,7296,17940,-4660,3204,1
15668,-1572,6752,14932,-5856,5036,1
15548,-408,5900,16340,3796,4380,1
15860,200,5364,16380,436,2184,1
15792,-1012,5636,20836,-1756,1092,1
15848,92,7980,19080,-2976,3460,1
15600,-2864,6244,15168,-6348,4468,1
15576,-1384,4732,12720,336,3932,1
15684,-108,3972,15036,2172,6628,1
16676,544,7800,26804,6268,-3288,1
15772,-16,5820,14252,-3412,5968,1
15640,1924,3684,16340,-204,2660,1
14952,-6232,8636,16700,4016,-172,1
14768,-4332,7564,17156,2796,2504,1
16928,6748,5696,16592,-1192,2932,1
16348,9096,6560,16700,-7560,1764,1
15276,-2244,6932,16968,-2748,2724,1
15352,-4464,7220,16400,6536,3152,1
14532,-3268,6464,16324,1732,3528,1
16472,6008,5712,16208,-2092,2552,1
15796,-1324,6032,16316,-1020,1936,1
15804,3408,6284,16228,-3644,2900,1
15628,-944,5984,16468,-2216,4096,1
15592,584,5756,16196,468,4176,1
15568,856,5232,16236,-976,4300,1
17356,812,4588,16472,-8,3108,1
17556,-1904,5348,16308,-1740,3156,1
17272,3044,6440,16460,1184,3340,1
13112,724,4896,16500,-828,5120,1
15896,2576,6792,16120,268,2284,1
12456,11816,32767,16588,1348,4192,1
18748,-27216,-6616,16880,512,3904,1
17192,9844,2376,16168,-472,2312,1
13452,-1916,3868,15840,548,1328,1
15596,-3596,2668,16392,3780,2892,1
17568,-1152,3956,14712,-2992,6200,1
16180,4156,5208,16488,-6420,4840,1
16404,1088,4360,16172,-5844,5140,1
16016,-2148,4852,16212,1728,5036,1
15856,-5588,5528,16016,3488,3816,1
15948,596,3472,15796,-176,3708,1
16044,1200,5260,16144,-3192,3132,1
16452,8528,6740,16196,-2740,5260,1
15832,-2140,6836,16052,-460,4376,1
16288,-1668,5276,16056,-508,3036,1
15612,-4212,2896,17840,1368,2568,1
16452,136,4808,23092,-124,-1000,1
16060,-1048,5488,15772,-4260,2456,1
16372,-2340,4360,15952,-5984,3192,1
16180,-712,3200,11428,-6248,20096,1
16208,576,8944,32767,6648,-2896,1
16196,7976,6824,16200,-5308,268,1
15720,3168,6516,16040,-5156,1764,1
15396,-2156,6892,16252,-4244,2580,1
15492,-4344,6332,17120,3340,4356,1
15300,-1548,6956,16592,464,2312,1
15852,2040,6272,16256,-1284,2152,1
15468,784,5720,15484,-4204,2240,1
10828,-1472,13804,16476,-2049,-1,1
10988,-692,4332,16416,240,3616,1
14228,-440,10084,16264,628,2144,1
14972,604,20860,16028,-612,1500,1
30016,-2104,-7524,16656,-692,4760,1
18632,6580,3208,16252,-476,3520,1
11112,-2656,2924,16232,-1052,2188,1
16408,-3436,3776,16408,112,3840,1
17248,-828,4784,15928,2896,3964,1
16064,-296,4996,16152,-992,3996,1
16316,3488,3288,16428,-5264,4212,1
15944,-420,5168,15896,-6740,3652,1
15868,-3892,3888,16320,-1532,4204,1
16116,-3808,4200,16172,1576,4172,1
16160,-572,4584,16136,-584,4200,1
15956,524,5868,16260,-940,3320,1
16412,3472,3968,16240,-2428,3836,1
15848,-1416,4156,16164,-964,2324,1
15836,-384,3904,15876,-468,1448,1
15524,-420,3216,16628,20,2244,1
16528,-1752,2324,16616,-480,-104,1
16368,-2784,7940,20716,-6220,-1804,1
15644,-2900,7676,18340,-4004,724,1
15472,928,3740,10916,-2184,2716,1
15328,-480,7272,16228,-4044,-12384,1
15768,-556,7812,19260,-8024,948,1
15676,-3560,6164,15952,4724,4700,1
15056,-9880,10232,17476,1596,4384,1
15860,500,6148,15520,244,1900,1
16148,9216,4592,16232,-7436,-1220,1
15480,-5380,6972,15928,-4928,132,1
15352,-6416,6292,16800,9120,3640,1
15596,284,5888,16088,1332,2932,1
15652,3440,7464,16264,-6148,840,1
15680,3624,7296,15776,-9408,1920,1
15592,-4604,7232,16704,3472,3936,1
15036,-5860,6876,16440,4284,4384,1
15588,-192,7200,16472,-368,2564,1
15592,5120,5980,16108,-5992,684,1
15640,916,5268,16340,-468,3512,1
17088,-3076,4424,16744,1368,5160,1
20304,1452,1932,16364,-3276,5032,1
19232,424,5564,16104,1228,4172,1
13048,152,9712,16132,-700,2420,1
13156,1236,3840,16540,2860,1436,1
14228,144,9276,15928,-20,2224,1
14012,-3240,15128,16156,1496,3392,1
13276,1788,15076,16556,-644,2948,1
20840,5416,-3964,16040,664,5044,1
12576,-2092,8800,15256,2104,4320,1
14324,-3976,3160,16424,4776,4264,1
17596,4772,2104,16728,-5764,4252,1
17016,2352,2700,15768,-10488,5372,1
14648,-6220,6636,15604,1292,4976,1
16588,-1860,4848,16420,3440,6044,1
16400,-24,5648,15788,-712,3200,1
15624,-3560,5748,15956,1728,2156,1
16248,6660,1720,15736,-1956,5668,1
15956,200,3288,15940,-6080,5052,1
14916,-5900,6836,15636,-6084,5960,1
15664,-3972,5676,15840,1188,6040,1
16040,-240,4680,15876,-1492,4088,1
15832,2536,4692,15532,-644,4196,1
15420,588,5768,16284,-1872,3348,1
15568,-2316,5944,20476,-2172,1468,1
15684,-2676,7008,24672,-644,-320,1
15996,-456,7084,13932,-2364,6516,1
15576,-2256,5244,14728,-3264,3908,1
15144,-1584,1236,9504,-756,8888,1
14728,-444,2888,11812,-3144,11460,1
15200,-116,7636,13984,3776,10204,1
14648,-1720,8660,10512,-3188,1864,1
14880,-4812,7240,15924,1112,-860,1
16348,4424,8488,16144,-5116,1840,1
14888,640,8604,16516,320,3832,1
14948,-5368,9068,16520,2248,2852,1
14636,1388,7176,16424,1372,2372,1
14396,-5408,9224,16992,3472,3364,1
21732,-636,3804,16412,1432,5296,1
9736,-3176,14324,16296,-1372,3232,1
11348,832,7048,16360,1180,3684,1
12024,-544,10116,16164,956,1712,1
10096,904,15856,15460,-368,24,1
11284,-1020,26156,16124,792,4160,1
16368,-4724,3092,15496,-552,8716,1
20000,-568,8628,16900,-632,4900,1
14688,-1832,6628,15264,868,6572,1
14244,-2932,3020,15456,1132,5304,1
15876,348,3780,16184,-5588,3924,1
16896,6812,4708,15044,-6912,5704,1
15468,-6684,6060,16112,-800,4260,1
15896,-2876,4984,15188,3028,7384,1
15732,-1980,5596,15828,2464,5360,1
15748,-1412,4928,15788,-1756,6208,1
16168,536,4556,16128,-3948,4556,1
15860,-272,4592,15888,-2372,4856,1
15980,-1432,5264,15992,-548,4572,1
16024,-276,4716,15612,-2148,4076,1
16516,6596,2348,15580,-1656,5728,1
15652,-4500,6060,15552,-236,4436,1
14928,-5580,7680,14756,1044,6184,1
15376,-5160,7352,16444,1436,6728,1
15624,-1864,6764,15208,-4684,6108,1
15952,6652,6224,16244,-6692,6616,1
15332,-1972,6624,15400,-2004,6072,1
15792,-4656,6280,16108,1152,4120,1
15576,-1292,5024,16048,-256,3408,1
15936,1540,5012,16768,-2872,2408,1
15368,-1652,6912,22872,-3112,56,1
15648,-1628,4428,18112,-1264,4596,1
16128,-3104,6516,13248,-1580,6656,1
15812,-1108,6408,12456,-2128,4552,1
15476,-628,5472,13504,-1796,6640,1
15248,-1936,3736,16224,-1984,7320,1
14924,-2364,2828,9980,-5132,9788,1
16212,-1252,10380,9856,-3344,2420,1
15544,4568,6708,16652,-2840,112,1
15312,2596,8672,16384,-5244,1432,1
13748,-3920,8784,16664,2192,3324,1
14848,1000,6796,16012,-3112,920,1
14288,4284,8200,15944,-8552,820,1
15504,684,8624,16268,-3088,3028,1
17728,108,7372,16372,-4432,4620,1
11744,-336,11276,16312,-100,1728,1
14992,-1556,4796,16484,1000,2252,1
14756,1008,8480,16540,712,2596,1
13904,-824,10752,16360,924,2100,1
13808,620,11952,15968,644,1160,1
11284,5588,15116,16232,920,2152,1
24196,-1116,908,16556,1216,4828,1
14468,-904,6220,16192,2484,4272,1
14436,-2128,4904,15952,1944,2324,1
16868,-2556,4476,16188,-7444,2960,1
17768,8200,1832,16120,-1172,6624,1
15588,-2432,5296,16324,1196,5252,1
14948,-8508,6712,16112,5468,4468,1
15380,-1620,6340,16016,1316,3388,1
15708,-684,4180,16128,-2324,4044,1
17116,2748,2900,16080,-1204,3192,1
15152,-3584,4452,16108,-228,2144,1
15468,-3048,4284,16156,2848,4044,1
15464,-844,4712,15972,2104,4452,1
15320,8284,7884,16624,-5092,4916,1
15784,-2296,7008,15880,-376,4996,1
15228,-3200,3876,16536,-16,2052,1
15444,-1048,4508,17520,-300,1436,1
15220,-4104,7760,18020,-1676,6168,1
15416,-3348,9672,17868,-1940,8060,1
15340,-2040,10036,16060,-1320,4388,1
15352,-1936,7912,14832,404,5368,1
15176,-1016,3948,11000,-2032,9000,1
16024,-592,8484,31848,2352,-15312,1
15588,-2776,8664,5456,-9560,3248,1
14452,-3540,9348,19032,2588,3472,1
16692,8204,6552,16236,-8812,1060,1
12996,-6468,9464,16616,3980,5076,1
16372,1844,7076,16128,444,3484,1
15212,-4020,9028,16816,3812,4892,1
15400,76,5772,15564,-4544,-220,1
17024,-1240,1300,16276,2748,340,1
19964,456,1924,15744,-60,3168,1
18364,-776,5848,16488,-80,3164,1
11056,-3504,11656,16592,88,3492,1
12060,-176,6572,16136,296,4384,1
14588,-3284,9088,16104,388,3848,1
15736,192,10340,16096,740,2184,1
12820,2372,12776,15904,200,1836,1
10128,5852,-168,15968,100,4456,1
14496,4904,-16,15504,312,5992,1
17456,-6204,8692,16088,2552,2572,1
16904,328,3700,16768,2160,5332,1
15372,-1320,3132,15232,-3592,4280,1
15816,-764,4112,15956,-5108,5668,1
16484,-1412,3284,15948,-1308,5100,1
15896,-1116,2944,15984,-664,5372,1
15936,-2240,3996,15768,-460,5728,1
16012,-2060,4540,16152,-100,4920,1
16220,-456,4180,15792,-1384,4556,1
16248,-1156,3448,15808,-320,5328,1
16292,-2292,3888,15832,-900,4236,1
16068,-780,3068,15960,-1868,5116,1
16068,-2472,3560,15940,-1860,4520,1
16200,-1736,2876,15696,-1584,4996,1
16356,-1168,3460,15888,-2060,4280,1
16472,1696,2508,15592,-5144,4316,1
15644,-7224,5308,16120,264,5328,1
15948,-4396,4296,16092,4244,6500,1
16312,2212,4060,15736,-2968,4544,1
16556,1184,3516,15516,-3708,4332,1
15688,-4616,5308,15872,-1208,5300,1
15856,-2520,4056,16164,488,6224,1
15888,-4800,4292,15672,-56,4468,1
16188,1052,2736,15848,-2464,2836,1
15884,3940,1604,15736,-1972,2868,1
16220,184,6784,15832,-1352,3124,1
16084,-5956,6568,18320,-72,4060,1
15660,-2940,7036,23840,456,1744,1
16216,-64,5128,16840,-2692,4868,1
16136,-3228,4808,13376,-180,4256,1
15916,-616,3904,12340,-3152,5740,1
15332,-688,2228,13052,1224,8460,1
15060,-2972,4080,11248,-5316,10320,1
16196,-2100,9084,23560,-996,-13484,1
16168,-1572,8240,12984,-3312,964,1
16000,-2868,7520,16492,-3276,3628,1
15176,-552,6076,17700,184,-36,1
16116,3768,4644,15796,-3352,304,1
16128,-1136,7008,16300,480,2796,1
15236,-5868,7312,17000,5728,4104,1
15432,-1584,6692,16752,-1528,3456,1
15556,2200,5676,16560,-5260,-164,1
15496,-1296,5272,16348,1452,1644,1
15228,-2316,6596,16384,2492,1728,1
16188,-336,6464,16288,2308,2528,1
15868,-1644,6608,16376,2268,2492,1
16228,7276,5536,16384,-13120,216,1
15000,-4460,6004,17028,3264,3336,1
14936,-8976,7552,16540,5612,4032,1
14512,-832,7740,16304,1432,4996,1
15684,9696,6564,16852,-11588,548,1
16240,-4608,6396,16764,5008,2708,1
14436,-4400,7448,16216,1132,3780,1
15544,-796,7412,16212,2184,3200,1
15656,1140,7308,15828,772,4372,1
16376,-492,6988,16164,-5636,5408,1
17912,60,6052,16712,-3824,4280,1
22496,-2120,68,16568,2024,4668,1
18856,-1816,4720,15852,2156,3396,1
10416,-5672,4136,16272,-1692,1932,1
11200,5696,5668,16360,548,2524,1
10720,-1748,14560,15744,1996,864,1
18556,-656,32767,16480,2052,3848,1
10332,-4176,6436,15616,-244,6596,1
17032,-80,6056,16428,-220,3904,1
15424,-2024,4352,15088,-464,5548,1
12984,-3836,2272,16404,-2164,3340,1
15588,-6464,6412,15456,3304,6384,1
16696,-472,5140,15772,1320,6420,1
16388,10212,2084,15832,-8548,3008,1
15800,-4280,5424,16300,868,6440,1
16060,-3688,5136,15448,4036,6008,1
16068,-2436,4928,15908,1560,5524,1
16460,3384,5036,15304,-5400,4548,1
15904,-2460,5500,16416,920,4820,1
15604,-8196,7856,15780,2264,6924,1
17012,3012,5040,16068,-3452,5280,1
15884,3668,2468,15624,-3060,4768,1
15940,-1568,2028,15976,780,2944,1
14820,-3108,6108,15996,804,3700,1
16404,2240,5044,16072,-604,3680,1
16500,1296,6208,17656,524,4044,1
15648,-5000,5780,20656,-344,428,1
15604,-1880,5300,18904,-464,1852,1
15984,-924,3472,12604,-772,7756,1
16168,-3580,5456,13288,-1700,5344,1
15748,-1980,5068,13144,-5056,10496,1
16380,-1584,8172,13172,-6752,7148,1
15628,-792,5936,16792,-1640,-464,1
15528,-3788,4376,15580,-396,1768,1
16080,-744,4064,14688,476,8040,1
15340,-3712,5092,15400,2540,4816,1
15976,3208,6328,17760,-1228,3568,1
15468,-3216,6716,14620,-804,5508,1
15440,-2316,5196,14544,1524,5808,1
15508,-1156,5648,17688,-1100,2092,1
15912,312,7340,17704,-5556,2712,1
15416,-2084,5980,16812,-712,5008,1
15264,-3640,7152,11984,-1328,8248,1
15672,-532,5784,14372,-5936,7952,1
15196,-3520,6548,14992,-912,5992,1
15300,-2096,6704,22484,304,4752,1
15472,376,6256,16348,-1176,4436,1
15756,-2216,6196,13532,-596,6152,1
15116,-2672,6724,13728,-944,4424,1
16004,-1392,5736,16532,-1332,4792,1
15316,-280,6740,15352,304,4372,1
14720,-2252,5804,16820,-460,2676,1
15136,-2296,7596,16536,-364,712,1
14948,-4580,5956,18084,1124,348,1
16028,168,5984,15896,448,1020,1
14864,-2228,7776,12596,-4736,3076,1
16104,-1832,6208,18856,-1156,980,1
14816,-1472,7964,16100,-1536,1324,1
15272,-3132,7200,15160,-1476,1504,1
15356,-2288,6456,17600,4284,-56,1
14536,-1548,7952,15348,5076,704,1
15740,-1544,6776,17116,-1048,428,1
14876,-2084,7484,14620,-2484,1372,1
15844,-2068,6368,14748,-3604,3308,1
16968,-2952,6864,26764,2076,-6876,1
14488,-780,8368,10504,-2360,-752,1
13976,-2992,9220,17316,-92,780,1
16744,404,6304,17348,4112,2544,1
12428,-1460,10208,16376,2892,456,1
12672,1704,11768,16436,608,2064,1
13896,-4948,12272,16540,1772,5280,1
8832,-2464,13408,16336,-1888,2228,1
13384,4220,10368,16456,836,2804,1
13532,-4160,10020,17252,4540,5208,1
13980,-288,10748,16752,-524,3560,1
14952,336,8536,16344,-900,788,1
8072,-1928,16964,16412,2500,3712,1
13436,768,9392,16696,-724,3276,1
10976,1556,12068,16400,256,2416,1
12424,-2672,13196,16372,2684,1088,1
13868,-4,11176,16092,1416,1424,1
14900,1500,7500,16484,1980,3188,1
15968,-2200,7752,16448,940,3116,1
14600,-2264,11712,16452,-536,1548,1
14684,3748,10648,16324,1184,2676,1
11664,344,8784,16516,320,2592,1
13580,1768,9012,16452,460,1420,1
14620,-3484,10368,16416,3428,3028,1
14424,40,8276,16376,504,1944,1
14840,-1124,8200,16364,1432,2912,1
14420,-2156,6488,16356,-472,2900,1
14988,-2468,7880,16472,-620,3184,1
18056,1360,6580,16468,1792,3720,1
14356,-3944,10196,16408,852,2604,1
13424,5312,6760,16520,288,3312,1
15672,-4940,7992,16740,308,2500,1
16128,392,8224,16612,36,2208,1
15844,3444,4272,16324,1596,3832,1
15312,-7688,6992,16300,384,2224,1
16220,5824,5168,16044,1560,3264,1
15616,-5072,7632,16356,-472,2192,1
15624,-1176,7892,16240,1780,3132,1
14636,3128,6232,16348,680,2828,1
14624,-7676,5532,16316,-148,3876,1
16176,2620,5812,16300,952,3532,1
15956,1412,5604,16188,1328,3644,1
14080,-7104,5640,16392,544,3756,1
16676,4656,4120,16280,236,3980,1
17004,-2592,4860,16404,1188,3904,1
15756,-1620,4472,16156,720,2528,1
17024,-324,3076,16200,1120,3076,1
16204,-1080,2776,16104,1240,4180,1
16908,-1144,3256,16340,220,3416,1
14756,-1464,4340,15928,912,3436,1
12876,-40,6256,16352,484,2432,1
12300,-2652,8052,15760,-1672,3572,1
17376,2780,2680,16344,-508,3532,1
22364,-9524,4216,17348,-96,2076,1
14316,4164,7748,24344,-1876,-1420,1
15056,-2660,6204,18100,-212,7108,1
15448,-2076,5772,9844,840,4364,1
15228,-2636,3156,16520,-96,8700,1
15856,-2508,4704,13548,-3588,8236,1
15308,-3040,6056,14992,-1200,3840,1
16320,-1112,4380,19220,60,3440,1
15196,-3836,6068,15424,-3704,4492,1
15780,-2076,4808,14848,-2808,3764,1
15972,-2876,3996,16440,964,3668,1
16316,4,6032,12548,-1248,4516,1
16056,-1628,4444,18584,-2860,4200,1
15100,-3652,7668,12344,-756,4580,1
15980,-1980,3920,24668,4,-28,1
15092,-3664,6496,14460,-216,1500,1
15940,-1884,3440,18244,-528,356,1
15744,-1980,5512,14588,-636,1356,1
16240,-1628,5628,14592,-1612,2308,1
15916,-3072,4600,17656,484,820,1
15616,-1224,5144,14844,1196,-12,1
15212,-2572,6108,15016,-500,-432,1
14980,-11648,7180,14044,-1308,1472,1
15616,-1856,5564,20712,2796,-1736,1
14640,-3136,9020,18788,5112,-6500,1
15224,-3800,5188,15420,-572,3612,1
15928,-640,7420,16940,-3108,3071,1
16556,-928,7476,17720,20,1988,1
16104,-304,7312,16760,-1040,-36,1
14996,-1176,8168,16836,1940,2856,1
15468,988,8536,15904,-2236,-796,1
15540,-1640,9740,16056,1432,2976,1
18004,1552,13740,17400,-2656,4252,1
12948,-432,9484,15992,2980,1780,1
14044,2568,11964,16608,-696,2496,1
10332,-160,7920,16000,1912,1792,1
15532,-1588,9952,16048,1788,2804,1
13032,1160,9256,16400,2188,2956,1
12832,-2116,11252,15648,1760,3008,1
14244,292,13864,16488,1100,2488,1
10968,1136,8052,16716,-360,5584,1
19076,-820,7924,16292,900,1628,1
12844,-776,8020,16140,1040,2636,1
16188,1348,4964,16140,2388,1960,1
13888,-2776,9064,16412,-768,4484,1
15672,352,6448,16804,920,6816,1
17024,-584,4944,15808,2740,2520,1
14884,-3416,5912,15904,2328,2324,1
14740,1068,5420,15656,1396,4212,1
17028,412,5080,16708,-300,3280,1
15980,-2704,6548,16084,1356,3832,1
13404,-640,7928,15964,900,3224,1
17852,984,4364,16404,428,3840,1
14776,-1892,6340,16440,140,4100,1
16944,-72,4100,16428,-208,4212,1
13876,-1168,4432,16160,1036,3300,1
13596,-784,7436,15932,-440,3268,1
22548,-1660,1376,16332,2312,4916,1
14756,-184,2244,16496,68,2520,1
16036,-2520,4540,16060,-876,4384,1
16532,596,3948,15896,-592,3348,1
16392,-1632,4296,16544,-140,4772,1
16308,-2088,1540,14188,400,7772,1
15360,-6664,5352,15948,-780,4860,1
16364,524,4164,15808,-4780,3980,1
16372,-1120,3824,16400,-52,4016,1
15876,-1588,5000,16420,288,5212,1
16164,-2708,5080,15648,284,4088,1
16984,4688,2740,15536,-4404,3948,1
15060,-8652,6160,15740,3064,6300,1
15868,-3272,4724,16304,1760,6036,1
16184,-3144,5540,16084,-2000,3924,1
16528,5536,3104,16828,-3164,5760,1
15364,-6924,4580,17720,-1092,1152,1
16028,-1604,4688,20280,-668,2520,1
16380,-1664,7448,17492,-2568,4856,1
16032,-3044,4240,14248,-1072,3872,1
15348,-2380,3588,11684,-1076,9912,1
14968,-3092,3592,13524,-3960,7728,1
15952,-1980,4256,10124,-2216,7428,1
15980,-2608,4604,23072,-956,5184,1
15880,-2180,6828,12388,-2196,3640,1
15868,-1552,1928,25992,-2368,1452,1
15544,-3776,7328,14760,-224,2796,1
15844,-680,4860,8756,-7252,1356,1
15732,-4376,3004,19928,4896,3676,1
15484,-1836,5316,16880,548,2344,1
15852,-2728,4388,14664,-3760,1956,1
15876,-1392,4660,16856,1420,1456,1
15652,-3012,5660,16496,-12,2104,1
15544,-3596,5404,18824,140,-468,1
15592,-2200,6100,15780,40,3856,1
15716,-1740,5644,16356,-912,2788,1
15520,-3528,8420,16748,-1376,388,1
14920,-1188,5464,11716,-1100,408,1
14700,-5104,5856,14932,-1924,2732,1
16464,-568,5452,14688,-632,2172,1
15608,-3008,5944,15140,-3168,2576,1
16956,-2436,5204,19828,4920,-872,1
17868,-848,2452,16916,-1848,280,1
7140,-2068,15996,16644,-1588,-272,1
16036,-7024,9656,17684,2940,5968,1
17072,536,5152,16920,1108,3824,1
13892,4648,7536,16324,-3640,780,1
12488,-5660,9112,16368,2224,716,1
17340,-1468,5632,16268,248,2240,1
15228,-28,8528,16360,-1176,3076,1
14404,-2948,9572,16852,-480,2876,1
14788,-1184,7592,16624,2676,2476,1
15184,1364,7792,16496,-6096,1992,1
15200,860,8940,16628,1172,3480,1
14092,-7460,10192,16468,1472,4148,1
14680,-2568,8536,16240,2652,4168,1
14588,2784,8724,16516,-5168,1380,1
16440,1476,6900,15868,2340,3560,1
13372,-7280,9168,16460,1996,3248,1
15168,-568,8704,16716,-2332,3772,1
15876,4160,8216,16088,-4352,2996,1
13756,-2516,8984,15356,-712,5452,1
13876,-8400,9900,17216,7596,4476,1
14424,304,8288,15516,-1612,4000,1
14720,-284,8504,16276,-1436,3800,1
14012,-1364,9488,16944,-956,1676,1
13796,-2096,9444,16240,1336,2504,1
14316,-364,8396,16740,-848,3052,1
12372,300,9104,17836,-156,1376,1
21224,-2452,2272,22840,1012,36,1
14860,-2796,5576,9524,-2576,5756,1
15220,-1808,7116,13368,-492,7256,1
14284,-740,7004,5168,-8564,2596,1
19208,988,5444,28368,328,2956,1
11120,-1784,9772,14772,6672,3900,1
14516,-5600,9328,15896,6204,3540,1
12144,4020,11632,16064,-12668,-2464,1
13248,4576,10316,16668,4428,3692,1
17376,-5232,9116,16672,2596,5592,1
18536,3412,8820,16672,-3644,3944,1
15836,-2088,9076,16944,-556,3252,1
13292,-1384,7392,16124,-704,1880,1
11728,3240,8108,16016,856,4316,1
13600,-1424,8992,16236,2232,2728,1
13504,-2264,10656,15976,2996,2952,1
17208,-1564,10240,16060,6200,3172,1
12644,1448,8516,16836,-6604,3412,1
19532,2224,6000,16820,2600,4356,1
14760,-2264,8560,16188,940,2872,1
14520,612,5596,16440,68,2732,1
14736,-1244,4632,16012,1440,1500,1
15912,-2492,3444,16032,1484,4992,1
15628,1988,4828,16284,-268,2932,1
15328,-444,6768,16200,1568,2668,1
16708,-2644,3936,16204,936,3920,1
16844,260,2852,16492,892,4676,1
16840,-1488,4004,16212,408,2232,1
13856,-968,4100,15960,800,3432,1
13620,-1236,6024,15912,-152,1752,1
13948,-1912,5560,16132,992,3840,1
21896,1800,1128,16340,1076,4700,1
15520,-4080,5580,16324,-164,3076,1
15012,256,3012,17652,-212,3292,1
16416,-2976,4552,21156,-2108,1884,1
16292,-2780,5548,15556,-1516,7772,1
16000,-1916,5424,12980,-3248,6168,1
15896,-1340,3288,8380,0,7256,1
16100,-2940,3764,24528,-1848,6012,1
16168,-644,7116,12988,616,5696,1
16484,-1868,4080,18912,-7156,3240,1
15892,-1796,5324,15124,4548,4100,1
15660,-1740,4616,14992,-3748,3216,1
15648,-3120,4412,16460,-244,2972,1
15868,-1592,4556,16580,496,2776,1
15684,-3576,5624,16424,-1592,3176,1
15772,-2160,5040,17820,-728,1740,1
15208,-3452,6008,16520,-384,2328,1
16160,-508,4480,14580,-752,2284,1
15928,-2980,5716,19280,-468,1004,1
15852,-784,5708,15692,812,1584,1
15580,-2116,5872,18388,44,-452,1
15536,-2200,6036,15244,968,1184,1
15596,-1876,5276,16476,-1136,2528,1
15352,-1964,7164,16888,-656,372,1
15728,-1600,5264,14716,-1272,4468,1
15752,-3140,6024,20160,2324,-104,1
16004,-1344,4720,16744,-2108,-1480,1
16076,512,4672,16108,3468,1928,1
19112,-100,5816,16788,1944,2852,1
14880,-576,9952,16452,112,3432,1
11200,-1688,11840,16408,1072,960,1
9876,-1956,12004,16264,1656,2648,1
13848,-828,10440,16608,-2356,1020,1
16688,800,8388,16368,2480,4492,1
15464,1520,7648,16268,324,2092,1
13004,3388,10044,15840,-8,3436,1
14040,-1516,10344,16448,2676,4884,1
14408,-3596,10808,16280,1648,5788,1
15148,2736,9332,16072,-5616,2652,1
13388,3516,9240,15968,1016,3992,1
15436,-3600,9064,16116,3756,3280,1
13796,-1876,10568,16424,-2820,4576,1
13364,2656,10480,16064,-2792,5064,1
14496,408,10428,15944,2948,4756,1
13912,-5152,9376,15880,3404,5516,1
13808,1940,9680,16264,-2480,3196,1
13072,1876,9380,16128,-1144,3588,1
14408,-1864,10016,15800,3100,4868,1
15628,-852,8908,15964,-776,5228,1
14576,1416,9992,16408,-1708,4828,1
13068,960,10264,16028,-376,2856,1
13516,-660,9276,15508,2204,4324,1
13920,-2556,9740,16424,2276,4332,1
14252,384,9816,16512,-1140,4928,1
14348,-204,9440,15608,-2024,3632,1
13864,132,8952,16324,-464,3904,1
15416,1004,8504,15916,-392,2552,1
14956,-680,8292,16832,1028,4388,1
15204,-1384,8592,15664,756,4916,1
15144,-380,8644,16172,-108,4768,1
14480,-28,8240,15800,-1100,3620,1
15484,-920,7384,16724,936,2884,1
16240,-600,6508,16320,956,3776,1
15232,-964,6736,16352,768,3016,1
14596,620,7192,16520,1988,2680,1
15260,-448,8344,16508,-5792,-380,1
15780,-168,5600,16392,1724,2568,1
15176,-3228,7360,16408,3300,3196,1
15012,-2760,7976,16680,2932,3108,1
15640,2380,7496,16400,-3968,496,1
15544,6416,6268,16272,-2388,2484,1
14884,-4584,7308,16444,2964,2276,1
14748,-5828,6944,16600,3332,2348,1
15392,864,6848,16736,-1652,1760,1
15452,428,7036,16328,-2956,832,1
15440,-1296,6784,16584,1680,2172,1
15248,-4128,7392,16680,3188,2248,1
15536,-196,6512,16484,1264,1796,1
15368,1000,5936,16368,-8064,-424,1
15552,3800,7012,16184,-1972,1724,1
15052,-9132,9220,16820,5844,4016,1
15144,-2364,8312,16380,2312,3524,1
15444,-376,7756,16440,-2924,420,1
15316,3728,6744,16728,-3256,1052,1
15224,-3232,7440,16516,1796,1060,1
15316,-2824,7832,16504,2140,1836,1
15488,-984,7896,16636,168,2156,1
15408,336,7596,16420,256,1860,1
14972,-1404,6732,16040,-2012,1164,1
15164,-1620,6692,15920,-956,1996,1
16804,188,5140,16664,-3396,2964,1
19676,132,5788,16436,-184,2496,1
19852,-72,5768,17068,2440,4964,1
9008,-3688,12392,16320,-1492,2220,1
14124,-240,7524,16588,3420,3392,1
14412,-660,8524,16180,2368,196,1
13380,-3320,9820,16416,4152,3460,1
15324,1592,9236,16356,-196,1036,1
15856,-952,7628,16724,-984,4764,1
17660,-768,5280,16148,-80,2116,1
12276,-2332,7192,16300,2060,-408,1
12108,2424,6456,16204,1044,3424,1
17944,544,4756,16692,1304,1668,1
18408,-1620,3100,16588,1476,4984,1
16172,-128,4156,16344,1036,2392,1
16372,308,4020,16140,352,3500,1
15472,300,4488,16036,1460,3268,1
16428,-1776,4348,16404,956,3152,1
14708,-1396,5320,16276,2188,3152,1
14904,-664,5768,16120,1472,2344,1
17348,7268,16,15716,-4772,540,1
16116,-1544,3116,16240,2600,5500,1
16076,-8396,7092,16080,3116,5476,1
15192,-2652,4208,16524,2180,5408,1
16324,6736,2240,16116,-5952,3956,1
16420,-88,1472,15896,-1396,3948,1
15404,-3748,5952,15752,400,5056,1
15268,-6388,5996,17280,4752,6156,1
15916,-3436,6092,16072,536,4312,1
16712,2544,3524,15960,-1176,3880,1
16212,4872,3060,15528,-3004,2508,1
15732,-3488,6420,15916,448,4500,1
15940,-4572,6196,16332,-592,5140,1
16736,-1116,8212,16204,-1948,5816,1
16244,-656,5928,16116,364,5900,1
16064,1244,2064,15404,-1492,3064,1
15384,-4068,-1904,15764,-2116,1048,1
15316,-3204,904,16168,1592,620,1
15704,-2884,9348,15916,-456,2480,1
17448,2900,7868,17136,-2208,5704,1
16128,636,3260,17112,-664,2992,1
14964,-4388,3852,17928,504,268,1
15844,-308,2348,18932,-740,732,1
15852,-2424,6912,16868,-1104,6184,1
16340,-1000,6012,15432,-3632,5200,1
15248,-4148,6572,13636,-844,6456,1
15560,-2268,3740,14720,764,6696,1
15012,404,7960,14020,-8932,1228,1
14852,-1000,8608,16400,-5984,6528,1
14728,-2148,7768,16312,-232,1744,1
15368,2092,6660,16208,-1124,1520,1
15388,-2000,6676,16604,-1388,1472,1
14840,-4796,7604,16664,580,3052,1
15876,716,7376,16188,-5248,3476,1
15396,-404,7260,15928,-5464,1744,1
15580,-700,6556,15796,-4152,1820,1
15272,-840,7452,15848,1472,4580,1
14816,-800,9000,16588,-3932,2180,1
15860,2792,8116,16100,-6988,3008,1
14532,-5216,8568,16396,2788,4196,1
15264,124,8000,16256,-1296,2908,1
15060,3024,7384,16252,-4852,1312,1
14776,-712,9360,16468,-3956,2756,1
15444,-3704,7352,16384,3272,4020,1
15200,-1272,5560,15668,2164,3760,1
15520,-1552,5052,14692,1008,1676,1
15416,-288,5380,17272,-6864,2344,1
16764,-888,6052,16204,1852,3916,1
21244,360,4984,15984,-292,5304,1
10004,-3532,13836,16136,-1300,4016,1
12168,-2668,6364,16364,1920,3256,1
11812,104,7004,16152,476,4112,1
15372,-1392,10400,16072,116,3876,1
14088,1880,12500,16120,864,3032,1
11000,3940,14452,15992,1156,3288,1
28112,-8340,-400,16624,1276,5896,1
13296,7708,7228,16048,1556,4740,1
16208,-6900,6764,15704,3724,4744,1
15560,1092,3708,15940,-6356,2984,1
17028,6452,2588,16532,-4584,4188,1
14348,-7876,7476,15884,1128,5324,1
16696,-3108,5944,16400,3900,5360,1
16580,1372,4792,16252,-2892,3588,1
16100,2756,3768,15948,-1860,3392,1
15600,-2488,3620,16108,988,1988,1
15764,-1132,5940,16364,1592,3788,1
15708,304,6808,16288,336,4304,1
15824,-480,4884,16220,-1740,3772,1
16076,-480,4836,15780,-1236,4944,1
15992,-580,4444,15816,864,3192,1
15616,-3588,6880,16504,564,4976,1
16084,-352,5628,16168,-3052,4760,1
15916,-384,6264,16144,-2480,4408,1
15452,-1608,4668,16216,-668,3724,1
15708,-1088,3260,16076,272,2112,1
15180,-8,6024,16184,-1268,1972,1
16296,-1360,5980,17684,-2224,2548,1
15936,-820,5804,17668,-1492,2388,1
15772,-3476,7044,16680,-2508,4196,1
16012,-844,4224,16296,-3252,836,1
15732,-1068,3660,15428,-5352,2236,1
14824,-2284,6996,14648,6392,-4256,1
15792,228,6804,16468,-7748,3280,1
15568,-2568,8540,17712,3032,1456,1
15168,1096,5940,17160,-1368,4324,1
15892,792,6256,16188,-2912,932,1
15252,1096,6968,16544,-2380,2684,1
15616,-2304,7852,16484,1332,3732,1
14616,-7692,8012,16828,5292,5048,1
15864,4408,6080,16540,-5776,2572,1
15156,5044,7332,16676,-2412,1960,1
15340,-324,6820,16336,920,1964,1
15320,-4600,5988,16612,2208,3644,1
15708,884,6572,16432,-1788,2772,1
15368,1788,6504,16696,-2284,2860,1
15416,164,6504,16372,-104,2464,1
15656,1356,5916,16484,952,2336,1
15320,-1696,6820,16252,1828,2680,1
15316,-3236,6428,16640,2344,3628,1
15776,1240,5992,16140,-3064,2840,1
15688,756,6632,15992,-5496,2060,1
15720,-56,6036,16592,-1244,4076,1
15756,-1884,5192,16288,-852,3932,1
16024,-3152,5180,16300,-16,3852,1
19304,-1268,4068,16448,1900,3468,1
19860,-9996,1556,16436,-1492,3536,1
17788,7712,5424,16284,832,2888,1
15696,1216,8448,16212,-588,2404,1
9252,-3684,14308,16212,924,3236,1
8368,1768,21376,16580,24,3732,1
27552,7080,-272,17048,1056,3880,1
14176,-5260,6396,16180,-2544,2524,1
15028,-1504,3764,15820,1640,4252,1
16036,3316,2740,16196,-8716,1268,1
16460,-1972,4092,16364,-4188,4320,1
15868,-976,5456,16104,496,3640,1
15820,-6608,5408,16352,5428,1764,1
15808,3200,2936,15620,-7508,3408,1
14540,2444,8200,17240,-3288,5524,1
16788,4888,6260,16580,-2104,4536,1
16236,-868,6980,16008,656,4232,1
15496,-3420,5752,15872,-224,3332,1
15212,-1696,5468,15992,-1248,2380,1
16004,-932,5224,15968,-2732,3316,1
15808,-124,5868,16052,-2884,4528,1
15480,-1760,6316,16004,-740,3112,1
15260,-1096,6308,16352,-2980,3952,1
15796,-980,7020,15788,-10356,3192,1
16004,-1500,7796,18656,-8428,4064,1
15216,-3060,6776,17724,1092,3072,1
15488,-1928,5784,12944,-3676,6756,1
15532,-1604,5884,11096,4492,12536,1
15444,-768,9852,17584,3176,480,1
15168,-520,7588,16012,-3192,5172,1
15720,-136,7620,15712,-1152,2064,1
15260,-1900,6296,16116,-2868,1104,1
14876,1088,7508,16504,-912,-176,1
15640,-2480,5708,16296,-1504,1516,1
14280,6184,8720,16604,-2548,2128,1
15820,2400,8412,16392,-3164,1676,1
15656,5184,7176,16428,1296,2328,1
15880,-4096,7152,16132,3472,2232,1
14160,-10108,8328,17212,6624,4712,1
14916,2664,7356,16160,-2292,3620,1
15300,4132,8268,15764,-12724,1548,1
15644,2704,7012,16816,-924,3084,1
14972,-3392,7308,16536,1480,2980,1
15740,1064,7500,16212,-4068,2004,1
15232,2848,6940,16392,-2076,2220,1
14960,1320,6704,16392,-1292,2096,1
15064,-544,7428,16252,-324,1040,1
14956,-1048,7248,15888,1212,2176,1
15380,-5304,8416,16812,4632,3416,1
15348,148,7456,16340,-40,3360,1
15368,2316,7268,16480,-2572,1716,1
15608,2928,7208,15972,-7044,1544,1
15060,-1444,7592,16392,-3268,2132,1
15308,752,7588,16392,-1012,2464,1
15352,852,7008,16196,-1776,1056,1
15592,3028,7592,15976,-4592,244,1
15236,1356,6600,16448,-64,2328,1
15372,-3464,8136,16676,2504,2384,1
15116,-1352,7476,16808,-3172,2036,1
16424,-1600,7028,17936,-5448,1476,1
15556,-432,8072,15088,-2924,864,1
15520,-1308,6972,16112,-612,2988,1
15216,-2820,5064,14832,-6724,2468,1
14896,-2060,3820,13036,8732,8296,1
15396,-384,8600,25676,6660,984,1
15788,908,6620,15924,-4112,4292,1
15860,-1396,7048,15596,468,4772,1
17112,1036,7584,16992,-1064,4160,1
17224,-1764,4672,16796,-4,4404,1
15908,836,8168,16524,180,5264,1
16936,924,7444,16884,500,4000,1
14480,-1460,9600,16236,756,3328,1
14332,4312,8212,16240,1412,2604,1
14732,-1652,6568,16216,456,2160,1
15248,1556,6852,15900,1716,2372,1
14656,752,8916,16436,712,3384,1
9956,2068,18912,16400,128,3160,1
26748,2868,-328,16648,1892,4868,1
12528,-6440,5916,16588,2232,3744,1
13860,-2660,4064,16000,1208,3560,1
17224,4564,4436,16532,-4928,3004,1
16700,2624,4392,16308,-1572,4828,1
15516,-1496,4336,16244,-208,3916,1
14960,-3488,6136,16280,1072,2888,1
15816,-1480,6752,16536,-2388,4408,1
15760,-1804,5292,16400,-1884,3360,1
15784,2584,5412,16108,-888,2132,1
16168,628,5572,16216,1692,1644,1
15732,-372,5916,16244,304,1472,1
15676,-2656,6292,16696,1024,972,1
15640,-2144,7036,19528,-196,-432,1
16364,596,7128,17436,-2512,4852,1
15700,-1460,6680,15944,-3336,2692,1
15524,-1600,4820,15832,-896,3312,1
15548,-1860,4140,16004,1512,4776,1
15792,-1252,6176,12624,-4652,12980,1
16288,432,9240,32767,-1044,-240,1
15164,-6472,7616,17448,3352,-524,1
13900,496,8352,17448,2028,1364,1
16060,4852,7324,15952,-6796,2216,1
16152,-1440,7148,16380,-2136,2836,1
16596,332,7232,16424,-524,4140,1
16804,-1056,4232,16360,1716,3304,1
15592,3936,5536,15964,-20,1816,1
15012,-736,7144,16440,912,1840,1
10944,3324,9072,16132,1456,2236,1
8176,3800,19928,16128,628,3156,1
16424,-8528,5632,16732,880,5788,1
14496,5876,6544,16280,-236,3824,1
15412,-10156,4732,16040,2560,2944,1
15728,-688,2400,16148,420,2836,1
16936,4896,2136,16308,-4184,3620,1
16452,4360,4768,16156,-3196,3588,1
16600,-5536,5476,15992,2124,4356,1
15596,-5400,5200,16680,2852,3592,1
16524,2336,3020,15752,-172,3840,1
15944,3396,3712,16112,-2668,3264,1
16100,156,2948,16280,-2796,3600,1
15696,-6992,5728,16368,2944,4048,1
16312,-416,5452,16412,236,3500,1
16140,1476,4116,16224,-556,2296,1
16104,3992,1840,16096,-2436,2276,1
15484,-6012,2276,16128,-2180,2316,1
16156,-3344,2828,16308,-1116,2264,1
15944,-2820,4664,18008,-240,2728,1
16236,-540,7076,18856,-3404,1156,1
16080,-2048,5616,18100,-1960,3864,1
15904,-1304,4740,14928,-1288,2976,1
15764,-2748,4284,14564,-3500,4120,1
15672,-1508,3336,14480,1924,6168,1
16232,-1124,7548,25060,-3108,-2808,1
16256,-1588,6900,17084,-4988,1804,1
15536,-2880,4904,17360,624,3412,1
15000,-3876,4696,16304,2480,2000,1
15568,644,5784,16492,-1844,1244,1
15240,2672,5480,15940,-7580,2192,1
14920,-3488,7620,16584,4208,2848,1
16240,2636,5996,16508,-3264,1436,1
15604,-676,5844,16732,-272,2288,1
15484,-904,5972,16224,-2528,1240,1
15492,-716,5812,16620,1292,1064,1
15800,-1232,5444,16524,80,1288,1
15604,504,5356,16508,-384,640,1
15400,452,7556,17288,-120,-956,1
15432,-936,5836,17924,-2368,-2308,1
15120,-824,6648,12888,-4940,1652,1
15468,-2244,5932,15744,-1436,3196,1
15868,-1600,7252,12372,3352,8780,1
15436,-744,8296,14960,2756,2772,1
15884,160,5848,16712,-4112,4788,1
15356,496,6148,16056,-984,3348,1
14452,620,7932,15564,1608,1588,1
16244,1792,8468,16764,216,4380,1
14796,2528,7960,16352,-520,1080,1
14280,200,7612,15640,5980,-668,1
13956,792,6992,16284,2836,2624,1
15028,1704,7844,16088,724,3580,1
15356,2008,7756,16064,-536,5524,1
19368,-36,7832,16792,-5808,4592,1
15880,-712,6464,16436,8,4840,1
18132,-12756,6276,16416,-2172,4184,1
15412,10348,6552,16072,1760,2544,1
16544,-4576,7872,16120,792,2456,1
13644,-7128,10052,16032,1444,2208,1
13280,152,11780,16384,2840,1880,1
10400,8644,14932,15932,1284,2492,1
14828,7344,2340,16464,1804,3428,1
11764,-1560,1596,16328,1928,6796,1
15288,-1168,6324,16500,-2408,3116,1
15672,-6176,2928,15808,-1900,3828,1
16420,3408,1664,16316,-5564,3428,1
15956,-2172,2372,15928,1860,6224,1
15860,-2572,7300,16316,3740,3452,1
15704,-3504,5420,16376,1600,4520,1
16564,4276,2876,16432,-2020,3680,1
16088,1476,3460,16540,-3156,2612,1
15908,-4676,4008,15884,1488,3972,1
15672,-3372,6372,16452,1628,3584,1
16092,3568,3872,15868,-2864,3144,1
14608,-1616,6172,16664,-812,2524,1
15916,-1056,5636,17704,-1704,1184,1
16220,-2180,5316,21476,1748,-744,1
16204,-500,5628,15876,-1988,5396,1
16012,-1860,4532,12044,-1460,3800,1
15796,-1852,4516,9212,-4032,6980,1
15732,-3084,3424,15528,-2049,-1,1
16368,-2144,4116,17468,2156,13376,1
15524,532,6268,11400,1496,-368,1
15764,-3000,6792,16976,-344,5100,1
15352,-4204,5940,16180,4236,2932,1
15564,2324,4176,15656,-2220,-400,1
15440,4500,5580,16368,-8076,1412,1
15920,-292,5328,16992,1528,2512,1
15864,-7208,9400,16188,3780,3036,1
14720,-2988,6860,16628,856,3152,1
15868,744,5872,16588,-2012,1032,1
16144,2712,4280,16400,-1264,776,1
15308,552,5224,16240,96,72,1
15756,-4876,6240,16372,972,596,1
15288,-4000,5796,16716,-1624,720,1
16168,3668,5588,16880,1164,2128,1
15256,-2264,6484,14260,-3956,1188,1
15260,-1072,5964,16876,356,1508,1
15420,-420,5292,8456,-3220,9248,1
16028,-808,8780,14816,-668,536,1
15420,8,6624,15748,3024,4080,1
15316,-484,6812,17436,-2932,1144,1
15356,-8,5832,15604,-2568,1564,1
15900,-1344,5988,17064,-24,2384,1
15944,-1392,5836,16088,192,1024,1
17464,2596,4508,16816,4316,2976,1
17308,-256,3528,16820,-32,1760,1
16788,2144,5288,16168,-148,1936,1
15484,1476,7224,16852,496,1872,1
13140,676,10524,16400,1496,1128,1
11584,2032,12176,16632,-524,2632,1
16312,988,8016,16252,1824,764,1
9308,-3276,20972,16440,3240,44,1
25832,-2448,1720,17068,11860,2864,1
13588,7596,312,14392,-2372,3964,1
14508,-2104,4196,15952,-16468,2440,1
16500,-5840,8680,16768,1868,6984,1
14532,-5864,7724,16668,5716,5660,1
16500,2420,5472,16028,-2820,2420,1
13688,2556,8428,16420,964,716,1
17832,6896,5700,16908,-1052,1548,1
15564,1516,8512,16204,-164,1980,1
15304,-7328,7536,18960,1596,1360,1
15692,-3164,5764,21208,2148,692,1
16216,148,6460,10764,-4092,9000,1
15460,-1468,5096,8724,-4680,7596,1
14588,-1516,7232,19636,-2100,-8400,1
15388,-1396,6960,14404,3796,2244,1
15344,-1044,8020,17588,972,1004,1
14288,-2932,8952,17032,856,3392,1
15196,-7176,8852,16404,-1872,3968,1
13152,6408,7880,16148,-364,2776,1
16952,-3500,14136,16712,-1212,1872,1
19896,2564,8316,17076,148,3488,1
14324,2592,7356,17108,1108,-1460,1
14688,-4612,4876,16896,-4056,828,1
15300,-120,5984,17624,-2900,-1120,1
15300,-1452,8420,15784,-2120,3076,1
15448,-1304,8028,11760,-2672,17220,1
15560,-2728,8660,27784,8944,-368,1
14740,-892,6832,18144,-28,-940,1
14844,-1952,6752,14176,4124,1564,1
15228,740,6880,17184,-12416,1348,1
16552,1536,7716,16396,-7128,1376,1
14900,2628,11212,16800,-1840,1104,1
15672,-3000,3020,15956,-1392,3116,1
12700,3424,8976,17044,20,1432,1
11712,3300,17972,16028,1560,-1700,1
25188,8324,68,16016,488,332,1
12552,304,6572,16720,2768,2640,1
11056,-7540,4440,16528,5080,1072,1
18724,2764,5416,16232,-5396,1680,1
16984,3936,5804,16232,-10500,3572,1
15408,-1640,6600,15808,-6140,2548,1
15160,-2192,6788,16900,1184,2408,1
15572,-2644,3284,15976,9876,6884,1
16240,-1172,4992,15448,672,8824,1
14444,484,7420,15924,-4988,3756,1
17900,1768,9076,16676,-10704,1012,1
12888,-3392,11456,16532,2904,5288,1
15716,-4672,8308,19096,3112,2380,1
15460,2952,5628,21680,-1192,-888,1
16056,3432,6000,14440,-2604,3368,1
15176,-2356,5764,10380,-6080,6372,1
15688,-2260,4660,14864,-1224,6856,1
15900,-92,4852,18764,500,21348,1
15632,480,5980,13548,20,528,1
16556,3400,5196,19720,3472,2524,1
15260,-548,6704,15980,-152,-988,1
14728,5560,6332,16632,3132,5212,1
15212,4300,10380,16948,-11692,3972,1
15908,6708,8376,15816,-5676,2996,1
15156,-7584,7972,16900,8452,3820,1
14768,972,6428,16104,2536,3232,1
15804,5428,6392,15756,-9108,2708,1
20080,-92,5572,15952,-8620,4728,1
21356,628,3780,16996,3988,7796,1
14008,-1476,13036,15964,1332,4896,1
14988,-7300,2628,16340,-388,2752,1
13144,140,6264,16168,-504,1352,1
17392,5516,10444,16248,692,2112,1
13216,2196,26512,16160,172,1148,1
32767,-7028,-4312,17288,1704,7180,1
15928,10560,1884,15880,-988,2924,1
16352,-6572,3336,15820,-1664,660,1
16012,-1128,644,16388,3660,3700,1
16444,-2540,2520,16232,-632,3108,1
15608,96,2812,16096,-1824,3796,1
16880,7432,3668,16028,-5176,4612,1
16280,-3864,3824,16208,-2800,4628,1
15892,-8376,5676,16488,5828,5668,1
16384,1112,3764,16108,1012,5044,1
15808,6140,2512,16056,-8464,3928,1
16076,-744,3836,16248,428,3404,1
15900,-5732,4480,15904,-920,3884,1
15976,1044,4012,16140,2704,3532,1
15920,556,3636,15492,-1048,2548,1
15416,132,3296,15840,-804,800,1
15884,212,5256,19308,-664,3540,1
16064,-4240,8064,24792,-1204,1188,1
16176,-1260,8212,14124,-1188,9048,1
15796,-1236,5484,13932,-3964,2628,1
15872,-1764,4768,18120,-2916,10128,1
15640,-1264,6972,3616,-8028,4900,1
14900,-3524,7084,14924,1344,5256,1
15736,3524,5568,15220,-5392,-516,1
15808,2736,7380,16740,-5236,504,1
14988,-1456,6556,18472,-388,384,1
15252,-804,6744,15288,-1508,2524,1
15088,-1084,9704,10960,-3160,18164,1
14232,-1832,9184,16268,-984,3500,1
15644,-584,7136,16060,356,412,1
14892,96,7096,16828,-324,336,1
14892,-3644,6748,16372,3492,2100,1
13712,116,7160,16412,-640,3168,1
14220,1728,8940,15952,-3944,3164,1
14648,1024,9824,16812,-2620,2980,1
15000,496,11092,16324,1744,3612,1
15692,2284,8428,15556,-6912,2336,1
18564,1796,7520,16096,-6044,3744,1
20028,-1988,2996,16900,4956,6704,1
18028,-472,6188,16156,1916,2388,1
15532,-3576,6164,15880,-2404,680,1
12988,2816,5668,16272,2196,800,1
12968,336,9480,16312,4920,2140,1
14212,-3780,11084,16372,1464,2688,1
13592,4840,11520,16228,520,1512,1
4868,6344,24924,16180,-2072,2716,1
27448,-8000,-260,16464,1260,1380,1
14752,-2072,6572,16488,2848,2984,1
14972,-8508,4980,16516,5588,2520,1
16476,2176,4080,16388,112,3896,1
17872,8128,2816,16448,-11068,3416,1
14524,-3488,6048,16356,-2596,3668,1
15464,-3712,8404,16076,2492,4384,1
16460,-4928,6360,16748,6432,4120,1
15676,1444,5292,16000,664,1208,1
16196,1812,3572,15856,-3548,624,1
15888,-1628,5976,16732,-2836,1236,1
15756,-2060,4732,20364,92,3548,1
15500,-3424,7820,19508,-3764,3224,1
15656,-332,7472,14856,244,4428,1
15536,-1700,4952,12868,-4348,3236,1
14844,-2352,2868,12808,-1592,4728,1
16540,-424,7996,14432,1608,180,1
15612,-1164,7600,14084,2688,5504,1
15304,-720,6744,17496,-4200,584,1
15180,-628,4768,16744,-612,-176,1
15308,6836,7108,16148,-8892,912,1
15008,-3040,7164,16636,16,1904,1
14932,-7552,7504,16784,5976,2816,1
15652,1324,7524,16420,940,2588,1
15512,1392,6072,16276,-3400,2136,1
15688,720,5120,16132,-8312,2864,1
16384,-1416,2524,16308,-3560,2148,1
22088,1636,4160,16316,1588,3020,1
11872,-3128,12148,16532,-392,2164,1
12556,328,5036,16484,-1064,2628,1
12004,2220,10704,16240,3244,564,1
10908,-4760,16668,15636,1716,-592,1
12036,17068,10892,16676,-512,2904,1
9628,-4528,3688,15268,-2848,2884,1
20048,-1648,2160,17388,3856,8416,1
16056,-12248,8264,16460,2612,6516,1
15064,-4272,5340,15808,-524,6068,1
15996,11632,4092,15932,-11728,2220,1
16180,-1180,4236,16072,1588,3320,1
15692,-8744,8944,16392,6656,4700,1
15244,-1656,6396,16112,-1296,7436,1
15744,5864,2640,16412,-2544,2732,1
15684,5120,3856,15660,-1680,80,1
15604,-7828,4644,16060,2584,-72,1
15836,1212,4788,16524,-368,808,1
16784,1460,4496,16932,-3004,1396,1
15736,-5844,6400,22680,-4332,-1656,1
16232,-384,2624,19096,2512,4860,1
15792,-2280,4920,10316,-2272,7168,1
15460,-3216,3284,10512,-6944,5220,1
15384,-1840,4672,15868,3176,8212,1
15616,-1068,3216,14488,-5656,10988,1
14924,-2280,10064,27132,3448,-2256,1
16600,-1380,5728,20256,-1672,6760,1
15000,-1692,8200,15980,740,2640,1
15848,-3020,6532,16992,-304,1612,1
15016,64,7176,17052,-3120,952,1
17100,8656,6596,15572,-11744,160,1
14456,-5536,7444,17260,3808,2520,1
14928,-9492,9260,16172,9976,4712,1
15568,1780,6288,16292,36,1616,1
16288,2828,5808,16436,-9368,4,1
15024,-3440,5760,16584,3392,2264,1
15180,-4952,7080,16732,2796,2852,1
16028,-1464,6800,16704,800,3312,1
15188,6368,7268,16400,-10716,1972,1
15488,-3892,7100,17048,1892,2240,1
15136,-1868,6384,16060,3004,2716,1
15400,556,6192,16576,-92,1392,1
15640,-584,5204,16244,-2400,2328,1
15540,-1148,7860,17068,4008,4432,1
18964,16,4128,16312,-6576,2804,1
20380,-8992,-2384,16020,128,1500,1
14392,904,4860,15880,-296,2172,1
16804,-1976,4780,16584,1920,2076,1
12860,-1924,21984,16560,-692,2924,1
9204,4480,21508,16840,536,3220,1
21480,-5988,2932,16376,408,2328,1
14528,1716,3932,16336,-160,-492,1
15048,-4912,1348,15604,4700,4020,1
15132,-10308,4964,16192,-132,3792,1
15860,11272,3652,15520,-20492,4200,1
15968,-2576,11500,17044,3860,7532,1
16844,-1524,7324,16516,8876,4032,1
15244,-980,5156,15604,1324,3220,1
15364,-4432,3640,16368,-3700,1844,1
15100,-4148,5796,16128,-2188,-88,1
15400,2928,5744,16356,160,3608,1
16508,11556,7864,16432,-3584,2888,1
16592,2072,6096,16276,284,2036,1
13536,-14088,2552,17136,4804,1352,1
14708,-7856,5784,14508,-284,4988,1
17140,7252,4832,13620,-5496,8656,1
15960,5284,7220,18540,-5396,5248,1
14568,-5204,7164,15604,-3280,5828,1
15440,-3896,7916,15560,5872,4848,1
14920,-5416,8004,15548,2168,5040,1
16856,9592,6880,14496,-8496,4760,1
14364,-3512,7224,15960,-640,5036,1
15804,-6016,7080,15444,1980,5544,1
15492,-1476,6888,15292,316,4316,1
14696,2872,6708,18016,-4704,1008,1
15668,3108,4568,22964,-1256,-372,1
15072,-4820,7724,21056,-736,1616,1
15716,-2792,7548,9552,2936,4784,1
15268,-968,6480,8732,-6548,10516,1
16872,-1576,8400,16988,-1248,2576,1
15248,-988,8000,17412,-340,3724,1
12988,-5424,9348,16388,5064,912,1
19228,-3076,5748,16020,2812,2816,1
14120,6316,6632,16372,-7916,460,1
14920,4328,7116,16840,-5044,3900,1
14540,-7148,8800,16340,3364,2880,1
15288,-1936,6884,16584,3812,3352,1
15740,2296,8156,16396,-2080,1912,1
15392,1088,6332,16216,-588,2456,1
15388,-1240,4828,15616,-1992,1788,1
15620,-1224,4676,15828,-4124,1404,1
20360,-936,2332,16880,-5708,5104,1
14268,-3104,4184,16364,3624,3944,1
12752,60,4944,15880,2120,1368,1
14964,3168,12648,16160,-164,884,1
13432,7220,22056,15980,-72,1796,1
13216,200,4736,16136,-20,2580,1
18644,-4256,6624,15932,4592,3244,1
13068,-352,5344,17244,3900,5180,1
16464,-2256,4392,15968,-2968,4272,1
16332,7124,5152,15960,-11476,2296,1
13860,-7736,8064,16236,7236,6420,1
15508,-4780,7544,16624,7580,5092,1
15380,-2444,6468,16360,-2204,4016,1
16112,5676,5980,16244,-4824,2644,1
15656,-2928,5656,16208,2760,3856,1
15096,-4312,7228,16208,1212,2384,1
16604,3416,5196,16328,-1072,2736,1
15896,7980,4532,17276,-3016,2216,1
15540,-8788,6796,18928,996,1056,1
15000,-900,6164,18608,-132,4424,1
16104,-596,6792,14540,728,3412,1
15612,-1512,6368,12216,-4420,5228,1
15264,-1576,4200,14344,-1744,6992,1
15708,-1968,4768,16856,1428,17060,1
15612,1348,7732,29432,-12884,-4224,1
16148,-7576,11140,16244,7716,2892,1
14864,-7092,8400,17236,-1000,2908,1
15492,-68,7604,17168,4012,1256,1
16640,7596,5944,16596,-10912,280,1
15012,-4760,7324,16408,64,1104,1
15312,-2868,7008,16376,5820,3080,1
15540,-1344,6372,16244,652,2504,1
15380,52,6176,16280,-60,1564,1
15392,-1004,6240,16308,-1848,1524,1
15484,-1120,7396,15924,-6732,3304,1
16044,-1020,6720,16464,-1896,3164,1
15992,-1756,3980,16220,1492,1076,1
10124,604,9132,16616,-304,2524,1
11496,180,5112,16452,2136,1824,1
18708,120,9204,17004,364,3072,1
17836,4412,27572,16424,-2284,1472,1
11148,3160,6084,16668,2728,904,1
17152,-6584,5480,15672,3712,1156,1
14660,2020,4348,16644,3824,4044,1
15492,-7108,5808,16104,1452,3252,1
15776,2352,3560,16168,-9748,3768,1
17292,10228,3952,16404,-3024,4332,1
14480,-8792,7428,15968,3436,4836,1
15196,-3616,8136,16204,7388,4496,1
15892,-1184,6984,16300,648,4480,1
15536,6484,3972,16332,-5004,3180,1
15740,3464,5204,16088,96,2688,1
15296,-7452,9028,16280,3904,1912,1
16288,-3896,6308,16120,1584,3892,1
16248,-124,9640,16628,-672,3992,1
14936,11428,3868,16304,-1504,3228,1
15868,-2036,3352,15884,-2008,-408,1
14788,-8904,1412,17636,3556,-1080,1
15972,1032,4212,23960,-2132,-2480,1
15688,-1500,6760,16456,676,7728,1
15936,-848,6956,11272,-3412,5516,1
15840,-1032,6088,14844,776,6548,1
15444,-1872,2684,12104,-1824,11036,1
15012,-1580,6316,19176,-7064,-13088,1
15780,-1216,6756,17168,-3484,1816,1
15544,-36,6740,16240,-592,264,1
15952,3688,6124,16544,-4124,3212,1
15800,480,6280,16896,-4600,896,1
15220,-4048,6052,16308,1012,2540,1
14888,-7620,8044,16572,3764,1576,1
15396,836,7476,16504,3136,2100,1
16012,6280,6648,16676,-2968,2180,1
15276,1812,7328,16416,-7068,1220,1
14444,-7316,7564,16764,2000,1612,1
15312,-7048,7176,15772,2476,4144,1
15520,124,7840,16260,2900,2672,1
15968,4832,7264,16476,-10308,3980,1
15644,-8,5548,15828,-2912,1092,1
18380,216,3376,16696,3048,-644,1
20880,-3076,-492,16480,3944,1524,1
17568,-2160,5328,16696,2080,2252,1
11776,-3388,6616,16704,-4932,1176,1
10360,5872,5436,16520,2524,1080,1
14020,-252,12084,16388,212,1028,1
17504,-456,32767,17012,492,2836,1
23300,-12868,-248,16832,-348,4556,1
14140,4968,7440,15784,4452,1484,1
14360,-2516,6136,15724,6008,5760,1
13704,852,3124,16616,-6864,6480,1
16384,476,4768,16576,-10700,4968,1
15812,-3424,6152,16168,-5860,5732,1
15264,-7720,7024,15420,9328,5636,1
16008,-980,6348,16312,2928,4120,1
16248,10884,3512,16208,-6864,3540,1
16600,-1236,5772,16500,-2272,3020,1
15468,-4184,5184,15960,352,3560,1
14416,-7700,6776,16292,612,3924,1
14672,-3416,9092,16432,-1940,6148,1
15888,1048,7912,16320,-756,4568,1
15876,4804,6428,15800,-900,3720,1
15500,1552,6328,15828,-860,3312,1
15596,-1628,5228,15768,-960,3056,1
15020,-4520,7312,16332,-744,4376,1
15616,-2172,7104,18904,-896,3732,1
15820,-1004,8216,19176,-5516,2184,1
15472,-1700,7304,15192,764,2868,1
15224,-2892,5996,14336,-1892,1768,1
14140,-1900,7812,11248,-7832,4336,1
15244,-984,6792,13848,-1212,6104,1
14752,-2436,6664,9936,-2636,16220,1
15060,-7652,11432,16848,5836,4136,1
15284,1676,8132,16228,1036,3296,1
15020,4716,7452,16724,-7752,1936,1
14920,-1728,8388,16612,-6144,568,1
14856,-3248,7788,16628,3552,1888,1
15300,768,6288,16384,-1364,960,1
15256,-220,5368,16068,-868,-628,1
15832,4368,8160,15484,-13664,2112,1
12720,-4988,10156,15296,1488,7692,1
15668,-9120,9624,17220,15680,8892,1
13868,396,9380,16016,7452,4660,1
14156,5156,7772,14556,-10492,2124,1
14880,3996,8968,15452,-2988,4556,1
16248,-4872,6848,15904,5308,5140,1
16000,-1260,6736,15980,3260,6080,1
22540,1840,2724,16016,-10668,3740,1
18468,-2236,5992,15864,72,5936,1
10828,-816,3196,16412,3748,4320,1
10076,1036,5000,16144,1052,3588,1
11864,-636,13932,16332,-1416,1872,1
22224,6076,32767,16764,768,4372,1
16580,-5072,-1448,16388,1264,3376,1
18368,-1020,5144,16488,1380,3872,1
11672,-92,3324,16384,-996,3452,1
16368,-5560,5212,16192,-152,2724,1
16192,-1532,5216,15976,1440,2764,1
15720,-3180,5432,16140,3172,3848,1
16928,9028,2248,16172,-4532,5104,1
15772,2104,4084,15836,-8720,3632,1
15716,-3844,6332,16548,1572,4244,1
16048,-8100,7124,16228,6900,7060,1
15748,80,5672,15616,-980,5536,1
16008,-120,4504,15708,-4780,4068,1
16300,1660,2812,16100,172,4604,1
16080,7324,2924,15768,-1660,3940,1
15992,-5264,3996,15956,-1148,3472,1
15168,-9264,7396,16132,1336,2552,1
16012,-2432,4036,16004,396,4576,1
16076,3888,5680,15876,-3292,4220,1
15636,3632,7352,16160,-3512,4300,1
15552,-3264,5672,16880,2796,4820,1
15276,-1868,7504,18648,1008,736,1
15644,856,6400,20336,-3000,1868,1
15860,-4196,6504,15732,-3868,6616,1
15200,-4500,5200,15212,-1692,2240,1
15404,-516,3652,16368,-1144,4788,1
15328,-1480,5700,13900,2172,8412,1
16216,-2036,5980,12868,-9732,24504,1
16156,-796,7836,32767,12040,1176,1
15652,2744,4624,19344,-4324,9096,1
15344,-5460,9912,18428,52,524,1
15196,-9368,9680,17576,5620,2096,1
14500,-1120,8668,15488,2328,3408,1
15088,4540,7264,15992,-5136,120,1
16284,9352,6224,16600,-8264,2332,1
15204,-7052,8988,16456,6012,2660,1
14264,-4764,7120,16332,4232,3508,1
15720,808,6264,16516,-240,2844,1
15332,2440,7028,15860,-12136,44,1
15416,-4104,9968,16880,14604,8044,1
14564,1900,6876,15596,-2756,4104,1
14308,-1144,7656,16668,1736,4688,1
15080,-1888,9464,16284,3252,5520,1
13440,1620,10104,16796,-10096,-92,1
15788,-1436,7872,15068,3580,6880,1
12460,-4260,11468,16160,176,4964,1
15872,548,8648,16996,920,5404,1
14728,208,7560,14092,644,6516,1
15792,4452,8176,17780,-7376,3632,1
22168,-980,2464,16436,-268,11788,1
24168,-2420,3828,16388,-1224,6620,1
10672,-4700,1632,15712,1772,-1160,1
10080,4348,3000,15048,4080,-6580,1
10396,28,15872,15824,2552,-2364,1
13376,3664,32767,17536,-1024,6300,1
11496,-9856,12220,17052,1900,5128,1
19976,-88,8372,16652,4916,5336,1
15764,-10364,3820,15608,224,2748,1
12748,7896,-1664,16724,-11396,4924,1
15992,-5364,4528,15704,-3276,4140,1
16384,-2212,5404,16780,4880,4792,1
16036,-2960,5792,15580,5608,7360,1
15904,1768,5204,16076,-5880,3468,1
16024,-4460,4364,15956,-4,2124,1
15600,4248,3848,16236,-1556,3848,1
16148,1860,5444,16228,-868,3224,1
16536,2704,2892,16412,-232,2004,1
15164,-11060,4728,18364,2316,1852,1
16796,1004,2612,22008,620,1084,1
15176,-5592,-876,17332,-4180,-260,1
16036,3812,6012,11048,-560,5028,1
15436,-2824,2960,15316,-5224,6208,1
15084,-4508,1348,12176,3040,11860,1
12068,-1264,16400,5312,780,-1244,1
18412,2212,9880,17756,-5356,7460,1
15448,580,6140,15568,-880,2044,1
15260,364,2244,15000,1232,-1620,1
14148,-9924,6120,16504,3496,-1388,1
15268,-4072,7744,17356,4448,5924,1
15908,152,7716,16772,-1088,3092,1
15888,5592,7068,16516,-8584,1184,1
15892,716,6664,16608,-1612,1276,1
15104,-3700,6484,16288,4360,1840,1
15468,-7628,7568,16392,4892,2388,1
16256,1828,5592,16048,-788,212,1
16176,6308,5180,16128,-9568,1540,1
14764,-1732,6752,16972,-684,1512,1
15556,-4352,6380,15948,2628,3868,1
15488,-2564,7688,16780,5216,5268,1
15332,404,6180,16932,3128,3676,1
16296,2492,6452,16760,-5684,3628,1
17956,1656,4784,16300,-5912,1024,1
22544,-1148,28,16584,5152,2012,1
14496,-1840,9320,16272,-1156,-424,1
12672,-7108,2260,16536,4308,704,1
15796,3436,10844,15872,484,1244,1
14100,-272,28704,16936,1800,5024,1
28044,-12444,-7556,17280,-1308,4792,1
19432,6840,5928,15928,1464,1320,1
12728,-2096,3660,16012,1344,1240,1
16840,-1712,3000,16500,1312,2148,1
16012,676,2632,16332,-1464,2852,1
15904,-3312,5340,16360,-40,2936,1
16256,-4748,5088,16508,972,2608,1
15880,1592,4800,16344,-3308,1852,1
14396,7492,10296,16292,1496,3616,1
19092,92,7776,16804,4920,5704,1
14772,-4172,5660,15548,-816,4068,1
14268,-6068,4140,16364,-2332,1808,1
15844,-744,1988,16276,-3264,1636,1
15952,-436,5728,16408,1440,2628,1
15356,4924,7912,16280,204,3524,1
16556,6160,6556,16484,-508,2928,1
15196,-2732,6692,15776,-332,1760,1
14664,-9880,4080,16460,2420,1456,1
14804,1812,6064,16840,-1636,5624,1
16732,36,7652,18368,-2088,2880,1
14548,-2856,8232,22368,-7676,-4932,1
15888,-684,3896,12784,1412,6808,1
14308,632,2052,10128,-788,18380,1
15964,-4356,9236,32767,-4544,-6796,1
15280,-3668,10600,18524,-3688,2500,1
14736,-1608,7436,16312,6220,2376,1
15292,816,5912,16384,-3504,108,1
15644,1656,4820,16520,-2588,-1876,1
14444,-9708,9432,16036,9928,4732,1
14064,-2440,8456,16448,-2948,1096,1
14984,-3688,7744,16480,3584,3636,1
15420,-3316,8348,16800,80,2908,1
16052,4400,6612,16276,-3148,2024,1
15016,-1484,7020,16584,-2928,1812,1
15540,-1412,6168,16248,288,1884,1
15420,-380,5948,16496,3268,3468,1
19044,-1044,5076,16876,-900,3268,1
19832,956,4404,16608,1252,3024,1
12932,-2376,11944,16820,-892,2196,1
13040,-1564,3584,16524,556,1504,1
16568,12,6768,16308,1732,1908,1
16056,-120,12680,16480,400,-536,1
9292,7580,11228,16328,2112,2404,1
14136,3016,6504,16416,1052,1888,1
17008,-4212,3928,16644,2128,4324,1
16900,2808,4368,16400,2136,1128,1
17820,-3572,2100,16216,1596,1244,1
14924,-2788,6608,16496,1096,1168,1
14244,544,5308,16476,-1232,3772,1
17368,3640,6356,16596,2116,2616,1
15780,11872,4776,15844,2568,1424,1
16064,1448,4308,16544,-112,-380,1
17124,356,4044,16260,2612,1008,1
14272,-4244,8104,16136,1972,2120,1
15488,1112,7616,16356,2432,2868,1
17264,-8544,7772,17008,-1360,5052,1
13808,4056,3696,16832,-1432,3896,1
16692,-464,5800,16088,-1944,1268,1
15464,-2500,352,15776,744,3548,1
15948,-2252,-1780,17028,1196,1396,1
14488,-576,3932,16668,-6896,3400,1
16820,988,3460,16220,92,3844,1
10004,-2436,14736,16100,-5700,2752,1
20976,-3340,5352,16732,5756,8700,1
14124,-4212,9248,14856,904,5928,1
18320,-4852,8284,17912,408,2568,1
12716,-600,8652,15328,448,3760,1
19596,6592,3964,16720,-856,4144,1
14300,-6900,6400,22520,-1240,-2712,1
15880,260,5900,20964,-2052,1968,1
14756,-1992,8620,11364,152,7452,1
15580,-2528,5912,8336,-3796,5816,1
16244,-1888,4920,14324,-728,18828,1
14128,-3248,9720,31028,-4148,-7916,1
14708,1948,6248,16156,-772,2720,1
18464,-1544,5740,17208,212,1080,1
11116,-7300,10796,16860,5816,2192,1
15544,-4192,6508,16644,1308,3404,1
14988,880,6132,15992,-1612,1796,1
14612,7588,7632,16944,-13848,1488,1
14556,-3144,7956,16404,5416,2296,1
15596,-908,7544,16876,4892,3796,1
15048,1140,7540,16520,-1792,2192,1
15704,2036,7512,15624,-9812,1660,1
15536,160,7184,16184,-4164,2544,1
15240,-4152,5736,16168,4072,4448,1
15960,-844,5940,16232,4780,3724,1
20372,-1328,5084,17000,-1036,3940,1
18272,1392,6264,16572,-1860,2700,1
13320,-2912,9908,15884,-464,2952,1
12116,-3064,6284,16100,1352,2592,1
14044,1280,6008,16140,1128,3960,1
15504,-4560,9204,16344,-1416,3444,1
17324,2216,9020,16412,296,5300,1
14012,848,18496,16400,1428,2672,1
7984,4916,17064,15852,-3088,2300,1
23824,-6412,1348,16520,7116,4504,1
16116,-6816,3696,17084,3108,3156,1
13936,1892,4336,15868,-4192,3776,1
15968,176,4412,16320,-2788,4452,1
14940,-4884,7724,16432,-1628,4316,1
16592,832,4752,16284,1632,5280,1
15584,-2064,5812,16184,664,3000,1
15932,8,4944,15960,-1260,3868,1
15696,-864,5588,16048,-748,3244,1
15720,-3632,5856,16048,324,3964,1
16236,1896,4684,16392,-2400,3824,1
16272,-1604,5464,16432,-660,3892,1
16200,-1244,4712,15812,1080,4948,1
15332,-1488,4912,16248,-5560,3276,1
15780,-2304,4536,18520,4936,940,1
15492,-2212,4748,16412,-896,3436,1
15732,-2276,5980,18812,-2896,356,1
15752,-2804,5624,19704,2624,644,1
15824,-1460,5820,15812,-2008,2624,1
15524,-2456,5300,14684,-2020,2300,1
15824,-1640,5016,16168,-752,3876,1
15072,-2484,6428,14392,-320,3904,1
16040,-2740,7308,15412,-1832,6448,1
15164,-2216,9144,19468,-2100,-996,1
15732,-1360,6936,17800,668,352,1
15476,-1204,6272,16312,-1584,-320,1
15020,-1480,6032,16608,-2788,-1928,1
15452,-2272,4764,16572,-532,-396,1
14860,-3196,9124,17372,896,116,1
15488,-124,8136,16240,2536,800,1
14956,-396,7664,16248,-2104,1088,1
15200,140,5728,15708,-5064,772,1
14840,-2276,7036,16976,-1036,1936,1
14612,-996,6312,14980,-2880,3672,1
16060,-2184,9876,17148,3884,6720,1
15824,2416,9504,17152,-1556,4600,1
15188,768,8836,17332,-1316,2492,1
14588,-396,7976,16364,-1396,1460,1
16348,1532,5052,16340,2836,1368,1
16796,-1260,5240,16484,1376,1680,1
16724,-684,5608,16588,-316,1948,1
16908,2288,3776,16516,-184,1680,1
17608,-140,4880,16572,744,1672,1
16956,752,7008,16620,1360,1524,1
14208,2960,9628,16736,-56,2228,1
13408,-432,7516,16776,192,2396,1
14840,760,8456,16464,716,2520,1
10588,968,15308,16368,500,2296,1
26092,-636,-856,16772,684,4460,1
14648,3632,2564,16392,-612,3212,1
16424,-4512,3520,16180,-1080,1208,1
16316,980,3568,16408,-624,1784,1
16580,-1128,3064,16248,-640,1612,1
15984,-1604,3812,16720,-1376,1508,1
16000,12,2224,14020,3024,5892,1
15604,-2776,3772,15464,-7548,5824,1
15892,-2084,3008,16260,-1656,3440,1
15940,-1216,5512,15684,2344,2752,1
15776,-1444,5600,16060,-6624,4564,1
16092,-964,5548,17876,4216,3612,1
15996,-1752,6240,18284,2168,3692,1
15868,-1380,5588,16544,-376,2132,1
15964,-1448,5408,16336,-1052,1488,1
15684,-2484,3456,16104,2436,2912,1
15452,-2184,4392,16304,-2340,3972,1
15892,-1096,7052,12100,-3368,8344,1
15492,1268,6268,16500,-5512,1356,1
16040,-900,5916,16960,2700,2504,1
16416,388,5284,16424,528,2272,1
12348,-7900,10548,16008,3972,-544,1
13364,-2272,7412,16520,3108,860,1
16740,3024,5356,16776,220,2968,1
17052,8952,6152,16360,-10540,1136,1
15076,-5076,7480,16876,1492,1788,1
15212,-3856,7292,16076,4124,3616,1
16356,1492,5936,16424,-468,2244,1
15400,3648,6804,15964,-6884,1356,1
16016,1964,6732,16808,-1336,2420,1
15568,-4036,8004,16064,2240,3348,1
15816,504,6956,16568,-1088,2700,1
15944,3128,5988,16368,-5376,2056,1
15544,1988,6224,16448,-2584,2296,1
15016,-3076,6352,16448,2184,3228,1
15884,-2856,7104,16344,2792,2228,1
15540,-920,6840,16568,-1612,2492,1
16252,2396,5348,16500,-828,1496,1
13696,5336,9700,16392,-1828,736,1
13864,-736,10392,16556,832,908,1
18052,5092,6308,16824,676,2208,1
13212,-5000,6948,16388,-456,1548,1
15104,1260,5592,16412,-1500,492,1
15576,-1084,4916,16456,-952,-60,1
15448,-1676,6192,13928,-8196,7852,1
15392,-1304,5416,11028,3124,6912,1
16608,-1456,6556,32767,9624,-5596,1
15996,-168,4620,5504,-8564,5656,1
17268,-2552,5852,16916,10120,2280,1
19088,-1624,5376,17420,-1208,5416,1
13820,296,10232,15548,-2216,4176,1
15176,-1212,5556,16544,2364,5240,1
15104,-884,7268,16384,-592,3456,1
16816,-1648,7520,16488,2028,3484,1
15668,-2632,9388,16340,1492,1380,1
13164,2460,7592,16448,728,1976,1
12460,2020,8176,16268,720,756,1
14964,-1528,17972,16876,160,3940,1
16260,3832,3528,16432,596,4192,1
18924,-6808,4428,16224,1184,2268,1
15180,1424,4224,16252,-276,1340,1
15008,-456,4396,16396,-2012,2792,1
16224,-696,5832,16648,-128,3300,1
16604,1516,5796,16548,-1448,2936,1
15816,-2484,5464,17028,-2168,1516,1
15548,-1828,4764,15320,-6352,3152,1
15736,-1808,4408,14628,-5064,7704,1
15960,-1536,7272,12556,7380,3928,1
17228,-3340,6980,32552,7800,3580,1
15456,-460,6568,9556,-6040,152,1
15792,-324,3128,16504,2392,2412,1
15312,-6300,5092,15756,9108,-236,1
15740,2716,5776,16772,-3800,2740,1
15688,2432,4464,16552,-4896,2444,1
15320,-2764,7220,16604,-2352,2212,1
15536,-6380,6612,16792,4796,3804,1
16028,-2988,6372,16436,3000,2916,1
15864,1400,5160,16572,-4024,980,1
15696,4360,5776,16092,-3796,912,1
15776,-4172,6928,16588,3808,3532,1
15652,-7728,6784,16756,5532,3448,1
15952,2792,4956,16188,-748,1212,1
15744,4904,4524,15444,-11776,780,1
15372,-4916,6488,16892,3980,2776,1
15524,-7824,6748,16436,5120,4736,1
15900,1988,6520,16540,1944,2388,1
15760,3564,5980,16088,-5692,1896,1
15596,-2356,5072,16808,1168,2108,1
15180,-3420,3876,15996,1352,2108,1
15680,-2972,4792,16668,-2648,2108,1
17552,-2844,5432,16536,-1592,4348,1
22368,-3328,3852,16528,-1296,4584,1
13448,-1028,8488,16460,1352,3796,1
11284,2740,7588,16248,1608,2380,1
10284,-9860,6832,16452,1468,3452,1
17976,8920,7064,16332,-1140,2092,1
15044,-9788,7776,16504,-304,3592,1
12116,4528,12188,15980,-484,240,1
19064,8056,-3932,16736,2072,4000,1
7112,-212,1568,16268,-552,2368,1
15420,384,3696,16472,-2536,448,1
15888,344,2468,16740,244,2804,1
16268,-3044,2372,16164,-2912,2920,1
15892,-2056,4020,16436,-2948,2236,1
16016,364,3836,16400,-9224,2072,1
16296,-2036,4272,17276,-828,2156,1
15992,-2172,4412,16532,-808,896,1
15972,-4572,4776,16120,-1036,1788,1
15940,200,4196,14116,-1308,2720,1
15980,5492,3104,16632,2812,-3836,1
15532,-2540,5596,14516,-480,1116,1
15368,-4424,6936,17184,-1396,2188,1
16208,-1160,6928,16784,148,1372,1
15880,-2812,6228,16352,416,1504,1
15328,332,7408,16620,-596,1604,1
15588,-440,7268,16620,4092,20,1
15604,3236,6992,16512,-4808,396,1
15624,452,5840,15924,-6572,276,1
15236,-3328,7460,16520,-5692,1424,1
14604,-4744,7876,17032,936,1880,1
14772,-1028,7668,16308,476,2964,1
16644,1692,6676,16360,-968,2472,1
14896,-744,7900,16700,-4076,1984,1
16536,-1100,6032,16424,-1092,384,1
14216,-2632,7776,16620,624,1204,1
11108,-684,11468,16272,516,1412,1
20852,940,6200,17352,1732,4188,1
14448,256,5952,14008,-1688,5456,1
14852,-3772,6384,17472,2596,2232,1
15084,-2064,5684,17488,3696,360,1
15476,-548,5616,14308,-6068,1412,1
15912,-196,5824,15936,-5932,1360,1
19628,-2428,5388,16632,3008,4576,1
17816,-268,7204,16708,-72,3244,1
12768,-876,10496,16232,-684,2328,1
13416,-612,6592,16716,1244,3032,1
11884,-1080,8504,16520,936,4072,1
16252,5524,8056,16580,-564,3332,1
14272,-10144,7896,16368,1016,3248,1
16948,4924,9788,16180,1360,1648,1
6936,5884,16568,16336,1184,3240,1
22900,-880,3880,16348,-328,4336,1
14084,-7604,6884,16172,5636,2692,1
15556,-3240,2804,15604,6188,3432,1
17092,8936,1476,17072,-12536,1888,1
16628,228,1688,16276,-1124,4628,1
15016,-4236,5104,16116,1516,3564,1
16364,-1292,5124,16224,3284,3920,1
16232,-76,3364,16392,-456,4004,1
17064,7528,3588,16136,-1992,1880,1
15056,-1032,4916,16016,-240,1704,1
14372,-8344,6492,16336,1164,3748,1
15168,-8,5384,15960,-808,5492,1
16632,-1268,6852,16356,-784,4416,1
15924,-6180,7156,15652,-1476,4516,1
16196,1580,5836,27652,-2004,-168,1
16356,2460,5936,20328,3524,672,1
15460,-1028,7468,11372,-4192,6128,1
15320,-3260,5876,12280,-4436,4544,1
15260,-3176,4724,14548,-2016,8772,1
15280,-1540,3688,12048,-528,10284,1
15504,352,4456,13924,-6208,6400,1
14828,-84,8372,14976,264,8,1
15412,2068,7392,20104,1852,4928,1
16272,-6500,11192,16400,592,32,1
13280,-2492,9896,16856,1812,-208,1
16960,-348,7072,16820,476,1688,1
15736,3056,7684,16408,-6356,644,1
15388,-1040,7392,16800,-1456,1156,1
14140,-2920,8648,16932,3280,1848,1
15900,1220,5808,16272,3748,1988,1
14708,1208,6616,16228,-2692,1744,1
15260,168,8556,16084,-11332,2644,1
14648,-1908,6636,16160,-4432,2940,1
15852,1060,7028,16152,236,3084,1
16660,-920,6832,16084,6440,3188,1
19492,616,5440,16468,-1620,3220,1
18228,652,6540,16184,-1368,3132,1
12240,-2900,11512,16424,2688,3248,1
16160,-2388,5028,16500,-52,3280,1
14328,644,6836,16556,1176,3792,1
14128,-1140,8224,16436,-1976,2936,1
13116,596,9900,16104,1040,1348,1
13924,2204,9960,15772,1080,-1160,1
10672,3496,-5180,16580,1096,4332,1
12796,8036,1496,16400,992,3052,1
18560,-4796,6192,16420,2724,4968,1
18192,-2540,4752,15968,2072,3456,1
15880,4144,544,14768,-8432,6412,1
15336,-996,3104,15596,-6276,2988,1
15756,-3196,7836,15940,2268,5984,1
16568,-5428,6672,15940,6392,6152,1
16252,2996,5128,15872,-2988,4848,1
16672,-68,3324,15980,-4132,3348,1
14904,-1720,5704,15876,-976,3540,1
16860,-2564,5680,16076,-456,4268,1
15908,-1380,6288,15432,-440,4840,1
15796,-136,6512,15884,-860,4096,1
15480,-1728,5728,16068,272,4136,1
15832,-692,6996,15948,-2876,4672,1
14720,-5116,8256,18864,-3180,4744,1
16676,1424,6204,23228,2296,2148,1
16028,-88,5968,16320,-656,4428,1
15396,-1704,5660,15584,-1416,1936,1
15452,-2636,5320,13172,-3132,5860,1
15536,-1268,3484,14388,-4324,9496,1
14876,-2040,4272,7284,-4020,12544,1
15992,628,5872,15732,-436,4300,1
14660,-3464,6400,17144,-4288,712,1
14428,-6032,8564,16344,2328,3300,1
16232,452,6668,17052,-216,1188,1
14652,1064,8788,16316,-2208,140,1
15976,-900,6764,16748,-4920,676,1
15664,-3316,6128,16492,1540,732,1
14540,-1788,7784,16592,-1308,1264,1
16208,2036,7004,16212,-6232,-400,1
15576,1392,8360,16268,-10212,3136,1
15064,-4244,7584,17116,5024,5096,1
13772,-5260,9452,16000,10560,4512,1
15916,1644,6964,16800,3520,372,1
15736,4040,5636,16676,52,472,1
15048,-1940,8276,16324,-3612,776,1
15384,-2152,7492,16412,-2848,1916,1
15344,-1620,7996,16484,-2824,2364,1
15304,-912,5392,16316,-2040,1872,1
15656,648,2160,15880,-1304,1212,1
9416,-2908,6116,16400,-452,2776,1
10440,3256,7304,16488,668,3268,1
15468,-4180,10536,16184,-672,3180,1
12672,2676,14080,16240,828,2268,1
11160,5708,21260,16828,124,3468,1
16252,-5812,4436,16344,748,4664,1
14652,28,7528,16096,2988,3052,1
15480,-2112,3448,15532,3216,2760,1
15528,2804,1600,16360,-4680,3632,1
15988,-1568,5160,16532,-6116,3456,1
16376,-1876,4800,16296,-444,5196,1
15800,-3296,4076,16036,2728,4272,1
15976,-608,3612,15908,-164,3508,1
16284,44,3628,16476,-3808,3444,1
16320,-1732,3544,15724,-1136,5220,1
15916,-2292,4792,16224,-468,3652,1
15860,-2124,4640,16236,1472,2692,1
16128,32,4824,15948,524,2800,1
16000,-72,2876,16024,-760,2236,1
16840,5660,3976,16092,-1172,3940,1
17016,944,3904,16076,-716,3180,1
14308,-4712,8516,16672,-320,3512,1
13320,-4384,10308,16588,272,4316,1
18340,56,6088,16700,-1988,4296,1
15176,-2856,5184,16392,-1316,1448,1
16072,236,4780,20208,-2584,-888,1
15540,-1884,4960,19680,884,1268,1
15712,-1972,5940,14728,-292,6272,1
16140,-2016,6544,13300,-2512,4728,1
15560,-2232,6140,13884,-1964,6732,1
15108,-1916,5168,15196,-1016,6996,1
15620,-1624,2524,13256,-4364,7672,1
15512,-1936,10032,27992,3216,2120,1
15784,-1488,6648,19392,-5712,3968,1
15720,-1248,7164,17148,-1708,744,1
15308,-2144,7072,16824,860,1876,1
15564,-1076,6796,17132,500,1112,1
15160,1684,7780,16608,-1056,1044,1
15500,908,8104,16476,-3784,1120,1
15656,1648,6984,16464,-492,1724,1
14728,-6188,8188,16828,4652,1984,1
19040,480,5104,16516,2868,3996,1
13444,-3008,10172,16320,-3420,3908,1
11896,1824,6812,16128,1368,3020,1
15972,-4408,9580,15988,328,1916,1
16312,2072,12788,16316,344,2568,1
7296,11024,6588,16468,-188,3760,1
18792,3216,6208,16472,-552,5588,1
14796,-4516,4200,16568,1752,3772,1
17828,-2348,3204,16012,2320,3684,1
16072,-1016,3228,15896,-3032,3504,1
15592,196,3228,16372,-2312,3232,1
14992,572,7232,16516,208,3400,1
15744,-720,7072,16500,724,4084,1
16344,708,5564,16076,88,4488,1
16084,-2224,5396,16244,372,3416,1
15704,-824,4396,16256,-84,2288,1
15536,-4956,5868,16152,1816,2724,1
15368,1220,4512,15920,-1908,4928,1
17440,10292,4696,16240,-4628,4552,1
14836,-4336,7756,16008,-1696,2860,1
15284,-4092,7352,17132,2980,4952,1
14860,-4748,7536,15380,828,6328,1
15432,-660,7564,16184,-2220,5068,1
16484,4712,4524,15956,-1968,3436,1
15732,-1236,4068,15748,-604,1840,1
15256,-2532,6968,15736,716,2788,1
15868,648,7488,15960,-1188,3048,1
15668,-2296,7632,17384,-808,3784,1
16220,-604,5672,19820,1036,1028,1
15700,-2156,5752,17044,-3508,4480,1
15564,-1104,4952,15988,-1532,772,1
15176,-2184,2488,19028,2428,4296,1
15180,-1024,6796,7564,-6080,15284,1
14692,-1852,5896,17920,4012,5988,1
15180,20,2204,14604,-2724,900,1
17340,-3068,7436,16944,-420,528,1
13684,-1048,12572,16500,380,2256,1
15404,-1256,7624,16604,1468,4040,1
15348,-860,5204,15620,-4416,992,1
15864,-560,5664,15688,-7744,3912,1
16008,-1108,4288,16968,616,7956,1
15808,-4576,3648,16020,6080,13812,1
15212,676,7224,15212,-1400,3976,1
15136,1008,6348,15948,-3304,760,1
15292,1252,6640,15376,-2092,1328,1
16196,68,4760,16180,1736,5128,1
16276,8,5348,16636,-3356,2088,1
16628,-2548,5020,16488,-1468,3412,1
17520,2528,6524,16612,3012,5560,1
17032,-5456,6996,16396,2272,3060,1
16268,3700,6672,15996,1400,800,1
16548,2248,6372,16604,1792,2212,1
15012,-1120,6088,15728,1128,-2040,1
13576,3320,9840,16076,3036,1136,1
10716,-2244,13004,16344,3660,4820,1
21488,-5336,3848,16676,3780,2848,1
14632,4980,5180,15336,2304,3584,1
17424,3132,3140,17700,-16420,3892,1
15856,-392,2196,16796,332,4504,1
15248,-9068,4400,16252,-492,5172,1
15544,-6464,5896,16476,2780,3784,1
17208,3920,3944,16332,-1796,3056,1
15844,5284,3484,16448,-2828,5716,1
16340,1996,4812,16232,1956,3340,1
15568,-3308,1872,16232,-288,2116,1
14668,-5324,5512,16212,2020,1028,1
14944,-2740,10816,16624,736,2948,1
17728,2980,10096,16612,1640,2912,1
15880,5916,4460,15796,1196,3536,1
15192,-4016,1600,16128,-204,2752,1
16068,176,368,16296,-556,2820,1
16092,-2308,-540,16420,-148,3248,1
15872,-1312,3852,16176,-180,3608,1
16428,-780,3080,15852,388,2952,1
16128,-1316,3348,15660,768,-1136,1
15856,-76,3548,14972,476,-2936,1
16272,-1656,4092,19132,-1116,5948,1
16564,-2876,3760,21484,1452,2996,1
16280,-3172,3148,18384,-4024,3268,1
15760,-1932,3480,13940,-288,4228,1
16252,-2020,2584,17848,-2304,7636,1
15780,-1260,1828,6696,-6352,16436,1
16196,-2688,1772,25688,820,-1372,1
15080,-640,-1268,13948,516,6012,1
13740,568,13732,15968,-2148,-860,1
17376,-1656,8752,16936,3492,1104,1
15360,76,7992,16000,-192,-1212,1
16084,1048,6296,16840,1884,988,1
15932,-780,4648,16872,-2116,2312,1
15840,-1756,4104,16456,2540,-1972,1
15704,-756,3064,16192,2640,-3036,1
15920,-1764,4460,16304,1608,-852,1
16048,256,4904,16208,1760,-1496,1
16196,-1028,4280,17828,-3204,7736,1
16204,-1616,1832,18680,-1564,9600,1
15424,-1564,3888,16576,-2444,1112,1
16036,-800,6160,16360,1596,-828,1
16228,-356,6808,15432,3960,-2092,1
15932,52,4812,16120,1180,-244,1
15616,-1340,2872,16900,52,2092,1
15456,-1028,2348,16696,604,1380,1
15432,-336,-576,16540,832,676,1
18000,2188,6300,16528,1848,980,1
20100,468,3420,16424,336,780,1
18284,-3732,8276,16684,-1484,920,1
9856,-3264,5680,16484,2112,3108,1
8756,2120,7120,15912,704,1528,1
17792,-3704,12636,16632,1436,-316,1
10736,6592,32767,16972,2160,196,1
17392,-13632,5272,16516,3356,-212,1
16380,240,3220,16344,1316,356,1
16736,-1492,4744,15908,1516,400,1
14556,-1616,1584,15936,-64,1440,1
16332,244,1336,15244,-3648,9112,1
16276,-2996,1132,17188,-2532,5288,1
15864,-2396,1748,15868,-2736,3872,1
15648,-5612,-2776,16220,260,2824,1
15784,1788,6564,16416,-1992,3452,1
12176,816,10756,16736,468,5088,1
18472,10244,5404,16176,1772,3844,1
16164,-3060,6172,15680,3288,1744,1
15064,-2896,5460,15900,1536,872,1
14844,-4332,4880,15680,-2008,4716,1
17152,200,7256,16168,-1992,5460,1
16712,2260,5968,16184,188,5484,1
15496,-816,4024,15700,-900,3040,1
15496,-1892,208,15912,-180,3780,1
14388,-2776,5572,15940,-4840,5284,1
16676,-340,9428,16636,392,5668,1
16660,1108,10592,20124,-5848,3664,1
15196,-1664,5968,21704,4572,3420,1
15664,-1964,6712,12992,-1168,9740,1
15768,20,5320,13756,-5932,3176,1
15776,-1472,5140,16448,3616,7824,1
15112,-672,2560,9240,-8416,16688,1
15860,-880,7036,16996,-964,-5320,1
15240,1620,5720,6032,-436,400,1
15580,-4604,9860,16400,-2072,1332,1
13776,-3192,6660,16060,5860,2812,1
15624,2004,7416,16632,-2236,772,1
15712,6396,6944,16128,-5872,2608,1
16512,-1212,6300,16224,-3440,2628,1
14916,-5200,7568,16680,2204,3428,1
14684,-4284,5988,16300,6340,4576,1
15740,2112,7548,16432,-2160,2516,1
15828,172,5700,15816,-5028,2828,1
15412,1520,5652,16052,-8652,2648,1
16296,-812,5980,15788,-12292,5552,1
14872,-884,5068,15268,9068,9340,1
15280,-544,9400,15968,11932,3044,1
13220,-692,10876,16128,4428,816,1
15440,-972,8184,15560,1336,5124,1
17452,7068,7440,16176,-5940,4792,1
14220,-2068,9408,16040,-1552,7416,1
14116,-7204,8740,16256,3712,4608,1
15724,3452,8468,15988,-5772,5276,1
15544,4644,7596,14988,-12536,5672,1
14952,1984,8284,16128,1164,6472,1
16788,-3004,8188,15332,8592,8308,1
17156,-1468,6420,15748,3660,7524,1
20184,3204,6388,15160,-5900,4420,1
16052,-1032,7900,16008,-2284,6728,1
10836,-3308,6208,15992,2732,5320,1
13040,5780,5728,15848,144,5128,1
13600,-8188,9964,15816,-932,3812,1
12512,2360,14568,15848,248,2624,1
11484,7180,20304,16052,656,1640,1
32420,-4280,-1424,16696,-1160,3116,1
13748,2268,9132,15456,5480,6460,1
13712,-6232,7636,15628,2992,5032,1
16076,4892,3468,16328,-5320,6364,1
17844,6264,2520,16156,-3984,5268,1
15756,-5260,3816,15576,-2916,4192,1
15676,-3516,5004,15588,3080,4808,1
15336,-2756,3724,15680,1368,4524,1
15828,-1852,4412,15680,-1860,4696,1
15560,1408,6048,15956,896,5036,1
15628,5260,7956,15716,-2184,6456,1
17088,3288,7892,15756,-428,6932,1
16056,-3688,7028,15700,-756,6216,1
14844,-5260,5292,16064,-1184,4940,1
15616,-1696,3676,15700,-1408,4256,1
15772,-316,3652,16104,-1504,3560,1
16184,1024,4652,19052,-2036,200,1
15332,-2680,6236,21556,1704,1120,1
15500,-2056,6480,16172,-2060,8412,1
15936,-2048,7060,12300,-2804,6812,1
15716,-1864,7560,10460,-3464,6684,1
15260,-2392,4476,13448,-2084,9724,1
15588,-2344,5136,14636,-4984,4404,1
15224,2308,6888,16592,-2220,144,1
16332,4708,4848,16272,-9236,1228,1
15288,-3692,6020,16832,2728,2040,1
14576,-6008,7536,16420,4040,3688,1
15744,1616,6452,16644,196,3936,1
15448,496,6876,16036,-1348,-428,1
15208,3084,6936,16236,-17720,3564,1
15400,-5492,8352,17212,572,4824,1
14776,-5132,9152,15592,11072,7888,1
15384,-512,9980,15672,1704,3440,1
15796,3948,6204,16652,212,2276,1
15352,-416,4408,16140,-4096,2024,1
15528,-1988,4020,15576,-4932,3480,1
17608,468,3972,17064,620,6456,1
5372,-2424,9540,15700,688,-44,1
11460,6308,7856,15688,2672,-1496,1
16504,-6904,9564,16436,2836,1352,1
13532,876,13000,16528,2752,504,1
11888,5492,14028,16364,412,-104,1
28896,-844,1080,17048,2920,1244,1
16392,6440,1764,16584,692,3028,1
15472,-4684,936,16380,-956,3224,1
17004,-1176,2148,16468,-228,2936,1
16668,1028,1128,16464,800,3216,1
16588,-1956,1332,16000,796,2620,1
15668,-1552,1200,15760,-376,3540,1
15492,-224,-232,16552,-736,3684,1
16908,-68,6312,16132,-384,3112,1
15132,-2616,8992,16796,1580,1948,1
15272,112,9812,16332,1468,2516,1
15628,-2700,9340,16532,572,3076,1
15884,1872,6928,16168,920,1296,1
17148,64,6080,15968,-136,3528,1
15280,-764,1984,16328,-836,3116,1
15060,-3236,-1120,15920,-704,2464,1
16108,-2172,496,15780,832,184,1
16612,-828,7240,15972,-2016,-852,1
15408,-2840,5776,18760,-6624,-448,1
16708,-1352,2784,23516,-6260,6436,1
16084,-2912,5372,15128,-3180,9520,1
16212,-2348,9824,11240,2728,6212,1
16332,200,8040,12392,-2892,7644,1
13888,-4940,-3424,16040,-1644,6888,1
16400,-756,120,16596,-244,5536,1
15936,-3544,4664,14696,-1556,3220,1
15728,-296,4060,13696,-988,1880,1
16068,-2380,3904,26756,-1776,-12208,1
15696,-3052,2504,15460,3772,-2180,1
15156,-2436,2596,15936,4084,-372,1
15528,-580,4048,17052,-2988,944,1
15788,-1584,5172,16156,-572,280,1
14896,-232,12732,16460,-1668,3676,1
15148,-2060,8320,16392,-5164,2768,1
16212,1156,6560,16752,320,3704,1
15208,-1800,6288,16296,-4788,2856,1
14864,-1888,8212,16500,2816,2452,1
15836,-1088,6924,16576,2380,3724,1
15300,28,5228,16532,-2960,3716,1
15888,-472,5852,16336,-952,2400,1
14716,508,8224,16276,312,2632,1
14932,-1064,7228,16360,2004,1576,1
14744,556,6876,16416,-364,2980,1
16136,-684,3940,16512,-368,5148,1
20548,-264,4916,17188,-2684,6008,1
19532,404,-1148,16556,1752,3400,1
12976,-1208,3408,15792,1672,748,1
10732,15284,15812,15408,2068,-1808,1
9052,2616,11676,16360,1268,808,1
22852,1888,2164,16496,1608,1872,1
16940,-1080,6036,16456,1176,3432,1
17560,-692,4036,16844,1240,1684,1
14388,-1020,8740,16480,664,1200,1
14756,468,5644,16216,1848,1216,1
15932,684,7040,16620,1612,2740,1
16216,1012,6904,16672,576,3040,1
13668,-444,11784,16512,212,3060,1
13384,424,6432,16088,1340,952,1
15304,2740,712,15952,476,1220,1
15432,-6312,4880,16356,3960,1712,1
15588,-1900,4564,16248,816,3760,1
16164,3464,1924,16764,-7356,5456,1
16428,1664,6420,16268,-7624,5208,1
16192,-3416,7704,16552,1732,5296,1
15144,-6012,4936,16180,4260,5196,1
15728,-1028,2680,16016,-1368,1960,1
15276,-356,5688,16340,-2368,1476,1
16528,3664,5104,16164,-2652,4584,1
15976,-1760,7792,16280,-1360,4036,1
15828,-3116,5752,16016,228,3700,1
15388,-1716,5764,15860,1184,2500,1
16200,-652,5480,18580,1348,2032,1
15628,-848,6952,18296,-3524,2436,1
15644,-3260,6116,18644,-4260,72,1
15264,696,7908,13092,-6584,14788,1
15844,-2676,5748,8680,-124,23132,1
15132,-3612,6196,15080,144,3932,1
15156,-448,6832,16736,508,492,1
15640,2056,6012,16272,-4992,1568,1
15344,-5152,10580,16332,164,2896,1
15324,-6620,6936,17320,7424,4644,1
16220,3560,6476,16072,-2616,1336,1
14912,632,7328,15676,-10196,-1108,1
16104,1828,6196,15920,-1696,2704,1
15580,-3644,7744,16668,4260,4316,1
15400,-2928,6972,16224,296,3140,1
19348,728,1744,16608,628,2544,1
18012,4160,6232,16504,860,1260,1
12888,1080,12912,16324,932,916,1
4672,1644,21772,16296,-1532,2236,1
32767,-1932,-1732,17220,412,2552,1
10708,3380,3972,15984,2144,2488,1
14444,-5984,4008,15996,3400,5944,1
16056,-104,3832,15768,-4264,2880,1
17532,2084,4636,16188,-7152,5960,1
15968,2444,4700,15664,-5608,5320,1
15416,-5828,8004,16512,1152,4044,1
16320,-3472,7036,16228,2580,5484,1
16148,1812,4800,16128,-664,3736,1
14964,4,1384,15632,-5432,3312,1
15508,1716,8160,16080,-2644,3480,1
16048,-2208,9156,16340,1888,3684,1
15976,-2568,10712,16416,-484,4836,1
15712,1224,6552,15936,-1908,4204,1
15468,-1432,5684,15804,-1660,1724,1
15432,-2324,4284,15732,-1092,1396,1
15496,-3132,4180,16148,-2088,4136,1
15560,-3320,7076,15256,-1740,6256,1
15532,-1060,8008,16092,-3108,4772,1
15224,1620,5404,15888,-5756,5012,1
15180,980,7528,15652,-5108,5160,1
15252,-3064,10464,15744,-1780,4236,1
15688,-4820,6444,17092,1860,5176,1
14780,-1408,7832,15004,-1704,4788,1
15740,-996,4948,16284,-1844,4704,1
15524,-1192,6276,18076,-1596,896,1
15504,-3072,5692,18724,-7440,2240,1
15812,-2252,7652,19272,-972,952,1
15216,-828,5428,18376,-3476,3716,1
15248,-816,4920,13304,-2700,7520,1
14192,-756,4696,5644,-7612,10760,1
16712,-2984,10044,28276,3244,-8884,1
14496,-4216,9728,17624,-5200,2268,1
17332,-484,7344,16468,248,2704,1
14952,3904,7000,17452,-4676,1116,1
14876,-372,6892,16568,-5696,664,1
14148,-5096,9480,16416,-2592,2716,1
15152,-588,6700,17124,4120,3004,1
14488,656,7340,15856,-1224,280,1
15336,6672,7536,15872,-11824,2040,1
14924,-2880,8740,17828,6068,5032,1
15360,-4664,9420,16328,4012,4276,1
15212,1060,8156,16436,-1372,2720,1
15236,1128,6764,16156,-1548,2184,1
15852,1452,6840,15932,-6356,2500,1
14376,-2256,6108,16336,-2204,4160,1
15416,2096,6780,16188,628,4228,1
15540,36,7852,16508,2068,3988,1
17092,40,4660,16384,788,3832,1
18216,-356,4780,16300,-1992,4352,1
16208,2616,3728,16500,-1416,4904,1
15384,-2244,2880,16296,1260,2396,1
17932,992,7928,16156,-472,2300,1
16472,-1244,17436,16468,-720,2412,1
8792,7108,16572,16092,1436,300,1
11124,4668,8980,15940,2032,444,1
16736,-3284,3088,16228,1904,3756,1
17008,780,5852,16660,676,3788,1
15568,-3944,3784,16256,-120,3344,1
16104,-968,2860,16336,-2248,3580,1
16540,7612,1400,16504,-2880,5388,1
16440,-1136,5228,16412,-1456,2464,1
16052,-3468,4932,16488,1496,4080,1
16088,-1104,5024,16284,228,3712,1
16256,1280,3896,16268,-1044,4076,1
16108,156,3464,16292,-1168,3068,1
16060,196,4204,16160,-552,3372,1
16124,-816,4096,16268,-160,3412,1
16272,-1232,4496,16320,-708,3712,1
16360,36,4400,16344,-676,3424,1
16160,-240,4236,16324,-1032,3952,1
16060,-780,3964,16260,-824,3332,1
16036,-864,4092,16332,-428,3040,1
16092,-656,4240,16240,-964,3452,1
16164,-392,4436,16304,-912,3764,1
16096,-588,4272,16320,-916,3728,1
16104,-656,4208,16304,-708,3272,1
16112,-772,4212,16140,-444,3460,1
16104,-372,4192,16328,-724,3192,1
16144,-660,4272,16244,-1132,3256,1
16076,-644,4132,16320,-800,3312,1
16088,-780,4112,16400,-1272,3784,1
16192,1744,2508,16292,-1728,3212,1
16056,-1516,4364,15964,-3640,1436,1
15680,-3216,6320,16528,4564,4328,1
15796,-3240,5644,16432,496,4144,1
16092,888,4912,16216,-3012,4968,1
16780,4376,3284,16248,-3200,4652,1
15604,-3908,5308,15988,-916,3072,1
15764,-2272,5016,16084,-224,2068,1
15744,36,4328,16000,384,2012,1
16068,-492,5176,16068,-1364,1076,1
15832,3184,5088,16492,-2196,1788,1
15884,-4164,3748,21120,-300,2888,1
15704,-2920,7276,20280,-3192,328,1
16580,-412,5600,12900,-756,7100,1
15764,-2032,5120,13248,-3684,3792,1
15572,-1612,3932,15300,-472,7568,1
15712,-2056,3520,17572,-3616,11224,1
15764,-1816,6364,22956,-14984,-6196,1
15364,656,5820,17132,4068,420,1
14984,-1284,5712,15968,2244,2180,1
14848,1056,7312,16560,-5068,1484,1
14324,-7744,14184,17204,3696,2060,1
16848,6760,5448,16456,1368,3532,1
15236,3944,3512,16736,-320,1068,1
16032,-2040,3304,16048,-3976,212,1
15452,-3732,7184,16516,-4360,1376,1
16464,-1524,5528,17072,3192,3612,1
15556,-364,6772,16268,-1016,3916,1
15712,-1228,6368,16540,-1148,2780,1
15828,1600,6356,16264,-8804,3496,1
15768,-1104,5800,15140,-14076,4472,1
15572,-2964,6684,16800,5536,4804,1
15292,-2588,6280,16848,15584,4828,1
15448,1424,7272,15280,-1212,3172,1
15784,-2144,6068,16388,-3200,3532,1
13828,4444,5048,16412,1740,2764,1
14856,-2492,8280,15864,192,1228,1
14704,2648,14280,15944,2612,360,1
8096,29140,20028,15832,-620,2164,1
13096,-11344,5960,16404,2488,1248,1
17912,2924,5060,17384,2220,6632,1
18896,-8344,6072,15860,-1056,6292,1
13344,3560,2296,15704,-5628,5724,1
15880,3792,3456,15648,-4156,5376,1
16528,-6192,7188,16308,2828,4260,1
16376,-1332,7900,16004,-144,6232,1
15560,-1336,8108,16196,-888,5484,1
15716,1992,4872,16184,-1308,3460,1
16024,-2144,3988,16104,-152,3788,1
15400,152,4576,15508,164,3832,1
15672,-756,5612,15828,420,3828,1
15064,-1328,6844,15516,-1388,5152,1
16292,-1680,7688,16156,-1220,5116,1
15132,-356,7304,15740,-1776,4448,1
15320,-2176,5396,15612,-376,2316,1
15012,-300,7512,16528,-4020,3164,1
15888,-3400,5764,20784,2352,2804,1
14940,-208,9428,16492,-4880,7432,1
15764,-3860,8996,14564,-3184,5660,1
16108,32,7032,14388,-192,7592,1
15604,-2204,5660,10508,-6392,16612,1
15504,-3548,1076,26416,5732,-5212,1
15080,-2224,-7344,14540,-1592,6592,1
15068,-2572,-976,16696,-3804,4980,1
13224,-548,13188,16748,-1440,6308,1
19012,-460,5496,16664,-216,7896,1
13660,108,1780,15712,-1684,-204,1
16028,-5228,6928,16196,1516,-2712,1
15576,192,7188,15784,3200,-3276,1
15900,156,7520,16364,-1252,5484,1
15692,-376,6952,16488,-1116,2756,1
15372,-2200,3728,15960,408,-1156,1
15596,-1588,-1000,16816,600,11136,1
16412,-812,1904,17792,-7544,6336,1
15820,-2772,10728,15464,-2572,-548,1
13768,-3996,11072,16252,5072,-120,1
18584,-344,8000,16444,-1204,5552,1
15984,320,8116,16480,-1864,5500,1
15564,-1120,8936,16484,-2772,4552,1
15296,-1340,2964,15916,304,5080,1
15312,-1596,-2068,15568,-3768,3160,1
15028,-1420,1268,15768,-916,1796,1
14544,-980,13600,16428,1344,3604,1
16424,-4632,10368,16552,1016,6384,1
15524,864,6188,16360,-1096,5316,1
15764,1004,2224,15812,-2296,1288,1
15156,-2132,3276,15832,-60,4,1
14044,-1796,9180,15656,1044,1532,1
16108,320,8568,16360,-80,7300,1
15264,296,8732,15732,-2260,5596,1
15272,-2004,7644,16056,-5440,6692,1
14912,-2532,7200,16128,-3688,4568,1
15272,-2492,5576,17088,-56,5636,1
15484,-1096,9924,22468,1344,660,1
15044,-1908,8012,15992,-1136,6500,1
15672,1244,6408,13536,-3836,4720,1
15312,-3120,6524,15264,-2300,5804,1
15404,-1416,4572,13696,-4112,14160,1
15564,740,5824,17144,1780,5884,1
15072,-744,8464,16356,-4256,1036,1
15084,1512,4728,16456,960,-1808,1
14696,-504,3900,16568,4076,-564,1
14900,-872,4456,16716,1512,2612,1
15292,1156,7888,16680,-2840,5284,1
13988,3180,11720,16240,788,-1256,1
13616,-1188,10028,16548,292,4660,1
16280,768,8484,16356,2608,4676,1
14584,2992,7056,15260,-5348,736,1
17168,-1436,9012,17120,10244,7208,1
18196,1316,4720,15452,-3476,4824,1
18728,1196,6448,16524,-7788,3708,1
12528,-1564,11416,15568,-1532,3336,1
15288,-252,6196,16212,3647,-1,1
14732,-3992,9124,16576,-640,4896,1
13688,1844,10916,15744,580,816,1
9836,5784,15000,15792,2888,44,1
11508,-3916,10812,15660,2200,2700,1
14216,-1176,5536,15752,916,6856,1
17256,2980,5836,16628,-360,4720,1
15636,-6676,2264,15996,-2540,5180,1
15148,-2348,732,16096,-2008,4692,1
16360,944,2780,15700,-1176,3868,1
16132,-3840,6116,16488,2968,808,1
16468,4604,5820,15532,40,4360,1
16268,576,5264,15560,-152,8260,1
15936,2552,5004,16264,-2264,3712,1
15364,-8280,3584,16000,-3196,5480,1
15884,-1012,2600,15588,980,6212,1
15860,-4096,6056,15692,324,4428,1
16056,-44,5408,15956,-1132,5664,1
15256,1208,5880,16348,-1840,4892,1
16140,1572,4784,15724,-1072,4452,1
15732,-4236,6836,15732,-2300,4700,1
16284,-1484,6412,16076,-2344,4372,1
15876,-3588,4580,17440,-176,1940,1
16648,-392,4312,21036,452,1536,1
15468,-2884,4964,17112,-1000,5056,1
15788,-3036,4796,17592,-908,3100,1
15488,-2912,4264,13628,784,9924,1
15400,-916,2608,10136,-6376,13076,1
15620,-2196,4516,15420,-2896,-2296,1
14244,-724,9208,9936,5556,-392,1
15460,-3840,5896,15228,-3012,6180,1
15036,-1548,9912,17040,-1080,2716,1
15668,3016,5240,15328,-3664,1040,1
15680,2436,6872,16552,-5928,2088,1
15568,-3532,7292,16820,2056,3708,1
15368,-4376,8192,16604,2396,3584,1
15356,-332,7448,16968,-328,3220,1
15764,1732,5776,16348,-1752,584,1
15840,184,5956,16552,-2060,1216,1
15652,-700,4904,16372,2872,172,1
15644,-1568,4268,16448,872,316,1
15280,-228,4124,16580,-1612,956,1
15668,-136,4616,16940,1112,2180,1
15664,2316,3756,16348,-1368,-220,1
15752,-528,9220,16520,2980,1208,1
13572,-3400,14096,16548,2968,312,1
16068,2520,8448,15856,3156,-1860,1
15764,1740,5680,16372,1220,2168,1
15320,-1008,4020,16276,216,2572,1
15104,-3068,4296,15896,-3896,4876,1
15728,-496,6824,16824,-8528,6100,1
15656,776,9772,16768,-14476,7556,1
15484,-1900,6160,14756,8232,6688,1
14736,-1592,3772,16216,12448,4016,1
16124,2504,2932,15964,796,452,1
17992,948,5532,17168,-7476,580,1
18992,3052,4792,16344,696,2712,1
15348,-1700,9712,16764,3932,4616,1
16136,-524,4532,16344,-4284,2024,1
14332,-2868,6680,17052,1660,3628,1
13988,2136,7668,16236,740,1604,1
14380,2360,8176,16220,980,1840,1
9796,6264,14964,16036,240,1960,1
13252,2220,4632,16192,492,3068,1
14384,-2720,6264,16200,1928,2508,1
15032,-1972,3660,15980,712,2620,1
15576,344,1388,16172,-476,5712,1
16256,-1140,4916,16488,-2292,5328,1
16784,-1096,6172,15904,-3792,6208,1
16316,-504,3632,16276,80,3564,1
15996,240,372,16228,-920,2116,1
15740,-244,-608,16168,2264,2824,1
16616,628,4860,15956,1408,380,1
15788,-52,9236,16156,1368,2732,1
16968,1692,5276,16312,1492,4168,1
14552,-3712,5492,16072,-312,4752,1
16728,-1288,3164,15988,832,3292,1
14920,-2344,6252,15740,1296,636,1
15468,-1024,6872,15416,840,240,1
16468,-588,5188,17384,-1508,3196,1
15600,1008,5580,19956,-1764,4996,1
15356,-1688,4672,21824,1156,2796,1
15564,724,6760,13288,2020,7964,1
15520,-2172,6924,14080,36,4468,1
15844,-2816,6360,14916,-384,7776,1
15396,-1360,6104,18084,-648,9784,1
15344,-896,5084,11568,948,15304,1
15588,-1020,4684,11404,-9476,16932,1
14852,-1140,9376,17236,7732,-2000,1
15512,-1684,8024,16564,-548,5624,1
16364,-764,5016,16132,-2804,-2248,1
15136,-1084,6856,16364,-1368,-564,1
15512,132,7260,16884,1276,3136,1
15424,100,7224,16508,-2684,1720,1
14784,-368,7380,16420,-5324,1604,1
15708,-248,7380,17124,468,3744,1
15528,-700,7968,16128,5208,4208,1
15176,-1708,7352,15856,3388,1288,1
15748,3980,7648,16512,-11476,5452,1
17848,6092,5212,15588,832,3228,1
17168,-2504,6504,16220,440,3960,1
13408,4864,8820,16228,2056,2236,1
12588,244,8132,15852,2208,2536,1
12136,788,9784,16244,1308,3432,1
18128,12864,10572,16772,1872,4932,1
15872,-20348,1704,16904,-520,3624,1
19448,13500,3472,15968,-276,5968,1
16748,604,6528,15996,584,3824,1
15976,-6240,4320,15960,2088,3132,1
16096,1172,6500,16052,1188,4016,1
16656,4324,4776,16376,152,5320,1
16372,996,4140,15952,-296,5328,1
15968,-6792,2952,16364,-876,5288,1
16128,2024,-132,15564,-756,4404,1
16236,-316,-1852,15932,-1740,4256,1
16308,-2880,432,16032,772,1696,1
16432,-6404,7916,16024,1952,1836,1
11556,396,14304,16224,-748,5996,1
24432,14008,2244,16792,-912,5932,1
13252,-3596,3820,15404,-96,3404,1
15004,-1888,2372,15708,1728,2196,1
16092,1332,3808,16672,312,2968,1
16328,-648,5872,19240,-3220,32,1
15696,-3896,6644,21488,6232,4704,1
16244,116,4028,17328,1384,7568,1
15776,-1852,6124,10084,-1836,13444,1
16336,-2028,5468,7372,13656,9584,1
15820,-2440,6348,16576,-13248,11248,1
15900,-2352,4788,16540,-760,11372,1
15724,684,2392,10448,3348,16404,1
15464,-1144,3896,11092,-18996,-776,1
15416,-524,6824,12596,6780,-964,1
15484,-912,6748,16520,552,4600,1
15712,-304,7036,14004,-4656,3072,1
15964,1188,7144,16436,1112,-600,1
15440,492,6068,16520,-908,4164,1
15676,-4,6924,16556,-3220,2616,1
14528,-2652,7992,16136,2228,2364,1
15184,1176,5760,15572,2836,2776,1
16432,4356,5892,16800,3636,4576,1
15984,-80,8692,17084,-10092,4620,1
15840,-744,7324,16172,-10060,4236,1
15608,5504,4988,16444,304,5244,1
16232,-668,5344,15968,4756,3000,1
17680,4776,5636,16080,6496,1608,1
17772,4344,7608,16384,-3352,2048,1
13072,404,10224,16508,1392,3576,1
11700,2824,7936,16652,128,1952,1
13488,596,6944,16336,2288,3056,1
15972,-580,8348,16228,404,1852,1
16776,4480,21268,16724,628,2048,1
20224,-16676,-16,16876,1692,3604,1
16004,4388,3796,16240,752,3448,1
16864,1704,3660,16244,2160,2760,1
16616,-7484,2772,15948,860,2568,1
17012,6792,-84,16656,-4788,5200,1
16384,7592,712,16044,-2728,4764,1
16960,-2592,2364,16216,2536,3196,1
14860,-5268,7496,16168,1764,3148,1
15696,-8572,6928,16488,1172,3512,1
16644,1580,4068,15972,308,3616,1
15812,-500,2416,16104,-1040,3148,1
15964,2168,5584,16228,-192,2676,1
16044,4184,5276,16532,1096,2472,1
16024,-4156,7000,16976,980,2004,1
16060,-532,7008,23268,340,-932,1
15320,448,5988,22904,3160,4828,1
16072,-204,5736,10840,-2084,12240,1
15472,-5100,4472,10668,2048,6244,1
15500,-2252,2880,15116,-2788,8652,1
15136,-1760,1652,10252,-3100,13752,1
15492,-960,3800,14704,-2956,12248,1
15000,2716,5552,7836,-2820,-1484,1
15916,1896,10588,16980,-4360,4952,1
14696,-7052,12960,16224,1284,6324,1
14932,-9532,11624,16628,7356,5856,1
16148,2332,7268,16552,-2352,804,1
17248,9272,4060,16648,-5704,248,1
14520,-2644,4484,16376,176,-144,1
14760,-4532,8540,15956,3000,1836,1
16500,-1324,7320,16464,5920,3504,1
15660,1796,6980,16240,-6400,5184,1
16168,-1688,6492,16544,-10804,4536,1
15084,244,3724,16396,-6660,5320,1
15140,-1668,1044,16380,1184,2892,1
16456,-936,5688,15916,10676,1016,1
18284,-44,4572,16292,-2540,2716,1
18632,580,7300,17096,2028,3160,1
15068,-544,10756,16532,-432,3568,1
14320,-528,10424,16384,912,3208,1
14428,2344,5352,16164,1436,1844,1
13552,-2568,7708,15976,1308,2332,1
13836,-1512,9680,16496,1100,2948,1
14596,984,10828,16264,-836,2668,1
7988,1784,27108,15952,908,3216,1
20320,-9996,4580,16204,912,3512,1
15876,-984,3692,15612,4616,1516,1
16864,-2196,1924,15812,1012,5572,1
16940,2220,2492,15524,-6516,5836,1
16388,156,3500,15716,-3228,7320,1
16756,3072,2592,16356,-3696,5456,1
16116,-4848,1380,16004,-1584,4780,1
15324,-2720,-284,15616,1952,4832,1
15464,-6076,3056,15732,1836,2112,1
16036,132,3312,15996,-388,2868,1
16240,820,6028,16348,-732,4372,1
15684,2068,5140,16004,1164,3820,1
13928,10504,9568,16112,-72,4916,1
16724,-324,5852,15656,-704,4248,1
15392,-5968,3704,15700,300,4120,1
14904,-8804,7884,16368,-1028,3984,1
16640,-924,5948,16444,-2260,2708,1
15904,-164,5896,19884,-1928,2056,1
16108,2556,3932,17508,-1048,5840,1
15732,-1596,6304,16756,368,5760,1
15888,-3376,6756,15008,-216,5432,1
15556,-1640,6156,14336,-2272,5856,1
15716,-2344,4812,14436,-2364,8000,1
15132,-1456,4384,14432,-1592,11952,1
15240,40,728,10412,-5824,16396,1
14716,-2772,8772,26260,4316,3256,1
16304,4492,7204,20624,-3672,10468,1
15488,-2008,11076,16336,-2924,968,1
14704,-4900,10796,17900,1840,1604,1
14684,-6076,10504,17148,2276,1116,1
14692,32,9292,17140,-2268,1232,1
16488,8436,5900,16596,-1036,-96,1
15408,2432,5020,16716,624,428,1
15676,656,4732,16192,-76,-1500,1
14500,4564,8652,16812,572,1340,1
15060,-12416,8872,16612,1028,740,1
15020,-1724,9728,16616,1512,572,1
15448,-4364,9608,16696,1696,432,1
15680,8876,7740,16280,1788,-1076,1
15864,2032,4364,15588,1300,56,1
15240,-4176,4608,16620,-648,2220,1
15136,-424,5848,16508,-1528,3572,1
16024,-1596,7528,16064,-5932,2780,1
15432,-1384,6012,16600,-4172,2948,1
15276,-2416,6324,16740,-196,2452,1
15296,-356,4868,16528,-160,3880,1
15968,-772,4652,16620,1216,4032,1
16764,3100,5252,16520,-1100,2424,1
19100,-3304,3828,16232,1104,160,1
19660,-316,7136,16176,1700,420,1
14848,-2076,8440,16556,384,1856,1
14672,-216,10112,16736,-256,2496,1
9616,736,31760,16840,656,3180,1
15804,-4044,4048,16784,764,2500,1
18908,512,4572,16056,-336,4356,1
15776,976,4924,16420,1348,3448,1
15264,-3580,5512,16340,-176,3144,1
15872,-2976,4516,16372,-1064,3896,1
16432,368,3552,16584,-1280,3972,1
17404,4828,3212,16548,-168,3556,1
13248,2076,9684,16568,280,2604,1
11200,2088,15576,16564,1656,2572,1
28032,-11240,748,16928,4036,-980,1
11672,3592,3868,14788,28,-2396,1
16284,-3104,5180,16148,168,-200,1
15544,-2080,4152,15280,-1432,3984,1
16300,-1160,6024,15744,-1160,6560,1
15896,-396,5620,16396,-2900,3596,1
15316,-2724,2284,16752,-1592,4048,1
15404,-1456,6020,15124,-2848,4732,1
16120,-640,4756,17536,804,4692,1
16004,-1976,8628,15272,-3392,9084,1
16024,-108,6260,12492,2172,9620,1
15452,-2836,6932,13552,-2724,11916,1
15700,-1828,7256,18672,3356,1380,1
15724,1696,7180,19832,-4220,1716,1
15272,-2624,5176,23572,2648,800,1
15648,-808,5544,11008,-2364,8364,1
15404,-2400,1368,6548,-8544,17184,1
15216,1440,5000,15652,468,-15392,1
15704,-1176,4444,9904,-1164,-1768,1
15488,-484,8040,16416,-1832,2940,1
15456,-560,7400,16876,3692,3940,1
15564,-1376,6712,16468,816,2152,1
13520,1240,10596,16032,-236,700,1
4896,11808,-3304,16080,1480,1896,1
12912,140,-1088,16656,428,4032,1
16072,856,3544,16144,-1532,3784,1
16208,848,3028,16208,-1608,3348,1
16128,96,3044,16324,-1276,3388,1
16180,1248,4024,16088,-148,3564,1
15624,1004,3808,16384,464,3636,1
16004,-1788,4096,16096,0,3464,1
12260,-4112,9256,16468,632,2800,1
18420,-2504,7136,16508,1372,5188,1
16080,7348,4600,16088,-1080,4388,1
15732,-1404,4968,16152,-1004,3772,1
15564,108,3156,15708,-208,3368,1
15620,-2612,6976,16380,-616,2980,1
16556,1328,5196,16140,-1136,4832,1
15940,-1336,5808,16260,-1068,4152,1
15812,-432,6020,16116,-1432,4912,1
16044,-756,5408,16072,-1188,3836,1
15672,-992,4128,15936,-932,3132,1
15776,-1268,4568,15848,-1156,3076,1
16016,-1996,5124,16044,-1004,3752,1
16004,-812,5092,16360,-1768,4064,1
15968,-1504,5680,16308,-1800,4392,1
16052,-1296,5160,16212,-1192,3604,1
15928,-1064,5196,16172,-1188,3556,1
15940,-1108,5112,16252,-1256,3540,1
16056,-1084,4748,16292,-1264,3508,1
16036,-1024,4912,16376,-1300,3712,1
16024,-1128,4964,16316,-996,3408,1
16184,-924,4880,16376,-932,3152,1
16192,-756,4316,16324,-740,2992,1
16452,-696,2264,16384,-192,2540,1
16440,-24,2224,16356,84,2384,1
16464,-408,1520,16488,384,2588,1
16324,-596,1212,16524,-100,2676,1
16352,-44,1416,16476,56,2460,1
16412,-420,916,16384,-324,2900,1
17288,9004,2900,16292,-824,2528,1
17556,-636,2400,16472,1612,3248,1
16336,-3336,5832,16676,668,2528,1
13452,2748,8236,15900,1212,3584,1
13672,384,1776,16436,-472,3544,1
16028,-7480,2652,15952,-384,816,1
22148,2616,-4964,16820,1368,4004,1
11820,-3160,2296,15160,-2260,3404,1
15008,1688,4508,16496,-416,128,1
15852,-2280,4800,15360,-96,4444,1
15144,92,4676,15108,-1680,4436,1
14796,-172,8848,14544,-2288,6448,1
13428,-152,8520,15000,-2480,6188,1
16668,764,8984,14948,-2752,7492,1
14540,-560,9348,14252,-2192,6764,1
14080,-460,9412,14604,-1824,7876,1
14080,-724,11016,14388,-2104,8452,1
13540,-2232,10440,13740,-3428,9584,1
13332,36,11772,13556,-4608,9620,1
13012,160,12444,12984,-5364,9780,1
12928,-452,12440,12892,-5740,10020,1
12768,188,13280,12956,-5944,10632,1
12360,-272,12820,13052,-5528,10408,1
12544,-20,12788,12964,-5600,10072,1
12848,1152,12924,13416,-4952,9580,1
13236,1016,12192,12836,-5144,9668,1
13152,936,12280,13164,-4436,9568,1
13900,1196,11896,13248,-4800,9076,1
14256,892,11332,12904,-4808,9340,1
12924,1564,12124,13392,-3832,9608,1
13084,1720,11800,13296,-3860,9792,1
12808,1520,11720,13268,-4160,9816,1
12868,2268,11220,13316,-3920,9088,1
12964,2816,10712,13472,-4056,8464,1
13068,2232,11084,13480,-3800,8220,1
12848,2980,10944,13492,-3632,8228,1
12924,2276,11400,13424,-3692,8652,1
12868,2340,11624,13676,-3880,9208,1
13044,2116,11560,13528,-3904,9400,1
12972,1944,11456,13628,-3420,8904,1
13032,2080,11132,13500,-3748,8432,1
12964,2388,10996,13536,-3996,8504,1
13048,2164,11144,13520,-4092,8848,1
12940,1932,11212,13592,-4152,9044,1
13144,1972,11244,13612,-4056,9232,1
13040,1888,11320,13588,-3852,9072,1
13148,2148,11096,13624,-4112,8632,1
13072,2272,11056,13568,-3988,8600,1
13176,2028,11132,13664,-3676,8728,1
13184,2000,11360,13624,-3744,8788,1
13152,2048,11144,13700,-4000,8868,1
13120,2080,10948,13632,-4252,8636,1
13268,2036,10996,13748,-3972,8700,1
13220,1988,11116,13780,-3748,8524,1
13304,2116,10952,13720,-3708,8324,1
13204,2220,10920,13804,-3804,8344,1
13216,1904,10828,13740,-4276,8488,1
13336,1844,10880,13720,-4340,8628,1
13340,1700,10964,13840,-3660,8604,1
13272,2200,10896,13812,-3676,8136,1
13228,2200,10928,13820,-4024,8280,1
13380,2104,11036,13696,-4300,8508,1
13364,2000,10904,13776,-4544,8540,1
13400,1920,10940,13668,-4144,8312,1
13360,2024,11008,13756,-4020,8456,1
13288,2044,10816,13836,-4320,8564,1
13432,2020,10780,13864,-3884,8604,1
13420,1992,10804,13728,-3500,8748,1
13592,1960,10716,13856,-3944,8644,1
13484,2116,10440,13744,-5020,8036,1
13420,2036,10432,13852,-4472,8336,1
13408,1888,10768,14020,-3456,8148,1
13456,2020,10808,13808,-3208,8276,1
13428,2304,10968,13988,-3324,8252,1
13408,2540,10676,13840,-3708,8356,1
13348,2440,10672,13740,-4180,8676,1
13316,2160,10732,13688,-3984,8452,1
13432,1956,10820,13868,-3384,8704,1
13192,1812,11052,13676,-3492,9116,1
13524,2192,10496,13728,-3740,8688,1
13556,2332,10328,13884,-3916,8312,1
13352,2260,10836,13948,-3732,7624,1
13428,2172,10684,13800,-3580,8808,1
13632,2196,10440,13912,-3596,8376,1
13700,2268,10240,13864,-3588,8408,1
13808,2328,10176,13836,-3652,8408,1
13700,2140,10340,14056,-3728,8532,1
13784,2020,10044,14008,-3748,8448,1
13752,2224,10004,13952,-3792,8368,1
13924,2172,10020,13792,-3584,8064,1
13692,1940,10212,13768,-3720,8960,1
13680,2100,10428,13696,-3676,9276,1
13648,2236,10508,13580,-3796,9140,1
13628,2164,10432,13648,-3644,9144,1
13728,2152,10296,13596,-3836,8928,1
13748,2064,10356,13624,-3696,9272,1
13808,1880,10124,13724,-3584,8784,1
13712,1908,10228,13788,-3696,8596,1
13708,2044,10164,13880,-3724,8784,1
13720,2172,10048,13948,-3728,8468,1
13732,2328,10372,13916,-3600,8324,1
13472,2204,10808,13988,-3584,8420,1
13288,2044,10804,13932,-3604,8508,1
13332,2056,10864,13960,-3684,8328,1
13468,2036,10788,13956,-3672,8408,1
13476,1936,10392,14024,-3812,8336,1
13744,2012,10076,14016,-3828,8168,1
13736,1988,9892,14132,-3616,8228,1
13960,2072,9840,13972,-3836,8328,1
13784,2208,9988,14012,-3548,8380,1
13632,2172,10556,14060,-3500,8196,1
13712,2396,10312,14036,-3840,8116,1
13848,2448,10148,13980,-4076,7956,1
13736,2172,10024,14180,-3168,7988,1
13792,2040,10360,14096,-3200,8000,1
13760,2232,10156,13936,-3624,8012,1
13724,2396,10040,13900,-4412,7856,1
13680,2260,10216,13960,-3992,8384,1
13808,1980,10196,13860,-4144,8432,1
13760,2112,10036,13940,-4352,8268,1
13700,2288,10048,13832,-4204,8652,1
13764,2244,10172,13912,-3856,8584,1
13744,2328,10364,13904,-3848,8568,1
13696,2592,10428,13872,-3920,8456,1
13668,2572,10376,13836,-3736,8476,1
13688,2704,10484,13908,-3740,8456,1
13636,2672,10484,13788,-3688,8500,1
13732,2568,10328,13844,-3732,8332,1
13736,2432,10204,13912,-3784,8572,1
13704,2472,10124,13860,-3912,8392,1
13760,2556,9976,13820,-3848,8440,1
13808,2544,10040,13900,-3536,8368,1
13720,2504,10116,13916,-3620,8456,1
13700,2624,10108,13924,-3588,8300,1
13772,2648,10088,13960,-3660,8504,1
13672,2676,10016,13948,-3824,8420,1
13640,2524,10160,13860,-3664,8384,1
13716,2536,10236,13932,-3660,8284,1
13632,2608,10180,13976,-3620,8328,1
13712,2524,10280,13920,-3588,8368,1
13628,2576,10228,13876,-3712,8376,1
13680,2600,10412,13824,-3816,8572,1
13616,2456,10368,14004,-3800,8260,1
13588,2500,10520,13920,-3760,8424,1
13552,2552,10756,13936,-3660,8664,1
13384,2388,11116,13984,-3584,8588,1
13252,2788,10704,13968,-3836,8016,1
13416,2580,10488,13960,-4084,7988,1
13404,2764,10628,14044,-4240,8268,1
13276,2672,10640,13964,-4100,8388,1
13500,2444,10956,14144,-3852,7920,1
13312,2012,10784,13968,-3100,7760,1
13416,1480,10468,14356,-2392,7808,1
13480,1532,10484,14272,-2504,7820,1
13524,1396,10704,14192,-2632,7944,1
13412,1552,10924,14256,-2544,8308,1
13444,1412,10796,14280,-2532,8336,1
13424,1420,10828,14248,-2672,8264,1
13316,1624,10912,14192,-2940,7988,1
13404,1652,10988,14184,-2948,8460,1
13376,1640,10972,14156,-3016,8396,1
13388,1940,10964,14128,-3140,8360,1
13344,1824,11108,14188,-3044,8300,1
13284,1768,10936,14168,-2768,8272,1
13324,1800,10912,14108,-2952,8248,1
13304,1804,10896,14216,-3008,8280,1
13364,1856,10912,14048,-3052,8204,1
13324,1832,11056,14156,-3008,8156,1
13252,1796,10880,14156,-2944,8248,1
13284,1956,10948,14160,-2916,8172,1
13304,1992,10856,14156,-3176,8132,1
13280,2000,10848,14164,-3184,8228,1
13344,1692,11048,14096,-2936,8236,1
13240,1732,10824,14164,-2936,8100,1
13240,1992,10792,14132,-2840,8012,1
13248,1960,11116,14120,-2896,8560,1
13328,1880,11208,14128,-3008,8536,1
13292,1944,11024,14136,-3132,8412,1
13244,1896,11060,14144,-2868,8284,1
13228,1972,11220,14180,-2964,8324,1
13196,2064,11244,14064,-3204,8228,1
13280,1980,10996,14108,-3380,8164,1
13144,1944,11004,14040,-3328,8160,1
13196,1872,11076,14100,-3292,8244,1
13220,2004,11036,14120,-3280,8248,1
13200,2064,11132,14144,-3352,8224,1
13260,1860,11152,14068,-3356,8128,1
13252,1992,11124,14144,-3172,8152,1
13276,1960,11140,14116,-3204,8216,1
13152,2004,11000,14064,-3208,8248,1
13184,1940,11184,14016,-3216,8112,1
13328,1984,11108,14144,-3300,8184,1
13272,1968,10996,14120,-3352,8252,1
13260,1884,10928,14068,-3268,8220,1
13288,1980,10992,14060,-3200,8352,1
13260,1880,11052,14092,-3304,8356,1
13236,2076,11096,14056,-3212,8236,1
13280,2004,10996,14160,-3276,8236,1
13272,1984,11000,14160,-3304,8200,1
13200,2108,10996,14160,-3320,8200,1
13268,1988,11060,14148,-3420,8100,1
13212,2120,10876,14192,-3480,8240,1
13332,1904,10844,14200,-3248,8280,1
13356,1888,10732,14132,-3136,8160,1
13276,1900,10700,14188,-3008,8424,1
13368,1924,10896,14296,-2868,8132,1
13332,1916,10952,14160,-3072,7944,1
13460,1964,10968,14284,-3056,8232,1
13340,2092,11220,14276,-2976,8096,1
13484,1832,11136,14336,-3104,8100,1
13408,2108,10884,14336,-3268,8100,1
13432,2052,10872,14236,-3280,8092,1
13988,3184,11088,14344,-3388,7976,1
13760,1480,10568,14224,-3528,7552,1
13736,1168,9860,14364,-3328,7524,1
13884,956,9764,14308,-3612,7596,1
13856,684,10140,14284,-3724,7220,1
13872,-904,9864,14556,-2860,7432,1
13672,-2952,10172,15036,468,8216,1
13872,-680,11348,14888,-3208,7456,1
12716,8776,9204,13488,-10272,6732,1
13156,11204,11156,13480,-10532,5388,1
12400,-844,10520,15468,1636,6044,1
14200,-4044,11184,14904,1100,8860,1
13560,420,9584,14108,-5920,8576,1
13360,4716,10292,13120,-10872,6836,1
12700,1916,10272,14680,-3648,7264,1
13668,-3016,11868,14940,2084,9244,1
13224,2784,10948,14136,-4488,8392,1
12916,8196,10588,13224,-10776,6588,1
13212,3872,10172,14104,-4344,8188,1
13760,-5216,11560,15164,3252,10048,1
13332,360,11404,14204,-3256,9076,1
12848,8380,9896,12872,-11012,6196,1
13524,5592,10224,13460,-6724,7752,1
14056,-3640,10940,14624,2512,9488,1
13412,-912,11432,14424,-1112,8908,1
12716,7012,10504,13108,-9396,5872,1
13088,5368,10960,13480,-8712,6904,1
12472,-4120,11016,14532,1608,8384,1
13360,-3208,12544,14512,432,9368,1
12560,6084,10848,12868,-9476,6828,1
12868,7300,11244,12972,-11080,7656,1
12800,568,10524,14720,-1276,8984,1
14376,-5884,12612,14588,2940,10024,1
12584,2848,11252,13616,-5244,8472,1
12332,8588,10772,12904,-10960,7376,1
12808,5820,11620,13208,-6660,8328,1
13320,-5676,11548,13416,3984,9280,1
12996,-1724,12268,14280,956,10524,1
12248,7940,10620,12404,-10720,7096,1
12556,9724,11316,12988,-11052,8284,1
13156,1660,11184,13260,-2756,8372,1
13888,-5136,12140,14576,5108,10200,1
13512,-1236,11860,12944,-2852,9548,1
11900,7600,11200,13152,-8900,10000,1
13524,92,10916,13704,-3008,8752,1
13856,-748,10508,14528,-708,8972,1
13584,2608,11236,13992,-4984,7472,1
13488,420,11400,13888,-5192,7824,1
13156,652,12024,13832,-5596,8000,1
13352,5272,11764,13788,-9724,8516,1
13216,2120,13076,13944,-4828,8200,1
13688,-10496,10780,13852,-1300,10380,1
12736,-4492,11640,15824,-404,10008,1
13856,14732,12152,13556,-14081,-1,1
14172,3940,8704,12968,-3992,3472,1
14392,-7784,11648,14076,5240,10420,1
13796,-5812,8448,17012,6660,9692,1
14636,5932,6084,14460,-8272,4040,1
15280,124,4264,14604,-3792,1776,1
15680,-760,6256,15976,1216,3972,1
14936,-108,7536,16412,2036,5176,1
16544,1320,5328,14848,664,1180,1
16468,8996,2468,15348,-8928,3384,1
12532,-11012,11980,16816,-2304,2332,1
16880,-8108,3920,15928,6448,9196,1
15396,2660,2852,15948,-1832,-1548,1
15696,8648,3944,14540,-16588,1196,1
14012,-5140,7464,20160,4000,1744,1
16320,-3472,6496,21616,-176,160,1
16280,-816,6740,14364,100,1436,1
15768,188,4676,7840,-3076,7056,1
15808,72,2552,14908,-14496,944,1
18436,2148,4456,21496,20224,-7080,1
12932,-4984,8412,21764,-8364,5468,1
12740,-780,9760,14304,5760,3904,1
16516,-3856,4408,16540,-1316,528,1
15060,3900,3568,16124,-1628,1236,1
16520,5444,6644,15812,-10960,564,1
13956,-3884,8912,16560,-132,3088,1
16344,-4332,7128,16568,3128,5888,1
15576,5852,6036,16416,-5184,512,1
15460,1800,6960,16324,-2412,2616,1
15272,-3008,6548,15980,1136,3304,1
15176,172,6408,16248,316,3556,1
15488,2840,6400,16264,-3300,2256,1
15752,352,5620,16108,-1868,2652,1
16696,1564,4432,16732,-1844,3168,1
20304,852,2676,16784,-1864,3728,1
20460,568,2640,16432,992,3940,1
2928,-4924,11728,16368,-32,2064,1
9188,3048,8888,16296,-348,1908,1
32767,10244,-9796,17652,-288,8548,1
2732,6000,5872,16024,-6196,2400,1
15112,3692,2252,16144,-276,776,1
18948,-8800,3892,16572,4540,1088,1
15728,-8316,5204,16600,3652,3504,1
14428,5084,6060,16596,-4160,3552,1
16424,7100,6404,14704,-19160,2308,1
15612,-5660,3872,16148,804,3396,1
15628,-4424,4576,16312,5064,2908,1
15120,-928,7592,15212,1520,1784,1
17356,5428,5928,16264,-3856,4076,1
15320,-6816,7644,15904,-2412,6000,1
15508,-4000,4364,16132,2164,5328,1
14776,316,7288,15764,-3428,5192,1
16144,9664,7792,15528,-7384,3816,1
14480,-40,8812,15024,-6732,5168,1
15620,-13692,6180,16280,1504,8176,1
14112,-3108,7292,16016,5212,7052,1
16156,4600,7520,15392,-1736,5900,1
15732,7848,7648,14948,-8740,4448,1
14716,-2292,7136,15380,-4916,5896,1
13796,-14212,5980,15508,-1576,7604,1
16332,2896,7488,15492,2256,6968,1
15288,1524,8012,15108,-1284,5332,1
15172,6916,7484,15544,-4028,4776,1
15844,-3048,7724,14768,-1688,6504,1
12644,-12172,6476,15956,3676,8540,1
16744,8256,8220,16248,2004,5956,1
15804,8780,8564,14200,-6444,3788,1
15448,-1700,6620,15604,-6652,6424,1
13860,-14288,6480,15872,484,7916,1
15892,4868,7548,15464,-932,6916,1
15536,3724,7520,15128,-2716,5844,1
15564,424,6744,15120,-3112,5896,1
15268,-2968,5768,15392,-1856,6704,1
15560,-3208,6736,15612,-1388,6796,1
15652,2496,7624,15120,-1752,6524,1
15684,1152,6968,15380,-1136,6984,1
15320,-1408,6536,15304,-1068,5952,1
15380,-1748,6108,15156,-1272,6592,1
15596,-828,6616,15544,-1420,6100,1
13044,1720,11384,14164,-2860,8204,1
13048,1660,11336,14144,-2988,8348,1
13096,1428,11496,14088,-3004,8296,1
13044,1344,11512,14148,-3124,8328,1
12984,1432,11264,14048,-3136,8260,1
12984,1512,11312,14128,-3144,8240,1
13072,1476,11420,14152,-3204,8220,1
13104,1416,11388,14108,-3164,8128,1
13072,1380,11424,14092,-3072,8344,1
13056,1316,11468,14208,-3216,8236,1
13080,1472,11228,14216,-3140,8396,1
13056,1420,11436,14108,-3148,8188,1
13024,1488,11240,14136,-2984,8352,1
13152,1468,11388,14080,-3048,8320,1
13144,1460,11360,14072,-3000,8292,1
13008,1620,11288,14184,-3024,8328,1
12992,1656,11300,14024,-2904,8076,1
13196,1280,11440,14184,-2928,8496,1
13104,1300,11748,14080,-3200,8612,1
13216,896,11564,14200,-3628,8676,1
13148,816,11212,14088,-3780,8352,1
13144,1148,10736,14136,-3360,8112,1
13100,1504,11096,14204,-2852,8044,1
13136,1492,11148,14160,-2804,7956,1
13116,1268,11288,14312,-2696,8108,1
13168,1100,11332,14300,-2964,8128,1
13148,1148,11248,14164,-3196,8160,1
13164,1032,11212,14220,-3164,8104,1
13196,1092,11228,14308,-3076,8160,1
13276,1136,11328,14328,-3116,8172,1
13160,1188,11192,14192,-3088,8220,1
13220,1220,11292,14196,-3164,8028,1
13164,1136,11176,14232,-3144,8104,1
13168,1212,11180,14196,-3148,8092,1
13272,1272,11076,14268,-3104,8064,1
13152,1116,11028,14164,-3152,8012,1
13148,1232,11276,14356,-3132,8220,1
13260,1404,11172,14264,-3008,8096,1
13136,1244,11160,14104,-2852,7896,1
13232,1464,11976,14364,-2380,8604,1
13244,1172,11920,14384,-3440,8876,1
13236,440,11416,14104,-4644,8232,1
13320,1300,10772,14132,-3912,8156,1
16580,-1856,5752,16228,232,-1068,1
15568,-3364,3776,18044,904,-2844,1
16252,-3284,5148,24532,-184,-2376,1
16616,2496,6448,16100,-1612,4664,1
15832,-1272,6244,11624,-4000,6836,1
15696,-2876,1864,7884,752,7560,1
15468,-1384,524,14160,-5560,11060,1
17164,-2616,6012,32767,6012,-6808,1
15672,-1792,4956,6236,-1584,-824,1
14860,-2604,8128,16596,-5136,2884,1
17484,9476,6800,16840,1492,752,1
14496,-4896,5328,15804,-740,-628,1
15368,-3268,4660,16824,5428,1412,1
16276,1836,4408,16908,-2584,972,1
16652,7980,6904,16088,-16860,92,1
16548,-6992,7328,16600,2600,1816,1
14848,-3044,6052,17008,11468,2340,1
16468,6636,5492,16180,-1124,-912,1
15388,1080,5972,15928,-8740,-952,1
15704,-336,4800,17228,3132,2028,1
15688,-3652,5660,16712,568,1676,1
15976,568,4140,16728,96,1380,1
15908,2640,3044,16628,-4996,920,1
17652,2252,3024,16584,-120,1548,1
21356,-3564,2416,17160,4172,3496,1
15064,-864,7980,16896,-1072,2180,1
13748,1312,4708,16948,-1396,1096,1
13660,-3200,5076,16440,2284,440,1
15936,2116,7300,16908,2080,-232,1
16284,7928,25652,16608,1192,1736,1
24172,-8068,-1868,17360,520,3192,1
13776,1656,5136,16536,1956,1876,1
16464,-5304,4012,16508,3916,1688,1
17236,-780,2832,16620,252,1584,1
17192,11096,1576,16468,-8244,1436,1
16424,-1000,3112,16624,2420,2280,1
15772,-5040,3652,16052,3596,1728,1
15908,-5800,3884,16312,1816,1400,1
15888,-1628,2380,16488,-472,2244,1
16812,6840,3528,16752,-2108,1896,1
16936,5004,3180,16628,-952,2016,1
14788,-8012,5020,16648,1520,668,1
16136,-5056,5560,16720,2028,1220,1
15940,-1988,4128,16284,1892,584,1
16036,1572,4852,16460,-460,636,1
16652,5884,3956,16568,-1060,-960,1
15940,-1700,5008,17440,-872,-1952,1
15380,-8476,4904,21728,2876,-832,1
16028,3692,4668,17832,28,2940,1
16096,-1932,6376,12972,2688,4552,1
15932,-2068,5216,14020,-6240,5044,1
15720,-3132,3744,12860,-2016,5740,1
15560,-432,2212,13288,-4332,8936,1
17248,-3536,8152,31748,-196,-15000,1
16316,-3832,5908,10080,72,1820,1
15548,-5968,5924,16576,11004,1700,1
15832,3624,6896,18328,-8192,704,1
17188,10816,8324,13848,-17956,-3144,1
15488,-6316,6816,17840,3264,5016,1
14860,-10796,6452,16812,7636,2192,1
14080,-6324,5916,16092,5024,2264,1
16560,10548,6996,16724,-5664,-460,1
15900,-492,6228,15844,-3992,1036,1
15868,-2492,4856,16804,4244,1504,1
18256,-4912,3416,16564,552,2304,1
21476,1484,336,16692,-1904,1796,1
15596,-1436,8744,16204,-216,1952,1
13428,-420,6708,16688,3588,3328,1
13576,1376,6556,16676,740,1628,1
15180,-860,8912,16584,2604,1600,1
12040,-344,10980,16052,1976,-1616,1
11532,5304,20128,15936,1020,-144,1
16316,-18076,2512,16832,1560,4476,1
14788,3360,4560,16336,-84,2912,1
16964,-7036,1500,16484,2576,3636,1
16744,10460,4100,16476,-8720,1268,1
16756,1888,3028,16476,-1892,1852,1
15056,-8732,3988,15592,4616,5092,1
15356,-9368,3952,16080,5244,2892,1
15716,5344,2856,16640,-1156,4464,1
16628,5460,2704,16816,-7756,2116,1
16172,-7816,3976,16540,2848,2572,1
15436,-7384,5364,16268,4048,3232,1
16492,3576,2964,17048,784,2744,1
17140,10340,3816,16492,-9528,2060,1
15900,-6996,4392,16312,1288,2272,1
15892,-4732,3892,16184,2564,3512,1
15868,-3240,3004,16192,120,2624,1
16328,1920,3204,16524,-1008,2844,1
15956,3312,3084,16552,-3528,2080,1
15840,-4540,4068,16316,464,2108,1
15988,-1648,4824,15660,1252,2172,1
16348,-9624,5232,16300,2260,4116,1
16940,4684,3796,16552,-5232,4628,1
15364,3952,1852,16728,-5180,3012,1
15764,-1816,4072,15932,696,1744,1
15812,-3700,7112,16468,6900,360,1
15948,-828,5568,16044,3040,2704,1
16028,1068,4048,16920,-7332,3440,1
16096,-2196,2928,16872,-3512,2376,1
15952,-2312,4212,17836,36,72,1
15880,-1408,4396,20372,-2716,-1808,1
15744,-1448,3404,19312,444,3012,1
15928,-1304,4668,11536,456,8372,1
15952,-2452,6032,12436,-3788,5084,1
15936,-1984,4884,13632,-1180,7244,1
15364,-2064,2904,13716,624,8500,1
16740,-756,4680,21312,-7244,11664,1
15140,-4628,5492,13308,11024,-2672,1
15392,-5904,6060,15964,6516,5612,1
16436,932,6448,16476,-6548,1996,1
16424,6576,5524,15288,-9364,-1008,1
15460,-6108,6048,17828,524,2064,1
15848,-5552,5152,17024,3408,2240,1
15376,-2300,5116,16072,2672,556,1
15928,4804,4840,17092,-5972,180,1
15856,-3140,4584,16436,668,240,1
15604,-2676,5900,16460,2220,1516,1
15804,-5332,5468,16620,2832,1572,1
15532,-1548,5676,16804,1800,1464,1
16276,3848,5308,16292,-4956,-400,1
16056,1928,5660,16708,-4456,1556,1
15496,-4612,5152,16596,3952,2204,1
15668,-4012,5400,16360,2504,1080,1
15940,-184,4544,16784,392,1284,1
16012,1044,4240,16512,-2668,876,1
16512,-1256,3304,16636,-2148,1456,1
17200,-224,1820,16724,852,2964,1
21240,-1180,-1776,16576,1356,1424,1
16664,-2036,5016,16344,1320,1488,1
10920,-3144,8740,16764,2048,1356,1
12100,2880,6444,16928,-468,2380,1
15812,-3488,7260,16400,292,1656,1
12336,-520,9236,15840,932,-412,1
8884,13652,-4956,16436,756,2072,1
16728,3984,1256,16816,1300,3776,1
17616,-1616,4152,16580,284,3168,1
18524,-3512,3956,16480,-468,2812,1
16152,-956,2508,16168,120,2728,1
15896,-124,3112,16412,-604,2420,1
16308,84,2584,16516,-368,2844,1
16228,784,3636,16876,-3176,2508,1
16152,-1168,4472,16236,972,2824,1
15460,-5112,5848,16184,3108,3980,1
15924,-3724,5160,16436,1136,3520,1
15452,1636,4260,16544,-2288,3528,1
16496,424,3288,16172,-2860,3004,1
15752,-3328,4352,16116,1384,3440,1
16132,-1636,4300,16096,1724,3160,1
16244,288,3648,16576,-980,3316,1
16712,3412,4044,16608,-5712,2340,1
16156,-3088,3536,16220,1440,3096,1
15016,-3952,4836,16336,1196,4100,1
16160,-4316,4696,16312,-1028,2896,1
15360,1244,4496,16432,-460,3736,1
16608,-800,4536,16420,244,2336,1
15880,1560,4576,16308,624,3064,1
16260,-1556,5156,16448,-1020,2232,1
15660,-992,4716,16460,612,2740,1
15768,-2112,4616,16324,-356,2220,1
16280,-2092,4588,16104,-544,896,1
15428,-1520,3960,16348,-636,-888,1
16172,-376,4868,21036,1400,-184,1
15980,-668,4248,19436,-3592,2228,1
15920,-2976,5204,15700,-228,5284,1
15756,-3304,6288,13548,-1124,3268,1
15648,-2392,4864,12668,-2708,7048,1
15376,-2352,3744,13424,-3836,9572,1
15160,-3260,5020,14672,-2216,-7064,1
15276,-6836,6480,10868,3644,-444,1
16532,2784,6116,16960,-3760,3508,1
16044,6624,6632,16392,-10996,-1060,1
15852,-5112,6008,16064,1572,500,1
14804,-8508,6276,16720,6408,3664,1
15388,-1824,5640,16384,6116,1440,1
16548,11464,5444,16460,-7648,-2280,1
15552,-5612,4988,16328,-5052,528,1
14876,-5408,6056,16856,6444,4160,1
15412,-6752,6156,17100,6276,3364,1
15144,4060,5768,16820,-748,1948,1
15732,1764,6312,16788,-12272,-240,1
15628,-3200,5220,17076,3532,2660,1
15604,-4872,5668,16636,4524,3144,1
15868,-1600,5108,16676,-1140,1256,1
16156,4644,5396,16424,-3000,544,1
17224,56,3652,16516,-156,1372,1
19896,-2752,1984,16536,2120,2040,1
17352,-664,3728,16252,2348,1092,1
12920,-2460,9192,16388,908,1356,1
13912,-1392,5936,16448,548,2396,1
13976,-2040,7224,17164,1152,2500,1
15132,-176,8144,16608,388,2188,1
15676,-8,7240,16448,-664,1716,1
10100,4576,11804,16016,1072,1720,1
19064,-2396,516,16844,1120,3140,1
15660,-676,4328,16380,1552,1448,1
15520,-4188,1812,15928,5296,2552,1
15240,-5448,3256,16256,5288,1808,1
16392,-144,2260,16668,-3752,2300,1
18024,14692,3620,16728,-9128,2716,1
16000,-6944,2680,16540,3088,2840,1
14928,-4540,4252,16244,2264,1780,1
16412,-2740,3348,16224,2460,1768,1
17132,3680,2524,16564,-3032,2920,1
15840,-3812,4176,16440,-1292,2392,1
16784,320,4552,16496,212,2484,1
15488,-3420,3256,16348,-820,208,1
16348,1512,2408,18096,-116,-220,1
15844,-3868,3108,20716,-640,-1984,1
15836,-1096,3880,17400,472,4340,1
16076,-3728,5220,16020,424,2828,1
16164,-3060,5404,14492,-2276,3832,1
15904,-3252,4680,15260,-4180,4884,1
15300,-1284,3260,14668,1592,5412,1
15740,-1464,3624,13580,-3204,7992,1
16028,-3820,6520,20300,-3816,-10128,1
15528,-2816,5852,12696,5948,-912,1
16312,-620,5280,15720,2288,3664,1
15572,660,4700,17528,-8864,-992,1
15924,-2068,7160,15764,-5564,-2556,1
15804,-6708,7912,16856,6300,-192,1
15252,-5552,5980,16792,3144,992,1
15204,-1252,6808,16996,1708,996,1
16660,9560,6616,16524,-7160,820,1
16156,-2112,5496,16092,-13028,2076,1
14404,-6056,6668,16748,7224,1556,1
15764,-7160,5724,17204,13776,4236,1
14208,956,6492,15800,412,1576,1
16452,4348,7080,17764,-19604,-280,1
15780,-1948,4580,16924,6196,2048,1
15468,-4768,6024,16440,4292,3096,1
15584,-2580,6108,16016,3984,1520,1
16592,5512,5936,17304,-7372,572,1
17928,388,3388,15880,-4924,2196,1
20312,1896,584,16760,7232,2764,1
17456,-4908,4532,16516,-12,1776,1
12308,-1484,7948,16684,-2164,1148,1
13520,-812,5380,17000,836,3256,1
15052,-2284,8512,16304,864,668,1
11460,732,12100,16056,1804,880,1
16924,1532,28668,17768,-1848,2688,1
13464,-9216,1232,16404,2020,3468,1
15220,-9772,5872,16264,4832,1456,1
14400,212,2676,15604,3280,2936,1
14264,4212,1672,17540,-8656,2200,1
15944,1536,3184,16368,-4520,3128,1
15960,-5124,4416,16460,4188,2436,1
16100,-1008,5432,16332,2132,2128,1
16092,-2832,4128,16424,1816,2144,1
16576,952,4300,16208,-2052,1248,1
16428,1040,4356,16352,1264,572,1
16172,-2608,4184,16232,1556,864,1
16044,-732,3232,16176,-620,2164,1
16996,2216,3116,16148,-1208,3088,1
15708,-5388,5224,16584,-288,2592,1
16176,20,3392,16364,-1660,4824,1
15688,-6716,3076,16464,-1076,3208,1
14864,-11024,4128,16556,-3044,1292,1
17556,9752,6708,16996,-2884,2124,1
15688,1940,3724,17148,-4276,3616,1
15844,-3636,6468,20852,2100,-1984,1
16528,-3800,4864,20220,-1020,188,1
16228,-1552,4120,17228,3884,2384,1
15464,-3196,2452,14412,1768,4708,1
15660,-1552,1064,10004,-2668,8872,1
15040,-2136,2556,13516,-1552,7484,1
16896,908,6492,22652,-672,3672,1
15480,-4364,4744,11696,-1632,968,1
15392,-6792,6004,16776,6528,6080,1
15940,-1964,4992,17400,-2540,-132,1
17204,11464,3924,15756,-7092,-2052,1
15000,-4920,6336,17268,-1144,-720,1
15932,-8936,3468,16520,5196,2404,1
15564,-4576,5492,16584,3860,1040,1
16216,5204,5604,16888,-6808,-624,1
15740,-3608,3908,16600,1496,-20,1
15796,-2492,4836,16772,212,1108,1
15852,-4252,3412,16548,-28,1192,1
15156,-2308,3084,16620,-628,1204,1
17004,3620,4316,16948,-5560,680,1
15488,-3260,3056,16104,308,292,1
15896,-836,3780,16632,6704,1104,1
15888,-1172,2520,16520,-1200,2308,1
15880,-1792,6924,16580,-972,788,1
16676,-940,5260,16784,-1588,2444,1
17240,-1896,3516,16816,-880,2168,1
20500,1996,1508,16588,1532,1372,1
17200,-5704,2832,16632,748,620,1
10036,-972,3904,16724,1408,1320,1
15576,1552,3816,16452,892,528,1
11528,-8116,20208,16896,-620,4192,1
4140,-2804,10584,17020,-136,2816,1
32767,6304,1036,16908,416,936,1
9360,-13904,1052,15716,1088,-344,1
15956,-4728,4752,16212,1600,3096,1
16088,2484,3128,16876,-2760,2804,1
17852,11280,1784,16380,-4168,2944,1
14568,-2412,5880,16424,-1048,2188,1
16328,-8884,11044,16680,2684,1928,1
16104,-11316,5484,16636,1764,2808,1
16292,3272,5356,16236,-1304,2628,1
15704,4984,2340,16128,-3376,1244,1
17976,3632,6824,16604,1152,1756,1
15092,-5776,4036,16392,288,1596,1
16032,-3172,6800,16216,-1228,1108,1
14788,904,3164,17752,-652,-248,1
16504,-3136,5636,18832,1816,-2732,1
15560,-1644,3944,16860,-3320,4184,1
16316,-3664,3400,14088,-152,3532,1
15088,-3968,1124,18880,-616,80,1
14956,-1228,5540,8680,-6016,8468,1
16360,-1140,5212,16220,-2032,6588,1
16536,304,2100,19476,-584,-32,1
15644,-2412,2224,16552,-3732,1384,1
14392,-6912,12188,17244,5144,708,1
15720,-6668,6332,16912,2724,3880,1
16640,2028,6808,17124,852,1140,1
16904,4752,3808,16484,-3852,320,1
14824,-4080,4516,16136,-4536,-1912,1
16400,-528,2628,16108,4372,596,1
15724,-6672,4112,16768,5780,4564,1
15800,-1564,4552,17172,-2856,2800,1
16528,9728,5792,15880,-12976,-196,1
15284,-1408,8616,16384,2988,3668,1
16944,-5808,5844,16152,7428,3160,1
14692,-5760,7324,16608,2480,3496,1
16336,2380,4924,16404,-596,1468,1
15352,3868,4568,16132,636,932,1
18544,-2196,2356,16416,-2104,2168,1
19356,-2460,2240,16820,3596,4436,1
18632,-684,7040,16864,-768,4744,1
15296,-2756,3004,16552,-2724,2920,1
14136,944,7868,16508,1320,1284,1
12604,208,13384,15944,2244,-72,1
8388,9952,7452,14836,572,528,1
13544,-908,6028,16048,1788,6144,1
19356,-7340,4376,16880,2652,2444,1
18096,-1928,5336,16104,-2808,3044,1
14836,9284,2068,16824,-3692,3336,1
16184,-1368,3248,16216,-1008,2324,1
15756,-4612,6964,16500,1952,3396,1
15948,-6056,2880,16172,1212,4112,1
15712,584,3040,16664,-3640,2152,1
16912,6008,2888,15944,-1568,1476,1
15396,-5556,6568,16816,1704,2860,1
16488,-1064,5596,16624,824,4260,1
15940,-4716,4888,16852,24,4264,1
15588,840,4108,15908,-2044,504,1
16032,-308,2712,16208,744,-256,1
15548,4808,4748,16200,-472,1596,1
17052,2624,6740,16504,-2576,2176,1
15392,-6400,5076,16136,1280,380,1
15476,-6404,2268,19340,1704,-112,1
15664,208,6168,20088,-3660,456,1
16564,-1792,6068,15680,-2676,3980,1
15360,-4076,5172,14952,-5084,3836,1
15540,-3772,4632,18240,-480,5992,1
15784,816,5036,8612,-2932,16968,1
15856,1760,3252,14096,-3612,-832,1
16624,-6016,7292,13888,3880,32,1
15540,-7292,7380,19736,5320,3532,1
16020,1128,7208,15192,-184,2372,1
14964,1864,3032,16460,-868,488,1
16044,2384,3840,16480,-8120,-652,1
15136,-4288,6232,16364,2224,1600,1
15908,-9160,6420,16856,5020,2300,1
16040,2368,5720,16056,980,4076,1
16804,3808,5892,17008,-5640,1076,1
15984,1284,5404,16088,-9276,212,1
15904,-2036,3752,16208,600,588,1
15384,-7144,5240,16492,7108,1220,1
15356,-376,5512,16456,2784,2344,1
16752,1364,5344,16888,-6968,1964,1
17460,3288,1748,16592,-524,1944,1
19416,-1924,1460,16244,2316,2200,1
17124,-400,7740,16516,1624,1800,1
16792,-3952,1804,16580,-924,2532,1
16312,3068,4012,16552,732,2496,1
13472,-900,11692,16364,832,1752,1
14292,-176,32767,16788,788,1924,1
24404,-15360,-8872,17620,712,3676,1
16268,4724,3452,16196,812,2448,1
12604,-5340,3872,16100,1708,2508,1
16300,-1436,2408,16304,1416,2924,1
16752,-2676,1916,16384,-1320,3064,1
16040,9888,3240,17056,-7956,4760,1
16572,-4004,1980,17152,-5768,5184,1
16004,-2812,3884,15516,5156,3368,1
14844,-8392,5456,16760,6608,1872,1
17556,3336,3224,15548,600,2180,1
16972,4896,2520,16744,-6784,2232,1
16116,-1956,3432,15868,-1116,2956,1
15548,-2280,3616,16668,764,2520,1
16008,-4464,5300,15944,320,1000,1
15920,-976,5872,15924,-716,-44,1
16320,-616,4116,16872,-308,736,1
16444,1188,3788,20052,-2472,-80,1
15764,-4188,5928,20664,-3264,1284,1
16040,-2088,4568,15484,700,2412,1
15912,-1768,3344,14724,-360,3352,1
15576,-2380,2184,14148,-2564,6456,1
15900,-1764,5208,9548,-5268,19600,1
16508,-2212,7496,23688,940,-2120,1
15640,-2384,5804,16000,-580,808,1
15820,-1648,2656,17336,92,1048,1
15480,-2524,2312,16428,1836,2420,1
15852,-4924,9100,17056,2368,936,1
16344,80,6444,16636,-2776,2532,1
16316,1220,4992,16512,-5788,440,1
15360,-2064,4512,15984,-9196,-224,1
15752,-3592,6248,16900,1768,1732,1
15632,-4552,5268,16280,10076,4432,1
15548,-576,6496,16672,-196,572,1
15736,2984,3752,16340,-2924,168,1
15608,-1920,3888,16596,-2648,2348,1
15428,-3256,8736,17064,-1304,2584,1
15380,-4320,8184,16804,888,3864,1
15860,-1040,8688,16632,2072,2564,1
15760,444,5180,16380,2360,2060,1
15712,144,4668,16040,-2520,1032,1
15588,-572,2476,16196,-4132,1440,1
15996,-132,3676,16672,-6592,2348,1
16720,-1132,2888,16692,2832,3816,1
21300,-4268,3760,16560,4648,2964,1
17464,-1764,4708,16444,-1472,1708,1
11492,-1000,4752,16104,-552,1552,1
10004,-196,4776,16632,816,2716,1
18996,-484,16300,16204,876,1692,1
8972,636,21092,16816,-372,3256,1
12320,-8144,2404,16708,-364,4788,1
19460,200,3108,16848,152,2956,1
16216,-4432,5820,16188,2420,2840,1
14784,-636,4552,15988,584,3188,1
16776,4412,2372,16344,-4996,4196,1
16208,-2032,2068,16212,-3376,2184,1
15556,-2384,6428,16900,1012,3784,1
16148,-3212,6500,16592,1612,5620,1
16452,-1216,7376,16720,-1548,4312,1
16140,892,4084,16688,-1552,3448,1
15672,2412,420,15368,424,2408,1
15096,-3452,-2824,15428,308,2968,1
15584,-2672,4692,15752,-652,2180,1
13488,-1884,13732,17672,-1628,3008,1
17820,924,6088,17616,-2048,3996,1
15672,1044,2128,15456,-1848,2572,1
15760,-3820,-252,14816,1088,1640,1
15304,188,1204,18996,-724,456,1
16404,-3368,7656,20132,376,1732,1
16212,-3896,8300,15156,-812,5364,1
16072,-1452,5724,14716,-2868,4064,1
15288,-1420,1740,15692,352,5588,1
15916,-4132,4600,16916,3340,7600,1
15388,-2156,4900,1592,-13236,19980,1
16932,-2168,5780,21232,-5300,-4924,1
15396,-2036,6200,13660,4028,4348,1
15308,-1132,4240,17796,-6456,2464,1
16160,-1736,4408,15320,1064,1144,1
15784,-1064,6328,17196,-1780,1264,1
15936,-1264,6296,16048,-4148,2980,1
16328,-1100,6332,16812,-1064,1508,1
16448,-452,5356,16636,-1268,4916,1
15356,-1664,5512,16656,-1840,2528,1
15764,160,3436,16036,-1504,-772,1
14472,244,1100,15900,1864,932,1
15668,-4028,5652,16052,2168,2932,1
14924,2212,5412,17080,1680,4368,1
14736,-2072,5636,15524,-5004,2712,1
16120,3024,7728,16176,-7496,1300,1
17196,4952,6936,16596,-624,4544,1
15596,-2088,7252,16152,2460,5736,1
13900,-3096,8840,16068,1172,4472,1
14708,-1236,6924,16012,764,5584,1
15364,5004,7440,16608,-5368,4484,1
16440,2084,6436,15864,1672,5164,1
15916,564,7440,16748,-696,5060,1
18044,3812,8292,16248,708,3928,1
11512,-5584,9932,15964,276,2824,1
6420,5444,8856,16428,2528,2192,1
32767,-4568,16608,17280,2256,5428,1
9444,-8736,9192,16028,-468,3020,1
9312,6268,5376,15964,104,3456,1
16492,-5060,5964,16364,1376,3884,1
15712,-5672,2948,16260,624,2728,1
16984,-832,9548,16676,1180,4688,1
15428,2712,5416,15972,-896,4452,1
16332,-3280,5212,16996,612,5080,1
15624,-2252,5820,16268,-3036,5056,1
16112,-4852,5076,16300,-972,4552,1
16492,1084,3828,16044,-424,3768,1
15492,-1212,-2084,15812,-1968,2304,1
17264,-1388,1704,15948,-792,-212,1
15336,-668,12744,16416,-96,3572,1
16636,-5032,5388,16988,-1408,4244,1
16452,-392,4620,16372,-444,2692,1
15308,-3772,5336,17000,-3468,-212,1
15736,-1248,3556,20696,4560,1204,1
15812,-2052,5032,19268,1092,5432,1
16008,-1352,6352,13660,-3072,8644,1
15996,-3028,4688,17408,6388,7152,1
16152,-2552,5348,11308,-1492,10080,1
15828,-2468,3528,15536,-6136,7500,1
15500,-2716,3860,17828,6332,6108,1
16104,-2700,3052,19080,-2500,22496,1
16140,-1536,4848,18488,-29344,-532,1
16684,-1280,4152,18808,15064,-2076,1
15868,-1992,4968,15224,-1468,3108,1
15668,-888,4648,15820,-5236,1824,1
15740,-852,4776,17376,4100,244,1
16200,-128,4320,16796,-3112,3508,1
16168,152,5904,16952,-2164,4860,1
15980,-356,4952,16300,-828,528,1
15180,-92,3788,15804,-60,-1840,1
15724,-212,2716,15824,3992,104,1
16272,-1948,2372,16572,-2820,3232,1
16544,684,5892,16836,864,3272,1
14352,2968,9992,16412,-1408,3204,1
15544,2220,8076,15840,-5008,2936,1
16700,2572,5096,16464,-5940,5820,1
15908,-1008,7660,16764,-824,5068,1
15656,-4360,5764,15500,6572,4928,1
15192,-2504,5300,15088,5880,4844,1
16708,636,4820,17228,-6236,2784,1
18384,7688,3112,16632,-3328,4212,1
17624,2140,7300,16000,928,2300,1
13420,-1148,7200,16164,1276,2920,1
13088,976,3440,16356,660,3008,1
14256,472,7488,15972,1604,4344,1
17260,-244,11884,16344,232,2672,1
19188,1512,-460,15404,1240,2808,1
16868,2796,2972,15912,216,4796,1
15316,-188,5076,16412,44,3952,1
18480,-6360,3368,16512,1680,3560,1
15468,-3896,3192,14524,2852,6524,1
16628,6272,5224,17096,-6056,2692,1
16652,12508,3960,16200,-3988,4224,1
16560,-8556,1528,16132,1412,5940,1
15416,-7640,3568,16252,1900,3268,1
15232,-4712,3176,16116,352,4548,1
16524,-24,3032,16244,-1004,2604,1
16160,4688,4644,15968,-8,1036,1
16284,252,3412,16236,1124,976,1
15792,-2724,3640,16408,1296,1424,1
16492,-3488,4476,19788,724,-832,1
16088,-1732,4988,22912,2668,832,1
16204,-1564,3904,16504,468,6572,1
15980,-936,4432,9512,-1552,9824,1
15708,-4344,4416,10100,5016,5108,1
15716,-1168,2320,17332,-10068,8764,1
15364,-2720,4716,14292,132,9204,1
16108,-2796,4140,12260,-2468,21440,1
16280,-340,7536,16912,-8212,848,1
16208,-1320,5488,16848,4032,4012,1
15520,412,2300,16660,-4524,528,1
14832,-5420,8092,16004,1120,-1236,1
15112,-3844,8964,17424,2552,-436,1
16200,-112,6516,16660,-1652,2164,1
15808,2324,6144,16636,-2700,124,1
15792,1724,5160,16760,-1052,1380,1
15680,608,6560,16472,-268,1276,1
15460,-5816,5940,16532,736,1340,1
15256,-3200,7172,16424,2132,1672,1
16140,-656,6232,16548,1452,388,1
15936,484,4632,16848,-232,552,1
15984,-324,3956,16656,-6652,1988,1
16000,-1324,4948,16472,-4548,1904,1
15720,-3428,5588,16084,-904,2864,1
15680,-1512,4708,17128,288,660,1
15776,-964,6052,17156,-3628,1156,1
15436,908,3180,13388,40,6580,1
16864,264,4840,12384,9160,9144,1
22420,-896,1188,13916,-11564,4228,1
18992,3344,6000,21680,348,2356,1
9160,-5332,11128,14840,2036,212,1
13104,-980,3452,16128,1868,612,1
13540,3264,7372,16848,2536,3524,1
15056,-2968,8548,16612,-348,2920,1
19688,-2092,31012,17128,-12,3296,1
24344,-4752,-4680,16708,1688,3388,1
15220,3580,2044,15468,956,4568,1
12580,-2276,2056,16252,668,2524,1
17640,-3372,2296,16224,-56,3424,1
17284,4400,2536,16516,-2196,3604,1
15912,-412,1440,16772,-2104,3916,1
15820,-1852,784,16112,728,3328,1
15288,-3160,3492,15848,1164,3164,1
16300,-464,3724,16244,348,2424,1
16308,380,3412,16380,688,2632,1
16136,444,4728,16328,316,3708,1
16532,584,4268,16428,44,4008,1
16140,-864,3884,16252,120,3660,1
15120,-1108,4820,15988,-756,3008,1
16860,-3552,3636,16140,-1348,3316,1
15224,-3624,7280,16372,-960,1256,1
16528,696,6260,16608,1164,1660,1
16616,1524,5848,18388,-380,900,1
16032,-2096,5060,23444,-1192,144,1
15748,-1620,5208,16348,2720,2784,1
16428,-2376,6752,14596,-1492,2528,1
15644,-368,3224,12148,-1124,8724,1
15172,-3148,-88,13304,-5576,12360,1
15664,-2424,1408,18368,-6712,19628,1
16208,-1068,6104,21492,5432,-972,1
15420,1948,2296,15596,-8540,6260,1
15468,-6080,14660,17252,1816,-1456,1
16800,-4928,6096,17300,2328,1456,1
15836,-1924,6124,16996,3708,108,1
16480,2904,6552,16392,-1956,180,1
15632,2284,5120,16080,-5408,72,1
15248,-3280,5364,16732,4,244,1
15960,-2924,5892,16264,-840,1388,1
15892,-428,4340,16300,-2104,1568,1
15816,-320,3076,16732,-2792,2724,1
16536,-964,4224,16820,-2324,3084,1
19088,668,3604,16412,2024,3748,1
21168,1712,3560,16396,476,3028,1
17212,-3080,6540,16952,-468,2456,1
9632,-3740,10616,17596,220,2272,1
12792,-40,5572,16368,1052,1904,1
15472,-612,7668,16464,892,152,1
11932,-1092,11736,15336,1380,-4036,1
9492,23628,4476,15952,2964,4740,1
14632,-5800,2404,16356,620,4804,1
18968,-1676,6008,17120,-632,4460,1
18848,-1764,6008,16508,-488,3624,1
13628,-592,3880,16348,-1424,3072,1
16444,1088,2796,16372,-1892,3652,1
15828,-2548,2672,16376,-580,2564,1
16284,-1288,3248,16332,-564,3228,1
16148,-232,3064,16072,-1752,976,1
15864,-3888,4236,16380,5736,3480,1
16288,-1028,7108,15668,3904,1872,1
17048,5024,4068,16948,-5956,4628,1
16488,208,3584,17108,-6112,5992,1
15580,-1728,3220,16264,-4952,3400,1
15504,-7496,2612,15876,3396,2868,1
14988,-4060,4180,16148,1392,1588,1
16488,1832,4044,16472,-376,2908,1
16236,4992,6776,16604,-1460,4016,1
16460,2432,5636,16428,116,2528,1
15072,-3724,6716,15724,984,28,1
14948,-3816,6976,15588,332,-1760,1
17540,-756,5664,20592,-5332,1768,1
16056,-788,4572,22908,-4740,3932,1
15704,-1812,5228,13988,952,7420,1
16000,-3788,5988,11388,-2536,6128,1
15812,-720,3896,12752,1524,4688,1
15420,-2728,2940,17664,-1024,6756,1
15684,-1696,676,11236,-7196,6580,1
16108,-1608,4536,21928,-6464,-6188,1
15552,-452,6280,17076,-4556,-564,1
14932,-4080,9604,16684,2084,1396,1
14972,-2652,9168,17772,-364,2140,1
15576,-3400,7976,16896,2928,476,1
14996,-160,6148,16112,2144,-592,1
16660,4416,3712,16532,-2404,-724,1
15120,-2696,5292,16592,-4332,-416,1
15660,-1108,5828,15996,-8088,868,1
16036,44,4276,16688,1288,2048,1
14488,-6056,10332,16844,8196,2408,1
16264,-3504,7172,16624,1472,2472,1
16120,1004,6704,16648,292,348,1
16148,2940,5916,16488,-2320,-108,1
15520,-4056,4900,16600,-3700,872,1
15276,-1776,3600,16424,-1000,1532,1
16248,308,2088,17316,-2496,4772,1
19544,-556,3764,16344,-424,1952,1
21372,-436,96,16644,1888,1132,1
14716,-4560,7532,16036,1096,320,1
13764,-1008,5380,16768,2236,556,1
13024,3304,6932,16332,480,-672,1
15916,536,9100,15948,2740,-172,1
14424,1304,10456,16320,2352,1776,1
11912,6532,20140,16552,1564,1428,1
18900,-13560,556,16980,1232,3920,1
13908,576,3664,16584,1684,1932,1
17492,-2100,1544,15912,3812,256,1
15728,-876,3244,16268,1628,2948,1
18108,7960,2308,17284,-3424,3852,1
16444,640,4000,16592,-4512,4292,1
15328,-9468,3240,16416,896,4204,1
16080,-2972,3456,16164,1804,2536,1
16164,2372,2696,16344,-392,2824,1
16716,860,3652,16384,-116,2740,1
16996,1912,4872,16520,1592,2800,1
15860,-2672,4172,16552,1480,2576,1
16396,-76,4096,16256,428,2500,1
15832,-2984,3836,16304,-188,2108,1
15464,-4228,4416,16280,824,1392,1
15976,-4692,4628,16368,1080,2008,1
16008,-1320,4104,16032,144,1596,1
15620,4564,5572,16412,-1984,3072,1
17168,6280,8572,16356,-1612,1280,1
16196,-8904,5352,18588,620,2376,1
15192,-3548,4112,19476,2324,-1268,1
16584,-420,3248,17916,-2148,3920,1
15772,-2572,3260,16356,-328,2124,1
15596,-2636,4836,13704,-3620,4324,1
15876,-1732,2596,15440,-4208,6136,1
15280,-2308,-64,12852,-1784,7304,1
16152,-4244,6804,19308,2016,6968,1
14980,-1504,9660,12240,2048,-556,1
16084,-3616,5028,16776,556,4420,1
15712,3440,4420,17064,-3272,-1496,1
15636,-3776,5640,16132,-1076,-1396,1
14976,-4292,8500,16776,856,1228,1
15952,-2984,6604,16992,1360,1572,1
14968,472,4524,16488,-436,284,1
15688,-1476,6028,16520,-2492,-1208,1
15752,-1244,6432,16732,-1284,464,1
15828,-2464,4228,16676,876,1028,1
15680,-3184,5052,16436,488,364,1
15708,-1560,5448,16536,-1132,-332,1
15444,-212,4252,16580,-4748,948,1
16284,3880,4032,17032,-5620,1156,1
14844,-6284,8464,16716,2312,3776,1
15976,-3192,7664,17236,9352,4200,1
15212,-644,6336,15960,1536,588,1
15592,3888,4664,16176,-156,-388,1
15844,-3248,6992,16464,-4352,-20,1
16328,-1404,6692,16992,-2228,2388,1
16020,-3328,5680,16928,-856,4216,1
16328,596,2596,16556,-1044,1116,1
18028,-2184,636,16032,1204,-184,1
20144,1300,2880,16332,3772,1908,1
14352,-3428,9732,16544,-440,408,1
14900,1340,3952,16716,2140,2232,1
13476,-1128,6192,16740,652,3064,1
16272,-424,8688,16328,492,940,1
19228,904,18996,16436,324,1628,1
9232,4300,-180,16476,1312,1476,1
14704,976,-40,16436,-100,4612,1
18708,-488,4996,16632,2052,2364,1
16416,-3860,4048,16028,720,1956,1
15440,1244,2604,16428,596,3268,1
15728,584,280,16160,-936,3540,1
16252,-1660,-524,15896,-3240,3556,1
16388,-524,2092,16916,-2420,3616,1
15960,-1172,4028,16660,-420,2868,1
16212,-2108,3592,16260,2420,2932,1
16048,-208,5740,16312,1384,3976,1
16632,1568,3828,16652,-1116,3904,1
16328,428,2500,16452,-1692,3064,1
16168,2544,1340,16420,-1172,1636,1
15292,-7132,2028,16132,948,1968,1
14824,-7444,5912,16164,1140,840,1
15932,-3508,5684,16632,3792,4404,1
16364,2768,5760,16364,-156,2464,1
17416,11296,3476,16360,-2912,3596,1
16228,-3856,4072,16268,-568,1484,1
14700,-7036,4688,16260,1088,2016,1
15744,-2312,3840,16448,164,952,1
16340,936,3824,17356,-2716,1184,1
16104,-1356,5708,22192,-3364,-3708,1
16068,-472,6668,22004,820,2236,1
16088,-1624,5688,10804,540,10936,1
16064,-3648,5960,13560,-1932,3940,1
15716,-928,3092,16980,2536,5108,1
15104,-1764,540,10236,-5272,9920,1
15660,-348,1460,24136,2696,2612,1
14768,148,8628,8668,-2684,-2928,1
14928,-296,9104,19664,2268,4436,1
16512,-3600,8356,16004,-1748,880,1
12616,-3352,12392,15944,4228,1780,1
14996,-8540,7392,17016,1024,1240,1
17792,6724,4568,16488,-2544,1272,1
15056,2184,6756,16468,-3204,484,1
15672,-1020,8520,16732,1904,1076,1
14552,-6692,7028,17036,2624,1932,1
16068,2492,7456,16540,-1008,1424,1
15604,-952,6172,15684,-5928,596,1
15188,-964,5596,16260,-4268,868,1
15700,-1552,5044,16400,-2100,2284,1
16280,-1584,3788,16524,4588,2268,1
17792,148,3392,16660,492,1724,1
17596,480,5108,16724,-1332,1600,1
12308,492,13996,16260,1868,1156,1
6300,-472,15828,16304,508,1936,1
14240,-1824,10128,16748,1396,1552,1
16632,140,7204,16304,340,3768,1
16592,844,5848,16784,-608,3452,1
16172,1576,7028,16520,-3364,584,1
13392,1596,7688,15888,4396,3328,1
14044,132,12040,16364,2096,4024,1
16324,-3124,7500,16792,976,3420,1
16616,-192,5548,16344,836,4372,1
17608,2212,4156,16588,-3480,2700,1
18216,-2236,4908,16356,228,1624,1
14264,-200,8924,16528,1384,2500,1
17396,136,1632,16388,1400,800,1
16148,412,5020,15588,2532,964,1
13688,4564,13544,15704,1660,1812,1
13188,-1104,14276,15408,-556,1496,1
12304,5368,9752,16816,1532,4892,1
14904,-300,3096,16536,92,5276,1
18016,-4232,2812,16652,-1468,2200,1
16328,-1628,848,15988,1236,1848,1
15488,-4000,1568,16384,3648,1424,1
16872,4944,3260,16128,112,3424,1
16820,7656,5180,16740,-8072,2644,1
16068,-4432,5312,16724,1864,4912,1
15544,-8272,4500,16228,1468,3736,1
16040,-504,3108,16108,632,2956,1
16304,4572,2232,16560,-2576,2712,1
16796,2156,3964,16348,-228,2476,1
15436,-4924,4972,16252,616,2484,1
16316,-1812,5088,16216,1372,3124,1
15800,-1924,4584,16152,-468,800,1
16152,-356,3820,16140,-580,2188,1
15756,-4828,4932,16352,-1056,1752,1
15984,-756,4580,17160,-2480,1100,1
16212,-664,4256,22892,-2836,-16,1
15896,-1584,6224,18464,1884,192,1
16332,-992,5428,13760,-1884,5464,1
15640,-4232,4596,14740,-3348,3084,1
15560,-2132,5424,17616,60,6852,1
15776,-1608,3684,13976,-2092,8176,1
15652,-2116,6924,9964,-12260,7016,1
15592,-1392,6528,12320,336,-2040,1
15956,400,3952,16360,3424,1496,1
14544,-6452,8316,16392,612,-1488,1
17012,-7272,8116,16552,3764,-540,1
15992,3492,7176,17108,2448,1368,1
15944,3984,5572,16624,-7052,-1600,1
15036,-2916,5520,16640,-2276,-912,1
15872,-6296,5932,16392,4356,-284,1
15712,-1520,5600,16708,3320,-652,1
15644,2384,5300,16296,-1816,-192,1
15448,-140,7236,16664,-2912,-284,1
15632,-2264,6704,16712,-2928,1504,1
15192,-6304,6940,17128,2956,1456,1
15892,1392,5392,16540,-1872,316,1
15140,-1328,4984,16180,-6316,-712,1
15124,2808,5092,16060,-6456,-20,1
15424,-2700,7704,16600,1288,1592,1
15672,-6516,10276,17004,13612,4268,1
15192,-372,10100,16268,6828,4420,1
15648,5848,9056,17156,-8952,116,1
15508,-952,7012,16032,-4816,96,1
14688,-2940,5996,16260,-4868,1784,1
14880,-4624,7144,17032,4896,2792,1
14964,-1080,2756,16384,960,2264,1
25380,-1100,1696,16444,-3248,2012,1
16980,2404,6344,16560,380,2584,1
11660,3324,1220,16812,448,3048,1
11856,-872,6248,16592,1408,896,1
15800,2996,19536,16148,1456,1636,1
9892,-3076,28332,15828,212,3220,1
17712,-6048,-992,17112,-1044,3696,1
15360,4784,4500,16144,384,4272,1
13140,-11540,7380,16284,884,2848,1
15872,-2432,3904,16344,884,3284,1
17164,5180,1784,16396,-2860,2420,1
16756,5752,1508,16080,-5752,936,1
15208,-3052,5232,16612,-812,2600,1
16120,-4164,4984,16448,5292,5336,1
15436,-5140,5852,16468,3632,6032,1
16296,-1124,5260,16828,-2672,3484,1
15996,-356,4032,16596,-2684,2320,1
16296,2332,2716,16204,-368,1524,1
15896,112,2324,16336,-620,1440,1
15840,-2996,3748,16224,208,1008,1
15380,-2516,6784,16156,1232,588,1
16908,364,6288,15464,328,-1256,1
17108,-2456,4468,17812,2344,1464,1
14404,-1088,3868,20900,1836,280,1
15516,-1712,7268,17688,-4244,3452,1
16284,-1608,5964,16084,-2584,1668,1
15528,-2444,2520,15404,-2256,5480,1
15268,-3620,2120,13140,-1664,7428,1
15108,-972,4704,10968,-7468,-4776,1
14848,-1932,7296,13336,2504,-3696,1
16020,-3948,6200,16556,-248,4396,1
15392,-2080,7704,16600,156,1228,1
15668,-676,5924,15544,-564,-16,1
15536,-704,4120,16516,-680,-168,1
15436,2620,5096,16416,-1800,-848,1
15672,-2472,6144,16516,-644,-128,1
15008,-3072,7596,16796,116,1020,1
15716,-4988,6964,16552,2312,524,1
15332,-1320,7360,16940,2348,1728,1
16156,-548,6340,16628,504,920,1
15616,2496,5072,16696,-1020,1344,1
15612,332,5860,16640,-8944,-1568,1
15128,-5832,6564,16756,992,1232,1
15448,-4716,7300,16648,6072,2808,1
16156,-2984,7768,16584,2344,1908,1
15996,2468,6752,16748,-1724,904,1
16056,884,6132,16696,-3892,-288,1
15392,-2776,4836,16416,-712,-4,1
15572,-3800,3972,16288,3140,1176,1
16208,-720,6040,17488,-928,2312,1
16088,-1232,6008,16656,-6736,1092,1
15616,-1580,4472,16828,-672,-272,1
15816,-676,3780,16216,3284,-956,1
15456,-1200,1900,16252,3016,-736,1
16204,-260,3788,16808,-1188,600,1
17516,-692,4360,16592,-308,252,1
23000,860,2908,16696,976,2688,1
15848,72,6504,16904,628,2844,1
11216,-636,2424,17324,-1104,1840,1
10344,1008,7260,16760,1644,608,1
20684,-704,12760,16204,600,988,1
9272,5144,22324,16708,-200,2868,1
11488,-4772,2220,17044,-712,3008,1
18208,2160,1308,16680,320,-136,1
19236,-5460,2252,16552,1284,1672,1
14716,276,2252,16252,1732,1704,1
16260,-2048,4212,16788,-1044,2588,1
17236,5564,2964,16344,-5840,3564,1
15748,-3904,1076,16252,-3648,1888,1
16320,-3900,5008,16296,1808,2176,1
16452,-4768,5512,16776,4452,3516,1
16768,-732,5056,16284,772,2496,1
15788,3752,2700,16280,-3652,2176,1
15620,-1656,2460,16324,-4364,1456,1
15524,-3640,3728,16536,1628,2912,1
16300,-2608,5556,16368,-1524,2184,1
16456,-640,6720,15820,264,480,1
15768,-2692,3804,16172,-4016,1604,1
15532,-632,2692,16736,-408,2672,1
15664,-1940,3892,16100,3312,4628,1
16344,-1252,7256,20584,-1632,832,1
16204,-1276,7136,20736,3000,-36,1
15952,-2316,6316,18244,148,152,1
15336,-2252,4352,16584,-664,4232,1
15316,-2292,3620,11492,-3408,7528,1
15904,-904,5764,8032,-4060,24668,1
15164,-2140,9548,16600,-3760,628,1
16784,1148,6716,17440,6060,2600,1
15868,-2692,6736,14880,-1560,2392,1
14928,-1988,5144,15772,-396,-2240,1
15012,-252,6880,16740,296,-780,1
15928,-3688,5980,16700,-964,976,1
16088,668,7048,16980,-308,1408,1
14164,-2384,8692,16692,168,892,1
13788,360,8764,16696,156,696,1
14312,-136,10092,16768,688,864,1
16144,-4144,7956,16688,-4,1712,1
16656,3416,5952,16768,-760,1360,1
15832,-1832,5396,16564,-476,108,1
14456,-7940,4596,16800,348,1816,1
16664,3036,5916,16572,1548,1176,1
17700,-872,6172,16664,1012,832,1
15580,-1084,18472,16708,68,1512,1
13840,9420,1840,16588,300,688,1
14900,-5068,2128,15984,3312,780,1
16216,-1928,2992,16804,7564,2468,1
15296,-5188,1748,16612,-124,1848,1
17420,10344,2284,17048,-12632,1512,1
16180,124,2708,16428,-2148,952,1
16128,-7432,3744,16208,4580,3292,1
15800,-2780,3068,16660,4012,2320,1
15808,-1108,3228,16564,-3324,1496,1
16784,3140,3348,16508,-2760,1356,1
16260,-2180,3008,16568,732,1204,1
16388,124,3516,16228,1452,644,1
15844,-2944,2356,16436,-192,116,1
16320,-2200,2644,17164,592,-352,1
16144,424,2524,19580,-1052,-1068,1
16236,-3096,5228,17872,-3872,-400,1
16272,-2052,5224,18052,-1192,32,1
15780,-2444,3144,16408,-360,3412,1
15804,-2608,2408,12392,-2976,9432,1
16604,-1140,6508,17148,-3568,-14468,1
15992,-1872,4976,10140,-448,-3808,1
15536,-2108,4340,15224,-256,4152,1
16456,400,3484,17196,-1316,-784,1
16432,-560,4128,16368,-1312,-2248,1
15052,-3724,6780,16408,3108,-1056,1
14556,-432,9536,16564,3084,-712,1
16176,-5828,4836,16944,1316,104,1
16920,4832,6800,17044,-2264,668,1
16284,-1412,3372,16816,1548,-1904,1
15316,-2852,4540,16684,668,-3056,1
15256,516,2792,16760,-1076,-772,1
15780,-2348,3768,15564,-1776,588,1
16040,-1356,3544,12124,380,4792,1
16440,-1796,3544,25064,4600,-12992,1
15200,-2032,1332,12376,-6980,172,1
17332,-1696,4504,17272,3812,-796,1
19564,-1788,4004,17524,2300,1216,1
16420,-1476,9804,17452,-1136,3200,1
14848,-420,4500,16988,2120,1672,1
15852,-424,4404,16492,2492,360,1
16148,-928,8440,15932,1428,-436,1
15172,392,8024,16264,1476,-668,1
14812,1064,7148,16580,1340,1208,1
14696,-848,6244,16660,1268,724,1
14004,-1968,8748,16560,2556,812,1
15124,-1176,1632,16700,1468,1352,1
11224,92,-1600,16048,2132,1188,1
19140,-7560,1392,16856,-1488,2532,1
15056,4908,3064,16364,-12556,-768,1
15960,-5496,3060,17360,3840,3316,1
16324,-6876,5496,16624,8848,2440,1
16412,4400,3128,16648,-336,1148,1
16300,6456,-456,15988,-8772,808,1
15352,-8976,4388,16832,-4056,1688,1
16068,-7196,4072,17280,3976,3624,1
16180,-4,3676,16016,1368,1944,1
15632,3412,4800,16416,-2880,1296,1
16048,-2896,4420,16268,-952,444,1
16220,-2020,4204,17048,1400,588,1
15944,-2488,4220,18580,-672,584,1
15796,-4336,5180,19788,1552,-1984,1
16420,240,4300,16060,-152,3580,1
15960,-2900,4960,15580,-4228,1312,1
15540,-1704,1896,18388,-1700,4544,1
14656,-3832,1768,13112,-1348,8184,1
14256,868,3700,7808,-8116,16004,1
17624,-9896,10556,17352,3168,1620,1
16924,-2400,7640,17864,2544,6956,1
15776,3532,6916,16384,1384,1092,1
15688,2660,5196,15640,-19524,-1504,1
15260,-6404,4840,18120,4476,-1212,1
15352,-8848,4532,15524,4608,1000,1
16052,304,4296,16864,2756,368,1
16588,3928,5016,16836,-8484,-1956,1
15800,-2116,4812,16632,1568,-140,1
15280,-5356,4540,16644,4520,1692,1
15824,-1892,3988,16600,1060,636,1
16200,1496,5344,16364,-3372,-1008,1
16548,272,3440,16340,-6424,32,1
15880,-184,1112,16784,1516,876,1
18164,-1876,-1800,16020,2500,896,1
20336,-808,-780,17364,-736,2464,1
16732,-616,6848,16624,-944,652,1
14756,-4160,124,16972,1768,1716,1
18004,4248,5228,16444,788,-92,1
13452,-1768,21904,16672,804,604,1
7264,6140,6580,16164,-596,648,1
20056,-224,5112,16308,1876,1892,1
14944,-348,3252,16548,1444,472,1
17056,-7536,3176,16900,2196,1728,1
15544,6508,2148,16676,-4444,2008,1
15208,2952,4460,16708,-4340,1956,1
16060,-6256,3688,16520,3236,3812,1
16360,-3024,3880,16628,3276,2264,1
16108,1488,2872,16828,-3916,2496,1
16104,2004,3128,16372,-2348,2256,1
15832,-4612,4848,16668,88,1484,1
16224,-2584,3860,16432,1096,2304,1
16020,-2112,2448,16448,664,1736,1
16240,-964,2912,16284,-1704,456,1
15852,920,3548,15984,-1976,2472,1
16852,2864,4964,16760,-1860,2052,1
16176,-1124,3124,16788,-20,2372,1
16040,-1468,3720,16300,1096,1504,1
16500,4612,4108,15996,-76,-580,1
16372,-12980,8604,16272,1976,-716,1
16640,-6260,4508,16736,-1068,3580,1
15168,-2808,3068,16688,-1796,3936,1
15536,-320,2868,16464,-7216,3528,1
15880,648,6132,15564,-1228,2800,1
16992,-1824,6968,16632,-640,3160,1
16904,-6056,4672,16072,2280,3100,1
14504,-1936,3328,16052,-252,2512,1
15208,-1472,5360,14772,-3120,2760,1
18848,5052,5980,16188,-18000,2812,1
15228,-7892,5424,14684,2480,4700,1
13912,-16724,7908,19088,6764,7640,1
17356,5384,9084,15716,-4248,5828,1
16828,5612,4788,14332,-4100,788,1
12868,-8928,2372,19192,-1196,-2180,1
16848,-1284,3916,23348,2468,-4416,1
16052,-1460,6152,16712,1224,1608,1
15904,-3040,3348,9692,-1808,7108,1
15244,-1112,2452,13492,924,8316,1
16360,-2224,4996,11312,-5712,-7076,1
15728,2008,5720,13820,-4648,7504,1
14760,-6576,7928,15184,5308,3500,1
19624,-16324,3248,19332,3568,1376,1
16624,3216,3364,16560,156,1108,1
17620,16756,6348,15736,-15116,1636,1
14996,-8796,5728,17088,4888,2292,1
14588,-9004,4760,16748,6624,2696,1
17284,3488,3776,16204,-140,3044,1
15816,2004,4744,16480,-11720,340,1
15068,-5124,3424,16644,5036,2944,1
15640,-5812,3796,16620,6900,2008,1
16176,4260,5240,16072,-10420,228,1
16420,3356,5196,16504,-9444,2672,1
14376,-2072,2804,17608,4712,3540,1
13632,-9912,5800,15884,10244,3700,1
17800,5096,4448,16440,-10720,-284,1
15824,-1464,5188,16240,-236,1720,1
16328,-2084,3228,16680,5760,4524,1
15268,-6324,3756,16824,5460,2560,1
15740,5076,2016,16016,-1232,3760,1
19156,-688,-2056,16756,-7160,3388,1
23256,-456,-2280,16456,768,4908,1
11108,-9468,6332,16552,76,4048,1
15004,1364,1288,16024,-3028,348,1
17800,-3088,12688,16216,476,904,1
4004,21564,29164,15564,-1144,-1628,1
20572,-2544,1656,16528,4492,8808,1
18912,-5240,1672,19164,7184,3768,1
16024,-6692,5856,16348,-4352,1840,1
15216,10624,2196,16028,-7572,2908,1
16084,-6632,4076,15924,4612,4448,1
15904,-4480,3696,16768,4212,3612,1
16248,-1752,2876,15988,2416,2740,1
16528,7076,2912,17052,-10256,344,1
15860,-4604,3472,16480,1880,4964,1
16080,-5144,4648,16856,2624,3128,1
16404,-2652,4292,16936,2492,5088,1
16884,6080,2904,16204,-8172,1716,1
15440,-5636,1760,16300,536,2284,1
15644,-2900,2644,16492,1736,1256,1
16188,-2036,3604,16312,2516,2100,1
16196,-836,3932,16452,-1412,1728,1
16588,1820,4460,16416,-492,-116,1
15932,-4320,4008,17660,4392,-1928,1
16708,2992,4628,20476,-5636,-820,1
15180,-6448,2372,17036,-5576,-1704,1
15384,-2332,168,16712,796,-1228,1
14852,-1168,4580,4268,-7084,21916,1
17264,-716,5584,32767,-7360,-6200,1
15552,1968,3288,12444,-1556,3292,1
15020,-4804,4168,16332,3964,-540,1
15876,-8264,6608,17724,5488,5832,1
15800,764,5408,16884,3596,1696,1
15136,1876,4108,14188,-7868,736,1
15116,-1344,2344,16780,-1820,-172,1
15044,-8664,5356,16116,5436,2708,1
16664,596,5856,17348,3088,4820,1
15572,-16,4924,16808,-12492,376,1
15000,-704,1984,16032,-692,348,1
15076,-8292,3020,15612,8976,2444,1
16312,8,5436,16380,2232,2040,1
16372,4088,5280,16208,-4924,1024,1
15204,-4292,3848,16636,-5856,1976,1
15772,-2796,2680,16588,3484,2712,1
16132,-2952,4576,15852,1248,3996,1
16728,-716,3552,16784,-1516,6428,1
18316,12,-1240,17360,-2404,3380,1
21248,-2764,-4420,16512,-3108,60,1
13852,1320,3460,15664,3404,-2100,1
8112,-6920,536,16064,2992,428,1
15572,888,10060,16072,1100,-528,1
14672,7172,9292,17652,-864,6680,1
9084,-6748,6116,17052,932,2756,1
17852,3824,-116,16356,2192,4560,1
17776,-6008,724,16188,376,-344,1
13988,-3328,1068,15944,768,2268,1
16648,-2068,4204,16676,3808,2232,1
17220,2316,3052,16740,-1332,6808,1
16936,3920,4444,16636,-9872,2024,1
15960,-2848,3128,17008,-2020,4384,1
15748,-2672,2512,16380,3264,3912,1
15816,-2912,2784,16636,2484,2544,1
15912,1612,1452,16204,-1452,2320,1
15964,2292,4100,16484,-5488,2384,1
17028,-144,4892,16372,1692,5004,1
14736,-9916,5376,16664,4816,4160,1
15780,-4572,3128,16756,2920,3824,1
15840,372,1596,16128,-1576,2524,1
16836,6812,2008,16092,-7316,1308,1
16064,-4100,2876,16040,1500,1940,1
15416,-2628,3860,16100,2580,2580,1
16476,-672,5060,16132,-276,2716,1
15968,-2156,3852,18196,2332,2496,1
15940,-376,6088,21344,-388,-4084,1
16020,-828,3684,17912,-3000,-1296,1
15588,-3900,2340,17432,1896,-1180,1
16136,-1564,2408,11792,-520,8652,1
15760,-1908,3928,6324,-1468,23352,1
16968,-2020,9012,32076,-4092,580,1
16056,-2512,4640,16868,-756,4508,1
15348,-2448,5232,14504,-1980,1072,1
15960,-588,2276,16880,276,-1932,1
16020,-184,3268,16156,-2528,-2308,1
15544,16,5916,16156,-848,2516,1
15636,-4264,4448,17276,4624,2908,1
15944,-4136,4744,16576,2208,2972,1
16196,956,3420,16876,-4444,1428,1
16012,1928,3684,16872,-6680,492,1
15960,-4608,3908,16192,4680,1760,1
15736,-2344,4892,16664,-112,2324,1
15960,-848,3916,16176,1452,792,1
15808,1616,4172,16724,-6856,980,1
17048,2848,4944,16668,-372,1908,1
16812,2452,5768,16724,2368,3852,1
21320,608,8604,16896,-864,3160,1
12152,-5620,7316,16124,2588,628,1
10816,-1248,10900,15600,2108,-2044,1
8732,3960,11164,15816,3632,-1336,1
15072,-32768,-5044,18092,660,6040,1
26460,30116,6528,16408,-1320,3164,1
16816,1404,6492,16544,-1336,4516,1
13020,-7704,5892,16688,12,2912,1
14652,2744,5088,16124,1960,3408,1
15464,-3212,2588,16472,152,1984,1
15712,-1404,3708,16208,632,1788,1
16356,-2564,3204,16628,-2380,2596,1
16048,-684,2980,16148,-1388,2344,1
15664,-4232,3392,16252,1240,1720,1
16320,-1088,4616,16108,-1308,3512,1
16680,-1552,3092,16380,-468,2412,1
15340,-908,5544,17088,-2160,2844,1
15708,-852,3920,16024,1404,1240,1
13928,-1564,7804,16424,76,2200,1
22000,3908,5064,17112,-836,3656,1
13812,-6088,3540,17928,1176,1664,1
15028,-1332,1920,18900,-1576,-364,1
15640,-3116,3100,18140,5344,576,1
16356,-1736,4628,16516,768,2404,1
16052,-2772,4552,17028,-3852,2284,1
16328,-920,4784,16328,5468,4904,1
16036,-1180,3064,14068,1672,8320,1
15720,-1712,4852,8884,-10308,19424,1
16728,-1496,5860,30264,988,-4140,1
16140,-900,5224,16252,-2200,3228,1
15976,-884,3956,17936,-3444,320,1
16032,-1132,4232,16328,2380,804,1
16264,1028,5040,17092,944,984,1
16144,932,4672,16472,-1404,2464,1
16344,-308,3992,16704,772,1636,1
15924,940,4196,16752,-1468,2036,1
15884,1292,4996,16808,-1188,1620,1
16208,-1120,4812,16440,1408,680,1
14556,148,6624,16500,1472,1480,1
16676,-380,3864,16396,-344,-176,1
17592,5188,3424,16720,3120,3300,1
16916,-2348,3228,16352,-1180,524,1
15136,2888,5208,16460,3368,2908,1
16664,-1920,4984,16676,732,1368,1
13044,5924,6348,16468,-208,2040,1
21888,440,-84,16284,2316,2236,1
19084,16304,3264,15972,948,1296,1
15440,-4980,3480,16460,2956,-380,1
15632,-12968,1648,16468,1280,1696,1
18124,-1484,3008,16204,1428,2528,1
15692,1516,6524,16352,-1440,3736,1
16288,-2100,4680,16652,-1324,5060,1
16080,-756,5524,16660,-1540,3108,1
16520,-2004,4500,16572,-224,1840,1
16164,-824,1816,15928,324,1604,1
15456,-3824,1456,17000,1784,-84,1
15836,-3432,4740,17104,-1820,2256,1
16460,-1432,4644,15096,1444,3440,1
15672,-3064,3732,16372,-6932,6388,1
14644,-2748,2120,7196,-2964,3408,1
16252,-2576,6092,20656,-5568,1592,1
15988,-2680,4660,16228,1892,1732,1
15488,-1016,2904,16732,60,616,1
15928,-1328,2880,17380,-620,-1276,1
15344,-4000,4060,18544,-320,-1568,1
16200,-2624,4688,17520,-2120,3592,1
16144,-1948,4928,14876,-4172,3972,1
15720,-2468,3608,15508,-1044,1168,1
15432,-2324,2612,15676,1468,2100,1
15432,-1140,2068,14172,-3232,5088,1
16588,-1196,5072,16152,-5416,24376,1
16224,1320,5904,16028,1640,-684,1
16724,-5564,5092,15668,4616,5092,1
14984,-5912,8276,15948,1240,1644,1
15764,-2788,4100,15932,3676,-1060,1
15244,5820,2104,16988,-2184,-296,1
15568,-612,3476,16224,-8780,-608,1
15624,-4340,5160,16420,7552,1668,1
15848,-4320,6556,16976,1884,2436,1
16668,1744,5424,16640,-1852,3820,1
15720,1704,4144,16416,-6372,2352,1
15216,-2988,2620,15944,-3620,1472,1
15400,-1316,496,15700,-1776,-168,1
18068,-1468,1064,16920,564,4068,1
22700,664,-3176,17392,2788,4924,1
16196,36,9956,16776,-420,3332,1
15960,-2068,1340,16764,836,2000,1
14584,5588,4656,16512,1528,1432,1
15504,-236,8500,15968,568,-252,1
15744,-5884,32767,15984,1976,-788,1
32300,-7596,-7268,17464,1640,5068,1
17940,3428,2956,16228,1296,3540,1
19592,-7344,1716,16424,2448,6136,1
18136,1420,3292,17048,-4176,3752,1
17712,7464,1552,16408,-8536,4596,1
14924,-6144,1588,16332,-3916,3388,1
16092,-6192,1836,15812,7392,4364,1
15972,-2104,2524,16192,1932,3000,1
16204,288,2648,16612,-4068,2148,1
17380,7436,3664,16228,-2964,3152,1
16160,-3488,3040,16072,1300,1896,1
15764,-3152,3568,15976,1276,2168,1
15980,-1568,3344,16292,52,1880,1
16900,796,4932,19508,-1556,-196,1
15688,-3308,4856,23000,-1380,-804,1
15896,-1792,4400,15168,-5044,6732,1
16412,-4368,2748,11372,-1404,4604,1
15968,-2088,3516,13532,-1332,5020,1
15964,-2212,2300,17264,-3036,6000,1
16576,-2052,3756,18432,-7108,16108,1
16776,-2648,3272,25792,1664,-1976,1
15308,456,1812,16704,-812,2144,1
15628,-1860,2056,14956,2344,1192,1
15036,-2996,6980,16680,1448,316,1
16664,-8104,5484,17036,4040,1260,1
16156,-64,5436,16552,1980,5120,1
15796,3784,4860,17152,-6688,312,1
15988,2272,4000,16224,-5440,904,1
15280,-3772,3240,16008,7140,1112,1
15888,-5020,3348,16728,3696,2336,1
16176,392,3040,16700,-3400,2184,1
16252,1584,3572,16544,-9024,2516,1
18072,-2724,-88,16308,104,1936,1
21284,-2256,-5760,17024,5612,4076,1
14912,-208,9448,16220,-2328,1300,1
16348,-4344,-384,16576,632,3600,1
13476,1884,7988,16180,928,1444,1
13676,1932,17868,16340,1364,2980,1
10988,5800,5228,16432,-988,3728,1
18548,332,4000,16628,-1608,4568,1
16172,-2496,4128,16348,2220,2852,1
18164,-5884,1308,16888,3500,2944,1
14868,1728,2392,15876,-2600,3248,1
16708,5120,1116,15484,-7512,4176,1
16312,-3432,2808,16352,-1260,2620,1
15976,-3532,6068,16568,992,4208,1
15860,-2884,3600,15856,2036,4184,1
15656,-2980,5488,16548,-2052,2196,1
16544,-1996,4184,15872,-1652,2828,1
16536,3008,4436,16492,724,2524,1
16556,4476,4360,16260,-1532,3328,1
15756,-5160,5960,16096,-396,1380,1
16040,-6872,5796,18164,460,1856,1
16972,-608,5152,22256,-1968,116,1
15664,2020,2880,18328,452,1756,1
15828,-2768,2544,13480,-3460,5116,1
15968,-2432,2792,14104,-2116,2720,1
15332,-2948,612,15252,-340,4312,1
14992,-1004,1064,12784,-2276,8288,1
17280,-1896,1396,11800,-5832,15380,1
16464,-992,8736,5568,44,-4724,1
15372,-5460,9764,16948,-544,3616,1
19400,-3108,3300,17248,1560,4264,1
15840,-1288,1172,15240,2400,1020,1
16144,-772,1544,17124,-676,-1420,1
15432,1396,2248,16132,-4036,-332,1
16060,2808,1820,16208,-8156,136,1
16300,-5916,4572,17584,-1244,2192,1
15644,-4908,3180,16684,8168,2300,1
16404,1396,2780,16356,-1448,396,1
16032,1440,2192,16364,-3124,-916,1
16416,-1388,3664,16476,-3100,-620,1
16412,-2364,4772,16668,-4100,1204,1
15976,-1048,1508,16260,3120,4416,1
14948,-3688,-788,16644,4252,5272,1
16240,-1756,-960,16644,1836,3476,1
19300,-2684,-4264,16796,-5976,188,1
18900,-700,2896,16492,-2012,2652,1
11716,-2336,9676,16932,2340,4412,1
11864,-600,4700,16508,-436,3716,1
14332,-196,9680,16444,-1176,2324,1
12824,-1060,16088,15968,1140,1684,1
15196,8736,18408,16716,736,1884,1
14260,-12504,1728,16612,1236,5512,1
15496,-864,5312,16888,2016,2380,1
16188,-4944,3172,16476,1112,3624,1
14716,6544,2472,16740,-5512,2348,1
16932,4236,2608,16556,-1648,3424,1
13496,-11328,5996,16640,1588,2896,1
17568,-3876,4848,16500,924,4204,1
16804,6548,2228,16308,-1368,3052,1
15860,-1692,816,16304,-1108,904,1
15444,-4852,4312,16172,1640,-636,1
16332,-4788,7488,16600,2552,856,1
16896,-200,6196,16216,540,1548,1
16268,6444,2552,16020,-3220,-392,1
16244,-3048,2488,16744,-572,84,1
15824,-4392,4948,20856,-384,-704,1
16508,-2548,3892,19600,-2876,2168,1
15856,412,2396,12276,-2744,6420,1
15684,-3892,2132,12736,-2544,2388,1
15720,-3056,3092,17384,-2212,5620,1
15944,-2236,3600,13816,-1200,6676,1
16224,-1536,5104,13072,-4172,252,1
16104,-2196,5616,11972,1304,-2352,1
15780,1384,400,15844,-3480,3112,1
17488,-2412,84,16916,-1316,96,1
14136,-5724,10128,15632,2256,-1024,1
14872,-4916,6264,16924,5444,3512,1
16972,-416,4916,16536,1404,136,1
16492,1804,3976,16052,-5664,-620,1
16108,1140,2232,16396,-1756,-184,1
16204,-3648,4896,16884,-148,1568,1
15976,-3692,3332,16780,1956,2464,1
16212,160,3396,16500,-4696,1416,1
16116,168,1344,16260,-6008,980,1
17620,632,2716,16664,-16,880,1
14676,-1576,-1304,15836,6912,168,1
18964,1144,1148,16076,1908,3056,1
17340,-2196,2788,17252,-1272,5024,1
13296,-2096,6612,16404,-864,3528,1
13088,1712,928,16944,1856,3664,1
14956,2528,6744,16140,2016,176,1
16676,-76,11480,16512,-1140,1940,1
10208,-1812,14548,15844,668,-540,1
27128,6768,-2760,16852,-256,4648,1
11712,1652,5364,16352,16,1972,1
14844,-1108,904,16284,196,1816,1
18360,-1708,1372,16164,-108,880,1
16896,256,2564,16420,-460,2428,1
15756,1472,884,16708,-5200,3608,1
15692,-1244,-460,16732,-596,3652,1
16888,-1324,1976,16200,-1584,604,1
13112,-960,8396,16224,3524,1124,1
16592,1304,5624,16644,-24,3164,1
16524,-6324,6164,16704,-800,3348,1
15228,-1728,3208,15712,-1196,488,1
15776,-1240,1660,15932,-928,316,1
16064,1392,704,16480,-2484,3320,1
16368,-1796,4792,16576,-2188,5496,1
16256,-3340,6016,22140,-3008,164,1
15608,-1632,6436,19764,2284,-984,1
16300,-2048,4320,12136,-3232,5504,1
15600,-3716,3836,12256,-4144,5580,1
15620,-928,4224,16056,3328,6688,1
15896,-1924,4996,14144,-7156,14372,1
15768,-1396,7120,30036,-672,-8352,1
15836,-1188,4608,16784,1560,5868,1
15896,-1776,5188,16344,-1040,2124,1
15716,-280,4084,16840,-884,-1652,1
15380,-564,2616,16948,1012,2336,1
15160,-2684,7708,16456,-1688,2800,1
15992,-548,6748,16844,-2752,3292,1
14188,-260,8600,16628,-356,1768,1
17084,-2000,6112,15988,5312,932,1
15628,1504,3904,15652,7772,2236,1
16012,-1124,5748,16260,3396,5980,1
15100,300,7408,16900,-19424,2236,1
16124,864,6028,17372,-440,4900,1
16188,-28,5376,15800,6796,3164,1
18536,-280,2088,16620,2432,2692,1
18728,-1472,4488,16588,864,4240,1
16216,860,2468,16808,-352,3508,1
17184,-48,2624,16048,992,1364,1
16172,-2892,6844,15680,2856,-2208,1
10284,1052,23428,16128,-412,3724,1
12488,5856,-9200,16788,0,4552,1
13116,1964,1120,15744,240,5372,1
18324,-408,3552,16608,76,3668,1
16932,-2808,996,16140,204,900,1
15596,-2844,2492,15740,-176,3516,1
16436,-3544,4720,16572,1084,4896,1
17300,8368,4268,16940,-2880,4040,1
16160,420,3996,15804,-2708,3200,1
15920,-3104,3908,16348,1712,3680,1
15604,-6396,2584,16232,2032,3416,1
15880,-852,2804,16256,-3356,4032,1
16524,1280,2020,16536,-2336,3280,1
15812,3820,5064,16124,1064,3152,1
15964,-3196,4548,16208,1344,3192,1
14488,-3764,10544,16036,-240,3288,1
16260,-3860,4820,16388,972,2288,1
17452,3068,4052,17928,-168,1628,1
16108,-396,4788,17716,-3292,2484,1
16112,-3364,6164,21284,-636,-3104,1
15636,-2748,3032,20608,-1516,-2760,1
15380,-1640,68,16384,1484,4056,1
14108,-2708,3592,9936,-2892,12236,1
17444,2172,6084,10748,2624,13580,1
16700,-4388,11032,7308,-3336,3320,1
14900,-1864,7908,18268,948,5608,1
15336,-1184,6436,14876,-2816,-48,1
15584,-1824,4180,15904,2220,-2208,1
15464,-5760,4012,16520,3012,240,1
15292,172,5704,16544,1668,-1364,1
16080,5600,7636,16284,-4456,460,1
16712,5292,7516,16832,-6356,2080,1
16468,-9656,7000,16644,5816,964,1
13616,-5196,6872,16772,4244,2372,1
17464,4368,6424,16704,-4716,-816,1
16072,4652,7132,16284,-3060,-84,1
15192,-2724,5520,16744,2660,1992,1
15772,-4908,6460,16572,2188,2236,1
15400,-1188,5676,16616,688,956,1
16620,712,4556,16604,-5320,2432,1
17264,1960,-1428,16572,-2292,1436,1
18708,1196,-664,16848,1752,4192,1
16404,1340,9332,16224,1096,1360,1
18024,-3668,-2184,16380,-104,1064,1
19968,1060,3620,16716,264,1576,1
12392,1360,13392,16028,280,-816,1
14288,-108,17316,15756,4760,-1276,1
10456,552,1168,16316,-1360,7104,1
14512,5768,7076,16848,-2520,6020,1
15096,-5192,1312,16296,712,2612,1
16820,-3960,-1488,15724,-372,1372,1
16528,9328,-2580,15940,-5456,1128,1
15504,-3256,3380,16828,-4904,3084,1
16748,-5200,10964,16776,3512,6036,1
16660,-4168,5044,16268,3272,5864,1
16452,-2844,4036,15864,-1620,3560,1
15612,816,-340,16056,-4320,2952,1
16212,1788,1964,16156,-1008,592,1
15640,-3196,3876,16360,460,2564,1
16228,3572,5632,16712,-420,3024,1
16808,5748,6772,16344,-1912,3836,1
15608,-10284,3312,15944,704,2952,1
15804,-1808,2792,16044,-672,1144,1
16056,-1080,4312,16712,-836,1576,1
16252,-2904,5100,19428,-1740,-1032,1
16020,-3136,6232,18836,-4004,1700,1
16096,-1988,4936,18272,-2340,-1572,1
15576,-1200,3224,16772,620,1008,1
15648,-2136,1184,13064,-1544,7508,1
15356,-2028,2828,10604,-4224,11968,1
16520,-2628,7436,25112,-2556,-15476,1
15896,-1744,6676,14888,-8024,352,1
15656,-2052,6312,16264,-2596,4052,1
15580,-572,4020,16864,1740,44,1
15600,-2680,4080,16412,1348,-84,1
15372,-5140,4996,16724,396,2112,1
15844,-336,5464,16712,-1776,-956,1
14824,4708,7572,16116,-6192,-440,1
16308,-1500,6348,16688,-3320,3076,1
16432,-5068,6216,16848,6360,2296,1
14660,-3832,5428,16500,1648,1224,1
15648,1208,5680,16444,-1956,476,1
16420,2376,5908,15760,-1688,812,1
16092,-540,5176,16400,-4672,1680,1
15812,-3404,3556,16648,-1004,1856,1
16524,-1904,1192,16624,324,2872,1
18344,168,1544,16912,1728,3772,1
19100,-828,4572,16692,-44,2264,1
14612,3268,1068,16552,596,2492,1
15060,-1200,2368,15760,1240,360,1
17640,2024,7272,16400,-160,2012,1
15056,-2952,24212,16796,-524,2884,1
9524,4420,3536,16504,-608,2368,1
15448,548,2484,16296,416,2816,1
15776,-104,2512,16316,72,968,1
16476,-4584,1176,16108,168,988,1
15580,-5056,3024,15656,4772,2388,1
16648,780,2912,17684,916,2764,1
16480,5236,4848,15736,-10196,4984,1
16568,-1380,4292,17008,-6364,4788,1
15980,-4344,3316,15956,-572,3884,1
15860,-4076,1280,16168,5508,2528,1
16068,-4,1548,16188,-1660,2932,1
15836,564,4500,16252,-3972,856,1
16780,6632,5708,15900,-860,1592,1
15380,-5024,3712,16568,1496,1412,1
15680,-5920,4404,19028,-312,1128,1
16344,-204,5128,21108,-2320,-2140,1
15976,-852,5952,16792,-4576,2156,1
15604,-3728,3788,15720,-5604,1684,1
15364,-1916,1728,14964,-996,4368,1
14996,-1504,3088,12332,-76,6428,1
16544,-824,4808,10000,-9124,18964,1
15384,-1980,9124,6536,4140,-3316,1
17552,-5444,7508,16908,-1260,3840,1
14892,-2300,8504,17168,1976,2620,1
16608,2544,5260,15596,-1196,200,1
15940,1672,4148,16436,-3140,824,1
15588,2216,2480,16632,-5660,228,1
14992,-3576,5192,16720,2748,1528,1
14176,-8976,9780,16456,2708,896,1
16184,-44,5204,17024,1960,2200,1
15884,1528,4880,16608,-500,116,1
16060,2760,5368,16452,-2320,944,1
16004,-2468,6272,16476,-1848,820,1
15752,-2552,4988,16668,4,1896,1
15536,-24,3864,16368,-7052,1956,1
17380,1508,1508,16516,-4260,1492,1
20200,-2188,624,16480,5320,1676,1
18084,-1240,4256,16524,3604,2388,1
14464,264,764,16732,1384,2144,1
14240,2252,3488,16888,832,1412,1
17020,2756,10676,16532,-388,1360,1
13620,-1140,32460,16372,1544,504,1
23992,-9672,-7172,16860,-440,2052,1
9152,8708,4732,16432,972,3712,1
15520,-6080,3256,16576,-628,3176,1
18344,-2968,1688,16360,-336,2316,1
17300,1348,328,15760,-968,2656,1
15952,-4236,1172,16732,-2320,3012,1
16168,-1632,1656,16092,-1708,2344,1
15964,2460,1584,16448,-6732,2744,1
15312,-3904,-680,16264,-2592,1780,1
15464,-2768,8232,16540,6476,4380,1
16388,-616,7608,16836,-100,4420,1
15284,1148,9628,16532,-2384,3884,1
17740,-60,3200,16236,-1732,2144,1
15444,-4160,2388,16080,-1284,1024,1
15632,-2928,3316,18248,-2324,1628,1
16164,-1168,5716,20652,-1124,-472,1
16108,-1744,6956,18060,-380,2188,1
15796,-2444,4940,15552,-1636,3408,1
15752,-2092,3732,14384,132,3736,1
15812,-1664,2360,15584,-948,5456,1
15984,-1432,4968,6804,-13860,20756,1
16272,-1708,7156,14060,4984,-2052,1
16364,-1236,6004,17192,-2884,2960,1
15604,-392,4828,17180,-488,736,1
15584,-868,3436,15064,1652,-2688,1
15692,-3456,2420,16128,2968,-1376,1
16212,1672,3488,16968,-48,888,1
16304,1228,6216,16604,-2788,-368,1
16204,1360,5932,16648,-1336,484,1
16140,-3564,6180,16660,3608,1800,1
15768,-6176,1888,16332,6328,436,1
16112,5276,4404,15788,-3600,1536,1
16484,1664,7564,16552,-6272,1316,1
15820,-1076,5872,16808,132,1876,1
15688,-2108,4896,16524,1292,1840,1
15800,-20,3448,16176,-1420,1200,1
17532,804,2456,16540,-1524,1668,1
19908,-292,1796,17196,1612,3252,1
16864,-1080,8016,16796,28,3556,1
17352,-4612,1188,16420,692,2560,1
15692,3080,4200,16304,2240,3952,1
15348,-2096,8320,16404,-448,1600,1
15520,-24,30856,16912,-1404,1908,1
28484,-12360,-7392,17412,1608,5344,1
14520,9504,3412,16324,496,1456,1
15328,-5108,3176,15864,1200,2632,1
15540,536,1548,16408,1084,2280,1
17116,-508,840,15380,-2036,3712,1
16544,2616,432,16728,-9648,1840,1
15436,-1292,2348,15676,-672,1040,1
15956,-5432,5824,15688,4648,6360,1
16308,-2988,5172,17120,3660,5100,1
16236,-1768,4160,16528,-1796,4696,1
15836,256,2712,16304,-3440,3248,1
16324,3928,3292,15988,-2856,2092,1
16064,-3012,3376,16452,-692,3240,1
16568,-1160,4484,16096,1620,1156,1
15864,-2172,3788,16104,1288,-648,1
16348,1052,4104,17432,-660,1144,1
15932,-1220,4300,22872,-1024,-2808,1
16024,-2840,6336,16404,-3456,6500,1
16196,-2564,5988,14208,-672,3064,1
15828,-1884,4092,13724,-3388,5256,1
15580,-2000,3304,16936,-1568,8216,1
16192,-748,3036,15256,-3776,17648,1
17048,-2468,7024,32767,2380,-2068,1
16212,-1556,6440,16976,104,4864,1
15988,-656,4584,16556,612,972,1
15272,816,2640,17028,-1632,-908,1
16240,-2708,4148,16972,3572,-1020,1
14932,-5088,8480,15948,1316,-1436,1
15728,-188,4428,16884,4648,1928,1
15708,2248,6296,16792,-2720,2232,1
16248,1044,6584,16348,-7820,-720,1
15452,-3148,5844,16792,3176,732,1
15744,-4184,5488,16376,2116,1020,1
15500,-1536,5008,16172,1368,-1128,1
16312,1716,6452,16464,-160,-520,1
16236,1132,5412,16460,-1452,1612,1
15688,-2828,5560,16496,-2744,3156,1
15728,-2948,5476,16772,-2712,2924,1
15808,56,3112,16656,-2376,2808,1
16680,-724,4576,16500,568,1248,1
18940,-400,3648,16704,2700,1616,1
20052,1084,4148,16964,1172,2200,1
12884,-4488,9240,16712,-1648,1464,1
14504,1756,3344,16476,1148,700,1
12880,-344,6076,16096,-40,-96,1
15816,88,12368,16264,1756,-1024,1
12480,2288,19156,17356,-236,2780,1
8572,-7096,3640,16900,-476,4068,1
20260,-1884,3832,16628,-340,2088,1
16572,-3040,3864,16352,352,48,1
14400,-296,940,16012,1976,744,1
16256,-1592,1400,15732,-2332,3976,1
16768,4264,3632,17616,-6476,3004,1
16196,-2792,4804,16312,-3840,2944,1
15332,-3308,3884,16564,4536,3040,1
15464,-4076,3668,16420,2836,3044,1
15676,-1980,3220,16428,-1948,1496,1
15928,-1920,6144,16516,-4900,1044,1
16272,3800,2768,16104,-1796,2216,1
15524,-3308,4192,16112,-384,2644,1
15852,-3480,6668,17204,-1496,2928,1
16124,-3076,5948,21276,-1840,2072,1
16516,-212,7384,18820,-5828,1888,1
15984,-3508,4824,13308,808,3556,1
15528,-2208,3080,12468,-5640,4468,1
15064,-2228,108,12608,1268,6700,1
16940,-1256,4048,17900,-8396,-6108,1
15876,-1064,6716,6208,-1164,-2424,1
16164,3288,4208,16372,-3384,1520,1
13720,-4740,10936,18044,3316,-920,1
15324,-6152,8196,15432,3696,1632,1
16476,-1436,5856,17100,944,1740,1
15420,6252,4944,16564,-7788,-812,1
16056,80,5504,16796,-1368,408,1
15264,-5516,7628,16892,8292,1592,1
15276,-3676,6704,16780,1016,2496,1
15972,1944,4060,16976,-1752,-1716,1
15672,-1572,4068,15484,-5796,940,1
16116,-36,4632,16980,-2124,2856,1
15788,-5784,6772,17176,7408,2284,1
15436,1820,4940,16408,-2016,756,1
14504,2560,6224,15856,-3092,-104,1
16216,4952,6976,16636,-3656,4256,1
16756,-7064,7944,15936,4900,1300,1
9180,-6716,7276,16448,10204,1988,1
18632,-556,7952,17204,1796,5156,1
15732,12332,6464,12048,-15388,6548,1
12184,-13336,18008,22280,1980,8752,1
16236,-932,11220,14448,7040,15192,1
14588,-2948,12280,18908,-3388,6268,1
13844,6608,6160,14176,-7156,200,1
15284,-4124,7500,14992,7196,3444,1
14704,-3228,6744,16344,6136,3284,1
15292,2868,8808,15568,-6064,4664,1
15744,492,8728,16172,-8524,3428,1
15684,-4328,6212,16356,3052,3760,1
17900,-5068,4176,16492,2528,5132,1
23392,352,220,16348,-3472,3524,1
17024,-1448,4356,16260,-2668,3132,1
14296,-3684,2264,16456,3744,1884,1
12696,6412,4660,16464,2916,2032,1
12272,-6528,12516,15140,-1008,-3204,1
19844,-5888,32767,16824,-728,6676,1
6352,-13504,6172,17620,4896,6116,1
20480,-5820,4800,16196,4276,6820,1
18216,-1924,4612,16452,-5988,4360,1
12836,4728,1292,16404,-12700,3776,1
15096,-7628,2712,16232,456,5476,1
17584,-3392,3620,16268,7700,4892,1
16584,964,4188,16160,140,3132,1
15324,-3504,1904,16092,-1948,2060,1
16352,5028,1308,16072,-3616,3868,1
16484,3040,4524,15780,-4636,3372,1
15532,-5376,5208,16700,720,3700,1
15748,-1164,4156,16652,4436,2904,1
16148,-1256,4468,18780,-2036,240,1
15932,-1432,4608,21816,-1628,-2312,1
16036,-1784,4164,16072,-5736,6204,1
16416,-4112,4448,16224,-240,680,1
15668,-3332,3580,13844,16,5064,1
16020,-916,2360,13604,-2748,10824,1
15744,-1124,2624,13128,-6264,24040,1
16232,-1648,7440,30572,10924,-620,1
15972,-1816,5712,16208,1664,4460,1
16060,-1636,6956,15840,-2320,2992,1
16512,-7768,5072,17768,5160,-1420,1
15028,2264,6276,17728,-168,2596,1
16432,8672,4836,15988,-7980,-1268,1
15060,-6468,5284,16684,2684,40,1
15004,-4452,4992,16552,1956,1580,1
16340,-1156,5292,16468,52,264,1
15868,1184,5920,16224,-3656,-92,1
16096,-2416,5476,16964,2376,3076,1
16264,-4460,6804,17096,5760,3952,1
16384,1448,6776,17104,-5956,3868,1
15560,1168,4636,15412,-8936,-1888,1
15356,-1048,1700,15892,868,-2388,1
15416,-2120,1908,16516,5388,-100,1
15860,-664,3232,16280,2348,1944,1
21224,-60,2340,16876,-3636,2980,1
22568,-248,2284,17400,-2720,5368,1
10936,-2760,12096,16800,1300,360,1
13568,-4900,840,16008,2068,1732,1
16908,2400,6912,15700,2000,-560,1
17804,-1732,29368,16216,-440,2020,1
28592,-14456,-5204,17304,36,4680,1
14220,15004,7148,16812,1628,4252,1
11928,-5400,3908,16468,-1192,3012,1
17040,-2400,1644,16288,760,2164,1
17800,-1680,2408,16208,1028,1400,1
16112,-2892,2096,16588,168,3536,1
16164,2116,1736,16440,-4904,4136,1
16724,4000,2680,16240,-7076,2456,1
15188,-7248,3788,16016,4864,3272,1
15980,-4752,4004,16708,6600,4280,1
16704,504,4292,16396,-948,2980,1
16864,1972,2536,16432,-4172,2360,1
15860,-1136,1668,16464,-20,2728,1
16272,-360,2116,16392,16,1948,1
16272,-916,3656,16248,644,2224,1
15896,-2464,2256,15868,-352,1452,1
15896,-296,2760,17072,64,1096,1
15376,1756,5788,18396,-564,-764,1
16632,-4332,7040,21072,-4188,3244,1
16072,-3512,7008,20320,-916,-2792,1
16132,60,2952,18628,1320,1668,1
15100,-2512,-996,11960,-1572,7368,1
15200,-2784,2524,8936,-3196,14120,1
16460,-1360,9004,32767,4488,3260,1
16684,-1960,9876,17504,-5036,4848,1
16184,-2732,5948,17392,432,408,1
15480,-12,3384,17256,-1500,-1648,1
15444,1828,4276,16484,-7352,-2652,1
16016,-1768,5520,16700,408,784,1
15764,-7076,7772,17236,7236,1080,1
16440,280,5512,16488,1512,1484,1
15752,728,5920,16520,-6244,-2300,1
16236,3820,4604,16040,-3320,-948,1
15836,-4196,5796,16696,3092,552,1
16096,-3332,6180,16716,2608,2060,1
15596,-980,6300,16836,-1124,1428,1
16272,376,5272,16496,-952,844,1
15568,652,3132,16412,-772,540,1
16116,-936,640,16028,-344,484,1
21484,-688,-2532,16900,1048,3452,1
19080,1132,4156,17040,-1048,3780,1
15256,-96,1232,16540,892,1860,1
13208,2064,5524,16216,1140,524,1
14036,-2788,10716,16076,924,388,1
14632,-416,14168,16240,1180,-192,1
10908,5524,-6264,16448,324,3720,1
13872,5480,5420,16268,-548,3516,1
18052,-1652,2176,16484,1356,3016,1
17920,-4916,2900,16056,2872,1028,1
16180,-1240,3008,15716,-2092,3444,1
16664,7980,3112,16024,-8568,4596,1
15816,-6396,4232,16760,-4020,2576,1
15980,-4032,2936,16780,4832,4208,1
15684,-3084,4116,15972,2664,4020,1
16004,-260,3508,16432,-4560,2228,1
16700,4256,2672,16240,-4152,2940,1
16112,-3524,2256,16436,992,2988,1
16224,-2104,3544,16100,256,1388,1
15160,-1292,7784,16268,400,1940,1
16548,-1212,4784,16192,-1320,3556,1
16840,2352,5848,16148,-716,2600,1
15356,-3636,3952,16400,552,1516,1
16216,-1164,6172,18668,-976,192,1
16028,-2832,7968,19512,-4068,1344,1
16020,-2396,5624,19024,-2024,-1876,1
15560,-1580,3268,16180,72,1736,1
15760,-256,2384,13296,-1144,7252,1
15640,-3036,3928,11728,-3020,15832,1
15912,260,5796,19060,-5284,-5084,1
14952,-788,4704,12992,-3828,-228,1
14832,-9112,7984,18004,7692,-1292,1
14760,-1884,5660,15912,4248,2512,1
15920,1184,5000,16860,-932,1460,1
16796,4876,7508,16800,-8544,3140,1
15140,-6236,6432,16764,884,1748,1
16216,-4908,4748,16200,5344,2508,1
15224,2612,5500,16092,-1244,1492,1
16744,3608,7748,16112,-7728,664,1
14720,-644,6548,16496,-5204,3100,1
17272,-4040,5496,16540,724,2548,1
13820,-6760,5800,16784,9632,4312,1
15084,4668,6228,15924,-796,-616,1
16496,4128,6340,15936,-4036,2384,1
15304,-1332,6328,16068,-7852,3300,1
16872,-3648,3040,16312,-700,3772,1
18996,428,1216,16508,-2880,3908,1
21172,368,3864,16640,796,4464,1
12904,-4232,12400,16588,1552,3940,1
15684,-3788,1516,16512,408,4768,1
15412,976,6376,16356,464,2216,1
15100,-2764,10276,15396,488,44,1
5192,16744,17072,15296,428,324,1
18552,-5608,4844,16044,-720,6116,1
17356,3376,5548,16640,760,3552,1
18352,-7144,3852,16372,-236,3132,1
13932,-668,2568,15984,-352,528,1
15876,540,936,16196,1832,4564,1
16520,-240,1292,16064,-3948,2556,1
16096,1620,1996,16824,-8688,3836,1
16568,-1796,4488,16404,1436,2628,1
15812,-8496,4280,15088,4136,5160,1
16144,-592,4304,16800,2000,2328,1
16252,-1684,2168,16372,-580,2228,1
15868,3756,1824,15548,-5304,1252,1
16104,1280,3408,16280,-744,2384,1
16084,-4340,4052,16224,-52,788,1
15720,-3716,4824,16764,-1520,2996,1
16292,-12,5776,19276,4640,2812,1
15872,-1436,5568,17948,-6760,2348,1
16088,-744,4764,17052,-44,-416,1
15692,-3476,3756,17980,-2248,-848,1
15072,-1828,3708,17504,1600,5064,1
15804,-1664,3860,11088,-1828,14420,1
15856,-436,7012,9476,-7684,2684,1
15560,-2292,7672,9888,3816,-1876,1
15540,-4764,7248,19168,-516,2508,1
15576,-1960,5440,16368,556,1920,1
15048,-1944,5096,15740,844,-1792,1
16696,1216,5136,16432,-2396,-1180,1
15808,1508,8052,16416,400,-1180,1
15844,-2064,5988,16324,3968,628,1
15744,-3352,3048,16060,3032,2796,1
15356,-1804,2828,16692,-4696,1580,1
15568,-1556,4252,15508,-14976,1768,1
15892,48,2924,16168,-5612,3468,1
19152,-3980,3300,17140,1992,4464,1
25840,2036,2544,16980,8564,4176,1
13184,-2320,10640,16580,-3636,1020,1
10244,-5000,4812,15328,-804,2544,1
14096,4124,5152,16364,1464,2120,1
19104,2024,8604,16460,424,1332,1
13912,-2120,31376,16840,-888,2120,1
24024,-11528,-6176,17108,152,2508,1
13280,4740,3668,16156,2284,1176,1
15596,-6716,3076,16088,548,2416,1
15868,-608,2192,16536,-1772,3220,1
17068,412,3320,16504,-2188,2624,1
15940,-1632,3772,16236,-884,3428,1
16316,-1524,3304,16620,-244,2464,1
16104,-912,4280,16156,-1064,2352,1
16228,-1188,3248,16192,-1092,1936,1
15832,-920,5636,16452,-1492,2052,1
16216,-1368,4988,16432,-772,1928,1
15856,-1932,3924,17740,-428,2020,1
16020,-2724,4672,17428,-116,2784,1
16312,-2212,5188,16684,-4624,3008,1
16096,-1548,4084,15060,-408,2504,1
15392,-2632,2632,13088,-404,2556,1
14212,-2084,1620,10272,-12232,5476,1
16092,-1648,7096,14828,-5580,4196,1
16620,-2732,6312,17568,-1844,2888,1
15936,-2092,6444,17324,2216,3704,1
15632,-460,5460,15484,-332,564,1
15768,-1448,4976,17036,-16,1488,1
15692,-1816,4804,16436,128,2296,1
15944,-2896,5360,16404,544,3328,1
15880,-1848,5856,16760,-396,1884,1
16308,-120,5400,16660,-384,2200,1
16272,-6196,4404,16268,636,2460,1
15888,3076,6796,16332,-1440,2172,1
15260,1532,7640,16964,-472,3824,1
15388,-2488,7856,16564,1404,2260,1
13820,-1520,8096,16548,436,2820,1
11900,-228,11392,16392,-112,1760,1
12712,-4520,11008,16492,144,1236,1
18952,4924,1200,16840,688,2228,1
11188,-1372,7848,16388,360,2448,1
17684,-1708,5988,16604,-3164,892,1
15656,144,6000,16372,-1836,-468,1
15628,-4684,6292,16548,-2120,40,1
15688,944,5596,16572,-3644,664,1
15880,-1528,5072,13784,-5996,3704,1
15864,-2272,4712,16924,-780,3712,1
15840,-1816,5024,15688,1140,1928,1
15952,-2568,4712,15428,-1592,1680,1
15560,-2036,5500,16104,-256,-5696,1
15460,-1896,6204,11136,4960,288,1
15536,-1180,4604,20056,-7228,2908,1
15560,-2100,5552,15528,-444,-1892,1
15636,-1740,4500,15916,768,-2376,1
16324,-2976,5012,16804,-7740,1392,1
16252,-1204,3576,15600,-8004,3592,1
15796,-3840,4248,16124,212,3088,1
15992,-2284,4480,17076,-188,3596,1
15432,-2704,4652,15256,1180,3564,1
15824,-1452,4972,13636,180,2076,1
16320,-3968,4880,28592,32767,-16624,1
14716,-1972,5824,-2388,-23500,8156,1
15824,300,5788,19604,6228,-912,1
15888,-1348,4212,14464,-4692,1472,1
15556,-2124,3776,16412,2308,220,1
15920,-1140,5088,16732,-40,2528,1
15932,-488,5036,16580,-3004,2468,1
16240,-1324,3612,16688,80,2492,1
16092,-320,3968,16516,-828,2020,1
16084,484,5028,16652,2676,3216,1
16144,-7460,4068,16684,48,2620,1
16832,4228,7248,16760,1356,3524,1
17004,2208,4972,16644,2364,2508,1
15872,-2872,6784,16548,20,2036,1
15696,1132,7400,16712,948,3072,1
15360,696,5364,16496,632,1836,1
15960,-820,6316,16552,796,2268,1
12748,-224,11692,16736,580,2232,1
12484,2432,7216,16620,136,3084,1
18160,1868,2036,16616,356,2608,1
15488,-2848,4132,16240,924,440,1
16036,-2028,3372,16208,1116,28,1
15920,-816,3212,16308,320,-592,1
16372,-372,3032,16556,-1664,2024,1
16228,-1300,4320,16460,-1308,572,1
15832,-1776,4392,16732,420,752,1
15980,-1212,4456,16940,-3632,1672,1
15728,-2896,4076,15768,1764,2548,1
15732,-2720,4300,16708,-4736,2204,1
15884,-2684,4620,17580,1976,-56,1
15808,-2656,4632,17264,1500,-1124,1
15504,-2528,4968,16508,-3072,-188,1
15900,-1888,5848,14668,-2928,832,1
16384,-2984,4912,20864,3816,19056,1
16148,-3208,6404,27472,180,-168,1
15580,-1404,5552,17964,700,-2640,1
15980,-1372,4688,15032,2568,-808,1
15792,-608,5552,16712,-1348,328,1
15848,-508,5168,16920,2016,40,1
15692,-1140,4648,16052,-868,596,1
16068,-1336,4380,16468,1280,856,1
17024,-1236,4400,16620,1020,1804,1
18920,180,3932,17384,596,4780,1
16396,-352,7776,16804,-808,3008,1
15360,-1596,4484,16476,1416,2188,1
14280,-2296,5208,16268,2080,1144,1
16492,3160,5764,16460,904,888,1
15520,-4908,6836,16324,148,1496,1
16556,660,7856,16628,884,1944,1
13020,2412,10576,16580,472,3108,1
13748,-384,10964,16924,1132,2616,1
14328,-1544,5764,16628,832,2860,1
17660,-2416,3648,16480,608,2312,1
15372,-360,4312,16060,260,716,1
16564,-492,1940,16136,312,-540,1
16180,-1748,2180,16096,528,-820,1
15588,-1144,2644,16620,108,1228,1
15852,-2180,5128,19272,-944,824,1
16332,-2276,5616,17824,-4216,1456,1
16304,-2740,6660,17364,-1980,1004,1
15980,-2300,3692,17536,-428,3652,1
15004,-2628,2376,12552,-3240,5716,1
15700,-1912,4368,14416,20,4316,1
15728,-1356,6620,15288,736,7256,1
16648,1568,6076,20160,-9756,2164,1
14752,-4456,6156,18268,-3000,-3456,1
15320,-1748,4656,19032,-3072,-1956,1
14696,-2540,6116,14892,-3552,988,1
16884,-4932,4896,12752,200,1964,1
13636,-3320,7532,12396,-2548,5656,1
16364,-2980,6944,23876,-6000,9108,1
15052,-5308,9884,22584,1064,-544,1
15736,-1288,4592,21024,-2340,6148,1
14864,2076,6432,16112,-6208,-3172,1
15836,-1284,6732,16608,-6408,-1000,1
14132,-8848,7972,17660,12876,4020,1
16004,1964,6816,16804,-1304,516,1
15648,5772,7612,16572,-8896,-588,1
15804,-2156,5732,16696,-2568,1232,1
14812,-7520,7288,17132,8984,1588,1
15844,788,6264,16960,-996,764,1
15960,1552,6984,16000,-4924,308,1
15732,740,5520,16760,-3192,132,1
15264,-4288,4816,16412,-472,324,1
16340,-2264,3324,16800,3204,2240,1
17392,2088,3968,16796,-3356,1304,1
19452,-4760,892,16652,1852,4244,1
16520,-2568,6272,16444,948,1960,1
15704,-2332,3876,16540,736,1732,1
13504,-2036,4408,16480,-516,864,1
14868,344,7168,16212,308,1620,1
15016,-2816,7488,16532,404,1672,1
2716,19564,14608,15616,3320,1844,1
18808,-4100,3136,16588,2932,2452,1
14832,-2920,6708,15912,5412,3204,1
15752,-1604,4192,16012,-4548,4576,1
16144,9508,1620,17116,-15464,2164,1
17284,-5220,3692,16656,-584,3128,1
15568,-6776,4908,16432,6144,4952,1
15704,-8176,5268,16112,5028,2736,1
16264,692,4352,16960,-3212,2504,1
17996,11828,1160,17136,-7528,2132,1
15260,-4492,5156,16184,2532,3056,1
14724,-12256,6096,16760,2832,1416,1
16952,-1208,6984,16432,1676,2240,1
15868,3408,4580,16424,-3988,2624,1
18052,5104,5612,16316,-1656,1740,1
15320,-4076,3128,17268,1736,1048,1
15364,-5064,3224,18008,312,576,1
16440,-1096,3460,19148,-2188,1384,1
15792,-2844,4708,16944,-5432,2040,1
15936,-3972,4156,17376,-512,616,1
15696,-1368,3216,14896,-656,4592,1
15980,-2888,4148,16640,-4564,13268,1
16072,-1340,7064,16076,-6876,-5928,1
15576,668,5388,13296,2652,-5292,1
15056,-52,-1076,14480,1704,4044,1
15268,-7784,13680,17604,3864,-1016,1
16328,-9748,6528,16756,6468,2140,1
18140,6336,8060,16816,-2036,2876,1
16588,6448,5964,16736,-13340,-284,1
14672,-5412,3776,15812,-10276,80,1
15504,-4752,7240,17984,14720,4500,1
16756,-6884,7304,15788,10896,3736,1
15908,4204,4756,18060,-5992,580,1
15372,1452,5216,15300,-9436,-1484,1
14956,-3656,5572,16360,-4792,2128,1
15368,-10952,5240,16436,7024,1152,1
15340,3192,7124,16792,3448,2360,1
15508,2612,5292,16504,-4824,436,1
15396,260,3956,16032,-5024,1736,1
18600,-3176,3476,16552,4452,2268,1
20500,-2920,2904,16724,1660,3848,1
16384,-888,10228,16452,-2288,2360,1
13964,-5376,5488,15640,628,2936,1
13172,672,5732,16604,832,1676,1
18896,3864,10536,16220,964,500,1
-924,16100,4800,15008,-60,628,1
18064,-1824,5448,16480,700,1656,1
17276,-3440,1740,16404,1820,440,1
19660,-3536,2672,16292,1844,1892,1
14216,5584,1176,16468,-2108,3204,1
16228,1564,5432,16508,-8624,2920,1
15404,-5404,8644,16972,6480,4176,1
15840,-7472,4596,16404,3232,4040,1
15544,-1644,4388,16064,-1204,2316,1
17708,12984,2608,15784,-5720,1396,1
14860,-4008,3380,16124,1256,2980,1
14708,-6932,6840,16420,800,2216,1
16380,-2520,5740,15940,-716,2132,1
15440,160,3520,16264,-1100,2912,1
16460,1748,5196,16212,-1892,3748,1
15384,-2960,5768,16428,-1528,4012,1
16016,-2580,5912,18336,-1464,4276,1
16152,-2472,5192,24368,-2260,-3376,1
16164,-1684,5832,14852,920,2684,1
15760,-824,4688,11112,-10360,4876,1
15344,-2056,3268,12168,2508,10048,1
15656,-1676,3732,17028,-3900,16624,1
16028,-1444,6984,32767,-6792,-1920,1
16016,3956,4856,18812,6652,1968,1
14164,-6404,11064,16020,-2352,3436,1
15396,-9212,8284,16612,2888,1180,1
16524,-3252,6976,17524,4568,2592,1
16468,8808,8180,16488,-7892,952,1
16340,4952,5124,15792,-5064,-504,1
14552,-6348,6380,16608,4112,1952,1
15608,-6716,5984,16608,5932,2020,1
16284,5340,6272,16636,-988,2460,1
16284,1720,6324,16116,-3840,2924,1
15396,-1684,4948,16632,-10568,3964,1
15064,-1664,5340,16372,-1988,1176,1
15088,-676,5024,15264,8232,3148,1
16000,-1588,7092,16628,7212,3504,1
15468,-116,6924,16884,3284,2568,1
15676,2208,4504,16380,-5068,4468,1
18672,5204,5332,16484,-7924,1920,1
19740,-4272,2320,16820,4756,4212,1
15696,-520,7092,16392,1484,2180,1
14656,-1324,3372,16152,624,2352,1
16216,804,5320,16492,1456,940,1
15900,-1544,6412,16328,512,1312,1
-7344,32767,23664,16064,-2600,1480,1
29744,-4296,-4704,16892,3464,4432,1
14464,5876,2516,15464,1188,2632,1
17636,-11544,3284,16388,3588,3672,1
14832,-6616,2984,16224,-568,3456,1
17456,9376,1824,17008,-8636,2976,1
16156,10152,6448,16548,40,4232,1
14440,-9520,6476,16420,4232,3516,1
16052,-7004,4272,16028,1836,2412,1
15908,-1836,3904,15784,284,4052,1
16692,5836,3392,16828,-2780,3576,1
16672,1536,4984,16292,-1188,4632,1
14996,-5044,3172,15972,1052,3440,1
16180,-2316,7364,16572,-348,2532,1
15484,-1776,2944,16456,152,2488,1
16588,2128,5572,13552,-1392,7960,1
17044,-3736,4796,18432,-4292,5412,1
16144,352,2716,15908,240,2640,1
15164,-464,4072,16592,1728,996,1
12772,-3420,7796,16188,1528,752,1
22488,-2044,2396,16020,3424,-1212,1
13376,-428,5888,15252,196,-2316,1
16336,2636,252,18908,-256,1632,1
15384,-2988,1848,20640,-2204,-164,1
15732,-4488,5968,17296,-5064,2364,1
16312,-468,4072,13984,-1900,2368,1
15628,-7172,4424,13728,-2448,7288,1
17116,-76,2600,14460,-3680,30000,1
16660,-1448,6364,30732,10168,1228,1
16064,1392,3892,17536,504,-2160,1
14416,-5128,5540,17792,-76,1948,1
15632,-4904,6040,16720,2916,3220,1
15880,636,6572,17384,-1056,-664,1
15704,3408,4228,16076,-10872,-32,1
15448,-856,7492,16508,-2528,652,1
13656,-3576,8960,16652,9632,1588,1
15196,-8864,6636,16468,5928,2528,1
15784,4184,5476,16936,-5956,660,1
14540,624,5144,15632,-3564,-792,1
16108,-2268,6720,16896,-5044,2220,1
15200,-7276,5856,16644,7852,4444,1
15756,620,7048,16856,108,3940,1
16288,3268,4520,16552,-5308,1820,1
16152,-1484,1492,17136,-3708,2800,1
16616,-2660,2656,16176,5972,1496,1
19680,-1248,1408,15808,-160,-2648,1
17476,-2612,9420,16568,1892,3592,1
16900,-3168,3340,16960,-896,3416,1
16540,448,5544,15292,-1144,676,1
16012,52,16824,16688,2132,4780,1
-872,5920,14028,15660,-40,2492,1
14336,-1592,1804,15904,-316,4492,1
15740,-10956,2260,16116,4764,-236,1
14956,892,6408,16868,-1776,3348,1
15960,14708,912,16520,-12060,4032,1
16188,-7200,8072,16880,304,4412,1
16028,-2116,8576,16300,3708,4764,1
14728,-9288,2452,15652,1732,2208,1
15404,4224,52,16456,-3704,1724,1
15908,3780,1340,15944,-3276,2824,1
16164,-2672,7812,16596,1400,3076,1
16424,-6244,7336,16492,-512,3776,1
15884,132,3256,16544,-1268,3756,1
16372,1220,4468,16168,-1776,1400,1
16372,1592,1112,16368,-196,-8,1
15824,-2612,5888,18144,2240,-2408,1
15932,-4180,4908,22320,-1188,-2932,1
16264,-1844,5648,16556,-2944,5244,1
15916,-2836,5780,13844,-1756,2756,1
15468,-3756,2916,11084,-1024,9372,1
15296,-1976,2268,22812,-2268,8740,1
14804,-2296,6204,7460,-8860,-8764,1
16312,4228,5536,13700,3480,-6724,1
15564,-8900,11016,17640,2448,4348,1
16792,-5428,7432,18280,1532,3944,1
15836,-424,5740,15044,588,1184,1
15748,5308,2808,16152,-3280,-1332,1
15040,-3740,4520,15976,-10652,-1372,1
14568,-2788,9136,17160,4216,2772,1
15804,-4312,6860,16468,2452,2836,1
15544,-1824,7632,16988,500,1052,1
16980,6296,5036,16112,-4476,-1712,1
15444,-692,3184,16700,-1780,844,1
14408,-5048,11516,16876,1776,2164,1
15792,-4068,9288,16648,2996,3160,1
15416,760,5960,16600,-332,2372,1
16388,1544,3840,16080,-1244,480,1
15196,-2888,3040,16944,-10168,1956,1
15744,-1900,3936,15484,-5780,3008,1
15944,572,4744,17392,-3860,4060,1
15072,-1196,340,16888,2920,4660,1
19088,2756,5224,17032,7668,3296,1
20088,516,3732,15996,3044,248,1
13236,-4168,9572,15628,-5452,-1264,1
11392,-4636,3460,15828,1268,2760,1
13144,1184,5156,16692,476,1096,1
18800,1540,9796,16528,-1328,3712,1
11780,5212,27792,16000,-1424,3816,1
26228,-8228,-2976,17212,716,2840,1
14436,3096,3128,15368,3912,3492,1
11992,-7728,3872,16068,3568,2360,1
17380,-764,2676,15944,-3504,4656,1
17300,5556,1796,16864,-13456,3920,1
15264,-3240,8580,16940,-1116,5800,1
18520,-6384,5960,16680,6108,5360,1
15408,-1672,4448,15672,4812,1772,1
15528,2320,3576,15952,1004,2640,1
15604,1712,2824,16164,-6916,2100,1
16444,-7772,7968,16736,3012,2836,1
16808,-252,6836,15556,-1568,1892,1
15472,-1856,4340,16000,-1224,-372,1
16188,2832,4056,19940,-6512,-776,1
16092,-4192,6032,23740,2364,3080,1
16460,-3132,5952,14576,140,5848,1
15736,-4264,6384,11668,40,5736,1
15572,-2136,4284,15672,-6836,10484,1
15144,-736,472,11656,-1540,9256,1
14708,-3284,1724,20800,-9628,-14524,1
15592,-1576,8260,20984,4420,-2040,1
16132,-2672,7328,14992,-12,1776,1
15676,-1688,7988,17676,828,1040,1
16164,-1224,5560,16904,32,-412,1
15472,-1068,3896,15576,-3068,-2136,1
15552,1496,5480,16492,-4872,-1508,1
15212,-4332,5816,16904,-520,1940,1
16600,-7976,7212,16304,5544,2316,1
15024,5228,7936,16356,3868,652,1
15344,3148,7304,16400,-3072,-1076,1
15272,-3124,5960,15980,-9812,572,1
14992,-5256,5964,16732,380,640,1
16004,-2484,6904,16408,956,2748,1
14800,-852,5576,16276,2220,980,1
16196,-832,3872,16468,160,2428,1
15972,-1268,1800,17136,-1444,5128,1
20776,-1872,1040,16484,-1196,3856,1
18668,1456,7188,16552,1372,5000,1
13484,-1380,5088,16204,636,2128,1
13804,52,5144,16488,-352,2576,1
17048,4784,13232,15944,1800,392,1
3824,-3032,27436,15552,1884,92,1
28384,-5604,468,18048,1616,3708,1
17252,328,5436,15972,-1048,4492,1
15952,-3816,3020,16192,-732,2824,1
14856,-748,1584,16356,276,3048,1
16212,-2884,6668,16392,-404,2236,1
16696,-2892,6600,16660,1268,3460,1
15080,-2452,9292,16788,-1120,3724,1
16200,-300,5064,16600,-380,3624,1
16048,-4,2108,16376,260,3208,1
16280,-2220,2392,16068,-36,1868,1
18432,-2600,556,16016,1212,2000,1
11840,-1156,9784,16104,36,2656,1
4916,-6900,20076,15416,1516,-508,1
32188,6124,156,17016,916,7656,1
16864,-7196,6676,16956,-1000,4436,1
11800,-3252,6656,17240,32,2208,1
14920,-1956,4976,18356,-3404,760,1
15772,-2824,6648,17580,-2724,1376,1
15652,-4140,4168,18116,-5416,-500,1
15628,-2216,5376,19472,-1388,3680,1
16040,-2732,6928,7304,-3228,21900,1
15892,-1832,5096,15628,12896,-2524,1
15492,-2124,7760,15968,-4924,3104,1
15760,-1800,5312,17432,-5848,1924,1
15508,-1856,3512,16064,-1344,1740,1
16028,-2100,5544,16496,-336,2652,1
16024,-1808,5576,16632,-944,5300,1
16300,-360,5956,17416,-408,6996,1
15500,-480,4736,16208,-3096,80,1
14140,-984,1540,15100,3012,-3928,1
16632,-640,2544,15144,4400,-5212,1
17020,784,6136,16076,2044,2748,1
16172,-1848,6312,17128,-420,6720,1
14108,-8284,3972,16936,8,3608,1
20852,16492,9984,16004,1628,1984,1
16868,-8000,3416,16208,2132,1028,1
19568,4092,2852,16452,1456,2128,1
15908,-472,2828,15844,160,4700,1
17144,-516,3160,16644,-968,2080,1
12960,-2036,5136,15484,1260,-1476,1
12052,-684,8016,15896,996,508,1
8900,7548,-5644,15632,3124,5548,1
11856,496,3564,17476,5228,7600,1
19552,-1056,3452,15724,-5036,8300,1
19660,1876,1984,15976,-10156,4688,1
14328,-3444,-744,14856,-7460,5476,1
14224,-3792,1116,16216,-3592,4620,1
16808,-8052,4640,16684,7796,5244,1
16896,404,3144,15788,3788,2580,1
15228,4804,7148,15760,-3872,2716,1
16576,2892,5460,15580,-7316,3716,1
15596,-8476,3568,17272,3128,3108,1
15868,-5600,5660,19484,-3004,1672,1
17160,-80,5396,21464,-2460,-5448,1
15460,-3592,2600,17284,-5080,1728,1
15804,-2924,2896,11916,912,3152,1
15488,-3764,524,16096,-1096,9120,1
15844,-212,3452,11696,2844,14352,1
16648,-684,9880,26996,-11572,-8336,1
18152,-336,9680,18004,-4212,4436,1
15064,-4328,7536,17724,-4876,2312,1
16132,2280,3804,14048,-3952,-1616,1
14860,-4616,4340,15452,3972,-3704,1
15716,4644,3016,16252,2264,4352,1
15616,-9268,10804,17096,6280,1424,1
15600,-1560,6336,16980,4064,2396,1
16968,6780,4836,16268,-2712,1196,1
15028,-1904,4200,16308,-4400,-1076,1
15600,-5380,5376,16540,1680,1244,1
15556,-5612,6744,16788,3228,3288,1
16040,6348,7272,16932,-6080,928,1
16344,-1648,6128,15640,-13128,1500,1
15616,-1148,4428,16692,4232,2580,1
15792,-2616,5240,16236,7188,4096,1
16660,372,4640,15792,3660,1864,1
17288,1232,7300,16816,220,3720,1
13428,2384,11840,16516,-4336,1364,1
13728,-1140,9788,16372,-936,1784,1
20740,-2408,2868,16364,1176,5424,1
17900,-2184,4936,16340,-1164,4552,1
15828,-4596,2532,16924,-1440,2736,1
14768,200,3876,16120,2096,136,1
14360,3920,13056,16428,-48,2324,1
15412,-3832,9908,15976,132,1440,1
9372,10128,16280,16228,-112,4464,1
18732,-3776,4916,17160,-1028,4356,1
18748,-644,1740,17664,84,1596,1
17380,-10204,2040,14076,3356,5856,1
14256,1072,4052,16404,1540,3004,1
17344,9840,5268,15724,-6664,5464,1
16012,-4460,5420,17128,-1568,4704,1
15896,-5524,5500,16056,1460,5908,1
15788,-6136,4328,15768,1108,6552,1
15756,3432,3200,16348,-2168,4040,1
15876,-1108,2136,16388,-3144,1996,1
15932,44,1480,15484,984,1384,1
15676,-2700,4052,15712,1728,3616,1
15324,-2212,6320,16268,-2012,5456,1
14900,-3936,9900,16224,-1740,4608,1
17444,-1256,4396,16264,-392,4172,1
14644,-2908,5076,17928,-4144,4108,1
13540,-4144,6500,25512,-4712,-1792,1
16052,-832,7316,17188,660,4068,1
16416,-244,6112,14852,1992,1296,1
14740,-1644,4068,9984,-3524,5904,1
15568,-3164,3688,12060,-332,13752,1
16316,-1992,6516,13516,-5376,26956,1
14496,-2536,8412,7064,-1908,720,1
15344,-2840,7332,17544,784,4460,1
15380,-976,7308,16712,-1444,1916,1
15436,-3632,5080,14792,2576,-760,1
14904,-7588,6244,17396,2304,-924,1
14796,4684,9400,16596,-4848,1184,1
16772,8476,8516,16636,-3380,2744,1
15100,-7444,8184,16584,708,1480,1
14808,-4396,5964,16496,5316,1176,1
15392,-108,5896,16316,-1052,616,1
15504,344,6324,16016,-5416,544,1
15500,-1164,7284,16376,-3920,1956,1
16012,-4068,6256,16424,588,3300,1
16524,-840,6400,17184,2064,6736,1
16924,-484,3364,16344,3616,2740,1
16968,-2668,-536,15992,5296,1940,1
19156,60,3188,16204,-3548,832,1
18236,-1840,5964,16036,-9308,1216,1
10656,-3196,6140,17576,3004,6424,1
13884,1384,2680,16396,1976,912,1
16140,-3884,8792,15596,-152,-2500,1
12884,748,13440,15968,2988,-3248,1
12724,4140,-5324,16228,1440,4080,1
17084,12608,10056,16752,276,7076,1
15248,452,4800,16996,-360,3672,1
19824,-6204,1844,15492,2004,1096,1
16812,1036,-1088,17016,1192,7736,1
15428,-2664,2604,16784,-1612,3300,1
15860,-1216,3392,15976,-2548,3384,1
16296,-536,3624,16724,-520,4256,1
16708,-3244,5836,16584,-68,4824,1
16112,-672,4604,16044,-1344,4872,1
16708,-1456,5300,16388,-28,3608,1
15304,-1548,3800,16088,232,4068,1
15472,-2556,3376,15820,600,1084,1
15312,-1636,4384,15856,-1744,1488,1
16244,-2144,2616,16956,300,1036,1
15980,-2200,4684,21852,-816,-2848,1
15608,-1032,8368,21536,-4816,5832,1
15952,-2148,8388,12080,-1996,8572,1
16040,-5136,6836,9652,704,4560,1
15576,-1852,2196,16712,-4388,5840,1
15012,-1948,724,15684,-1956,9424,1
14484,-2188,4728,6844,-5868,-5436,1
15580,-1368,6812,11792,-2716,1556,1
16528,-2804,5080,18480,2428,1032,1
15632,-1672,5804,17220,-3068,612,1
15352,-6012,5948,15028,5652,824,1
15476,428,6356,16808,-336,1700,1
15544,4152,6964,17080,-6264,2800,1
16684,2576,6952,16772,-3716,1808,1
15200,-7700,6992,16216,2556,3700,1
14260,-7048,6584,16668,4028,2708,1
17328,2408,5512,16312,1484,1264,1
15652,1180,6316,16672,-6440,1684,1
16204,-1400,5956,17000,744,4236,1
15640,-2668,7000,16620,-240,2636,1
15988,-904,5524,16748,1552,2144,1
15996,532,4580,16340,2988,1648,1
15876,-1196,2688,16328,2640,-2492,1
15772,60,532,15556,-1088,-4304,1
16348,-568,244,15264,2092,-5128,1
19720,-164,64,16312,2860,416,1
19912,-2340,1980,16332,1704,3484,1
14496,-1904,7516,16972,-480,4056,1
13700,2576,4788,16872,964,3884,1
19328,336,8724,16504,1832,1048,1
10396,-1856,13836,16000,1656,8,1
15220,10508,-14468,16484,2632,1864,1
9080,6820,-2280,15820,472,5156,1
18736,-3072,4056,16316,-896,3740,1
17344,-2904,3256,16028,-772,4044,1
16320,-440,1404,15848,348,3032,1
15768,-4816,2436,16548,2976,4772,1
16468,760,2212,16560,-1996,3320,1
16760,5264,1576,15732,-5324,3988,1
16084,-3016,1068,17076,-4140,4168,1
15168,-5904,4432,15568,3712,5596,1
15996,-2324,5436,15952,3136,4080,1
16464,1528,2740,16296,-144,1900,1
15808,-452,4136,15868,-936,1872,1
15988,-3244,1808,16716,1244,-168,1
16052,-1180,2768,21572,-732,-3728,1
15744,-2084,5652,22584,-712,1976,1
16288,-1420,7984,11968,548,4932,1
16212,-1832,6400,12604,-2004,6124,1
15692,-2304,3380,16848,-2788,12212,1
15812,-548,2248,8372,-2940,21552,1
16700,-1700,4812,32767,2736,-3856,1
16292,-1616,7112,16760,1256,5384,1
15880,96,6724,16588,-2880,2912,1
16152,-600,5076,17368,-816,420,1
15672,-1976,5092,17248,2616,1240,1
15024,-2128,4964,15956,1456,2536,1
16584,-1252,3716,16536,1612,-184,1
14632,3020,6856,15796,-3324,856,1
16588,7700,7232,16804,-5160,1764,1
15668,-460,7016,16580,2796,2740,1
15884,-6548,6392,16708,3272,3160,1
15276,-2984,6000,16388,-2372,3144,1
16332,-748,6416,17120,-2076,3504,1
15792,4272,5936,16352,980,1688,1
15888,-1268,4764,16372,1920,1092,1
16184,2344,4868,15820,1676,-2280,1
15772,-3084,5960,16260,356,1824,1
15712,1268,6592,15836,1280,-1104,1
15428,-556,4184,15960,-112,-992,1
16652,-1180,1640,12724,-5068,11804,1
16296,-1236,4252,20156,-880,5132,1
17300,2972,2344,14752,-3128,5616,1
18812,-2748,988,16600,-600,3968,1
18868,-4040,5896,15788,2124,852,1
13556,-1572,5764,16236,552,3268,1
12132,384,5824,15492,1560,1032,1
15608,-764,7592,16100,-140,3916,1
17036,-2168,26016,16028,-288,2540,1
15916,9644,4452,16416,-1536,3988,1
15860,-1464,4920,16528,96,6604,1
14140,-724,2548,16552,-1336,4620,1
20512,-1692,2684,15988,-264,2240,1
14280,-1004,4084,16064,-1100,2872,1
16192,-912,6504,16400,-484,4108,1
17888,400,11688,16944,-960,6772,1
15644,1040,3124,16136,-984,4452,1
13800,-3848,-5448,14956,-1248,752,1
14548,-4636,-5432,15784,-1776,1320,1
16140,-2104,2456,16248,-2792,4104,1
16564,-336,5164,15788,-3296,1304,1
13272,40,6556,14532,-3148,944,1
14308,-2420,9088,14704,-2508,3708,1
14612,-1500,6452,15868,-896,7280,1
14096,-1560,10700,14532,-5612,8764,1
15104,-3388,10132,18056,-2048,9804,1
15680,-2440,10296,14916,-5400,9868,1
15724,-1676,7400,16452,-3912,6732,1
14164,-3916,7232,13356,-7148,8752,1
15512,-1644,6584,16796,-1828,4392,1
15168,-4440,6252,14556,-1664,9604,1
15468,-1744,8348,16636,596,1348,1
15340,-3720,3652,16412,-17276,-972,1
15788,-1988,5388,12568,-368,8516,1
15140,-1396,6192,12192,7512,11008,1
14948,-4892,4700,10528,11304,-940,1
18460,1948,15024,30772,580,-14536,1
14616,-1336,5388,11556,-11776,7412,1
15136,-1516,8288,13232,-3144,-324,1
14208,-3056,5388,17188,3972,-1968,1
16180,740,5488,15992,-4288,1048,1
15908,-68,6172,16976,2728,1044,1
15452,-876,6784,16496,-2140,2788,1
16080,-760,7592,16556,480,2616,1
15792,-1800,5736,16648,624,2944,1
15340,-4340,5420,16140,1020,1584,1
15164,-11600,6196,17104,-1376,5232,1
9280,-26496,16884,16544,-972,2360,1
17768,16040,19440,17704,-2228,1784,1
9076,-4808,22828,16836,104,-260,1
18060,24496,-448,18292,5296,4756,1
9004,-13956,4704,16156,900,2896,1
18544,-6996,3908,16128,3720,-788,1
15508,-608,3612,16152,-1524,932,1
14856,-5056,5036,16760,-5016,652,1
17160,-1140,6024,16820,-436,5804,1
15688,-4524,7748,17028,-16200,6176,1
16264,-1476,5872,14396,8152,8440,1
15028,-5384,3736,11772,-2208,5352,1
17500,-1536,6428,17900,13908,3472,1
16600,-3048,4336,14040,-7272,868,1
16032,3464,9148,16152,1564,2808,1
12224,-1744,11656,17124,-1520,2932,1
15400,-380,7368,16412,576,4228,1
16204,-3248,6304,17396,-956,4136,1
15024,-1536,7116,16168,-492,628,1
15052,6408,6828,15836,1412,-3248,1
16208,-10124,2416,17780,1808,-2824,1
17056,1376,5120,21124,2012,-2308,1
16528,-2624,6560,10272,-2848,7112,1
14700,-3544,3812,10304,-3680,4580,1
14508,-1324,1632,11048,4284,-6252,1
16296,440,3632,19076,-6344,5384,1
24148,-376,-1436,17660,-2472,3884,1
21000,-2024,4272,19208,-1372,2772,1
7596,-5224,17888,15620,-2052,2548,1
16696,-2156,5092,16856,3280,1596,1
13148,-2224,8424,17128,1804,3648,1
12612,-2652,11840,16212,-604,1288,1
14004,-472,9824,16660,3416,1164,1
4808,7556,18424,15036,1020,-2968,1
23396,5952,956,17128,908,4712,1
14468,3032,4656,15396,212,488,1
13560,-7696,7492,16656,-7068,1620,1
17408,-10700,3496,16456,1204,3584,1
16488,-892,5708,16984,4884,2320,1
16560,536,6944,16164,660,564,1
16740,8564,5600,16452,-984,1752,1
16432,940,5376,16464,444,420,1
15496,-4604,5052,16364,-1132,-2096,1
15884,-5540,2648,20108,2628,-1452,1
15648,1296,3616,20636,-600,1548,1
16156,-3524,6676,14716,-3028,5360,1
15676,-3088,4568,12500,-1172,4732,1
15728,-1680,4064,15904,-1764,6828,1
15268,476,-1588,8384,216,10460,1
17172,3404,2632,32767,-8612,-5508,1
13284,-1400,16476,10776,1724,7468,1
15688,-10404,9412,16132,7772,5820,1
15736,796,8496,17368,132,2732,1
17008,7288,5336,15188,3832,-536,1
14388,-3660,4692,16148,-9464,-1488,1
15164,388,5564,17068,-164,3296,1
15988,-4468,8668,16804,1324,3652,1
16496,-268,6520,17144,-5416,4032,1
17288,888,4348,16288,-2736,2264,1
19224,1320,992,16496,2252,3396,1
20180,-604,6120,16296,1948,2944,1
14492,-852,4960,16516,64,3672,1
14984,-1752,4408,16980,-1888,3832,1
13688,-1388,8380,16472,1172,2260,1
12460,-3556,11144,16044,4428,1564,1
17204,6336,13824,15412,1884,-308,1
11756,6364,-4772,16552,-936,2936,1
15296,1876,1180,16328,4976,6108,1
15832,1392,5236,16304,5736,4948,1
16568,-4688,4076,15824,-6896,5612,1
16100,4548,2736,16328,-11748,4336,1
15924,-1812,1340,16172,1096,4936,1
15516,-9892,3024,16192,2984,3360,1
15780,-4944,5216,15932,4640,4496,1
16296,-1840,5740,16172,-3560,3076,1
16408,2196,3572,16348,-32,3996,1
16756,8024,4200,15676,-820,1872,1
15600,-3084,4616,16616,-756,-832,1
16028,-8100,4816,19660,-2404,860,1
15668,-5716,4524,26828,3800,-2536,1
16652,2388,5772,14968,-100,8644,1
15920,-940,5064,12844,-3504,1824,1
15648,-2260,5372,10936,-2520,6692,1
15364,-1652,2568,15492,3808,8388,1
14932,536,-476,10592,-7276,11804,1
14848,-72,9824,32767,4976,-504,1
15220,-2864,11252,24692,-2304,8340,1
17096,-8120,11164,18248,216,4468,1
15532,-4272,8208,18104,416,2488,1
14184,-1864,5272,16628,1692,-1564,1
16400,5880,5364,15524,-2500,-1592,1
15752,3888,5784,16080,-2676,-1300,1
15524,-4036,5912,16692,3584,616,1
14424,-10716,6240,16840,11456,1936,1
16328,7068,8520,16284,-9480,2812,1
15992,2192,6272,15964,-13276,1556,1
15412,-372,6336,16720,-844,1656,1
14604,-9196,5792,17156,6996,3028,1
15440,-564,7392,16744,5016,3168,1
14568,2148,8316,16240,-4756,772,1
16360,2516,7704,16428,-1688,1544,1
16212,-2476,5020,16248,1144,1244,1
16464,-3800,2800,16268,2212,1912,1
22508,-936,244,16524,-1536,4168,1
18824,-660,6096,16448,-2228,3312,1
11796,156,6076,16556,508,4680,1
11044,-260,6220,16292,2560,4452,1
13872,-212,8900,15840,-184,2164,1
13536,-5332,11188,16252,-144,744,1
7388,32767,32767,15680,4,1636,1
13212,-6916,4704,16576,1084,6824,1
16248,-4152,7196,15936,232,3148,1
16640,-2960,3900,16056,-1444,4980,1
14012,1304,1704,15952,-7900,3616,1
17036,4372,2332,16348,-1836,4796,1
15776,-4660,4724,16036,3128,3044,1
15584,-6460,5424,16340,4548,3776,1
15448,-1852,3712,15852,300,4540,1
15888,2428,2464,16720,-6468,3972,1
15940,-272,3292,15748,932,2784,1
15776,124,1644,15972,2136,1736,1
13824,-4160,6740,15432,-1260,2096,1
16684,-2212,6716,16972,768,1632,1
16208,-1664,6700,18100,-2148,5880,1
16780,-348,6240,23960,-7548,1388,1
15388,-3304,6164,20732,4164,768,1
16300,264,5036,13188,-588,6112,1
15744,-2320,6148,12808,-6840,3860,1
15424,-3120,3484,16956,4660,10584,1
14936,-172,20,8268,-912,14140,1
15368,-2252,7396,20088,-13592,-14108,1
15136,-752,7100,6996,-64,3128,1
14568,-6080,11856,20276,-1560,7400,1
15564,-4360,8984,17848,4428,5144,1
15164,-824,6676,15592,-1076,2048,1
15888,3524,4292,16168,-3348,852,1
15664,7488,4588,15936,-3804,-1988,1
15220,-2080,5260,16404,-460,2332,1
14272,-10100,7484,16760,3840,4512,1
15976,-2520,6756,16976,1320,2580,1
16384,4916,7140,16404,-5184,1628,1
15764,-156,5560,16484,1268,1764,1
15096,-3748,6496,16224,1436,2412,1
15136,-4864,5400,16688,1912,3920,1
15288,-2384,6604,16704,1820,4200,1
16264,3104,5068,16352,-2356,2744,1
17072,128,2764,15960,-13112,3208,1
18200,-2000,660,17056,1720,2788,1
20412,304,4680,15740,9644,900,1
14892,-5088,5004,16360,-8,1796,1
14284,740,5288,16392,-1792,1968,1
14156,972,8160,16408,2776,2268,1
13380,-1436,9728,15828,1188,1376,1
11084,1928,13912,16368,224,1292,1
23284,2040,-656,16692,324,7168,1
15508,7340,1696,16616,3984,4880,1
15836,-6520,3744,15880,2832,2996,1
18188,-3020,2864,15884,1164,3744,1
15672,-2776,2612,16592,-3116,3236,1
15888,1140,3488,16324,-5364,3740,1
16716,6780,1992,16504,-2324,4320,1
16516,-4640,4224,16220,3348,3492,1
14384,-8884,5928,16368,4436,3448,1
16324,-2408,4872,15752,1324,3980,1
16096,-2164,4272,16288,-1448,4684,1
17156,3620,3928,16188,-932,3804,1
16288,472,5376,16304,572,2860,1
15888,-852,3248,16004,232,2312,1
15220,-4628,4464,16220,-344,1484,1
15796,-3840,4292,16772,-2100,792,1
16364,904,3876,23832,1856,-4160,1
15356,-1908,5844,20992,408,5588,1
16304,-1456,5280,11756,3224,5580,1
16420,-2164,6516,10088,-2744,7224,1
15648,-1400,4080,14340,3768,9692,1
14544,-3400,920,12948,-8268,11288,1
15384,-2168,3500,14992,-2292,-14032,1
14840,-2052,9352,9848,1136,-752,1
16708,-3172,6640,17556,-3648,4868,1
16012,-5096,7696,16964,108,1108,1
14588,-4148,6304,15216,5420,1604,1
15912,4468,6832,16680,-1320,1188,1
16532,3320,5816,16548,-3828,1096,1
15668,-2452,6808,16640,-4248,1088,1
14876,-7888,6292,16648,2472,2596,1
15280,-2076,5924,16512,2780,1768,1
16340,-1032,6824,16564,-1340,2072,1
16616,2816,8576,16472,-3028,1884,1
15820,-2912,6456,16756,-1816,3032,1
15328,-2192,3812,16356,228,2168,1
15660,-1696,2204,16092,-3092,1420,1
17652,-352,4344,16400,48,1536,1
20696,-2008,2952,16872,1792,3168,1
17432,-2188,6740,16384,-548,2140,1
14652,-5732,3768,16388,2268,2760,1
13672,2216,5464,16788,1132,1532,1
13400,-524,7800,16264,632,1736,1
14356,1208,10324,15932,-520,-208,1
11052,496,28624,16352,112,3212,1
19684,-12904,676,16236,948,3656,1
14688,48,5088,16468,1284,3340,1
15312,-4420,1968,16356,388,1132,1
15588,392,1940,16492,3448,2172,1
16820,-1276,2180,16192,1640,3336,1
17736,9480,3816,16272,-15880,1572,1
15844,-9568,3684,16500,4620,5548,1
16188,-1316,2800,16668,5760,3600,1
15700,-6172,4128,15672,1204,2264,1
16144,-296,3608,16112,-1744,3324,1
16636,-964,4020,15884,-384,2540,1
16144,-3792,1928,16328,-2300,3340,1
15380,-2056,2664,15824,-584,2604,1
15952,-1384,6144,17148,-1312,1324,1
16684,-416,5584,19956,2320,4016,1
16012,-1568,5968,21936,-2384,-640,1
15984,-1460,4732,13844,2084,6728,1
16072,-3248,5116,14772,-1352,2592,1
15820,-1168,3704,14272,1668,6956,1
15496,-876,904,11304,-6548,12636,1
16564,-1160,7052,14696,2220,-5936,1
15548,-1536,7776,4372,-500,2376,1
15836,-3596,6684,18248,148,3412,1
16312,-420,5892,18200,-2196,2868,1
15252,-1000,3184,15336,-872,216,1
16620,9828,3640,16484,-3728,-740,1
15544,-6196,7688,16616,1748,896,1
16216,-5720,8816,16764,1816,1948,1
16188,-4672,6888,17204,4472,2484,1
15748,-240,6716,16312,2172,864,1
16076,4476,4492,16732,60,668,1
15380,-2400,6044,16964,-6524,832,1
15780,-3116,6032,16356,-6312,2256,1
15964,-1952,5400,16224,-3268,2680,1
16348,-1436,4780,16352,8744,4696,1
15964,-1444,3876,16428,6444,1976,1
15884,716,2852,15820,540,924,1
16364,1520,4016,17396,-10656,-1376,1
18064,-1076,3832,16804,880,2920,1
21396,2312,4168,16464,4540,3980,1
16792,-6180,6620,16544,412,2452,1
13312,-2500,5100,16404,-256,1300,1
12232,824,5420,16964,884,1944,1
15108,-264,8080,16068,1072,296,1
14424,3244,13856,16544,1252,660,1
32767,-17780,-11212,17048,884,2416,1
17676,8216,4452,16380,3208,1868,1
12192,-480,2504,16288,2492,848,1
18216,-3156,1620,16812,-316,2492,1
17256,-1156,3016,16580,-1156,2416,1
15948,-72,2912,16984,-3596,3092,1
16276,-3408,1772,16252,-5004,3232,1
15760,-680,116,16572,1752,3960,1
15740,-3644,4180,15844,4724,1928,1
16512,-3240,4296,15852,4964,1220,1
15588,2740,7020,15928,1984,2396,1
17872,13792,6756,16448,-3276,5108,1
15416,-13112,2576,17144,-3716,4464,1
14008,-328,2924,16420,-2248,3240,1
15128,-12600,4228,16380,-712,2068,1
17728,2604,7208,16100,400,4204,1
17668,4392,6720,16456,-248,5628,1
14324,-5336,2908,20544,1744,-1644,1
15920,-1680,376,18544,-1504,-1292,1
15404,-5760,808,17804,72,-1084,1
15652,-2228,3864,17264,-7036,3796,1
16040,-2996,3092,12700,-2380,9572,1
15176,-1896,3456,10136,-3880,12836,1
16824,-1660,5408,32767,5412,-816,1
14860,-2944,9868,15928,-7348,4368,1
16728,-2136,8588,16892,-1028,3008,1
16260,-552,6876,18880,1412,1372,1
15296,-2332,6000,16944,1600,2104,1
15024,-2120,5568,16432,-664,540,1
15904,324,5892,16576,-3080,-624,1
15820,1008,6092,16352,-1816,1052,1
15548,-1952,5804,16492,2492,968,1
15344,-3768,7412,16348,3428,544,1
16076,-2516,9284,16560,224,476,1
16872,980,5328,16512,1996,768,1
15968,-420,4108,16492,1408,1772,1
15204,-2472,3676,16288,-4332,256,1
15304,-1656,1940,16424,-2800,1404,1
15408,-1308,4816,15988,520,1328,1
15680,-208,3520,16892,-4,3308,1
18840,-2216,2860,17396,640,4248,1
22052,-1524,3408,16864,-816,4812,1
16052,2040,9716,16740,1568,3648,1
13516,-296,3156,15780,4036,-272,1
17372,-2972,8396,15764,1948,1760,1
10884,44,25060,16676,-732,2676,1
9144,-5700,12376,17364,-1632,4648,1
21784,-148,2532,16468,1132,4332,1
13872,-3348,5792,15732,1752,1772,1
14656,-6416,1872,15684,4532,2084,1
16648,8416,1040,16600,-3044,3140,1
16072,2384,6000,17080,-8204,2684,1
17152,260,5940,17372,324,6820,1
15800,-7000,4140,15508,3572,5476,1
15760,-4788,3472,15556,2316,4056,1
15796,-568,2124,16764,-3140,1664,1
16684,3928,1772,16828,-44,724,1
15984,1824,1216,15636,-232,2632,1
15740,-904,5704,16272,56,2032,1
16100,-8768,7332,16720,280,2428,1
16064,-1664,7888,16352,1272,2104,1
16576,2756,5768,16276,140,932,1
15720,1936,1108,16412,-2272,3560,1
15684,-2972,1644,16236,8,864,1
16220,-2112,6824,15872,-256,2584,1
15912,-308,5448,16248,-1360,4004,1
15332,-1280,3280,15608,-1316,2652,1
15476,-1904,4376,15900,-2520,3476,1
16448,-2532,5300,22036,-504,3900,1
16352,-1572,8472,18552,-6148,5168,1
16316,-3264,5944,16104,-12,2800,1
15368,-1440,3676,15732,-2992,2644,1
15648,-2260,4256,15980,-24,7708,1
15864,-684,4256,6368,-7968,19056,1
15964,-2512,5644,24524,-4196,-8120,1
15900,-2116,6432,12420,3512,864,1
15444,-1768,2848,16652,-424,3312,1
15140,844,3396,16668,-2012,844,1
15916,852,6356,17088,-2320,2184,1
14680,-908,8560,16300,832,2432,1
16504,-360,6608,16708,660,1212,1
14212,-3348,8792,16164,1276,-160,1
15376,2900,3508,16548,2444,1644,1
15612,148,6132,16472,900,3812,1
15244,476,2540,16564,-2528,3440,1
15848,-1932,3944,16872,-3860,3716,1
15624,144,1832,16400,-4796,3556,1
15108,-900,2308,16848,-6308,4288,1
16440,-1160,10472,16596,6360,396,1
15132,-1988,8232,15880,3532,-1972,1
16948,3156,6732,16400,1764,-1964,1
16800,-404,5868,16104,1636,-1148,1
16296,-3004,920,17720,4220,1692,1
15252,-1460,2280,15632,-5972,7064,1
15272,-48,176,13092,-5816,5824,1
16228,-956,1816,18156,-3472,4156,1
20780,-3596,1540,18180,6564,1656,1
14768,156,8268,16168,1048,2248,1
14504,-4192,4216,16908,-2360,3376,1
17872,6824,5672,16944,400,2740,1
14232,-864,8252,16388,84,1952,1
6888,5084,17824,16060,2136,184,1
24736,-5432,-1388,16432,2532,1336,1
15140,3280,1128,15796,1524,3772,1
16832,-3192,3060,16292,740,2740,1
15840,1476,1916,15944,-3316,3144,1
17020,11140,3744,16620,-2492,1940,1
16504,-980,4508,17016,1396,7100,1
16020,-9824,6200,16504,3020,2612,1
15360,1356,2900,15984,624,2848,1
16964,-2348,1004,16684,-3128,2244,1
15632,2816,2100,16408,512,2068,1
16732,-2092,40,16568,-176,2520,1
16508,556,1028,15976,1840,-1288,1
15676,-1764,3856,16168,1284,744,1
17372,-6276,7128,16032,2916,876,1
17944,6384,8172,16392,28,1760,1
15548,1336,1712,16240,-3084,3288,1
15392,-932,276,15172,-2920,-492,1
15012,-9004,-368,16684,652,-2964,1
16612,1020,4540,21900,-3076,1420,1
15776,-2680,2856,18396,-3408,3288,1
16140,-1228,4508,17108,412,1600,1
15604,-3680,2600,12448,-2132,4712,1
15676,-3316,3492,15460,-1912,6404,1
16564,-1128,2408,18216,-7168,6480,1
15344,-1688,5916,15148,-4776,-8524,1
16624,-1980,7860,18264,-1972,-3428,1
15592,-2568,3592,15136,-4804,3452,1
15264,-984,884,17056,4404,516,1
14528,-2836,-696,13160,2540,2204,1
16092,-2684,6912,17448,-7944,-828,1
15228,372,14064,15588,-7728,176,1
19760,-3456,5044,17364,8368,5092,1
15508,-2608,5640,16056,5140,1076,1
14988,2204,2152,16356,-2776,-1664,1
15296,756,4304,16288,-4084,564,1
16912,-2876,4968,16324,-8224,2244,1
15828,-3432,5580,16864,-484,3324,1
16252,-1292,3900,15884,456,3376,1
16288,-1512,1164,16276,2412,2204,1
16780,844,-296,17112,-1168,2208,1
19948,828,-3468,16908,-884,2032,1
18028,-2240,-996,16340,2172,1056,1
13452,-4600,2284,16944,-1176,2424,1
13024,288,3492,16552,-712,3248,1
18648,-44,8816,16480,8,672,1
17368,-4540,32767,16404,1864,124,1
23444,-4740,-3456,17052,1180,1068,1
14096,6808,4044,15728,1020,1852,1
10164,-5484,2312,16244,656,1400,1
19336,-596,2768,16152,372,2004,1
16532,-2740,4832,16932,16,4152,1
16236,-1916,4796,16932,-1972,5296,1
16328,-60,4508,16416,-5760,8044,1
16460,-1264,1876,16556,-4832,2284,1
15360,-2416,-556,15304,204,464,1
15564,-1808,-3176,15440,5924,1724,1
15536,-1184,-2892,15916,4088,1576,1
15572,-1656,6416,17004,224,2632,1
14900,-356,9284,16612,-5932,3452,1
19848,-652,8828,16944,1908,3868,1
14696,3336,1596,15712,-1076,204,1
15044,-4348,-3188,15464,1924,-3108,1
14796,-1776,-3196,16676,804,-1880,1
15928,-1612,-1304,24212,2568,4508,1
16828,-1404,5172,15780,-4036,5748,1
16872,-2944,8256,13580,-3176,3532,1
16476,-1384,2956,14972,-3488,6804,1
15628,-652,-636,14300,-3100,11920,1
15452,-220,-3924,6876,-4652,10124,1
15672,-812,6844,8912,-128,-5392,1
16356,616,9384,17596,4988,1912,1
16180,-3552,8528,16132,-732,4040,1
16056,-2308,6748,16020,3028,2284,1
15832,-2024,5628,16780,-1184,648,1
15660,488,3872,16744,28,-236,1
15992,4324,3784,16396,1560,-1616,1
16072,2284,3836,16552,408,964,1
15876,92,5072,16400,1672,-1048,1
16264,-1812,5944,16520,2868,1132,1
16032,-1620,4868,15976,836,-1216,1
15712,-1212,3384,15644,3244,-3056,1
15536,-1716,2104,16224,2584,-456,1
16168,-264,1692,16304,2480,4100,1
15620,-1936,2724,17084,-12984,4388,1
16004,-500,4040,17260,-17424,5972,1
14652,-2788,8128,17372,6796,6896,1
14848,-624,6236,13436,13412,1744,1
15936,1400,8236,16028,14384,1544,1
16952,1780,5052,15124,4584,3732,1
19636,680,3508,16416,-21104,1716,1
19536,-312,3128,17516,1308,7084,1
14696,-1256,7492,17112,980,2748,1
14716,924,1664,16632,-248,1832,1
17104,-3504,4176,16456,1636,1608,1
13800,2208,6664,15652,936,-1736,1
9096,4348,29336,15960,2248,2920,1
28616,-21468,-2324,18244,-460,8948,1
16488,6160,2596,16864,-888,6752,1
13892,-5464,-2188,15564,-1520,2848,1
14836,-2888,-3044,16432,-740,1072,1
16932,328,-704,15748,172,3144,1
15956,-3260,3412,15884,1136,2544,1
16972,-2544,5256,16376,5828,4432,1
16084,640,1672,16028,-3496,4016,1
15876,5052,2340,16012,-5016,5144,1
16728,-280,1596,16240,-4844,3396,1
16328,-4880,3160,16264,760,4472,1
15616,-5572,2380,16340,5376,5028,1
16600,944,3048,16180,-2508,3632,1
15976,-472,2300,16208,-1800,3256,1
16272,8068,4328,16120,-496,3692,1
16392,-2248,5316,15984,352,3364,1
16436,-2604,4176,16908,744,2360,1
15852,-3528,4380,19184,-1420,1300,1
16184,-3832,4876,22968,-144,-2136,1
16492,160,5484,15092,-4000,5652,1
16692,-3544,4812,10084,1988,1032,1
16180,-1980,1952,15476,-4704,10852,1
15920,-1736,2536,11064,-4616,12440,1
16164,-2276,3540,20564,-16208,-6784,1
15396,-1232,4876,6448,-3564,340,1
16360,2240,2296,16152,-696,-1452,1
14812,-7296,4872,16896,3108,216,1
15436,-4988,5648,15460,6620,2292,1
16384,3796,4496,16352,-2332,3336,1
16852,5152,7156,17660,-9200,1504,1
15548,-4804,5904,16936,536,2940,1
15968,-3960,6448,16468,2212,1588,1
15980,-1160,5288,16432,-384,1312,1
15800,-1280,4368,16464,272,2028,1
15596,-312,2376,16368,-1288,2612,1
16136,-1784,2600,15460,-1840,3908,1
15032,-2144,3932,16988,-468,660,1
15884,-1488,5756,14856,-1160,3192,1
15252,-1744,7496,16476,-640,3032,1
15476,532,10352,16252,-676,2396,1
16336,-2424,5860,16512,-2292,4912,1
15488,-2524,4444,16180,-1124,3868,1
15728,-1204,5108,15636,-3352,4216,1
16356,-2504,4620,15892,-724,1844,1
15740,-2872,3020,19144,-5908,7172,1
15136,-700,-420,14552,-764,4164,1
15200,-416,1048,15504,1960,-1992,1
16368,-668,5804,15528,1108,-3404,1
15796,-488,7168,16056,4188,-3996,1
16560,-2736,12752,16984,1168,2444,1
16580,-220,8260,16452,396,1016,1
15772,660,3656,16016,2052,-1056,1
15100,-2732,2140,16896,1448,988,1
16544,-516,1156,14228,-4936,12552,1
15408,-3448,-2116,18704,-7224,8224,1
14712,-556,-5224,15992,-6100,5784,1
22160,-1204,4872,15988,7624,512,1
23704,-2216,3600,15772,1908,620,1
11224,-4556,3764,17192,-2028,2092,1
11512,2816,5864,17240,760,3432,1
17084,992,10804,16128,1768,744,1
19928,-1484,26716,16752,-72,916,1
30272,-13304,-9184,16416,2332,-368,1
17592,9508,2900,15924,-256,4704,1
11444,-328,2252,16212,1588,1304,1
17296,-5128,688,15948,-2496,4744,1
17580,1056,616,16364,-2176,3460,1
16092,472,1124,16380,-2232,4272,1
16108,-2792,372,16320,-156,2960,1
15864,-2244,-108,16520,-788,3764,1
15972,900,-1920,16240,-1760,3364,1
16256,1800,3116,16376,-984,4952,1
16356,-4352,10500,16076,2556,752,1
16892,-5460,6216,16172,1964,1820,1
16028,-1876,3028,16892,-516,5268,1
16056,-2892,1616,16088,-4264,3472,1
16140,3636,772,16268,-1932,2808,1
16092,1184,3700,16100,1068,2592,1
14752,-2392,7988,16136,140,2204,1
17400,-1152,3816,16252,536,3052,1
14756,-1052,9468,16112,2188,352,1
17824,-5164,3716,16620,1252,-3800,1
17936,2140,2668,21164,-960,328,1
15976,-3500,4464,20316,-3132,-4148,1
16304,-4800,3812,23884,-3616,10548,1
16084,-1724,2892,15672,-1180,9776,1
15748,-4156,3164,10676,-10696,15964,1
16072,-3372,3012,21124,-1084,-2132,1
14868,780,1216,14928,-8852,-1212,1
16008,-3596,5992,15720,3960,2868,1
15572,-5824,8960,17556,8940,5188,1
16220,-5136,7940,16592,9180,6332,1
16036,1820,6408,16192,-6660,5208,1
16180,4224,4284,16064,-11800,28,1
15240,-5976,5320,16476,1700,2200,1
16040,-3692,5012,16216,1804,4512,1
16124,-2756,6440,14984,3384,3708,1
16332,1196,4340,16228,-188,2784,1
15480,-1676,192,17240,-6724,4776,1
15176,-2908,-2256,16064,-2208,3692,1
14952,-1164,-1500,16352,388,5808,1
18756,1548,4792,15096,812,1292,1
20320,-3480,7428,17116,2404,1772,1
15408,2564,10196,17544,-1132,6912,1
12560,-1996,4156,16368,212,3424,1
16860,1016,8024,15468,3900,-176,1
14408,-3012,9520,15884,2264,-184,1
11516,3508,5896,15940,824,1580,1
18248,3104,416,17076,856,5840,1
15912,-420,4716,16480,400,3408,1
16844,-6284,2536,16396,1260,2728,1
15172,-4140,2356,15956,1356,1040,1
17028,4856,2492,16564,-2872,4584,1
15712,7156,3096,15984,-1964,3668,1
16588,848,4896,16448,1416,3584,1
15440,-6120,3812,16216,3264,3388,1
15692,-8684,3208,16260,2404,3348,1
16540,2128,1788,16340,-2900,2768,1
16012,1372,1916,16340,80,3416,1
16608,624,3200,16548,184,2416,1
17212,7240,3932,16196,1600,2692,1
16332,-1636,5296,16344,604,1552,1
14616,-6444,7364,16296,1788,1672,1
14924,-9928,8248,16124,3264,976,1
18200,4432,4688,17308,-792,-320,1
16196,4120,1340,22268,-92,-1428,1
14828,-5080,2780,15800,-1996,5932,1
16640,-544,2208,14552,-568,7116,1
15700,-2208,3320,16040,-1644,1860,1
15980,-1976,5780,16880,-2668,7800,1
15888,-3104,2528,16384,-1560,6048,1
13944,-1380,6200,5328,-12448,16856,1
16636,492,2740,32767,2700,-5384,1
16400,-4772,6680,12852,360,444,1
15848,-9124,7836,18856,5000,192,1
15876,2908,5764,16656,2312,3484,1
15196,3400,4772,16544,-6616,756,1
16220,-644,5652,16444,-14900,1244,1
14640,-6416,5524,17348,4068,2860,1
15900,-6196,6996,16612,5656,2308,1
15332,460,5404,15988,-2932,248,1
15852,6516,6108,16512,-13888,2704,1
15620,-3860,6024,17492,1624,1436,1
15284,-7584,4412,16640,10244,4304,1
16432,-2000,6420,16932,2296,2408,1
15832,2308,3544,15892,1660,784,1
15888,476,728,16880,-10104,2644,1
16268,-2072,-1960,17392,-8916,4736,1
20568,428,-2440,16676,6836,3404,1
17720,-356,7552,15632,4316,1936,1
12400,-6808,3800,16564,-472,2232,1
11504,3288,8628,16920,-652,1400,1
12704,500,14448,16156,-432,184,1
13116,-4004,24856,15912,2948,1116,1
28256,-1036,-9452,16996,1808,4000,1
15084,-2924,7748,16196,1052,2976,1
11312,-4204,4940,15928,1180,3036,1
17332,-8488,5300,16692,-1584,3456,1
17400,12180,4660,16272,-9700,3744,1
17200,3516,5760,16384,-5692,4872,1
15632,-6052,4444,15632,10072,6336,1
14024,-12140,5000,16612,10072,4028,1
16388,-208,3700,15300,-8192,4408,1
18008,16736,3516,16944,-5104,2652,1
16028,-4096,5064,16348,2236,2672,1
14540,-6388,5472,16164,3312,336,1
16468,-4328,3864,15840,432,1776,1
16100,1796,5576,16284,-1752,1500,1
16960,-312,7728,21548,-292,260,1
15904,-2992,6116,23204,-3168,-868,1
16248,1108,2732,12908,4516,3856,1
14676,-4488,-964,5352,-7120,7724,1
14872,-100,532,15804,-9032,15508,1
16144,-1636,8908,19088,-4328,-23032,1
16452,-2552,8412,12588,-4024,9816,1
15956,-8136,6368,17668,2416,24,1
13140,-5372,4780,18964,3936,1144,1
14996,4196,4044,15944,176,-1840,1
16424,4412,5172,15936,-8936,320,1
16472,3512,6036,16844,-1724,2188,1
16224,-10540,6512,16564,6012,3444,1
14720,-6460,5880,16768,7684,3560,1
16716,4112,6512,15956,-4144,-12,1
16236,5140,5752,15948,-10428,-1008,1
14576,-5332,2604,17252,5232,2152,1
15224,-5624,2776,15772,24,3320,1
15216,-328,1836,16856,-2756,2008,1
16884,2184,4712,16720,-3160,4568,1
21276,-1300,1292,16408,2700,4748,1
20856,-220,1668,17440,5080,6048,1
15588,752,9356,16608,-2332,3316,1
11992,-2496,1400,16328,564,2528,1
12236,-384,5668,15896,-356,-1172,1
14136,-2364,10168,15896,1704,292,1
2420,19900,32767,16484,1580,1852,1
13712,-9284,4448,17060,-12,6060,1
22220,2312,2544,16928,1916,1900,1
15652,-3544,2456,16104,-432,1176,1
14568,-1404,2460,16068,2036,1908,1
16868,240,2692,16032,1908,2912,1
17232,5556,3232,16756,-10556,3136,1
16196,-3620,3336,16704,372,3564,1
15632,-4268,2644,16004,2252,4496,1
15232,-8108,5208,16652,5312,1332,1
16456,-352,2876,16044,-1452,2884,1
16672,3568,2828,15932,-4112,1216,1
16936,9008,4632,16524,2648,4452,1
15972,-5268,7020,16732,2400,3948,1
16440,-2356,6040,16432,-628,5548,1
15516,-4172,5604,16664,-1964,3268,1
16716,-4088,1656,15648,-860,196,1
16092,2160,2404,16312,2020,-228,1
15664,-1404,-832,17540,1844,-1028,1
15932,-2804,4096,20656,-532,-2764,1
16844,-972,5320,17524,-4808,740,1
15640,-2504,748,17444,-1260,400,1
14944,-3852,1880,15932,-1412,5964,1
16476,-1384,2600,9496,-6332,19576,1
16516,-604,6596,32767,7680,-8044,1
16948,-848,4948,15156,-5960,1496,1
15632,-2240,2436,18336,3028,-2292,1
14864,-2700,4196,15920,-12,-1084,1
16344,-952,3996,16596,2112,-808,1
16044,-2076,5584,17224,3132,1768,1
16460,3004,5144,16012,-10000,-1032,1
16948,8456,5016,16400,-9564,648,1
15448,-5104,4680,16412,9740,3796,1
15664,-12872,6252,17636,9440,2956,1
14928,-1980,3984,16552,696,1628,1
16884,8852,3928,16268,-5076,-380,1
15980,-6676,5904,18072,-68,3256,1
16404,-10776,4692,16156,6560,312,1
17492,6260,4136,15808,1344,1960,1
16260,15072,7048,17716,-21464,720,1
14444,-11008,3920,16664,9044,4076,1
15260,-11372,6056,18128,3252,5052,1
16668,2044,5184,15856,6036,1468,1
14936,11180,9080,17604,-17860,2272,1
14100,-6544,3860,16116,8284,4536,1
13724,-7236,8452,17652,4956,4000,1
18996,2676,3840,15360,1240,-364,1
17184,3176,5296,16904,-9484,0,1
23040,172,-3952,16644,6492,6924,1
22064,-2744,5336,17492,-640,6096,1
17324,-7672,-3876,15464,-3328,2140,1
6212,4748,14112,16908,4100,1072,1
19708,560,32767,18048,3728,5652,1
10608,-22528,6440,17700,-2776,4916,1
19664,16840,1024,16852,1644,1212,1
11312,-3056,1516,16012,-500,556,1
14280,-9040,3936,16884,872,3884,1
16524,744,4624,15956,-1648,2392,1
16644,-4756,5924,16820,5788,5060,1
16980,-164,3800,15576,752,2564,1
15828,7500,1776,16320,-2232,1548,1
16136,-1512,2632,15352,-7124,2564,1
17452,5032,6008,17212,2164,4980,1
15432,-9256,3256,15952,1756,5668,1
14656,-12720,5440,17296,8372,3008,1
16760,2436,2984,15984,-6784,2780,1
16472,12816,4172,16716,-2904,3596,1
15972,-7948,3644,16124,3500,2660,1
15968,-3184,4480,16132,3332,2240,1
16140,-504,3548,15532,768,1256,1
16084,-172,2676,16048,-2128,-284,1
15760,-2220,2952,19428,20,1124,1
16560,-2116,5096,27088,528,-1436,1
16520,-2572,7168,14072,-2208,6984,1
15964,-3440,3604,9888,-2096,4060,1
14968,-2512,104,13344,-1512,10160,1
17616,-996,3360,9520,-9796,10468,1
15280,-2084,7148,8940,-1572,4452,1
17188,-2204,5412,16520,-160,3992,1
16640,-1704,7004,19948,184,2300,1
15808,936,2780,14268,-2140,-1324,1
15300,184,-60,16480,2952,1352,1
15652,-5296,2880,16576,-3360,232,1
16112,-3824,9060,17288,-152,156,1
16476,-2708,5928,16480,3476,3928,1
15648,-2532,5796,16276,2088,1212,1
16944,5252,3088,16244,-2660,448,1
15748,-416,3124,16444,-7860,-216,1
15268,-6176,5012,16268,3372,2116,1
16248,-3944,4196,16880,2480,4020,1
15588,1708,6920,16444,688,704,1
16980,244,6596,16148,-7768,2144,1
15792,-1200,2560,16500,3676,2812,1
17000,-2144,1324,16268,2040,2368,1
20804,572,-1608,17204,68,2692,1
20556,-1764,1580,16504,-780,4368,1
10548,-2604,4364,16248,-204,1996,1
12360,1192,2832,15844,5860,3040,1
19500,-1616,13740,16136,-1816,300,1
14576,916,32767,17120,-1464,4264,1
25108,-16668,-4444,17192,740,5884,1
17240,5896,4356,16612,1740,2216,1
12148,-8008,2064,15456,1828,4000,1
15360,-1028,1588,16436,-980,1484,1
17928,3900,1056,16052,-4604,2564,1
16060,-2024,2500,16572,-1420,3348,1
16416,-2676,3280,16284,628,4172,1
16244,-2100,3344,16400,1220,2380,1
16728,-1020,3136,16572,104,3732,1
16440,256,2452,16292,-1760,2480,1
16192,-1360,1828,16488,-1396,2188,1
16192,-1808,1888,16300,2004,2212,1
16272,-2676,1880,16224,252,1596,1
15872,-1260,696,15828,-32,108,1
15676,-2056,-2128,16188,504,336,1
16016,1148,-396,15384,-1968,3252,1
16088,-2860,4812,17412,-152,9416,1
16836,-2408,8452,17452,-1572,5800,1
16392,-1516,7096,16172,-3604,4032,1
16048,-876,3156,15492,428,2196,1
15800,-2272,208,16316,76,2948,1
15796,-1968,-1692,15972,-1580,3300,1
16216,-2880,2768,16328,-1776,2960,1
16196,-1984,3664,16544,-884,2320,1
16104,-1888,3432,19452,-236,-2704,1
16264,-3320,4128,20240,264,3432,1
16576,-1528,4348,15112,-1116,3040,1
16400,-3368,4892,11560,-1012,5580,1
16344,-1992,3744,14332,4408,10280,1
15960,-2776,1920,12584,-5388,11820,1
15892,-2608,472,16380,-10132,-10152,1
15572,-1956,1252,14756,1320,-4,1
15904,-3284,2948,16240,-3008,2428,1
16156,-1668,3556,15624,-2868,-12,1
16096,-1132,3092,17008,1692,-1940,1
16076,-1192,2908,16412,-452,980,1
16508,-648,4492,16720,-728,2964,1
16288,-1012,4392,16472,220,588,1
16044,-996,2444,16592,-676,3324,1
15668,1420,-232,16572,-2692,1768,1
15708,-1640,5268,16204,-1852,1268,1
15860,-1560,6936,16836,2184,3140,1
16836,292,6988,17004,464,2728,1
15844,-324,5944,16300,2524,2088,1
16392,1056,4392,16840,-1272,3800,1
16292,2188,4952,16380,-872,2180,1
16064,468,4836,16452,-640,3304,1
15848,1108,4468,15992,-12,2176,1
18076,324,4288,16424,1328,3448,1
14800,3420,4136,16476,-256,3228,1
15708,3392,9968,16652,1484,3340,1
14124,632,10624,16464,492,3588,1
14036,-1796,7016,16456,1456,3916,1
15172,3248,5788,15808,2068,72,1
12728,-3528,8444,15944,2456,1160,1
22084,-24040,544,17036,3628,4148,1
15872,13464,4160,16288,-1008,3456,1
17160,-3336,1812,16328,552,3168,1
15528,-6568,3204,16664,-192,3664,1
16100,3508,2072,16044,-112,3680,1
16312,-2368,2896,16216,-668,2712,1
16072,-816,3048,16344,1496,2992,1
16156,-1360,2984,16112,-368,2696,1
16188,-2876,1516,16156,32,3020,1
15864,-2928,3116,16428,884,3120,1
16588,-780,4320,16376,-976,3352,1
16024,-1924,3376,16228,-1692,464,1
15500,-1168,1964,18440,3924,2300,1
15884,-5164,1584,18380,3340,4044,1
16652,-1328,6232,17300,7544,10324,1
16108,-4004,4080,15604,-5268,7868,1
15644,-1840,4080,18672,3248,4376,1
15660,-2140,3904,15244,152,5808,1
15628,-2760,2768,14512,-1240,7896,1
15588,-4372,1776,12548,1892,9228,1
16056,-1848,948,14232,-2748,8516,1
15932,-368,2128,13260,-4664,6708,1
16300,-4524,2980,22008,3352,-2584,1
16100,-2828,4156,16800,-2408,1316,1
16224,1740,1576,17012,-4644,2040,1
16192,-3004,2544,16824,1832,-716,1
16300,-2128,4348,16672,-2112,-840,1
16048,440,3740,16816,-1440,1400,1
16132,-2044,3816,16816,820,600,1
15824,-1640,4836,16872,-1728,1988,1
16132,-104,4980,16640,856,208,1
16248,1164,5208,16552,840,884,1
16040,-632,4724,16336,20,232,1
16232,120,4264,16492,848,1584,1
16436,4280,3584,16636,0,2424,1
17348,4056,1604,16752,-1544,2760,1
17256,-4076,2404,16572,760,3256,1
16424,-252,7540,16600,1336,1540,1
15400,812,2300,16928,-416,2328,1
16220,-1164,4928,16316,1208,1940,1
12960,-584,11112,16336,2012,472,1
14240,1692,10276,15856,-504,596,1
22812,-8660,-11576,17100,1612,4864,1
15080,11052,-44,16872,-260,5012,1
16584,240,4516,16036,-212,3692,1
16144,-3408,2744,16492,564,2168,1
17000,-1612,1168,16316,1484,2076,1
15988,580,76,16068,692,1128,1
15792,-4104,1600,16156,2512,2232,1
16020,-3624,3892,15680,160,-172,1
16860,4464,588,15940,-2704,8560,1
16172,-1648,2908,16860,-3820,5128,1
15580,-5296,7316,16492,320,4440,1
16532,-3028,3400,16584,-572,3840,1
16016,-540,3344,15648,840,2624,1
15756,-1916,1924,16336,-1156,2724,1
16352,176,3976,17072,-1060,1536,1
16312,-2148,3836,18968,1720,-148,1
16280,-600,3332,16692,-760,4140,1
15604,-4408,3788,15392,-156,3812,1
16168,-3000,5180,15796,1528,772,1
16448,-2980,4956,22416,-2336,3732,1
16216,-3520,3016,17076,-3984,13168,1
15992,-3200,5228,10052,-2072,10376,1
16276,-908,1868,14440,-660,14812,1
15844,-4916,2748,15332,1608,1288,1
15092,-1136,3972,15716,436,2640,1
16292,-3432,6092,15964,128,-424,1
15424,-1852,5216,16460,3136,-300,1
16868,-1256,7760,16716,456,1440,1
16708,-1460,4320,16664,-4260,-284,1
15552,488,1620,16608,-4532,-320,1
15284,-4464,2392,16312,4472,1696,1
15944,-1872,4724,16812,5744,2872,1
16172,-1396,5344,16800,4480,3720,1
17328,-1496,6456,17544,-10296,1956,1
15836,-160,5000,16256,-4656,1832,1
15752,-2468,3668,16704,-380,2276,1
16392,-696,2292,16264,4876,2512,1
18180,188,32,16940,472,2608,1
21812,-352,2536,15924,292,1620,1
15260,-4012,9536,16068,1992,1928,1
15456,-1992,3952,17268,1228,2784,1
13460,1128,6728,16372,-948,4520,1
15820,-3672,8664,16668,1524,3172,1
15912,912,8804,16104,884,2772,1
17660,-1208,9548,16008,1200,1592,1
8744,1816,18916,16296,372,3184,1
22072,-6608,3880,16924,1580,3644,1
16652,-1940,3476,16048,640,1640,1
15964,-2064,764,15948,148,3232,1
16556,-148,1084,16448,-392,3316,1
16584,-996,496,16788,-1040,5000,1
16460,-1844,1212,15656,-904,4008,1
16488,-1576,140,15580,-208,4628,1
16080,-1904,660,15828,-352,4260,1
16136,-1556,1844,16252,-740,4504,1
16196,-1740,2596,15712,-1176,4264,1
16648,-2100,1940,15552,-1316,4040,1
16532,-1896,2640,15848,-700,4080,1
16228,-2224,1996,15636,-1968,3160,1
16464,-1288,2036,16968,-1176,280,1
15668,-3324,1116,20200,-1208,-2084,1
15756,-2484,2368,21612,-3216,6348,1
16568,-3428,2972,12956,2244,11156,1
16524,-2320,6480,11580,-1148,2704,1
16344,-1748,5004,13544,-4736,6436,1
16024,-3656,2896,12960,492,8300,1
15248,-2528,-532,9244,-8440,12996,1
15712,-3256,-1312,13536,-4796,9540,1
16040,-4872,264,23212,10148,-2996,1
15924,-1420,4712,17504,-11176,156,1
16320,-296,3764,16372,-2364,-176,1
15384,-2964,7072,17768,7064,-940,1
17116,-3428,8008,17044,-2176,1852,1
16324,-2916,6880,16700,3192,-412,1
15244,-3596,3624,16608,3560,2016,1
15756,-732,1660,15360,-820,2944,1
16392,-2444,5628,17864,2324,3036,1
16152,-2640,4240,16676,-1996,2920,1
16192,-2244,4316,16552,-556,1248,1
15540,-2420,3592,16356,20,1588,1
16724,-2136,4040,16564,2568,1080,1
16092,-2588,6280,16744,-1080,3512,1
16080,-2340,4944,16452,-784,1184,1
15732,-1032,4280,16380,1768,1176,1
16692,-428,2088,16052,2860,-956,1
16276,-584,4772,16160,1728,1972,1
19704,1184,596,17016,-2436,2616,1
20176,-2652,1380,16228,544,3068,1
7868,-9844,11316,17496,-600,2072,1
12232,5020,5972,16672,2348,1624,1
13580,-9288,8900,16920,968,2436,1
17044,1276,10856,16128,964,1348,1
15564,2952,8936,16492,1544,1600,1
11760,-7792,25460,16488,1252,1484,1
21972,-5636,3520,16380,888,4268,1
15856,-2464,-704,16372,2544,1808,1
16296,-2236,-160,15080,796,6292,1
16788,3940,540,16444,-4436,5556,1
16108,-2300,612,16584,-2032,5092,1
16196,-4768,4000,15472,2616,4592,1
15964,-1352,2304,16484,496,2440,1
16276,1072,1468,15904,-844,4272,1
16300,-584,1628,15808,-1200,5048,1
16096,-1464,2760,16428,712,4144,1
16376,-1348,2392,16008,512,3240,1
15980,-1148,2700,15952,252,4464,1
16400,-1192,3004,16400,-148,2944,1
15984,-616,3116,15992,-464,2984,1
15968,-696,3128,16072,416,1532,1
16288,-2464,3844,17692,188,-772,1
16292,-900,4084,20868,-872,-3636,1
15940,-2000,2872,23020,-1188,1804,1
16524,-2056,3356,12188,128,10976,1
16312,-3020,5356,11292,-820,4056,1
16092,-1380,5352,12368,-3256,8196,1
15204,-3120,2232,15920,-1812,9176,1
15124,-2908,-2084,12124,-5968,11084,1
15032,-640,476,19628,5272,512,1
15244,904,10660,10312,-10388,-156,1
15296,-6968,7828,19240,6488,3956,1
16168,-72,7568,14700,-720,3028,1
15904,-1332,4816,15460,2544,-1240,1
15800,-1392,4136,16548,-464,-252,1
16036,-1652,4896,16880,600,1020,1
15852,-4944,5252,16592,2152,3260,1
16648,-8,4960,16664,-5344,1760,1
15856,-2184,4352,15988,-8616,1332,1
15460,-1188,4448,16188,-1976,1452,1
15812,-2636,4248,16736,8768,2792,1
16360,-1468,5480,16124,2756,2208,1
15796,-796,5072,16840,-2224,1380,1
15752,-924,5100,16232,-3000,2040,1
16220,-2772,2740,16544,-1200,3404,1
16720,-1240,928,16812,804,3244,1
18288,-772,3032,16468,-1184,4352,1
18412,-228,820,16508,-764,3584,1
21808,-192,-956,16588,1292,1892,1
11740,-4880,18004,15804,-240,1120,1
12680,-4372,1840,16548,1984,3880,1
13460,272,8884,16600,580,1752,1
13492,-6472,11224,15516,760,2296,1
16404,4452,12636,16160,1208,3016,1
12352,-4872,22784,16840,164,1940,1
15084,-3704,3932,15652,1264,2844,1
15312,-4496,5348,16020,1360,5004,1
15240,-2696,3492,15792,1016,1604,1
15652,-2544,1088,16408,-1672,6460,1
16704,1248,1044,16220,-3272,5960,1
16196,-2208,2312,16864,-1524,4796,1
16088,-2788,860,15932,-612,4372,1
15896,-2624,1256,15696,-620,3916,1
16204,-944,1672,16528,-452,4600,1
15840,-2556,3368,15788,-912,2460,1
16072,-2468,4532,16628,-1692,2160,1
16332,-924,4576,17252,-620,1460,1
16336,-1544,3596,16748,-1440,2364,1
15928,-1220,3144,16320,-736,8968,1
16260,-2080,1724,14728,-1596,7548,1
15636,-2860,3824,18900,-1252,4680,1
15560,-2864,3460,17020,-3372,6116,1
16300,-2232,4284,16080,-2272,8384,1
15904,-2184,5620,13028,-1816,9404,1
16372,-2376,6032,14672,-1304,2936,1
15800,-2912,3144,14856,-5384,6820,1
15244,-3432,1076,14664,-364,6056,1
14476,-2792,6772,17140,-2540,6920,1
16356,-2000,4000,13012,-1784,10052,1
16224,-2332,5024,11596,-2480,10292,1
17912,-2528,4248,32572,6528,-1536,1
16560,-1336,4992,16020,-7048,3304,1
16012,-2888,5128,17948,168,144,1
15760,-124,5132,17736,1124,68,1
16056,-2684,4100,16508,2040,-1488,1
14852,-2752,3336,16752,4104,1748,1
15824,-472,3604,16292,-7472,-296,1
16000,-352,5844,16644,-3176,2684,1
16764,-1544,4664,16708,2368,1768,1
16060,-1120,3252,16488,1920,1796,1
15876,-1424,3636,16824,-460,2304,1
16000,-616,3392,16632,-604,1456,1
16204,-236,4708,16556,-156,1636,1
16528,-460,2680,16700,764,2296,1
18140,80,2320,16532,-608,2756,1
19152,-2100,3836,16168,3424,980,1
14888,-2632,14104,15860,3448,272,1
14028,-1972,5472,16260,832,2844,1
14096,936,6876,17016,-2932,5920,1
13488,-2984,8584,16644,-860,3496,1
15120,-700,9324,15924,1908,3708,1
15180,-2028,9936,16028,1148,1832,1
14256,3372,10112,16204,96,3768,1
14540,2308,14336,16716,932,5372,1
17540,-7920,3228,16544,848,4900,1
15492,1156,4528,16028,1344,4200,1
16080,-3084,1496,15372,1172,3980,1
15920,-3328,1764,15692,-1828,708,1
16152,-224,1188,16280,2576,2204,1
16140,-2984,1932,16348,-1344,6400,1
16256,-2044,3512,15724,-2752,7060,1
16624,-2684,5600,17360,-4632,4552,1
16348,-1680,3536,16252,1992,4068,1
15596,-1828,-96,15884,-872,3496,1
15684,-2080,-152,16332,448,1820,1
15996,-2080,2956,15456,-132,2324,1
16704,-1380,6004,17224,1016,1552,1
16312,-1300,4196,18996,-3808,-328,1
14968,-3420,980,22456,1892,2736,1
15800,-1436,1648,14280,2460,10208,1
16020,-5812,3652,11016,-1352,5768,1
16380,-2304,5976,11548,-6600,8408,1
15856,-3584,3188,13860,1184,7612,1
15372,-3292,1056,16812,-7556,8448,1
15736,-2992,1008,12864,-3784,10396,1
15912,-3360,3328,21776,7632,-11000,1
15556,-1680,10120,11764,-5312,0,1
16108,-3284,6676,18024,800,4472,1
15816,-912,3332,15640,476,1608,1
15540,-2996,2500,15640,2296,-52,1
15852,-1364,5672,16068,-2592,-364,1
16320,-2468,5292,16692,-3148,-644,1
17080,-1448,4768,17184,-7824,1980,1
15036,-2772,4820,16436,5052,3896,1
15564,-3048,4976,16724,6192,2936,1
15260,-1792,5128,16304,3940,660,1
15552,-1328,5840,16232,2760,616,1
15928,-1056,5100,16420,-3032,932,1
16092,-1900,5124,16784,-3208,664,1
15520,-2968,4716,16576,1096,3204,1
16420,-1428,4948,16748,-3384,2168,1
16304,-1168,4688,16576,-1632,2340,1
15968,-1100,4600,16564,-332,2376,1
16668,-728,3032,16452,2148,2144,1
16496,-308,3600,16128,2340,1512,1
19768,-60,1016,16172,1232,328,1
17712,-2900,7964,16536,-124,1808,1
11356,-5688,2896,16944,480,5084,1
12984,3108,4624,16316,564,3688,1
16164,-3208,9388,15564,40,1952,1
12656,-1204,12472,16052,1584,512,1
13844,1492,12612,16312,1120,1060,1
14360,-2168,10944,16540,756,2300,1
17752,-2232,5204,16320,12,4484,1
16492,-5328,4416,15424,836,6056,1
14764,-3296,2320,15656,1644,3348,1
14964,-156,-608,15592,212,3700,1
16024,-2428,2804,15884,52,4324,1
16612,-288,4712,16356,-1504,4648,1
17108,-640,4416,16176,-1056,5276,1
16460,1168,580,16128,-1428,5512,1
17920,-1564,1620,15544,-1096,5244,1
14796,-7444,6412,17040,824,3136,1
13680,-5780,6472,16112,1492,4544,1
16508,-2316,4568,16032,-60,4072,1
16560,840,1616,16092,-660,3964,1
16860,2624,2532,16160,784,4104,1
15672,-3440,3500,15588,-1344,4120,1
16948,320,88,16308,-692,3812,1
15888,-3060,3176,15520,1516,3208,1
13856,-3316,6304,16420,-908,3980,1
14460,-5356,7456,16168,-524,4128,1
18776,3900,4168,17532,-1296,2500,1
15600,-6496,4440,20672,-428,-1180,1
15668,-196,2696,18580,-548,5824,1
15800,-3784,-32,15404,-948,3108,1
15800,-2340,4232,14108,-3264,4776,1
15760,-3228,3452,14328,2400,8848,1
15300,-3988,2356,13916,-9248,10268,1
16024,-1228,1732,10368,-7356,14084,1
16720,-3740,7136,31664,17488,-14172,1
16332,-992,5240,13228,-5896,3608,1
15892,-3532,7168,16196,-4520,5160,1
15616,-1672,5256,17596,5184,-20,1
15532,-2368,5664,16224,64,-940,1
15664,-1216,5000,16040,-1044,588,1
16192,-1720,3304,16808,4836,-1632,1
15848,-1752,3728,16232,1068,-532,1
16204,116,4064,16292,508,516,1
15908,-2448,6536,16608,2036,1312,1
16196,-2024,5384,17084,-4900,1348,1
15476,-3012,3980,16772,1824,1864,1
15920,-1572,3228,16552,2292,1244,1
15972,-920,1952,16476,-108,804,1
16404,-96,7200,16376,3416,-240,1
15084,-612,9868,16420,1792,1488,1
16704,-2472,3868,16512,1616,1420,1
16308,192,-516,16888,-4356,3736,1
16628,-340,456,16628,-260,2856,1
19956,920,4596,15924,4144,1836,1
16184,-912,8176,16232,2396,996,1
13308,-2124,6200,16600,1092,2396,1
12416,-1380,5776,16616,1512,3192,1
14664,-6320,6888,16556,1368,1936,1
15888,968,7028,16380,2232,1880,1
16532,-1600,6548,16360,3064,956,1
14460,2848,7336,16396,1548,2048,1
13196,972,7548,16048,1812,-16,1
25712,-4724,-12204,16836,1728,3044,1
13132,9100,2068,16132,-540,6400,1
16928,-2348,3056,15776,2700,1900,1
15908,-4172,-308,16168,2552,4352,1
16016,804,-2280,18012,-6292,3292,1
16480,-816,-208,15572,-3252,8588,1
15804,-3384,1476,15580,524,6568,1
15780,-980,3732,15444,2804,4648,1
16888,-1840,1420,17136,532,2364,1
15968,-1668,4360,15832,340,5860,1
16180,-60,4568,15724,-1360,7244,1
15744,740,5900,15768,356,5128,1
16892,-3388,2620,16100,-1432,3472,1
15004,-476,2964,15504,-492,1856,1
15444,-2960,3152,16808,-824,2468,1
16300,-784,3108,18564,-2640,324,1
16020,-2124,5096,20136,-76,2604,1
15924,-2632,4136,20636,2796,4552,1
16416,-2876,5972,11996,-1136,10744,1
16528,-1716,4732,10792,-2928,4328,1
15640,-2424,3212,8652,-1688,9364,1
15004,-3152,1776,15112,-1160,9640,1
15204,-3000,2136,17924,-6640,11704,1
16460,-3140,6344,17064,7332,1236,1
15792,596,7412,8520,-7980,1384,1
17648,-3072,5280,24188,-3148,4312,1
16428,-1068,3944,15488,2892,1784,1
13320,-2744,9588,14992,2280,-1164,1
14036,-5024,8004,16880,3508,36,1
14764,-1080,6820,16828,1764,964,1
17932,736,4764,16604,-5288,2436,1
16952,-980,4128,16880,-5932,2592,1
14600,-2440,7032,16944,752,988,1
14044,-3348,7412,16100,4504,580,1
15440,-1984,5900,16492,204,464,1
16932,-208,4528,16668,-208,1024,1
17228,-656,3904,16576,-1504,2196,1
19600,-12,3504,16620,812,3124,1
17940,-1264,4656,16492,1632,2272,1
9716,-5360,2028,16480,3812,1856,1
13316,2808,5356,16244,3224,2060,1
16332,-5976,8524,16532,-6536,1692,1
14792,772,9100,16588,4300,2300,1
16504,-1336,9164,16064,-788,652,1
11508,1168,10388,16100,1144,2108,1
22712,1632,-13644,16876,-348,3316,1
11384,7060,996,16292,1904,8432,1
17176,-5032,5800,16140,84,5904,1
16440,-1124,2828,16260,1216,3464,1
15764,-3152,-432,15968,-1676,4520,1
15652,-1676,328,14976,-1324,6108,1
16084,-2488,-76,17512,-2168,3980,1
16080,-2092,2164,15500,-3236,6012,1
15848,-1792,1492,16352,-520,5224,1
16944,-3128,2792,15308,812,4376,1
16656,252,4768,16216,1068,3688,1
15892,152,5320,15692,-612,4480,1
16084,-748,3188,15140,1136,3468,1
16628,-3152,2468,15220,1044,3552,1
14428,-2100,6488,18288,-2448,2388,1
14072,-3400,8764,19424,-784,4360,1
18280,588,6548,19332,-1584,7048,1
16052,-4956,4964,17364,-172,4536,1
15740,-1388,3396,12420,-1772,4716,1
15672,-4176,1160,13920,-904,1384,1
15532,-3236,952,13280,-132,6748,1
15924,-1780,3084,18428,-3876,8848,1
15552,-2492,3200,11648,-7584,12796,1
15504,-796,1272,16260,4316,648,1
15456,-2200,10612,10076,9516,796,1
16400,-2224,8340,19504,-11188,6636,1
15432,-1664,3888,16428,2840,1344,1
18080,-1468,-2624,15664,4256,-60,1
16252,-64,6504,17116,776,636,1
12992,-1196,13872,16596,-4320,-1092,1
13656,-3640,9480,16244,-3024,216,1
17116,-3972,3204,17248,-2276,3668,1
16528,-1048,4552,16912,-816,2220,1
15328,-500,8164,16588,-7532,1072,1
14896,-1392,7748,15836,2760,772,1
16576,-2600,4916,15844,4928,2708,1
16308,-1432,2852,16804,4004,2012,1
16584,440,2884,16372,-1628,2480,1
16796,644,5252,16336,2584,2740,1
19024,-568,2160,16448,-2068,2416,1
18032,-2148,6116,16316,-5180,2788,1
10204,-4584,11996,16628,-520,2852,1
15224,-756,5996,16960,-88,5600,1
14992,-3568,6100,16360,292,2232,1
15664,-1496,6584,16284,792,2840,1
15848,608,6744,15964,548,1288,1
14920,-1464,9464,16332,-360,1972,1
11156,948,13400,16220,864,432,1
32767,3428,-424,17460,2132,3644,1
13924,4932,1796,15988,644,2088,1
16492,-4208,1828,15852,-320,3092,1
18644,1528,2200,15844,-1416,4848,1
16416,-4968,756,17324,-988,4876,1
15924,-1468,2188,17028,-2880,5756,1
16180,-2652,1824,15476,-2064,5880,1
15928,-2232,368,15168,-2192,6016,1
15636,-2160,-752,15472,-2324,5880,1
15968,-2840,-444,15504,-2044,6360,1
16196,-1868,4556,14512,-3076,5016,1
16108,-2584,5208,15872,-948,5452,1
16216,-1120,7628,17140,320,4116,1
15708,-760,6628,16356,-868,4848,1
16412,-680,9008,17932,-2604,4116,1
16368,-3252,4024,19552,-1072,2892,1
16120,-1484,3192,16008,-1584,6320,1
15992,-2536,1860,10788,-16,6200,1
15692,-3340,4188,14852,-2860,4736,1
15840,-1688,3376,15780,112,7552,1
15540,-3172,1728,12936,-5248,10212,1
16284,-1364,3324,15624,-3820,8616,1
15920,-2692,4828,28112,3768,-5260,1
15812,-1816,6580,17616,-9768,6060,1
15680,436,1808,16952,-4724,900,1
15304,-6924,9932,18252,1104,-60,1
15396,-5432,6996,16904,2904,3908,1
16388,-968,6756,16368,120,3644,1
15940,2492,5624,16904,-172,744,1
15944,-1580,4584,16108,-5996,648,1
15548,-2876,4532,16452,-2840,1560,1
15628,-2156,4800,16560,224,2108,1
16180,-628,4500,16268,-536,2568,1
16240,-1068,2744,16724,1796,2560,1
18320,-4572,1788,16764,1616,3808,1
18884,2112,5408,16388,1036,3788,1
17056,-6628,6392,17240,-1268,2944,1
12260,-692,9460,16176,652,3532,1
14860,-2080,-716,16492,508,3876,1
15188,576,8544,16492,704,1900,1
15216,3856,17088,15944,1020,496,1
14584,-5652,32767,16452,2616,-1136,1
17732,-8708,3760,17348,-1384,11476,1
20708,2144,5052,17128,1144,4716,1
11964,-10024,4072,15944,2852,3472,1
15468,5124,-528,15580,-4108,1876,1
16548,1732,-1760,16212,-6544,4308,1
15772,-5120,2560,16296,-3064,4112,1
16400,-2500,3020,16184,5212,3280,1
15572,-3372,3464,16012,36,3404,1
16400,1788,3064,15944,1464,2096,1
16008,-584,3120,16020,1384,1848,1
15856,-2092,2968,16136,-1276,2712,1
16216,-3088,3936,15608,-80,6808,1
16980,-1076,5952,19876,-7344,3156,1
15908,-2580,4428,21068,5368,28,1
16172,-40,4056,14664,-1552,6224,1
15864,-3484,3596,13668,-936,3052,1
15924,-2116,3868,14080,-1836,4888,1
15820,-2292,3516,16464,-972,6584,1
15820,-1328,2380,12780,-5700,9188,1
15488,-1660,3232,8428,-7272,1900,1
16348,-2724,8168,9920,404,-2412,1
16028,-2108,5012,16824,-2008,3716,1
15684,-2520,3464,16500,2164,1000,1
15500,-5928,4108,15304,6640,-392,1
15176,3300,7340,16908,-6428,-1592,1
17052,4996,7944,17056,-6908,1724,1
16688,-896,5728,16416,-1676,1612,1
15656,-9300,4844,16944,7760,96,1
15608,-2012,4312,16296,3388,924,1
16012,1052,4884,16160,-40,724,1
16332,136,4908,16824,-6620,1796,1
15816,-2052,4056,16604,-7388,2212,1
16004,-1876,2792,17184,4068,2488,1
18316,-700,2824,16404,3168,2852,1
20840,92,2904,16620,804,2256,1
18544,-1528,6396,16452,-180,696,1
12680,-2464,10256,16656,776,1732,1
13560,-1052,4040,16164,1484,300,1
13516,1708,6620,16752,168,2148,1
16244,-2732,7688,16272,1368,-548,1
15308,572,9780,16204,1236,188,1
5520,8580,-4040,16116,2180,-212,1
14984,2896,3216,16480,-232,3936,1
18316,-264,416,16484,96,1032,1
18828,-5316,3084,16432,-212,4024,1
16500,-412,1820,16248,-704,3012,1
15632,-2212,1256,16380,-1620,4252,1
15664,-1352,-720,16544,-1604,2812,1
16080,-2844,684,16508,-848,3068,1
15948,-1880,788,16348,-1332,2656,1
16168,-1620,3180,16304,-628,1676,1
15944,-820,2648,16424,-1604,3700,1
16352,-4108,5740,16412,-324,2096,1
16288,-1712,7944,16244,820,1612,1
17216,1624,5292,15752,1308,-160,1
15908,-2328,3356,15636,-460,-1448,1
15588,-2360,1684,16888,-2312,3712,1
15840,-4132,2428,22492,892,2876,1
16236,-1720,4968,19320,-4608,4028,1
16640,-3084,5884,18872,-4520,1360,1
16132,-2052,3236,14280,756,3440,1
15312,-2876,20,12404,-3856,7788,1
15804,-1748,420,12580,-4188,11068,1
16020,-3276,2336,16944,3896,-8480,1
16160,-668,8020,11360,1144,-808,1
16292,-2508,5176,16024,-6160,3304,1
15504,-1600,2868,16220,132,-820,1
16248,-880,3104,15968,1616,-452,1
14752,-856,5760,16796,-2856,980,1
16996,7196,6596,17112,-3796,2292,1
14724,-9180,8320,16928,2068,652,1
14936,-6944,7492,16256,3924,256,1
15248,-2456,5756,16456,5964,-712,1
17316,8232,5776,16728,-1636,-288,1
15516,-2828,6108,16252,-2808,-40,1
16328,-352,6176,16296,-4340,928,1
16240,-3692,5584,16764,-3552,4876,1
16224,-1376,4484,16928,88,2596,1
15212,-1116,616,16176,1848,1452,1
16664,-480,-268,16192,2312,-4,1
19156,192,4064,16816,688,1172,1
19092,584,3804,16552,1064,3000,1
13828,-2152,10844,16904,-680,2596,1
15196,-916,4640,16416,-240,2104,1
13020,760,6084,16468,1072,2472,1
13968,2120,7432,16616,264,1464,1
15348,-1852,8244,16388,760,880,1
14620,-6384,32767,16580,696,2788,1
25400,-3392,-2180,16876,884,3688,1
18960,2456,960,16512,-80,2496,1
13228,-1372,3424,16920,148,2296,1
16880,-920,3104,16224,636,2124,1
16552,-1832,4348,16624,264,3432,1
16596,1316,3448,16360,648,2864,1
16040,-164,2544,15676,-540,-324,1
16016,-3024,3444,16420,-564,2840,1
16108,-2264,2372,17072,-564,5384,1
16224,-1500,2472,16580,-3760,5812,1
15800,-2736,3232,16480,-124,5148,1
16220,232,3772,16076,-4152,5288,1
15948,-2732,2780,16056,-3644,3532,1
15836,-1176,3024,15832,-4904,4364,1
16140,-1396,1920,15764,2444,4700,1
14272,-3944,15612,16680,648,2484,1
16372,-3336,5444,18540,-1756,3000,1
16184,-284,5280,18092,400,1012,1
15636,-2092,4032,18856,-3036,3520,1
15752,-2232,4872,16008,-1248,5008,1
16040,-2328,5636,15888,-1792,2712,1
15908,-2884,5132,16828,-332,4300,1
16108,-1268,5016,17108,172,6512,1
15880,-2080,2952,13628,-4060,8400,1
15896,-2756,1844,9436,-4704,19128,1
15668,-2264,3372,22496,9052,-1124,1
15704,-1236,4520,16928,-7380,-1372,1
14892,1040,-616,17640,-268,-2312,1
18668,-1696,8816,15644,3472,-428,1
11884,-3968,16192,17252,472,-92,1
16508,-6076,7472,17008,1184,1008,1
15680,3668,4384,16560,2856,704,1
16312,-776,4892,16280,-1244,2000,1
15704,-1948,4684,16628,-2528,1092,1
15652,-2404,5204,16616,-1828,1620,1
15984,684,6036,16104,-7832,2496,1
15996,-3112,4968,16348,-6412,3048,1
15460,272,3040,17236,-868,3676,1
17120,-1160,4352,16104,7816,4320,1
17796,-504,6056,16880,648,2140,1
18608,5964,5764,16344,-3804,1820,1
15604,412,11080,16408,632,984,1
9952,-1480,12344,16200,1940,116,1
11376,4280,9320,16688,3488,960,1
12584,-4468,12552,16820,-372,2768,1
15024,2768,16276,16456,1376,2216,1
27552,-20072,-7492,16980,-380,3580,1
16688,5368,7012,16032,-1040,2444,1
15820,1004,4080,16496,840,2136,1
15580,-6000,1628,16200,1456,772,1
16740,-2820,4044,16556,308,3372,1
16912,1872,3804,16532,160,2780,1
15980,-3140,3260,16332,372,1804,1
17152,3476,5416,16872,-184,3028,1
15828,2380,3512,16780,740,5172,1
15892,1880,3212,16532,196,2956,1
13832,-9040,1844,16380,880,3584,1
14736,2708,5980,16004,-552,2884,1
16092,-6084,4216,16696,204,3176,1
14060,-11464,9460,16132,-192,2508,1
16196,8216,6356,16820,-552,2076,1
17124,-4292,3192,17668,-3948,2420,1
16288,2356,5384,17864,3228,104,1
14764,-5840,4948,18744,424,4792,1
16296,-1972,5416,14004,-184,8408,1
15868,-2896,5648,16248,11888,7920,1
16084,-3016,5928,16688,-8748,10468,1
15908,-3000,6068,15308,-4184,6212,1
15852,-2252,3576,15296,5400,6372,1
15372,-3468,1344,16960,-256,8812,1
15360,-2236,1580,14904,-3040,8244,1
16392,-2700,5324,11888,-8828,20392,1
16540,-2748,7128,31852,424,1896,1
15720,664,4680,17252,-940,2712,1
16392,-3496,5056,17936,-2436,988,1
15904,272,4588,16116,-1360,-168,1
15908,-1492,5896,16648,-56,552,1
16408,888,5500,16452,-852,2488,1
16340,-476,5224,16736,-1648,2872,1
15992,-756,5612,16964,-160,3128,1
16164,-2548,4504,16620,-1700,4564,1
15656,-2424,3736,16232,-1660,1800,1
14620,-180,6112,16160,612,1504,1
14308,-616,5608,16064,68,1872,1
17376,3616,3888,16360,-1540,4436,1
18388,2700,3464,16296,-632,5692,1
19128,1128,3916,16028,-908,4492,1
17416,-1824,6800,16156,128,3172,1
13012,-1124,8344,16536,948,4412,1
14336,-820,6280,16460,1048,5104,1
14680,-6156,6988,16080,272,4876,1
15532,5816,8148,15756,12,4172,1
15356,752,8816,16168,-332,3040,1
12992,-3632,1280,15940,1288,2528,1
16280,-744,1856,16200,-1656,4664,1
14712,-1988,2380,16132,568,4476,1
16072,-1152,560,16424,-860,5696,1
17324,3560,1180,16620,-1748,5408,1
16016,-2644,3800,15504,516,4344,1
16020,-596,3620,16668,-2072,3008,1
15948,-3728,1756,18084,-344,356,1
16240,-492,2640,20856,976,-1868,1
15920,-1912,2720,22796,1948,6008,1
16460,-3068,2496,14292,-1784,7900,1
15900,-4080,3768,7752,-2712,7528,1
15664,-4284,1940,10264,3364,6868,1
15100,-1040,-896,13288,-3900,8656,1
15808,-3480,4512,16584,-7772,9656,1
15464,116,-88,13700,2548,6028,1
20136,-4012,10008,25272,-352,-12856,1
13500,-1816,14208,14164,-12348,3244,1
14828,-7424,7740,17532,5724,4340,1
13680,-1256,8584,16216,428,-508,1
15492,2276,6452,16360,-760,-848,1
15328,-2632,5200,15536,1632,840,1
17900,-124,5572,17364,-5312,2280,1
15632,-2264,4936,16920,-3268,3116,1
15320,-1640,5032,16264,-40,436,1
15128,-360,7816,16976,688,1336,1
14780,-2524,7632,16692,-7548,832,1
17512,-2048,6848,16220,2616,6316,1
19004,-2428,7184,15924,4104,3172,1
11992,-652,11296,16372,8408,2116,1
15184,208,4292,16732,4852,328,1
13464,732,6708,15716,-240,1816,1
17144,-652,9588,15264,-5144,-3732,1
14820,1520,8816,16592,3020,2184,1
19420,21952,708,15220,-752,-1684,1
16148,-12172,184,16624,-852,6684,1
15736,-5980,5604,16192,-196,9024,1
14756,320,3916,16624,-3996,6708,1
14436,-4724,2064,16056,-3976,3560,1
15936,-56,1636,15860,1412,2120,1
16164,-2136,792,16188,-1644,1008,1
16192,-3108,3532,17716,-788,1612,1
15944,744,3184,16856,-1792,1200,1
15976,-3188,2672,19940,-508,2132,1
15648,-716,2036,17572,-2856,8568,1
16056,-5048,6536,14072,-2244,5864,1
15800,-2592,5620,13856,-1920,4456,1
15356,-3824,5824,14008,-876,6340,1
14900,-2300,4720,14412,-5964,6292,1
15864,-1464,2292,13816,-2560,7904,1
14952,-2376,3464,21436,-4060,-11364,1
17300,-4132,12876,18596,-10956,-576,1
16396,-3192,7156,17988,340,2796,1
15528,-280,6024,17424,84,2584,1
15548,-2288,6776,15636,852,448,1
15100,-1084,5040,16152,-992,368,1
15752,-1064,4264,16924,-1160,1996,1
16180,-1484,6004,16892,-448,1908,1
16728,-656,6804,16516,2172,1084,1
17008,-632,4992,16376,2400,1396,1
15420,-1248,3896,16272,-276,196,1
15876,-1532,4492,16508,528,2308,1
13284,-2256,11456,16960,-1024,1912,1
10916,-1456,14964,17144,80,3120,1
14320,-924,10240,16524,-1872,1308,1
16888,1424,5844,16508,2220,3148,1
17160,436,6264,16240,608,1260,1
16772,-924,7680,16432,-48,1612,1
11376,-1832,9136,16572,272,2936,1
14688,-5580,2108,16352,520,1924,1
17528,180,8228,16540,640,1612,1
16100,1308,10192,16084,812,1028,1
15204,-2064,13896,16448,292,1864,1
15916,8144,3792,15704,788,2536,1
17104,5384,5964,16524,-500,5692,1
13800,-3420,1740,16068,-116,3488,1
18976,-3884,588,16260,-1124,4244,1
16160,-1056,1244,15816,-992,4156,1
16108,-2440,3260,15712,-1332,5424,1
16020,-2936,2304,16828,-3464,7524,1
18020,-5684,-872,15964,-2032,2836,1
15780,-1232,17356,16444,-1296,2752,1
17900,-11904,7836,16772,-112,5940,1
16208,8316,6396,15984,-1164,3668,1
15836,-11248,-468,16272,236,1000,1
15736,1768,-36,16040,920,36,1
15776,-4912,1972,17092,-1100,160,1
16828,-376,5284,22012,-848,-376,1
15664,-1176,3476,22168,-3472,4096,1
16512,-1196,4004,14788,-236,8552,1
15940,-4676,5240,14516,-2596,1792,1
16196,-2556,4084,10924,-1520,6772,1
15264,-2100,740,13760,-3756,9320,1
14780,-1916,-1396,13412,-2204,9764,1
15480,40,1824,21704,11788,-2560,1
14312,-1040,22136,7512,-6704,1356,1
17100,-8900,9304,21604,-4020,7496,1
17532,184,5988,15816,2452,-88,1
15496,-264,4688,15068,-412,-1524,1
14144,-2864,4080,16952,2384,192,1
15964,-300,7532,16904,-124,1828,1
15628,-2024,9196,16664,-5360,2928,1
15848,-2248,7200,16968,-9128,1412,1
15808,324,5580,17080,-5428,2888,1
14928,-692,6452,15408,5772,3188,1
15904,-2108,6592,17228,12384,3628,1
16088,-328,6308,16248,10792,3152,1
16456,524,5448,16204,-4468,4864,1
16840,2852,7644,16300,-12224,5592,1
16640,940,7968,17256,3932,3464,1
15284,-4756,9564,16092,-2740,2404,1
16136,-6072,6208,16672,272,2904,1
12228,-4412,10600,16504,-1304,1828,1
15208,1296,6268,17100,616,4392,1
15532,-1812,6612,16148,1256,1184,1
15456,-1848,6944,15948,2616,168,1
15796,1396,6828,15056,824,-680,1
10908,1220,13616,15744,2180,-272,1
24696,6048,-22128,15956,-468,-496,1
7448,3560,2756,15796,3884,8508,1
13592,-8916,2400,16032,-636,2900,1
16700,-4324,1724,16272,-3856,5104,1
16328,264,1920,16744,-2044,5408,1
15804,-4692,148,15772,-668,7524,1
16340,1416,-2728,16688,3672,6816,1
15088,9304,-5660,14240,-8588,7504,1
10852,-10352,18180,19284,840,-2756,1
16824,-6520,5216,16104,1064,7476,1
15344,-4480,2724,14728,3312,5020,1
15904,2804,3244,15264,-4276,1744,1
15120,-3940,1476,16264,-1788,3044,1
17552,4924,4348,16456,-240,1628,1
15796,-3104,3064,17644,1092,1184,1
16800,-1352,5804,21604,2780,-1880,1
16648,1328,3552,20016,-2296,4588,1
15496,-6696,2188,15484,2228,3236,1
15688,-2592,3084,12356,-2108,5052,1
15864,-1944,1144,13920,-216,6780,1
14744,-3800,-2020,14112,-1108,6540,1
13964,-6008,-1796,11136,-7300,10556,1
15524,2060,6432,16756,6876,-1160,1
14204,-2580,10616,6124,3332,1180,1
16044,-4844,5460,18748,-9180,5092,1
15848,1556,9456,16104,3168,796,1
16900,608,5332,16412,2136,-1640,1
14656,-3336,8540,16260,828,1012,1
15812,-1644,5684,16732,-3768,948,1
15936,-1048,5464,16860,-8160,2640,1
15812,-2772,5336,17920,-4664,4668,1
14620,-2332,7232,15564,9020,1968,1
16104,-680,6800,16260,10788,2416,1
16340,620,4580,16348,-2908,-800,1
16896,1252,3988,16024,-3216,124,1
16428,568,4392,16236,2096,92,1
16012,44,6580,16496,1732,1340,1
16128,-2376,8108,16632,2600,1204,1
13816,-4852,10720,16692,3488,2856,1
15764,1736,6392,17160,-3768,3784,1
15048,-3892,6336,16248,2108,1968,1
15856,-3364,6924,16412,1256,2400,1
17388,-972,7232,16048,260,1204,1
17472,1744,18888,16252,660,3128,1
6984,4460,8408,16100,584,2704,1
16568,1204,1856,16252,52,4368,1
14292,-6864,5388,15936,1400,4956,1
15688,-300,4004,16244,-1508,3608,1
15864,2180,3648,16340,-1680,5020,1
16236,-1952,2192,16160,-1732,4556,1
16320,-400,2220,15844,-320,2896,1
13512,-3840,7188,16436,-560,1876,1
19876,-7084,4680,15792,1300,384,1
13320,688,9348,16192,-1492,3080,1
19712,-7396,4900,17596,-5616,5832,1
15264,4668,5448,24076,-6804,3780,1
16324,-2656,2076,17180,512,4704,1
15212,-4284,4804,14124,-240,7992,1
16260,-2396,4696,13832,-1092,4868,1
15512,-2624,5676,13668,-3344,6004,1
15588,-3040,6248,13772,1404,6356,1
15732,-2264,4324,16332,-2508,7608,1
15412,-1832,3524,11504,-3784,9692,1
15560,-3952,1304,19936,-456,14592,1
15568,-1064,9696,16692,6052,1416,1
15828,-2176,6752,17660,-276,3424,1
14956,-1528,5168,16900,1884,428,1
15768,928,7108,16336,-2472,-696,1
15204,-2200,6996,17448,-5876,2500,1
16700,3232,7932,16496,-9104,1492,1
14900,-4688,6624,17000,860,3464,1
15344,-6464,6628,16140,10892,2292,1
15068,1544,7760,16480,5304,1412,1
15904,1708,5020,17100,-828,280,1
15380,184,6252,15884,-9716,1776,1
15744,-2992,5936,17136,-3480,432,1
16528,-3240,4076,15988,1084,3820,1
18552,856,3496,16788,780,2720,1
19504,684,2300,16600,1316,1984,1
15552,-2704,9240,16240,1120,1440,1
14376,-348,3640,16572,1032,1640,1
14392,-2908,5332,16948,2868,2804,1
15620,-680,7004,16528,-420,1248,1
15668,-236,8132,16540,-756,2064,1
16616,-492,9272,16072,-36,244,1
8108,8132,21596,16136,1860,1240,1
21884,-3368,1836,16996,1284,3032,1
16548,3108,1208,16560,2536,3320,1
17432,-8444,-464,16232,1620,136,1
15060,-772,1456,15916,-3716,3876,1
15740,-2028,-3200,16904,-6428,5172,1
16664,-1600,3892,16568,676,4416,1
15440,1784,7796,16444,3356,852,1
12780,-6044,7596,16800,960,2904,1
15636,5172,5208,16184,-228,4408,1
16912,-3132,972,15720,-712,4616,1
15940,724,-636,15708,1524,1600,1
14572,-3408,5248,16468,-688,2108,1
16572,-2076,4092,17548,-1472,3092,1
15724,-428,6432,17164,-1524,1468,1
16320,-2248,5672,20184,-284,-1568,1
16872,-1020,2112,19524,1224,6808,1
15012,-1288,1480,12140,-296,7364,1
15780,-4496,7280,12908,-1828,4428,1
16312,-1808,5212,14176,-2744,8112,1
15300,-1720,3756,10564,-4960,14272,1
16128,-3596,2752,23684,-4172,15328,1
15808,-1992,7176,18504,12412,-1696,1
15056,-2784,6516,14984,5284,5728,1
15496,-2388,3856,16380,-4312,1244,1
16052,-636,1720,16376,-1612,-2296,1
15292,-992,8624,17072,-2868,2140,1
16524,900,7864,17168,-8140,3284,1
15380,-1932,5696,16048,876,1324,1
15380,-3460,5520,16212,1648,1288,1
16128,-480,4236,17548,15940,2852,1
16168,128,4640,15920,8336,2940,1
16188,276,4912,16264,-8920,1148,1
17396,592,3792,15864,-12668,4708,1
19760,2252,2884,17500,7612,3580,1
16100,-4824,7508,16456,-1920,3252,1
14148,-3748,7568,16472,2640,620,1
13612,1716,6520,16576,60,3108,1
14336,-3920,6660,16284,172,1640,1
15312,536,7432,16492,2584,1184,1
16108,-68,6896,16444,340,516,1
11524,-1940,23604,17004,380,1420,1
14960,2480,6200,16708,-216,1588,1
14724,216,9164,16348,1056,504,1
21236,11496,-6044,16692,740,3692,1
14144,1752,408,16596,464,1880,1
16068,-1240,3920,16392,-684,1236,1
16164,-3604,2152,16292,-956,-132,1
16020,-1524,1428,16864,1948,-952,1
16100,-96,3360,21136,-3916,-176,1
16440,-72,5660,18212,-6388,3964,1
16100,-4680,3004,11092,-3212,5960,1
15376,-2484,784,13776,-1732,9612,1
16864,-628,4020,14948,-6220,-1248,1
15636,-1352,3788,9828,-4808,1984,1
16592,-5056,5184,17624,3264,2428,1
14764,-3988,6472,16712,1428,1868,1
17428,6732,3160,16056,-8544,1844,1
16968,6560,3668,17020,-6096,1596,1
14984,-8284,6668,15908,2660,1172,1
13960,-11420,4912,16944,8020,3356,1
16340,-740,3272,15772,3052,1788,1
17608,6004,4984,16444,-7716,1280,1
16416,-740,4312,16316,-2884,772,1
15604,-3940,4264,16460,3456,-556,1
15280,-5504,2592,18420,2324,-772,1
15928,64,2956,20260,-692,-292,1
16108,-2640,4956,16588,-916,2336,1
16652,616,5660,13360,-3184,5836,1
15932,-4264,3460,14000,-6936,5012,1
15196,-1860,1208,13380,-148,4292,1
14852,-1924,1752,15464,-9028,-11724,1
15568,688,3772,12608,3352,-2820,1
16244,-4144,9860,16460,9748,3420,1
15852,-4136,7164,16080,10992,4656,1
16656,2368,6044,17460,-14132,3384,1
15764,972,2680,15136,-14788,2792,1
16628,-788,3244,15632,-8484,4260,1
17576,-2628,3304,18544,15212,4136,1
22448,-2708,1560,15576,4216,2840,1
17912,-720,4828,15784,-7388,1064,1
11324,-1080,10736,16800,-512,3760,1
12932,-3352,5164,16348,2476,2976,1
15976,1344,6556,16220,1048,2804,1
15848,-1088,7652,16396,68,2784,1
18624,-2204,32767,16972,104,2576,1
16828,176,3200,16456,3676,996,1
14748,-4772,9412,16088,1884,4884,1
11308,-3064,3864,16640,-1528,5660,1
19100,-3356,468,16564,-6120,4376,1
15488,2324,892,16224,-1888,2152,1
14084,11400,8272,16508,1484,480,1
18900,-5672,7748,16252,3452,-368,1
16780,-4840,7272,15408,1132,-2400,1
15332,-4404,2920,19656,-8,-1580,1
16052,-132,1840,22236,-2768,1620,1
16288,-568,3524,14680,-2280,6004,1
15944,-2492,5192,14164,-3364,2416,1
15560,-1704,3956,12612,-3636,5076,1
15740,-2144,2968,15192,1276,8148,1
14928,588,-80,17340,-2672,19208,1
17948,512,2560,23092,-6948,-1436,1
12816,-1232,14888,22580,12532,1756,1
14528,-4488,10324,15312,-3524,3504,1
17288,-8884,6624,17000,3840,1084,1
17280,7460,3096,17188,2656,1628,1
15552,4976,2724,15176,-11392,-128,1
15840,1956,5448,16196,-14544,1604,1
16128,-8720,7156,17792,7716,3224,1
15008,-5904,5956,16184,10816,4100,1
16640,5364,5308,17260,-4164,104,1
15852,5344,6432,15968,-15104,544,1
15428,-4808,2728,17072,4624,4276,1
15044,-7448,5248,16764,4672,3136,1
16324,860,3832,16252,300,2236,1
17800,4032,2852,16552,-8892,2212,1
18940,2796,2000,16868,1020,3552,1
18560,-3012,3076,16484,6040,2776,1
14220,-1812,8260,16880,-732,1124,1
14028,-1804,2896,16436,-1824,3120,1
13348,440,5616,16468,408,2036,1
16608,-960,7316,16428,796,1860,1
18672,3864,14356,16156,60,360,1
11036,6132,-2804,16432,1904,-68,1
11136,1168,5752,14476,1336,4708,1
19352,-6304,1208,17052,3736,3124,1
18636,-6096,2564,16108,-636,3624,1
16736,6984,1936,16208,-6792,5232,1
15512,10204,2328,16348,-5520,3436,1
16804,-8228,3016,16616,188,3684,1
15712,-3244,4240,15448,3292,5144,1
15576,-4480,3900,16356,500,3760,1
17008,1872,2896,16136,-1860,3952,1
16128,3548,2656,16296,-1380,3736,1
15596,-624,2548,16640,-4,2412,1
16468,-2288,4640,15904,740,1400,1
15776,-3088,4772,16472,-648,2616,1
16808,1168,5352,17108,-1896,3796,1
16100,432,4408,17404,-1692,3088,1
15904,-1976,4352,17364,-1928,1548,1
15268,-3172,3684,20948,-860,1492,1
16352,-172,4540,16232,76,9404,1
16556,-1764,5368,10800,780,3864,1
16176,-856,5300,11252,-7584,8068,1
15924,-1888,2740,14968,7216,8940,1
16268,-1828,2444,9216,-17492,14940,1
16092,-2596,4612,10784,10436,224,1
16148,-2032,6744,17044,-1484,2632,1
15612,-1336,4168,17236,-3140,3600,1
15456,-984,1896,15316,384,1508,1
18164,-3092,6516,17496,-2484,1656,1
15320,-428,14660,16532,-1528,784,1
16540,684,5324,15868,1816,880,1
14812,-1184,1688,16456,-212,1352,1
15540,-1616,3160,16400,236,448,1
15676,-1664,3432,16564,-1308,1092,1
16152,-984,4740,16236,-2632,704,1
15940,-2112,4076,16352,-3956,3200,1
15896,-1196,4044,16656,-2420,652,1
16096,-1572,5348,17160,1052,2548,1
16056,-1764,4976,14720,2836,6884,1
15928,-1416,3748,15248,-6516,11312,1
16368,-1568,3588,23700,-988,5144,1
14960,396,1600,12980,-7844,2328,1
16008,652,3624,16804,1164,-96,1
16220,2616,6392,16188,-324,-736,1
17524,-3336,6664,16320,4196,2736,1
16748,-580,7292,16132,5628,-1512,1
16560,-4948,5408,16592,2956,-60,1
14872,424,6912,16564,3776,1048,1
13136,732,6416,16004,3772,1144,1
14928,1000,6896,16212,-6932,428,1
9824,0,25084,16812,3336,2896,1
25276,-100,-1020,16576,404,1764,1
15500,-3252,4724,16772,-472,3504,1
13196,3576,1216,16500,-384,3148,1
14904,-8384,11448,16904,-712,2212,1
20364,-6568,5896,16532,1668,1768,1
14560,4116,4484,16352,-900,1860,1
16892,3968,5512,16380,40,3276,1
15072,-3576,5208,16640,-756,2076,1
14640,-2452,-1640,16588,-400,1892,1
15448,-1356,-1232,16612,220,2888,1
17412,-2112,1912,16536,-1300,2740,1
15584,116,14352,16260,1040,500,1
16540,-948,-376,16360,-724,2764,1
14744,-1792,-3756,16548,108,3336,1
18036,-1756,7360,16388,-1244,2524,1
15760,-1816,6112,15808,-1316,620,1
15708,-1744,452,16552,1396,1844,1
15908,-1192,-624,15484,-80,828,1
15788,-956,6812,15268,-864,-1208,1
15588,-2584,4068,20148,-412,2256,1
16236,-2756,1884,24000,-608,3040,1
16200,-4640,5856,12460,-3668,8048,1
15504,-1688,2128,10448,-1416,5212,1
14780,-2776,-1080,15308,-2940,8876,1
16940,-1108,6772,10412,-924,32767,1
16932,-3116,8716,15804,6764,260,1
17032,-3476,6976,18012,388,1864,1
15712,-1316,7756,17032,-804,3836,1
15124,-1128,3944,15368,-316,404,1
15872,-244,2260,17164,-5916,2096,1
15552,172,1360,16520,-9728,1048,1
14700,1852,12616,16556,7108,1956,1
17216,-9228,7116,16400,6964,5132,1
14704,1268,7536,16520,5404,4068,1
15392,-2032,6876,16928,-1540,1356,1
15796,4288,7176,15388,-9460,572,1
15764,-4548,6160,16908,2840,3064,1
15708,-1016,4924,16824,1036,3924,1
15964,-700,-388,16108,1448,2412,1
16400,-28,-308,16448,-3628,3188,1
20760,-2060,3276,16472,2704,3484,1
19848,-356,9592,16864,3584,2376,1
13100,-660,5420,16584,-444,3048,1
10852,944,6776,15996,1128,2380,1
14604,-3348,9676,15884,1228,1812,1
12552,-4604,11104,16092,2620,-800,1
12724,-2264,31348,16752,-696,792,1
26876,948,1080,17116,3420,2092,1
15980,-1524,3984,15380,3072,1408,1
16744,-6676,2196,14712,7260,160,1
15584,2968,280,15844,-3028,7492,1
17880,2332,-1108,18572,-8660,7024,1
15004,264,1600,16544,-1652,4000,1
16112,-4600,5404,15760,3000,3336,1
15496,-5244,4924,15716,1012,3484,1
16324,-2448,4976,15880,1692,4512,1
16412,724,4824,16536,1484,3192,1
16740,4400,6304,16348,-784,4164,1
16708,1656,5192,16608,1448,5012,1
16544,-692,13740,16804,1468,5512,1
13176,1464,-2512,14824,-2104,2556,1
12076,-9368,-12828,16200,496,3172,1
15408,1580,5660,16348,-1188,2032,1
17676,-3112,2820,16720,36,1292,1
16228,44,2352,15952,-480,-956,1
15572,-3512,2008,16772,1128,3604,1
16368,664,2740,16160,-144,1016,1
16160,-2424,4100,24296,-1532,-4760,1
16352,-2500,4696,21164,-1596,8540,1
16420,-1944,3424,8184,1928,10144,1
16540,-2932,3104,8428,-5844,6776,1
15816,-1632,1688,14628,2844,7392,1
15164,-1308,1280,13700,-3004,13988,1
16164,-4716,5424,16084,-13056,-11212,1
15748,-220,4480,11640,1704,2680,1
15680,-3008,11124,17164,-4416,3188,1
15740,-628,6232,18200,-2112,896,1
15528,-2148,4252,15872,2120,-1040,1
15136,-2572,2864,16192,1384,-700,1
16600,192,2748,16496,2248,800,1
15412,-3980,4576,16616,-3916,1620,1
15804,296,5336,17176,-16480,1816,1
16516,1596,3096,15780,-2092,3156,1
16156,-7764,6416,16336,23524,4716,1
15072,1952,7348,15592,3580,1340,1
16032,-540,5504,15236,3708,1148,1
15176,-88,3012,16728,-17956,2228,1
15912,-3432,2988,17536,4328,2484,1
16140,-804,2912,16952,-3732,4056,1
18420,-1360,884,16672,1176,1780,1
19720,5804,3696,16772,1012,3488,1
16804,-4080,6028,16256,924,1864,1
14428,-2772,5184,16420,2108,948,1
13960,660,4996,16440,2176,2284,1
15804,-3180,8124,16496,-1432,1208,1
13852,412,8820,16472,1912,1124,1
16528,3836,9020,16296,-720,456,1
10268,-32768,32767,16276,3068,1792,1
9888,-7516,2836,16356,1880,1672,1
14408,-652,6648,16120,1224,2264,1
16300,-1232,3180,16124,4604,3248,1
16176,64,2044,15784,-408,6084,1
16288,16,456,17144,-7996,5348,1
15652,-2468,-940,16360,-584,4484,1
16404,-1316,484,15768,804,3208,1
16332,-2412,4104,16784,-2740,2952,1
15972,-1328,4932,16508,1672,3988,1
15176,-1368,6020,16300,356,3520,1
17204,-528,1564,16116,588,1832,1
16184,1604,808,15820,556,932,1
15244,-5896,10032,16084,1156,1096,1
20376,-660,10304,17996,1292,5904,1
15012,1000,1820,16368,-5452,7528,1
13232,-2596,-4420,13440,-248,3224,1
15812,-2880,-2308,17344,1380,1668,1
16856,-320,1660,18028,-4344,1772,1
15724,-2500,2272,19600,-2676,-2436,1
14620,-3880,5912,21316,-3244,3904,1
16280,-1832,10172,13640,2840,10496,1
17172,-1328,7212,14956,-5684,6484,1
15568,-2884,5304,11472,-1628,7584,1
15380,-4044,2600,15100,-652,7424,1
16112,-2472,736,15276,-7228,10384,1
15284,-2468,-1320,12644,-28,6908,1
16040,-2872,4404,20500,7080,-744,1
14636,-2704,4404,17844,-5212,-1496,1
17452,-1688,10036,17844,2328,-584,1
15700,-2352,6096,16640,208,380,1
16060,-2308,1144,18132,-2336,6960,1
15876,-1384,708,17276,-7076,1700,1
17884,-540,4856,15296,928,-2248,1
15240,2788,5964,16168,8620,-1992,1
14656,-1808,6176,17216,9652,2024,1
14688,-3300,5136,18416,-1524,768,1
15592,272,4272,16432,-8328,3340,1
17200,-524,4328,17392,4408,776,1
16956,740,4684,16208,568,1452,1
16264,-388,4404,17076,1936,5012,1
19228,-1248,4064,17024,-1468,4676,1
15804,-3044,9396,16248,-328,-276,1
10836,-5252,9912,17116,280,2352,1
12096,2784,6296,16512,228,1824,1
14608,-4544,7592,16520,88,3248,1
16672,944,8020,16152,1652,1120,1
17936,2248,7724,16752,1508,2728,1
15708,-3108,6204,16504,-804,2608,1
14896,2148,7592,16728,1040,2860,1
11748,336,7548,16532,-4,1864,1
27908,-7820,-752,16348,5192,-48,1
16124,5432,-3252,15880,664,1256,1
16276,-4084,-1732,16356,912,4352,1
16104,2124,1700,16732,-888,3636,1
16548,-3928,-104,16080,2564,1716,1
17420,6216,1616,15896,5724,1052,1
15284,-4084,1148,15468,-3824,5132,1
15344,-12260,1384,17088,-3136,4624,1
15564,-2684,3652,16640,-1204,5684,1
15696,-5476,3120,16276,-604,4764,1
17740,7452,3128,16324,-736,4692,1
15928,136,168,16108,768,3876,1
15948,-2384,-692,15720,1404,4592,1
15672,-2544,-340,16140,-264,2720,1
15396,-5788,-704,16088,796,2148,1
15452,7008,496,16180,-604,4016,1
15860,-5868,4204,15924,764,5056,1
15984,-2400,5708,16584,688,3940,1
16804,-760,6080,17720,-648,3108,1
16560,-2276,4692,17552,-2520,1764,1
15568,-912,2776,22060,792,-3324,1
15892,-1276,2208,21428,-232,6988,1
16528,-3816,3012,10508,1064,9392,1
16084,-1816,3976,11216,-4476,7424,1
15440,-3272,2428,11712,2132,7272,1
15200,-3936,2056,16004,-5552,13824,1
17196,-1824,2872,11812,908,16588,1
15316,-1388,3352,14100,-5492,1464,1
15608,-2012,6384,16112,-1124,4276,1
16208,-120,2732,17216,384,1032,1
15348,-3688,5980,15992,1176,-524,1
16304,-3484,8516,17060,3468,520,1
16224,416,5384,16244,1444,372,1
16092,-592,4572,16164,2956,656,1
15868,-776,4960,16608,-3416,-220,1
15916,-2224,4816,16172,-7592,896,1
15992,-1612,4508,16980,880,2196,1
15648,-3136,3404,16836,5416,6400,1
15496,-2176,3500,16660,612,2844,1
15924,-1540,4800,16532,-5552,324,1
15864,840,5680,15820,-4012,540,1
15908,-2140,5124,16352,3592,3776,1
15612,-2320,6748,16148,2136,1412,1
15200,-1248,6392,16536,832,1980,1
15584,1424,5792,16040,-80,1536,1
16516,2480,6568,16512,2244,3332,1
15716,-1720,7864,16812,596,5152,1
16264,40,8744,16536,2400,3196,1
15872,1616,8344,16076,2976,1708,1
16144,7768,8732,16436,412,4108,1
16432,8632,10540,17068,-2532,3384,1
14076,2636,17092,17284,2884,2760,1
12760,-11668,8784,16256,3232,4600,1
18668,-21052,2356,13284,1276,6588,1
15448,4256,300,14488,2408,8976,1
16944,1300,8,14108,-11148,5620,1
15956,-1896,-1988,16596,3316,4876,1
16076,-1460,-44,15572,-8264,5296,1
16732,208,2920,17456,4236,4128,1
16688,-940,1208,16576,-4192,4548,1
16456,-1452,1616,15236,-2280,5924,1
16440,500,976,15680,-1684,2768,1
16176,-3068,128,17976,-1652,4088,1
16208,-628,-1652,15668,-2672,4564,1
16004,2616,-1384,16268,-2488,4116,1
15596,1060,1088,16052,-1636,3012,1
15824,5180,-1020,16112,-1228,4264,1
15348,-6620,-240,16128,-92,3588,1
15864,-12772,9396,16452,-768,3520,1
17608,196,7136,16852,-2924,3432,1
16096,404,2996,18220,-3404,1064,1
15308,-1064,2976,16136,-3360,2324,1
16284,-2396,3676,15244,-3300,3540,1
16260,-2356,2444,15136,-3520,5908,1
15892,-2652,3504,16032,-912,5520,1
16340,-3432,4656,14868,-3292,6872,1
16064,-2668,2512,15684,-2400,7540,1
16064,-2144,2960,13088,-2916,7960,1
16152,-2660,3904,14076,1564,5932,1
16200,-3552,4264,13828,-4288,9172,1
16092,-3196,4168,15684,-4156,9036,1
16144,-2764,3200,15736,-2968,7676,1
16068,-2768,2092,15032,-832,7692,1
15688,-2540,2420,15172,-1916,7276,1
15752,-2508,2652,15652,-1540,7140,1
16028,-1484,3104,11936,-2808,9232,1
16712,-1220,4732,10616,92,15864,1
16092,-2276,5480,8892,1400,-704,1
15668,-1292,5040,16488,2204,-496,1
16604,-180,3940,17256,-3352,424,1
15800,276,6860,15792,-3004,1924,1
15748,-3192,4992,16936,452,2136,1
15088,-708,1968,16976,3028,684,1
15788,-3580,4280,16224,580,192,1
16448,3744,4628,16840,-312,3892,1
17076,-1168,3820,17432,-3016,6104,1
14972,-3708,6108,16340,-2124,396,1
14852,1652,5824,15848,4212,-2872,1
17404,1212,4456,15612,6060,-4884,1
15816,864,6588,15548,3580,-2060,1
14552,132,5320,16172,656,236,1
16324,-332,4448,16176,-5800,9552,1
18256,3304,3416,14524,-7104,13616,1
16924,-2736,2832,21512,4088,3516,1
16464,-200,2056,13280,-7264,3088,1
16044,-428,4352,15956,6928,-328,1
16268,-2344,6812,15780,1764,376,1
16184,-568,5852,16672,2552,3372,1
15604,956,4528,16852,-148,4796,1
16832,324,5664,16264,644,3828,1
17132,-308,5036,15960,672,3136,1
16420,-208,12056,15940,-72,3132,1
12348,-3748,16672,16348,-228,4944,1
24648,2296,-3432,16620,944,4560,1
11228,4712,348,15772,1828,3240,1
17672,-5120,-664,14784,-1336,3820,1
14316,-4580,-5256,15628,-1668,4944,1
17344,5040,2300,17400,-4200,4604,1
13888,4192,10444,15852,2360,3616,1
21052,-8744,6924,16748,-496,2096,1
18736,3632,4892,16628,2148,2696,1
13396,-7304,2056,15748,-84,4700,1
17576,6132,-36,16796,-1768,4188,1
15720,-1564,-5112,15704,-3064,4096,1
13700,7476,1160,14460,-1356,5156,1
16624,-17996,6800,14320,236,5328,1
19004,3004,6212,19228,-2300,3588,1
16380,-1436,8204,20204,-404,-296,1
16216,-2136,5168,20288,96,5268,1
15380,-428,1092,11200,-1680,11868,1
15908,-1920,1236,12116,340,6024,1
16036,-3492,5780,14412,-7660,6288,1
15792,-2076,6408,19756,-5364,6124,1
15600,200,4860,18168,-536,4528,1
15128,-2952,3412,5916,-9440,11332,1
15588,-2492,1680,21928,-3708,-9272,1
15744,-1620,5664,11904,1032,-1076,1
14416,936,2464,17152,-1752,488,1
19932,-2212,8876,15892,-1824,80,1
15212,-928,15348,16780,2568,-300,1
14056,-9864,8768,17228,5396,1380,1
16192,3464,3792,16672,-104,876,1
16816,1564,2624,16024,-3240,-964,1
15784,-2564,1884,16364,-9480,1008,1
15484,-3520,3124,16456,-7768,2184,1
15812,-692,2564,17072,668,1348,1
16488,-2528,2192,16536,4760,3484,1
18548,1260,4468,17072,5012,2392,1
18420,284,2548,16552,-1668,2072,1
16624,324,3512,16496,-1076,960,1
16776,-1188,7416,15804,1076,-1644,1
12492,-1828,12488,16784,3216,1812,1
14824,-4092,5860,16944,-1224,4196,1
13236,788,7080,16580,-676,2972,1
14688,1688,7768,16220,348,1528,1
15696,464,8932,16212,712,408,1
20776,-7780,30568,16712,932,2652,1
32767,-4016,184,16628,2328,3704,1
15508,3172,3300,15576,492,2280,1
14244,-4888,760,16180,-1528,1892,1
17432,-8,1396,16436,40,2520,1
16536,-2320,2052,16364,344,4024,1
16160,-312,2288,16052,-180,2700,1
16008,-2616,896,15916,-228,3684,1
16080,-1772,-76,16460,-1720,3008,1
16052,-2048,1564,16764,-1708,2120,1
16132,-2960,2064,16700,388,4016,1
15972,-2280,1512,16308,-2668,2264,1
15864,-2684,1464,15628,-432,4508,1
15716,-1660,1700,15584,-2220,3912,1
16236,-2592,2344,17376,-2404,3904,1
15856,-1968,5872,18580,-2940,4564,1
15864,-3264,2092,19348,-1248,10796,1
16272,-2024,7796,12416,-3344,10976,1
16072,-2152,7492,11364,-4472,12072,1
15632,-2060,5308,9104,-3200,5096,1
15264,-2344,3456,11284,-1216,4228,1
15972,-3412,7164,15640,-7860,9224,1
15576,-1588,5336,15360,384,7104,1
15480,-2948,4852,15764,-3160,6832,1
17728,-5228,3508,18704,-3164,-18036,1
16776,-76,7376,13120,-3280,3624,1
15368,-3136,7200,15104,952,2420,1
15068,-564,7800,18004,936,-36,1
13976,-2540,8176,15768,4976,-2376,1
14136,-3068,6440,15904,-1608,-392,1
16392,-84,6608,17344,-5476,4180,1
16364,312,6428,16760,-6016,1968,1
14776,-912,9360,16348,-920,504,1
13800,-3028,8708,16196,6184,664,1
14892,-2724,5480,16512,3420,2460,1
17412,1248,4596,16924,-3480,3228,1
18348,800,1516,16704,-3452,3340,1
20272,-452,2440,16444,2676,1760,1
16892,-3988,8844,15648,712,1572,1
13408,-1556,4984,17272,972,4092,1
10904,1480,8656,16424,-456,3420,1
13504,136,8920,16344,1896,1676,1
14552,1048,10972,15316,2552,336,1
13172,-2008,13952,15696,1440,1584,1
10700,20732,32767,16864,680,3752,1
12812,-5204,3540,16128,-1284,7224,1
18760,-6380,7040,15544,1092,5316,1
15048,-1980,3892,16484,-1000,3864,1
12700,-1700,328,16040,-2372,7664,1
16296,-112,-804,16392,-3560,4572,1
15936,-2108,704,15296,-3396,4100,1
16048,460,2964,15920,868,3036,1
15828,-6456,11048,17164,2828,3444,1
17468,-3544,6688,16736,972,4924,1
15768,3948,7396,16108,-2168,5384,1
15932,-1236,1868,15352,-1624,2344,1
15736,-3252,2144,17904,-48,-664,1
16940,1028,5348,20264,-2228,-1084,1
15700,-1224,5368,23912,-856,1160,1
15928,-3256,4312,13260,1812,13076,1
15916,-4104,5748,14800,-532,2320,1
16136,-1152,3708,12116,-3528,6640,1
15396,-3920,-92,13188,-2572,7708,1
15388,-784,2584,5984,-10668,12792,1
15920,-6000,2228,32767,18520,-3988,1
13308,-600,10292,5424,-584,3120,1
15256,-5248,9564,15960,1328,5688,1
15372,-2016,5640,16568,3772,1828,1
17160,3280,6304,15920,-6756,-3936,1
15008,-2912,5672,16500,-3180,1760,1
15120,-1160,6892,16756,4088,2604,1
14408,-5284,7776,16172,4596,464,1
15752,-1688,7612,16448,3388,3572,1
15336,-2040,6424,16124,-556,1600,1
16492,196,6020,16980,-5160,2568,1
16428,-1300,2900,16168,-2960,2160,1
19192,-3808,1560,17452,3204,5176,1
18976,2764,892,16680,-688,3960,1
16656,-2068,4844,16288,-1532,952,1
14756,-3236,5644,15952,3616,852,1
13812,612,6784,15944,1520,1356,1
14044,-4764,8124,16940,-544,4680,1
15528,-916,9340,16144,724,2256,1
15488,-3672,8672,15440,1848,-368,1
16216,1512,10880,15792,1624,1324,1
4620,2980,1280,15792,-828,2792,1
14784,-11284,4068,17348,-364,9748,1
14680,-5704,6356,15824,-104,5892,1
15304,2108,1720,14308,-2164,6052,1
15556,2772,-1048,16664,-3696,3356,1
15912,-3140,3712,15608,-516,4180,1
16192,-4220,6392,16200,2160,5316,1
16072,-2328,3840,15520,-1208,5620,1
16172,-2292,2908,16112,-1244,4304,1
16240,404,4208,16468,-1808,3728,1
16620,-2736,4760,16300,548,3660,1
15956,-568,3896,15708,-224,4772,1
15784,-1452,3652,16156,-1192,4020,1
16572,-1964,3908,15744,-2740,3456,1
15776,-2304,5352,16260,-624,2756,1
15776,-1252,4144,17228,-2432,1764,1
15116,-2876,5652,20248,-3060,2176,1
16820,-2468,4300,19684,-160,8152,1
16248,-2172,7408,12356,1084,10820,1
16316,-3036,7180,15116,-5792,6012,1
15396,-1196,5872,13740,-1172,6776,1
14988,-2476,1576,15980,-400,7752,1
14440,-2048,1192,12104,-8524,9628,1
15692,-1328,1120,16576,4480,7472,1
15108,-1888,10988,12516,3712,-2164,1
16540,60,7480,17772,-6780,5476,1
14532,-3384,9800,15848,3520,2216,1
15388,-2168,6220,15108,1812,476,1
14960,-3076,6000,16748,1032,1968,1
14924,-4732,5812,16132,2972,2888,1
16476,3412,6540,15988,-1544,768,1
16048,0,8852,15964,-8988,-1124,1
15816,-1052,6816,15840,-6016,2772,1
15388,-3168,5720,16916,3740,2960,1
15728,-3616,5600,16360,4660,4044,1
16576,-116,3776,16768,-968,2708,1
19592,692,2004,16452,-7880,3288,1
19660,740,4268,16908,2832,3232,1
16588,-512,7868,16384,4220,2496,1
17784,-6468,-352,16876,212,2616,1
14860,5848,3760,16240,-372,-256,1
13024,13428,18816,14756,2412,-2612,1
9668,-4768,14396,15772,1908,160,1
17464,-5140,14332,16888,-680,3260,1
19688,-4576,6240,16368,360,6120,1
16316,9508,5052,17104,-1796,8284,1
14244,-6012,1056,15212,-408,5268,1
15964,-2704,-716,15796,-236,2404,1
16040,-1404,5296,16892,-140,1728,1
16556,-396,6040,16856,-1244,4668,1
16324,968,5856,16424,16,4360,1
15776,-2732,3240,15744,588,2324,1
16088,-3524,5040,14568,2484,712,1
16256,-336,3440,18136,820,304,1
15996,236,3568,15908,-2484,8140,1
15668,-32,1704,16012,-4036,8640,1
15688,-5184,524,16032,-3700,4744,1
14460,-4612,8188,15988,1364,2864,1
15592,-2440,5932,16160,552,2380,1
15940,1816,5792,15504,-1468,1188,1
16612,836,5260,16004,-1272,1088,1
15796,-4932,4844,19912,2152,2240,1
15556,-3332,5032,19600,-1540,5308,1
15740,-996,6312,18112,-1888,6504,1
15832,-3732,6696,15332,-2560,3304,1
16228,-1720,6852,15368,-2292,5380,1
15436,-3060,3576,14764,-3044,7008,1
14872,-1684,-260,13232,-920,5140,1
14112,-1488,-796,11476,-2612,9220,1
15412,-3244,9112,32767,5576,-9532,1
15792,-624,9196,4112,-5052,1708,1
17880,-3588,9192,18616,2236,2928,1
15460,120,6848,15072,-1048,208,1
15104,-1048,5484,15176,2984,-3012,1
15420,-664,5388,16812,-300,-1036,1
15352,-556,5184,16424,-1152,1608,1
16624,-1612,6636,16580,3176,1260,1
14076,-2776,7924,16580,4736,2960,1
16688,412,6212,16908,788,2548,1
15020,2192,7056,14744,-10980,1644,1
15952,636,7672,16252,-8300,3276,1
15780,-4580,6644,17252,8828,1924,1
15240,-644,6256,15864,4632,2960,1
15500,336,4100,16640,-656,3332,1
17892,-132,3020,16992,-2736,4544,1
17796,-328,668,16200,-1336,2752,1
18904,-152,4024,16868,-84,2404,1
16428,-764,7524,16508,-3896,3148,1
15476,1436,-284,16684,2640,940,1
16120,-2064,6948,15980,2568,-440,1
14748,2172,12200,15544,1600,-2048,1
11064,-2816,13124,15644,3276,-1280,1
13816,1396,12680,16044,2744,184,1
15228,720,13692,16676,-796,3720,1
20976,876,-2464,16208,196,3836,1
15236,2356,3216,16204,104,1820,1
14948,-184,5384,16084,296,1060,1
17340,-3556,4008,16460,744,1284,1
16040,-2760,2184,17236,28,3604,1
16232,2684,1996,15496,-956,5488,1
16484,3436,328,17300,-2960,3628,1
16508,-1700,3840,16224,-700,3464,1
16572,1028,4056,16668,192,2912,1
14152,-7036,10536,16360,-960,2764,1
15960,-4176,5816,16304,2368,4360,1
16548,-2800,5208,16036,1324,1960,1
16584,2192,2648,16564,-528,1852,1
15508,3076,2932,16228,-2072,2456,1
15960,88,4692,15852,-1116,1812,1
15680,-4324,7252,17996,-1476,1528,1
15588,-2272,4776,24156,-4036,-312,1
15744,-836,4548,18972,-1328,1580,1
16128,-2404,3524,14704,-1080,5120,1
15268,-3520,2904,12292,-1776,4376,1
15584,-2192,5340,11344,-3240,7984,1
15264,-2056,3348,13136,-3532,11528,1
15460,-2528,3892,19472,-2692,9188,1
15916,-1912,6356,19352,-2752,-632,1
14920,-1588,9504,21600,-2696,5928,1
15908,-1996,5052,16384,324,1616,1
15196,-696,5300,17364,256,-976,1
15536,3508,3668,16836,528,-912,1
14980,-1400,9592,16076,-4508,-788,1
15604,-5424,7688,16796,-588,792,1
14904,-5980,7692,16940,4968,5424,1
15020,632,8300,16804,4324,2340,1
15584,3492,6272,16788,7400,4708,1
15320,-1136,6244,16488,-824,2496,1
15584,-1420,6188,16140,-11600,1148,1
16036,-1144,4840,17200,-8648,3128,1
16552,-236,4100,16680,-72,3948,1
19588,1308,2036,16708,4604,4444,1
18832,-2652,3064,16200,1484,1736,1
17144,-688,6824,16588,2960,2380,1
10912,-3012,7516,16040,-4028,2732,1
15724,3148,5992,17588,2264,4140,1
14044,-2100,7380,16296,-308,1620,1
15724,-688,8664,16044,2240,144,1
14136,380,10320,16068,1984,700,1
14404,1516,19684,16868,1812,784,1
32767,-6164,-4876,16732,4756,-2536,1
15456,10488,1824,15576,2068,-308,1
16680,-4756,848,15868,1252,2584,1
17920,16,1588,16328,-1220,4276,1
16768,-1792,1284,16312,-2372,4340,1
16220,-1200,3340,15992,-1388,4596,1
16604,-3088,3140,16040,-1984,4884,1
16132,-2296,-572,16168,-2924,6648,1
15340,-1784,-3584,16056,-1956,6332,1
16060,-1528,-1632,16520,-2460,2212,1
16012,-304,4516,15772,360,3024,1
16396,472,6008,15932,-276,844,1
17216,-8384,13972,15132,928,2924,1
18824,3348,5308,17108,1208,1208,1
15204,-2896,2188,16620,-2684,-372,1
15260,-3068,1680,19856,-3952,-1828,1
15544,-524,2944,21900,-3024,5224,1
16032,-3756,2928,15660,-3864,10848,1
16520,-1348,9448,10440,-1220,11304,1
16272,-3648,6316,11912,-8,3444,1
15632,-340,3280,12088,-3864,5560,1
15252,-1692,1420,15096,3364,5804,1
14772,-5088,-336,18472,-5052,5540,1
14868,344,-1480,13760,-5004,8700,1
16672,4,9896,17200,-2328,-8328,1
15724,-5020,12864,8724,-1100,-3588,1
15224,-3104,7672,17208,2048,5920,1
15016,-1904,7152,15284,-608,1448,1
15008,-2240,4956,15452,-1240,-2424,1
15648,-284,4248,16568,-700,-448,1
15372,244,5140,16612,6072,2708,1
15560,-3532,5800,17268,1292,1604,1
15360,-1228,5904,15596,-5388,240,1
16536,-976,5300,17344,-12044,3192,1
16784,-1324,6688,16364,-9244,4016,1
15564,-1760,5420,17004,10424,4852,1
15944,-804,3200,16032,6060,2444,1
16456,-1516,2908,16620,-2028,1156,1
16840,1156,4068,16772,-1652,3760,1
18188,-1316,4608,16508,2156,1836,1
18584,-2484,3392,16136,1832,860,1
15212,72,7732,16680,-892,1140,1
15272,-1828,3700,16712,1100,1308,1
13684,-2484,6284,16240,712,1080,1
16012,-1948,8952,16748,-344,3672,1
16148,-1320,8964,16616,724,1888,1
14732,2672,12592,16300,256,4,1
10784,516,18576,15928,520,2224,1
16336,-14868,1376,15580,4736,1684,1
18096,8332,2900,17260,668,4132,1
16788,-5772,1064,15968,368,4248,1
16200,-476,1296,15908,-5864,10316,1
16156,-1220,-1396,17620,-424,3360,1
15480,-3024,-2612,14972,2332,2856,1
15760,-652,-2708,15032,-3268,7228,1
15284,-3016,4804,16508,-1668,4380,1
16024,-3380,10432,16644,172,2880,1
17744,824,4788,16928,-1116,7568,1
15908,-904,3420,14836,1188,5380,1
16000,-2064,1724,16448,-212,1696,1
15868,-280,2956,16696,-1304,1820,1
16272,-888,5584,19024,-2656,752,1
16380,-3064,6412,24436,-2368,2916,1
16380,-884,4208,15716,2520,10232,1
16004,-3488,2872,13208,-1636,3300,1
15844,-2268,2972,10360,-2980,5632,1
15576,-3576,796,10296,-2040,8200,1
15752,-3584,2976,13300,-10308,9512,1
15424,-3100,752,15916,-5016,11456,1
15872,-2968,3644,17324,6320,6900,1
15456,-624,5796,12396,-2728,-4696,1
15096,-3332,8808,20780,-1016,24,1
15648,-1648,5152,17212,1796,1940,1
15740,-800,4392,15876,2212,-1732,1
15220,-3404,7780,16428,2948,-4116,1
16908,-576,6188,16744,704,988,1
15552,-2000,4608,16668,2028,3716,1
15784,-668,5448,16624,-1820,-224,1
14888,-3168,2972,16728,-4208,1564,1
15940,-980,5880,16372,-8728,1544,1
15604,-1276,5840,16796,-4096,3448,1
14884,-2688,6240,16080,8192,4112,1
16980,-904,4192,16900,9156,4560,1
17168,-612,2412,15972,7540,2696,1
17292,3232,3484,17040,-6268,2936,1
18176,200,4360,15592,-5564,2072,1
19176,-1016,6708,17420,1304,4636,1
15940,-5084,8228,16964,668,4180,1
9156,-4556,7992,16244,-396,2124,1
10280,2396,7500,16140,2304,3936,1
13048,-3208,9884,16168,1944,540,1
14736,300,11692,15924,760,520,1
18120,360,10796,16456,2156,2176,1
17644,10452,-6328,16272,1244,2684,1
14568,3672,132,16560,284,3968,1
18984,-1856,3568,16308,-120,4400,1
17148,-2136,2244,15984,44,3344,1
15084,-2076,1584,15976,-1124,6528,1
15916,68,2092,16104,-772,4332,1
16364,-1752,1108,15804,2000,4108,1
16504,620,2456,15516,-996,4196,1
16272,-1764,6456,16408,344,3712,1
16180,-1852,4740,16664,-2340,5752,1
16776,-1860,2884,16404,-3284,4332,1
15172,-4696,2496,15584,20,2244,1
14980,3752,5828,15408,3692,3588,1
17436,-8948,4404,16264,-176,1764,1
16524,592,6368,17372,-2876,2372,1
16344,-656,3636,23128,-5696,276,1
15512,-1588,3472,20216,352,4392,1
15704,-2952,4424,14396,928,7424,1
16244,-2100,5660,13116,-656,4780,1
15980,-1944,5576,12820,-3484,5788,1
15368,-2308,3528,14904,-20,8112,1
15704,-3404,548,14060,-2792,8716,1
15520,-2224,2056,10668,-6076,9020,1
16644,-4972,5324,32767,7776,-20188,1
15428,80,7244,6556,-10220,2268,1
15636,-2480,6952,19176,1800,648,1
15968,-484,4388,16056,-124,-732,1
16076,-400,5340,15916,5948,-892,1
15936,-1380,5912,16836,1316,1856,1
15968,-484,4208,16176,-5204,348,1
15804,-364,3056,16288,-6072,732,1
15584,-1960,4092,17176,-1760,3016,1
15520,-984,3908,16732,4352,2144,1
16788,516,5316,16420,3708,1472,1
16612,1992,5388,15460,4900,-1488,1
17000,156,3652,16184,6244,1808,1
16876,1152,1748,16848,-15088,5292,1
18348,-1216,1772,18348,1576,5488,1
18556,-2248,4088,16164,760,2644,1
14708,-1528,8520,16236,4520,816,1
13696,-2136,3884,16344,4380,2300,1
12932,3080,6536,16392,-6228,-612,1
15788,-2960,7444,17420,3592,3264,1
16916,1816,7688,16220,-408,524,1
15960,-1132,7372,16200,1856,-760,1
12140,2132,10024,16276,108,1872,1
14344,212,11372,16508,424,2040,1
19648,-5880,1832,17128,1356,5608,1
18300,2200,2060,16436,-428,3716,1
15536,-4972,-80,16088,256,2880,1
16760,512,484,16304,-1384,3504,1
15912,-2796,-820,16380,-760,3312,1
16364,-940,2688,15720,-140,3164,1
16608,-3576,2460,15752,-748,3900,1
16588,-2540,2096,15480,-1872,5488,1
15924,-1740,1056,15544,1092,4292,1
15944,-3220,592,16720,-5484,7144,1
15660,-816,3464,16056,-1164,6768,1
16056,-2608,3512,16456,-3760,5268,1
16508,-772,5644,16352,-1976,5316,1
16860,1324,2248,16092,-4112,3328,1
16188,1140,3704,16284,1412,2380,1
15520,-3756,4604,16684,968,2012,1
15996,-5896,5980,18656,648,1992,1
15700,-3396,4568,21104,696,-3400,1
15848,4496,2064,22864,-1532,5744,1
16560,-5592,1364,8784,-3536,14884,1
15556,-2304,6812,7112,-5420,11872,1
17124,-936,6776,12112,-688,5264,1
15460,-3076,5052,13300,-1060,6264,1
16100,-1560,4128,17480,-11024,9284,1
15356,-3512,528,13336,-4200,9036,1
14968,-760,-2880,10760,4892,7632,1
16884,-2948,6816,30596,-6880,712,1
16292,2076,5604,16648,-588,2880,1
16896,-3072,7884,15096,5052,2312,1
15388,-2600,11304,17292,-1984,1244,1
15444,-4516,10116,15696,5016,-1288,1
15676,1584,2788,15960,2348,5460,1
15576,3788,2804,16876,-8012,2576,1
15272,-3192,4744,16532,-2688,2616,1
15940,-3064,4852,16556,-3988,2160,1
16560,-64,4936,16340,-2152,2596,1
16668,-1352,4456,16496,-140,2896,1
15992,-948,4008,16508,5892,4784,1
16760,-992,3408,16772,-1236,3088,1
16472,612,2796,16420,-532,3724,1
17264,380,2632,16224,-528,3104,1
18360,476,4884,16208,2380,2360,1
15696,-1488,7868,16252,1524,1344,1
12616,-3172,8836,16296,1068,3136,1
13192,-1944,7940,17008,-404,3528,1
13612,-1520,8036,16240,1364,3792,1
14520,1172,9356,16208,584,2184,1
13248,-996,11048,15892,3780,332,1
13544,6692,11896,16668,-3892,1900,1
21784,-424,-4048,16692,2264,5444,1
15984,3000,2836,16144,-216,4860,1
17732,-464,2760,15696,368,3972,1
16648,-4440,2684,16032,944,3140,1
16148,-1380,2840,16016,-1428,5000,1
15964,808,2848,16292,-788,3732,1
16048,-3408,1868,15672,1024,2684,1
15576,-2508,2500,15732,388,2016,1
16108,-1528,3276,15208,-1312,5764,1
16172,-2220,5908,16672,-2132,7072,1
16568,-2384,5920,16724,532,5360,1
16012,-3000,5540,16112,-1108,2292,1
16236,-272,3920,17320,992,1300,1
15632,-1540,4168,21536,-2636,-2688,1
15840,-1456,2112,22528,536,5348,1
16336,-3752,3788,13156,4456,10152,1
16264,-1616,6096,11508,264,5536,1
15896,-2584,5056,9960,-3964,8256,1
15308,-2056,2240,14076,4424,7884,1
15640,-3108,2424,16000,2056,10008,1
15956,-1084,3928,18152,3208,14264,1
16196,-1756,5600,7624,-14240,13688,1
15616,-3100,6888,15004,4316,-1312,1
15740,-2620,5524,19208,-2132,6092,1
15620,-1780,3676,14868,-7512,2004,1
15556,-624,4756,16968,2700,-2944,1
15804,472,5720,16212,-2188,252,1
16076,-56,5884,16212,-2048,1132,1
15852,180,5652,16452,-876,2356,1
16024,-192,5500,16216,-2776,2428,1
16548,644,6012,16308,-2700,4884,1
17340,-1628,6396,16524,-5212,5120,1
16236,-4192,6192,16856,1032,4380,1
14740,-740,6708,16120,1956,2952,1
14372,576,5984,15784,-444,632,1
14768,592,6036,16132,-1348,2344,1
17504,7296,5756,16720,-2696,4764,1
16308,3988,8336,16644,216,3904,1
14024,-3176,8020,16224,4520,1236,1
17080,1412,4048,16132,2340,1028,1
16072,-32,4836,15920,76,1752,1
14340,-152,4680,16572,736,4076,1
13864,-2172,5324,16184,-36,2372,1
14208,-1832,5512,16452,328,4036,1
18416,-14520,-1752,16516,1536,4112,1
16128,6132,-2964,16728,-2348,7280,1
17772,884,-396,16096,-480,4256,1
14560,912,3808,15784,656,716,1
14948,-12232,3952,16424,156,4016,1
13808,5268,3180,16308,-568,3808,1
19276,-2772,-76,16468,-1068,3248,1
14496,-5640,700,16088,-724,2492,1
15664,4312,344,15996,1236,1876,1
16468,-2672,2704,16196,332,2748,1
16592,-992,2064,16952,-2132,2944,1
15536,-1828,1640,17832,-1564,-52,1
16620,-692,3560,19160,1712,900,1
15648,-4648,1804,19360,2252,5536,1
15336,-2984,3276,13576,-2728,11076,1
16512,-2924,5116,14816,-1800,10468,1
16160,-1568,6760,12708,108,11620,1
16348,-2584,6800,14228,-2932,8536,1
15684,-3696,4592,11620,-9376,6100,1
15724,-3340,2400,13032,-4776,6488,1
15444,-3192,588,16416,1692,6696,1
15388,-2320,2324,14712,-5948,14120,1
15624,-1552,908,14752,-1792,10244,1
15952,-972,5864,12956,4728,252,1
16512,-1348,9984,22560,-6220,3404,1
15072,-2728,7672,17144,-2076,1764,1
16536,-1192,6568,15052,4228,44,1
16160,-1184,5788,17364,-7840,2296,1
16104,-412,4892,16408,-748,2544,1
16708,-856,4076,16068,-2616,2728,1
15536,-1164,3296,17112,5092,1380,1
15136,-1048,3564,16016,5484,136,1
16624,648,4880,16424,3760,1092,1
16688,2444,7024,16424,-7384,3132,1
15272,864,9676,17552,9352,2576,1
13880,-2836,8624,16284,5444,1948,1
14144,3168,5920,15420,3088,840,1
13900,444,7588,15400,-2876,-492,1
15924,-4040,7824,16548,-1488,11064,1
17560,2644,8856,17184,-1788,6784,1
15616,-2024,7764,16784,-2624,5688,1
13604,-1204,6368,15248,336,-32,1
14276,184,5204,15808,7092,-740,1
16292,-536,4268,16116,1456,3232,1
16504,32,4120,16924,-2200,4840,1
16800,1124,4140,16492,672,6052,1
14908,1060,3856,16284,-188,3928,1
14064,-1764,4028,16468,108,1908,1
14304,-1260,4388,15532,2720,3948,1
27580,-2916,2540,20612,5616,4108,1
13604,2588,-2256,15240,-4516,4328,1
14148,-3488,-4432,15472,-664,4424,1
16268,880,-1396,15136,-1812,3720,1
16628,-4444,1240,15452,-1316,2732,1
15748,-1492,6092,15756,-2408,2020,1
15496,-4504,5968,15884,-2868,1912,1
17044,-2212,4616,18324,-4652,1488,1
16408,-2280,76,17996,-2524,2760,1
14736,-6188,-1652,15808,-876,5964,1
15036,-2800,-1612,14580,-1576,7048,1
15916,-3252,3644,13492,-2084,9316,1
16480,-3284,4828,11228,-728,11660,1
16460,-2260,8764,11864,344,6536,1
16016,-1744,7312,12900,-2676,7600,1
15472,-1948,716,16980,-4792,6196,1
15120,-3148,-1220,18152,-12,3892,1
16360,-2940,468,15848,-7392,7408,1
16288,-2332,1528,8760,-5844,10364,1
15828,-2004,-264,11688,-944,15780,1
15084,-6208,-500,17840,8608,2460,1
17524,704,8616,24812,-1808,2116,1
15776,-2272,8632,14520,-4384,-4272,1
15780,-884,5664,17988,3132,2000,1
17120,-3208,3064,16884,-1124,1564,1
15484,-280,4024,16588,-1216,968,1
15468,-148,5224,16836,1504,4156,1
16780,-1016,4788,16664,-5600,1544,1
17304,-48,4220,16344,2000,1072,1
17396,-360,3452,15948,1536,1888,1
17024,-812,5964,16028,4300,2304,1
13844,-2784,11228,16432,-1316,1580,1
15668,-2544,6068,16692,1188,5464,1
14608,1440,7708,16780,-1584,5452,1
14776,-7340,7832,16508,252,3924,1
16268,880,6424,15724,1120,1660,1
15396,-2460,6228,15568,640,164,1
11116,3072,10972,16752,-1800,4336,1
18348,-3104,26576,17296,976,3576,1
22056,-6652,640,16956,620,4376,1
15752,-3752,3732,14888,1176,6000,1
11104,-1516,1416,16028,-1284,3760,1
17564,2372,1140,16096,-1188,3664,1
17644,-244,3284,16840,-736,4420,1
15740,-256,6136,15772,-604,3956,1
16732,-6328,4104,15932,1008,2076,1
16428,-856,2704,14224,1272,1848,1
15792,-712,-916,16332,-236,5636,1
16472,-1492,2128,15048,-2296,6656,1
16116,-2856,3784,15964,-5356,5960,1
14160,-2240,8632,18200,-5388,4584,1
16268,-3228,8208,17560,892,4004,1
17144,-1476,284,21188,-264,164,1
12208,-4060,352,17260,-1088,9248,1
16840,-1308,4292,14804,-56,10236,1
16724,-1140,6300,7812,-2508,10576,1
16220,-5020,7184,12000,-2752,5676,1
16620,-2628,8184,11144,-6600,8020,1
16324,-3568,876,12316,-6040,11044,1
15112,-2236,-1928,11748,-3088,10136,1
15064,-2172,-1584,12828,-664,11272,1
16448,-6432,2716,23460,-4500,3476,1
18320,580,7616,23780,-4696,5900,1
16084,-3440,4388,15216,4212,1124,1
16148,348,1276,18700,-1008,-368,1
16776,416,3180,16532,-2712,1496,1
14496,228,7108,15804,-1584,1512,1
14824,-916,8412,16688,6784,2868,1
16096,-9556,5560,17132,9828,2448,1
15336,-588,5380,15872,9580,2060,1
15436,5640,9160,17172,-21912,1120,1
16296,2468,5904,17132,3028,3892,1
16360,-6880,3404,16756,-3224,5132,1
15300,-5420,2548,17164,7672,3812,1
15052,-2276,5840,16252,52,1520,1
17288,524,2292,16052,6404,1636,1
21024,5612,1624,15552,1688,2084,1
16740,-728,8396,17084,-12200,-324,1
10196,-5132,8052,17048,2640,7080,1
16904,780,4516,17096,-520,5620,1
12844,-2848,7368,16560,-2048,2564,1
15696,-3236,8080,15892,3360,1680,1
14984,-832,8936,16232,1432,-480,1
11184,2064,10792,15888,88,436,1
24420,1748,-22360,16452,3504,3284,1
11348,5012,1952,15064,1656,7000,1
20048,-284,7496,15672,1584,4796,1
17428,-5152,2612,16764,-4072,2704,1
14712,-2132,-16,17148,-1548,6564,1
14880,-488,172,14516,-3056,7856,1
17204,-5316,2140,15156,-1748,6380,1
15728,-2608,1120,16108,-3368,3484,1
15520,-3320,-724,17748,-2156,4532,1
15908,-732,-2128,14772,-2000,6008,1
16392,-1052,7284,14676,476,6324,1
16724,-3200,6280,14760,868,5428,1
16816,-760,5044,18828,-548,2324,1
15868,-2940,2584,19956,-1532,1112,1
15412,-3884,2756,18352,-3636,7284,1
15716,-3520,576,14760,-1672,11624,1
15604,-4824,1768,12348,884,4556,1
15924,-2816,4116,13012,-1236,7428,1
15568,-3696,3604,14336,-4264,8524,1
16032,-2880,4528,13236,-7228,7744,1
15544,-1564,3224,11476,-2360,10376,1
16328,-4540,3452,27672,1644,12720,1
14704,-2852,4244,13336,5732,-996,1
15520,-2592,3912,17888,696,6472,1
15344,-1580,1184,16372,-532,3380,1
17300,-2080,4720,17500,-8404,-568,1
14896,-2728,12480,16916,-448,944,1
16292,-6236,5004,15616,4104,3912,1
15784,-1560,3932,17772,11736,3996,1
16372,52,2980,15824,2884,3428,1
16264,-2304,712,17212,-13524,2808,1
16832,-1996,1440,16228,-4408,2048,1
18416,-984,120,16920,480,4832,1
20996,332,2812,16508,4460,3964,1
19360,-5532,4532,15900,7096,828,1
9020,-6408,9728,16116,48,2524,1
12532,1956,5780,16332,-6088,468,1
15320,-2260,8408,16412,3376,2508,1
12156,-3256,11064,15996,852,76,1
16372,3240,13384,16196,128,916,1
32767,-1028,3536,18184,412,4352,1
15904,6180,-600,15720,3968,3172,1
16784,-40,696,16588,716,2984,1
18620,-60,2128,16716,-1668,4728,1
16572,-2632,-664,16704,-3164,6892,1
14768,-3460,-4648,17132,-3504,4280,1
15612,-7828,564,16212,-1132,2216,1
15440,-7628,4632,16392,2472,3148,1
14252,-1896,7784,16376,-196,2256,1
19748,6168,4252,16472,-1088,2544,1
15640,2832,5136,16920,-836,4128,1
16808,1392,2144,15508,-1040,5148,1
14900,-1372,-480,15180,2040,2960,1
18212,-3172,5036,15732,-244,4104,1
15896,3300,5916,17008,-1664,3844,1
15240,-10920,5412,16060,-1116,3952,1
13752,-8008,5908,15064,616,3324,1
20848,-4220,-1748,16388,-1672,1584,1
16708,10512,5240,19068,-3516,-1448,1
16584,364,1796,22328,-2888,3396,1
14880,-8588,1344,15444,1064,6528,1
16748,-1440,6456,15280,-2720,4360,1
16372,-1268,4440,13644,-4440,5488,1
15488,-3072,2864,14160,-144,8088,1
15568,-2180,732,13428,-3792,13832,1
16816,-2288,4132,14840,8204,9716,1
16040,624,4488,9988,-2444,1048,1
16124,-2792,6144,15360,-5592,976,1
15060,-604,3436,18692,3888,704,1
16300,-1432,2848,15504,488,420,1
17932,-3424,12016,16324,-1300,-1300,1
18352,1824,1636,16100,2588,-1944,1
14596,-3912,-2688,16336,11120,7460,1
15352,888,-1064,16188,-8264,3792,1
16124,-3980,224,17588,-11516,6992,1
18172,60,4272,16876,-6684,3864,1
16108,-1136,1144,15980,4344,3960,1
16804,-756,96,16100,9108,2500,1
17796,-168,-216,16724,1508,-200,1
19036,-1128,1476,15964,-2440,84,1
15260,-2752,8072,16516,3436,5056,1
17292,296,3120,17220,-1944,3388,1
14684,1020,6976,16328,404,2672,1
17144,-1556,7344,16336,2508,1112,1
13756,-2076,8372,15740,1500,172,1
12564,356,15192,16060,1956,2428,1
15188,4048,-5272,16520,-1284,2920,1
9796,6564,4180,16880,-852,2996,1
15308,-12588,4624,17548,-1572,3652,1
15980,2604,1164,14804,-3088,7144,1
17020,-4392,-536,15384,-2664,10012,1
15828,-2000,-244,15704,-1108,7964,1
15972,-1780,76,15492,-2416,5708,1
15656,-2632,476,15308,-1808,3740,1
15868,-2056,3260,15056,-2352,5224,1
16416,-816,624,15444,-844,3832,1
16020,-2268,2372,16392,-2056,1032,1
15316,-3316,4088,18088,-2484,2232,1
15840,-3256,2468,19364,-504,8292,1
16436,-2580,3164,17704,-1300,7528,1
16400,-3644,3680,12940,-3660,9916,1
15844,-2628,5888,9892,-2700,5416,1
15800,-3112,3216,12240,-3856,6584,1
15768,-3784,1848,13968,-4204,8104,1
15972,-3128,2804,15148,-2652,8220,1
16416,-2932,3248,17292,-2204,8016,1
16400,-2664,4092,13440,-3872,6900,1
16872,-2796,2692,12036,-1324,8384,1
17780,-1636,1808,21008,11256,3324,1
14816,-44,9520,19112,-7472,4,1
12964,-4644,11796,17320,-4284,-4024,1
13772,-2912,9376,15972,5776,-256,1
16596,-2712,6404,16564,2896,2576,1
15444,-756,5972,15872,1036,2872,1
16228,-932,4940,16820,1600,-1156,1
14844,-1604,6728,15756,-2424,-3240,1
14936,-2396,6248,16192,1856,5016,1
17288,-2184,4984,15848,1696,7984,1
17912,588,5576,18744,-6364,3624,1
12928,-4604,7432,16412,-5408,2012,1
13164,-3120,7704,15600,2248,-76,1
16220,-768,2064,15804,2772,24,1
20128,3308,-1612,15996,11228,5188,1
19848,960,1464,17664,-5600,2392,1
13616,-6192,5764,15980,-200,-220,1
16092,1748,2316,16860,348,4232,1
17504,-4172,7568,15512,2520,80,1
15028,-2916,10772,16240,-140,552,1
16016,1900,11272,16140,424,364,1
280,-1416,6908,15576,-236,3544,1
17208,-520,6960,15956,580,5460,1
18820,4728,4944,16904,192,5480,1
14904,-8972,320,15748,1004,4940,1
14192,2200,792,16368,-2424,4004,1
16376,-5052,4196,16656,-1052,4668,1
16200,-2900,2692,16120,-792,4932,1
16452,-4436,2544,15616,2144,2856,1
16160,688,4864,16312,1420,3340,1
16868,1416,3808,16384,-576,2424,1
16208,440,2256,15508,-1300,648,1
15536,-4060,1224,15980,504,-32,1
15464,-3484,3176,15500,-1640,2680,1
16672,-2600,3492,19384,-3072,4656,1
16696,-432,4708,20920,1416,5388,1
15800,-3984,6792,16500,-2456,7596,1
16444,-2600,5644,18628,-932,-268,1
15712,-632,1664,17556,1100,5612,1
14880,-4832,-568,15944,-4392,7340,1
16384,-1560,2212,12624,-2660,6096,1
15568,-2700,888,14092,-568,10280,1
17092,-3828,6724,19560,-2816,-19472,1
15384,-1560,5740,10900,-5076,-5308,1
16120,-2816,4904,15480,4124,3212,1
15732,-1600,5436,17468,-896,-1004,1
16244,-372,6136,16520,576,-1036,1
16176,-2748,5380,16116,-140,-1536,1
15856,-2272,4496,16796,184,2220,1
16232,-920,4868,16776,-60,1576,1
16052,-892,3428,17124,-2904,980,1
15984,6688,-920,16324,-10420,-2348,1
17504,-4296,4556,16424,2104,3836,1
15840,-1156,13164,18048,8692,4796,1
16552,-11912,7728,16816,6884,3748,1
15516,2520,6116,15980,-808,760,1
16232,5804,4068,16260,-10888,1560,1
16748,-2112,3344,16116,-2760,1728,1
17524,-1544,3172,16156,3780,4800,1
18228,-1168,1440,16972,3892,2968,1
16884,-624,4036,16384,96,1372,1
15640,-1040,9004,15600,-772,904,1
13844,-1380,6880,16452,944,1312,1
15560,-1456,3600,16452,760,544,1
16332,940,7040,17084,-356,3328,1
15308,-1804,6964,16632,1220,-136,1
16032,-236,5380,16756,1796,2216,1
16620,812,6184,16204,-152,200,1
16768,-1244,5664,15912,4252,-1276,1
13344,-272,14944,16684,168,2572,1
26316,-9884,-2008,16904,416,4480,1
17792,1916,-3368,16404,-3472,2236,1
16580,-40,-52,15412,-844,-2588,1
15916,-1696,-1936,16876,2588,8548,1
15752,-3172,-2596,16776,-12,3084,1
15584,-1612,-3240,16332,-2180,6532,1
16488,-2852,2304,15844,-3808,-820,1
16068,-3440,3324,17156,716,3436,1
17124,8344,5204,16016,1596,3960,1
16616,3496,3616,16720,-2308,4064,1
16652,-5784,3488,16200,1236,2708,1
16288,-8900,4560,16560,412,2740,1
15208,-6772,1644,16236,848,3708,1
17940,10092,-388,15924,-1884,2672,1
16244,-3444,2260,16160,-1064,1816,1
16636,140,4980,16580,476,1056,1
16708,-3432,3212,17508,2212,980,1
16188,1324,4440,17496,-6320,840,1
15712,-3460,2756,24400,-460,-216,1
16188,-1552,2864,15072,-152,8104,1
16600,-2992,5088,11036,-100,3176,1
16056,-1900,4316,11940,-4020,6248,1
15552,-2208,2244,16740,3340,6644,1
15512,-1432,1388,17472,-4908,7852,1
15648,-2420,5284,9736,-11584,-16216,1
16532,-888,8580,15496,-268,-5264,1
15704,-2448,5028,16464,-260,2608,1
15300,-316,1892,17156,-3220,344,1
15816,-900,2272,15044,2132,-220,1
14520,-4200,11460,16168,-512,-1348,1
18152,-6000,7120,16804,4344,680,1
15584,7060,4292,16604,3148,1516,1
15480,536,3544,16876,-3324,-848,1
15888,-780,5108,15652,-5656,-384,1
15012,-4060,5528,16136,-8536,316,1
16208,-1084,5424,17392,4252,2768,1
15912,-2796,3932,16064,-680,3156,1
16116,-1316,3364,16784,532,2920,1
15932,-1176,2456,17668,-3256,5568,1
16888,-1108,228,15920,-480,1208,1
18452,-2628,136,15788,1736,-628,1
16232,400,5976,16072,1784,-1916,1
16136,-1112,7488,16304,648,-196,1
16308,-3576,2364,16776,168,1760,1
16032,5704,5604,16224,2884,1764,1
15576,-992,6344,16548,528,1472,1
14132,-1516,7616,15948,1176,-1256,1
18752,524,23648,16852,2536,992,1
9356,-5720,5052,16348,-432,4488,1
13696,-164,3324,16664,-244,3748,1
17320,-1564,1836,16212,636,2760,1
16952,-2068,340,16244,-192,3976,1
15148,-1812,724,16332,-864,4164,1
15792,-1404,1460,16592,-2360,4000,1
16404,6372,1352,16456,-4248,3028,1
16124,-2992,2416,16384,1408,3948,1
16084,256,5888,16320,1476,3092,1
16252,-6448,4316,16460,1328,3004,1
15832,-4888,3032,16116,-352,3044,1
15688,-3948,3296,16100,-808,1884,1
15920,624,1792,16164,-1088,2268,1
15696,7616,5044,16484,-1792,3004,1
16176,2584,4396,16024,-480,2848,1
15660,-7028,4860,16016,1216,2396,1
15860,-4688,5500,17184,-692,1772,1
16124,-700,4884,18868,-1560,3252,1
15732,-1660,3736,20152,-2688,2784,1
15604,-812,3436,19480,1228,2788,1
15896,-1220,5744,12348,-2600,3500,1
16048,-3104,3124,11336,-2200,4640,1
15632,-1060,2760,15268,-2368,10672,1
15544,-2320,2192,12196,-1524,10132,1
16344,-416,4208,14128,-9228,5524,1
16104,2076,5624,7688,-624,572,1
15560,-4504,3444,17892,2668,1140,1
15304,-2888,6428,17204,1748,1296,1
15756,-2136,6144,14572,1824,2508,1
15896,-224,5816,16572,-1096,2028,1
16732,1700,4596,16988,-2532,1412,1
16468,-388,4136,16588,1532,556,1
15984,216,4408,16080,664,-2212,1
15784,-1008,3880,15836,1072,-3164,1
16228,-2508,3152,17600,3180,2008,1
16260,-1096,4880,15560,688,4776,1
16536,-2836,4672,16596,524,3708,1
15540,-1668,2940,12728,-6416,8100,1
15660,-2444,2992,17500,-10552,1884,1
16576,-940,4160,14184,-9892,4272,1
15704,-2244,3624,17084,5012,7660,1
15852,-1312,1284,16332,9032,5788,1
14956,1016,-1364,15756,-2172,3432,1
18272,116,-3004,15704,-3284,1232,1
21420,-632,3996,16924,3628,1976,1
16736,1292,3640,16100,1524,3456,1
15456,1300,5168,16108,1784,3460,1
18732,-3040,6936,16412,-112,3980,1
13220,656,8516,16060,-564,2728,1
12972,1372,7196,16068,636,-108,1
14496,-672,16216,16616,3264,2748,1
27088,-4436,-576,16896,1800,1668,1
16352,4880,2552,15188,1712,-1372,1
16180,-5708,-724,15940,2940,8224,1
16416,-1816,-504,16724,-1700,6980,1
16216,4364,-1272,16940,-10752,6464,1
16084,1004,-848,15524,-4952,5736,1
16060,-2808,228,16284,2292,2980,1
15292,-5972,4980,16168,6104,1612,1
15764,-2056,3152,16108,2112,2088,1
16184,-676,2456,15412,-2224,2408,1
17268,9924,4428,16412,-608,1004,1
16152,-868,4332,17152,2280,600,1
15932,-11128,2572,21296,-124,1224,1
14112,-12444,3792,23276,-2216,4804,1
20272,18132,6356,10004,-5068,10780,1
16452,-9552,4076,12984,2228,808,1
15232,-1820,3584,17004,-4464,7200,1
15296,-2984,292,15520,-10028,8884,1
16316,-2652,2444,15456,-48,25024,1
16644,-3048,2804,32767,5920,-5300,1
16264,-2156,6652,16704,732,864,1
16592,-1716,5840,16560,2120,-128,1
15792,-152,3428,17080,120,-2580,1
16244,-1544,2868,15792,2348,-1396,1
16168,-1364,4728,16448,820,912,1
17544,-776,9148,16260,1060,5964,1
16556,-2316,2696,17880,532,5120,1
11736,-3168,-9044,16524,-5124,2356,1
17408,176,6448,16632,1612,2100,1
17016,-3340,4492,15200,-1876,3364,1
16340,-684,3376,16856,-11012,5616,1
15364,-2500,416,17456,-6648,8864,1
14736,-2396,-1356,15844,5136,7436,1
15112,-356,-2708,15880,8476,2508,1
19432,-656,3080,16084,5236,-2560,1
20764,-4528,3412,16004,-3680,2012,1
15812,3388,3832,16424,-656,1256,1
15308,2856,1980,15836,3880,760,1
19196,5996,8020,15744,2316,-688,1
18276,-4780,16152,16548,2232,1164,1
10188,916,17748,16652,688,1808,1
28712,-3268,-2448,17084,696,3084,1
13408,6628,1960,15640,-24,560,1
17260,-3124,1048,16552,-28,2388,1
15800,-2520,-176,16204,336,1596,1
16192,-1080,-332,16756,364,6456,1
15492,-4572,128,16540,-7368,6680,1
16360,-2908,-1340,16148,-7652,2560,1
17016,-904,3736,15976,4944,796,1
13064,1112,10372,15476,4964,-812,1
19116,8452,3476,16440,1252,3656,1
16396,3684,5672,16644,-2476,4880,1
15320,-4544,4444,16552,968,3024,1
15340,-13748,4140,16132,4,1580,1
15620,904,4284,17128,-1784,1840,1
17020,5648,3108,17888,-4480,1232,1
15852,-5672,3036,19952,-252,-4,1
15280,-3344,6220,17580,-1764,2656,1
17124,136,3212,14924,-528,4956,1
15988,-4924,3892,14124,-2072,3392,1
15588,-464,812,14756,-2540,8684,1
15244,-1736,680,13928,-2748,8704,1
15792,-1680,4728,10384,-14520,4112,1
16520,416,7024,10100,3412,1852,1
15032,-3672,4192,16600,512,-1988,1
15968,-824,5560,18284,4076,536,1
16188,-60,5140,15420,-140,-208,1
16024,-1764,4216,16796,5276,4020,1
16084,-3208,2044,16780,1648,10224,1
15660,1160,5032,16964,-13232,2548,1
15952,3224,9404,15488,-9140,3272,1
16328,-860,6520,15252,7232,5024,1
15332,-1168,3968,17604,10076,2956,1
15700,556,4140,16612,-2124,2668,1
16412,1340,5656,15844,-4284,3204,1
16136,-1700,3648,16524,-3392,3648,1
16608,-2792,-52,16872,-16,5488,1
17924,-84,1172,16492,1884,4344,1
18864,-1172,4424,16588,1428,4036,1
16004,-1232,3592,16644,-1216,2428,1
15356,-196,3712,15992,2644,824,1
15824,4320,5060,15708,2892,-2088,1
16840,-3496,6504,16020,1004,660,1
7984,10996,20060,15776,-264,836,1
23932,-1404,-1504,16736,1748,3288,1
16028,1900,2576,16424,-268,3380,1
16068,-3088,1860,16920,176,1904,1
16484,-2672,3428,16072,888,1252,1
16652,-260,4044,16184,400,1640,1
16760,-2004,4020,15964,552,-704,1
15400,-2104,300,15528,1112,2444,1
15312,3400,-112,14932,-2756,8612,1
16412,-136,3884,19144,-3156,3308,1
16672,-1168,3860,15120,-5912,3116,1
16116,-3648,4736,16192,1700,2608,1
15812,-8024,4328,16232,1000,1604,1
16280,-312,4644,16536,1132,476,1
16020,7412,2680,16228,-1788,844,1
16072,-5136,2288,17972,-1692,-696,1
16148,-1748,2496,21816,-3748,-1292,1
16152,-1780,2112,16900,-2292,5092,1
16288,-2508,4916,15344,92,2784,1
16276,-1788,2776,13856,-1928,4812,1
15676,-2428,1268,16088,-2088,6384,1
15640,-132,-1208,11208,-4252,5876,1
15536,-1864,4212,17288,-1044,19836,1
16252,-2184,7804,15660,5104,1052,1
16448,-2084,6984,20012,-920,1560,1
15736,-2384,3796,17000,3920,-684,1
15456,-192,3436,16064,5008,752,1
15656,-460,5392,17200,-1544,-524,1
16060,1264,4484,15388,-7144,1952,1
16112,164,1812,16304,-15452,2548,1
14800,-2672,8488,17004,-3512,4748,1
15848,-5204,7300,15920,11584,2168,1
16200,468,6608,16816,10524,3176,1
16120,2100,5812,16400,3052,2088,1
15460,-48,4588,17276,-7976,660,1
15816,788,4016,15660,-9628,3424,1
18712,1136,1736,16788,76,4712,1
18964,-5184,2892,16764,1496,4812,1
17528,-1908,5300,16936,3024,2800,1
12888,-2236,3732,16448,804,3064,1
17508,2452,4540,16252,4012,472,1
16592,1340,9516,16152,4164,536,1
10764,8584,12592,16352,4620,3036,1
12916,-1588,6212,16876,-7052,4380,1
11616,-4868,19512,16800,-728,176,1
21132,-3204,1848,16036,3664,188,1
15428,-640,-312,16112,1836,1980,1
16308,-1916,412,16436,-364,764,1
16436,484,3312,16448,-624,1632,1
16888,-1432,3316,16452,-968,2368,1
16300,-1112,1892,16632,604,3228,1
15872,-1420,104,16060,-2064,2208,1
16176,-2788,1604,16452,-1444,2400,1
16156,-1188,60,16472,-1560,3152,1
15732,-2688,-1176,16404,-1972,2660,1
15500,-2132,-2184,16288,-2424,3012,1
15196,-1908,-4272,16600,-2128,3000,1
15308,-1908,2408,16148,-916,356,1
17160,-3144,13600,16056,2472,340,1
20012,440,7636,17192,712,2676,1
15416,-2264,6580,16228,804,1152,1
16060,1448,3488,16352,-1012,1344,1
15256,-3308,1268,18096,-1864,1680,1
15880,-2980,3272,18876,436,1428,1
16364,-908,4124,15404,-3888,3240,1
15752,-4224,2600,13624,-944,4008,1
15808,-1688,2176,16352,-1244,3220,1
15944,-2624,2692,20852,372,52,1
15904,-1896,3996,17984,1280,-312,1
15620,-3632,4104,17656,-3800,3504,1
16056,-1436,5964,11252,-2308,12016,1
16232,-1712,6880,18088,-3484,-3296,1
15308,-1512,5548,11540,-1228,-3952,1
15240,-3440,2952,16372,6180,3752,1
15828,-3740,4224,16144,4568,-744,1
16148,-2552,4176,16984,-4440,1328,1
16928,3444,5088,15888,-11824,4872,1
15208,2488,7276,14964,-10416,3220,1
16200,-9912,7952,17940,8944,4752,1
15252,-256,6632,15632,15668,4096,1
15584,3364,4780,16148,-4316,32,1
16456,1020,2936,16924,-9220,1832,1
17556,-988,1736,17008,-1848,3480,1
20424,-2808,680,16968,4428,4852,1
17592,-6220,4952,16488,-620,2680,1
15300,-2140,3824,16376,1056,2384,1
12092,16,4944,15656,2120,2336,1
17068,3128,8936,16436,-696,2400,1
16184,-6532,7644,16168,512,2152,1
6860,10736,20304,15888,960,1296,1
21432,-572,872,16556,1144,1540,1
15604,-660,2248,16120,548,3584,1
16516,-4736,4036,16056,-428,3092,1
17576,1944,2868,16468,300,3724,1
15880,-3620,160,15868,-2904,4400,1
15596,-2136,1328,16276,-2164,4436,1
16364,-1208,3260,15792,-2148,3668,1
16676,-3456,2668,16568,256,764,1
17500,560,6312,16100,-508,2128,1
17024,-7732,5044,16568,840,3416,1
15896,3140,7480,16624,-1744,4624,1
11376,-5200,7056,16524,-2944,3248,1
22420,16924,5076,17672,-1000,3972,1
14720,-6416,4516,15352,-1076,3580,1
13972,404,8244,17184,292,1716,1
16296,-2612,5192,17132,-3460,1132,1
15920,-1880,4632,18048,-1000,2344,1
15864,-388,3008,12636,-9496,9140,1
15336,-4456,2672,14716,1568,4748,1
16352,-3472,4172,22124,5584,-4440,1
15540,-2068,6344,16348,-5460,9200,1
15708,-2528,4400,19308,4800,3632,1
15480,-1980,3776,15708,-1020,-2504,1
15724,-1708,3212,16352,-2464,-3208,1
15564,-3692,1324,16508,988,-388,1
16188,-3164,4328,16712,-304,-512,1
16436,-2408,5292,16708,868,-948,1
16024,-2392,4448,16520,-848,-1764,1
15884,-1624,2648,16584,-1288,-4076,1
15792,-3000,4192,16420,-1984,-2576,1
16012,-3436,3676,18004,-10296,-1616,1
15920,-3440,3948,16792,-1740,324,1
15912,-2756,4100,14028,1836,1672,1
16088,-2780,5428,15608,6660,5848,1
16372,-784,3536,14676,-828,1816,1
15852,-3816,3076,16260,13552,7096,1
16236,-1916,3352,20292,-7452,600,1
16036,-840,3736,15512,-5652,-292,1
15996,308,2312,16804,976,1300,1
15844,-548,2384,16900,-1052,2744,1
16416,1236,2800,16992,440,1084,1
16756,712,1032,16084,1568,-352,1
17316,-264,2596,16564,1992,1108,1
16372,-3652,1896,16312,2320,1028,1
15876,-4756,3732,16652,368,1836,1
16580,-992,3104,16608,1992,1688,1
17204,-7712,3896,16336,1572,852,1
16532,-2900,7992,17844,-1040,3372,1
18008,2720,8852,16212,-124,2188,1
17288,1400,6408,16764,864,3312,1
14928,-1800,6612,16576,1696,1996,1
13700,216,11348,16604,912,212,1
12148,3260,7440,16000,1424,144,1
13488,-4232,3780,16696,1480,392,1
15612,512,1356,16600,-308,2228,1
16032,-600,-752,16808,-2032,2460,1
15880,-1764,512,16404,-872,1788,1
15972,-1020,1660,16500,92,1788,1
16184,-272,4276,16184,-112,-616,1
16756,-680,5696,16484,-2088,-4828,1
17084,232,4540,19676,-4168,7444,1
16492,-936,5512,15016,-4120,7524,1
16184,-392,2016,14160,-576,4040,1
15688,-4124,1568,18184,412,-2416,1
15640,-420,1812,19312,-436,-3308,1
16180,-3528,3596,15704,-2320,-1596,1
16120,-1828,4600,14864,-6160,1188,1
16340,-2012,3344,14544,640,2712,1
16220,-3324,3760,15944,15092,4028,1
15904,64,3324,13840,-296,220,1
15672,892,1472,18652,3372,-796,1
16532,-1444,1396,17492,-6240,4472,1
17668,-652,4040,14440,-88,2892,1
17952,764,4684,17484,2680,3312,1
16460,-836,4480,16444,-1316,1256,1
14232,-3076,6044,16492,3996,244,1
15436,8032,5572,16464,708,1352,1
17568,-1888,4196,16856,1656,1772,1
16620,-396,5388,16724,156,2592,1
17164,2640,5748,16356,456,1668,1
15192,1944,6232,16452,1564,1716,1
15228,-576,5880,16508,404,2060,1
15044,812,6856,16608,444,3232,1
15144,244,7664,16444,924,2152,1
16952,-1320,1040,16548,460,2516,1
15196,-648,444,15996,320,1104,1
16356,-768,80,15948,820,156,1
15816,-1636,752,15988,788,824,1
16212,-1128,2160,16840,1408,-432,1
15940,-1788,3524,18632,-3220,1504,1
16332,-2304,3552,19384,-3056,220,1
16112,-1156,3928,20152,-472,-1972,1
15972,-1708,2932,17652,-636,768,1
15728,-4228,3180,14388,-5184,9732,1
15964,-1648,4764,5564,-12684,26432,1
17548,-4012,4320,32767,9456,-8016,1
14748,-664,5640,11744,-6524,3316,1
15004,-2392,5452,15812,6132,612,1
17264,-200,5248,17544,-1688,496,1
16988,744,2628,17000,-200,1832,1
18364,1508,3236,16796,-836,1508,1
10880,2112,12988,16712,-300,448,1
7748,-7024,14948,16440,1744,-1340,1
19452,-3864,5252,15816,2332,-2892,1
14448,3296,2356,16144,488,-2060,1
16852,-664,840,18164,588,520,1
16168,-3544,3388,18464,-712,528,1
15976,-2028,5744,17296,-2116,420,1
15988,-3988,5916,16380,-1408,1460,1
15980,-1680,5272,16644,-292,2256,1
15556,-2736,4764,14652,-2332,3568,1
14924,-2132,5236,13104,-112,3112,1
16620,-3528,5676,26044,-1612,-23936,1
15140,-1012,3708,10104,-2032,-4880,1
15324,-1932,2796,15416,3664,3592,1
15760,-1616,2872,18380,-4592,2692,1
15392,-116,2428,16332,-1748,1764,1
18532,-1188,1172,15824,-348,204,1
20148,-1148,7400,17144,1164,2648,1
15880,632,2396,16888,5688,1640,1
15712,1044,4120,16752,356,2380,1
16136,-2788,6980,16584,772,1284,1
16376,-512,8008,16508,1388,260,1
13300,1260,9128,16640,532,1812,1
13360,-4,7700,16952,448,1404,1
15088,-2080,13452,16628,2396,1196,1
14608,-1816,8796,16408,760,1444,1
17424,164,1432,16376,572,804,1
18256,736,2000,16576,-612,1676,1
16752,1052,1936,16808,496,2008,1
17228,1828,1008,16616,-416,1692,1
16864,116,5944,16612,904,1096,1
12748,-1612,8748,16404,1232,804,1
12700,-4548,8344,16420,244,1588,1
17824,-372,3716,16440,272,2168,1
16584,-568,2204,16244,-1492,1232,1
16316,-2312,476,16444,-2044,1372,1
15548,-696,-516,16492,-1312,1136,1
15420,-5664,2984,16804,-1540,2120,1
16108,-1856,3268,16800,-3496,2700,1
16244,-2748,4100,17360,-2476,2564,1
16708,-808,4356,17096,-376,2336,1
16292,-2672,3400,16564,-2500,2064,1
16152,-2560,2708,16328,-1048,2044,1
15828,-2964,2076,16704,420,2096,1
15840,-2412,2508,16248,32,2824,1
15952,-2988,3756,14832,-2444,6272,1
16520,-2156,4176,16084,-8548,15352,1
16536,-2660,5520,24832,-1128,-2176,1
15904,-2660,5704,18508,-1148,1808,1
15628,-4036,2956,17132,3252,464,1
15956,-544,3436,17472,128,-1124,1
16708,-292,4876,16572,-4192,108,1
16228,636,6036,16500,-4224,1000,1
16440,-3552,4748,16828,2148,1648,1
15324,-2740,7260,16472,1736,184,1
14680,-2412,7956,16440,288,-228,1
16280,-1544,6476,16396,-52,-1276,1
16220,-348,4004,16672,1020,-20,1
16048,-2280,2624,17124,1380,1748,1
15760,-2412,3932,16100,-1984,2256,1
15712,-2932,5212,15844,-4444,1884,1
15992,-1984,4732,15764,-5812,2236,1
15780,-2792,3116,17260,-4880,1560,1
15720,-2668,3004,19140,-2624,-824,1
15820,-2260,5624,19552,-1564,-1976,1
15900,-2456,6476,13936,-736,3688,1
16144,-2344,5880,12984,-1520,2792,1
15752,-2160,4408,16212,-1748,4032,1
15960,-2324,3524,17312,4296,4624,1
16100,-3332,2528,27136,-708,-3800,1
16136,-320,4552,19520,768,2756,1
16628,-940,3460,15716,-1572,984,1
16820,-620,720,17244,264,652,1
16568,1116,5004,16888,2536,2184,1
14868,420,8096,16572,-40,1716,1
14020,116,9500,16616,1816,1576,1
15008,-332,12220,14588,-4468,8552,1
13852,928,10656,14904,-2960,7496,1
14864,1840,10396,14868,-7508,7276,1
14368,2492,8568,15088,-8660,6580,1
12684,-11756,6532,14204,10428,6796,1
15344,-5364,8920,16540,20808,5672,1
15312,20048,7320,13232,-9968,860,1
17384,-2324,8572,14720,-10720,-940,1
16188,-20472,6448,16648,15084,8816,1
14040,-5776,4292,14744,-444,7800,1
17724,20200,5832,16100,-18920,-3628,1
14748,-8364,5960,16696,1744,4044,1
15636,-2756,6356,16288,5528,4216,1
15956,-2900,5360,16720,4760,4140,1
16544,5396,2176,14692,-8304,268,1
18212,-2312,1604,16024,-6808,2532,1
22984,-5772,996,16780,3580,5656,1
16512,1140,3124,16340,-612,3028,1
11948,-4208,1976,15456,-2944,2988,1
9244,5096,4972,15856,1108,2076,1
12880,2856,13368,14976,32,676,1
21040,6192,-29524,17820,-3972,5208,1
17744,8532,6448,17204,752,9612,1
13240,-6360,5912,15932,1896,4640,1
15184,-4276,1688,14828,-2716,2128,1
15488,600,-1232,16196,-5952,1584,1
16016,-3244,-512,15712,-604,7380,1
16544,-2564,-296,15192,-6132,7828,1
16152,-2752,176,18792,-5608,5676,1
16012,-564,-1844,18172,5612,5980,1
15716,-2684,2444,10020,-8216,5524,1
16476,-5612,5084,16004,6900,2792,1
16380,-1856,2212,16676,-944,3652,1
15700,1148,488,15392,-3528,3392,1
15980,1292,852,15760,-812,1932,1
16260,-1612,1404,15864,-1048,2096,1
15908,-2452,3076,16372,2016,-612,1
16356,-3140,3776,21612,3364,-52,1
15960,-4500,4816,26536,-5224,3456,1
16820,2080,4084,13340,-1628,7444,1
16148,-4356,3824,12276,-3956,3504,1
15688,-3368,1024,9840,-1600,8400,1
14968,-1704,-1180,10176,-7308,14696,1
16184,412,4060,30584,-2624,13600,1
14828,-4212,6264,7912,10904,-3096,1
15896,-2388,8260,14504,2120,7336,1
16364,-1876,5808,16572,2028,2796,1
15808,1352,3112,15428,-5004,-2120,1
16520,6512,5068,16056,-20016,780,1
15376,-8036,3780,17264,6884,2236,1
15324,-8144,6992,17040,13996,6116,1
15736,984,6636,15668,2824,2284,1
16940,6168,5104,17752,-13820,-1680,1
14748,-4556,4296,17848,-2788,2012,1
15956,-6648,4752,16080,5744,3612,1
14884,-2816,4952,17048,3600,2668,1
15924,1716,5124,16516,-2960,620,1
16016,1556,6420,15144,-8496,-1628,1
15968,-28,4604,16036,-12664,2868,1
15784,-1672,2900,14956,3936,4920,1
16592,-4356,1204,14816,12528,9968,1
20708,-1696,288,21944,9480,3244,1
20660,-1404,5884,14192,-19668,1792,1
15116,-4784,1996,16812,2692,2792,1
15504,14132,4612,15936,3964,1152,1
15864,-5120,9144,15932,-4148,660,1
13696,-5308,11676,16668,2432,-120,1
11588,5804,-6672,16364,3192,3024,1
13820,2096,5376,16828,3168,7076,1
18244,-4840,1168,15572,1704,4716,1
19248,-252,1040,16800,-10752,2408,1
16284,-2284,-892,16056,-6976,4632,1
14784,-4136,1536,16880,1124,4144,1
16600,-4312,4448,15312,4000,5060,1
15440,-2956,3468,16336,2560,2760,1
16972,4792,3044,16372,-5916,3212,1
16532,6440,3340,15928,-2852,3608,1
15964,-8556,4800,17084,1260,1288,1
15612,-3184,4068,18500,5996,-640,1
15864,-964,2280,21424,-4848,-172,1
16244,-1680,2000,17548,1900,5428,1
16172,-1420,4948,10200,-3028,5860,1
16048,-2604,5144,12404,-5460,4964,1
15604,-1488,3156,17216,-1384,7600,1
14412,1224,-1252,7780,-7684,13112,1
15864,-3388,7140,32767,10692,1468,1
16444,-2624,8244,20208,-4916,8912,1
14800,-6984,10628,15676,2448,5508,1
16004,2684,6712,18804,-1028,2384,1
16448,6040,4584,17864,-2420,2112,1
15964,3044,4736,15028,-14996,-688,1
15796,-5168,5120,17368,8032,3344,1
15476,-5284,5432,16584,9672,5004,1
16436,504,6608,16936,-4268,2108,1
16708,3516,4700,15980,-9116,428,1
15724,-832,3344,15952,-3108,2268,1
15432,-3648,1820,16272,2656,1952,1
16008,-1596,1752,16176,5440,3128,1
17416,-1968,2260,16896,5424,4452,1
20988,380,-996,16904,-7836,3660,1
18972,-476,3544,16672,-1400,5248,1
13948,1188,6340,16264,2080,3428,1
11728,-4588,2204,16528,1112,5160,1
17488,7552,4044,16372,-1796,796,1
31260,-4884,32767,17284,1028,636,1
6468,-6724,17764,16440,4296,-424,1
22384,4664,4376,16196,1912,3176,1
12812,-5420,3504,16244,432,4944,1
17288,-1008,1492,16280,-3420,4036,1
14188,-1176,88,16540,-1228,1812,1
15564,-400,-3852,16064,-620,3684,1
16468,-1400,-956,15688,-708,5120,1
16636,-2968,3152,17068,24,2836,1
16036,-8332,8212,15684,84,1424,1
14980,-2964,10008,16048,464,4532,1
17956,14416,2888,15888,-2124,7344,1
14756,3712,2420,14740,-1300,4020,1
16600,-4984,3596,16168,-120,1140,1
15164,-8408,6668,16040,1780,1908,1
15876,-1692,4420,17428,-132,2676,1
16664,4640,4968,17516,-2472,1468,1
15972,-3564,4596,20276,-2424,-2068,1
15396,-2912,2552,25064,796,3044,1
15800,-3156,924,13684,-76,6668,1
15564,-3060,2624,8864,-3424,4256,1
15836,-1708,3440,8624,1312,7324,1
15304,-1968,1056,18936,-6660,19000,1
17288,-844,6316,13484,-5332,-976,1
16456,-936,6604,3932,-3316,5172,1
16632,-3496,7460,18972,252,3544,1
15540,-1292,5256,17764,-1608,3824,1
16124,-3204,4880,14764,3664,-976,1
14916,-6156,4112,16252,5372,1244,1
15444,1356,4264,17224,1068,2736,1
16892,7576,6940,16240,-17156,1856,1
16940,-4288,5052,16172,-4172,3092,1
14824,-7256,3652,17052,9500,5296,1
15936,-732,6980,16112,4584,2700,1
16048,820,4224,16940,-3384,1568,1
16140,1788,3032,15956,-3704,1492,1
15360,-4960,1624,16124,-2124,4124,1
16000,-1372,216,17424,-872,5840,1
19804,-816,-3496,16584,-136,3580,1
23860,184,1180,16736,1684,5236,1
19020,-2352,-4896,16180,1656,544,1
16448,3380,2488,14868,1496,-5000,1
14636,-2860,10460,15672,3756,4420,1
4344,3448,17552,17724,-3260,3744,1
17040,-2980,5248,17112,-968,9144,1
18840,-300,6464,15664,2528,3940,1
15080,-7832,3388,15764,220,1628,1
14788,872,796,16256,-796,2360,1
17044,1540,1308,16416,-1592,4600,1
15940,3980,7248,17960,-424,2752,1
16584,2808,4820,16520,168,2552,1
13416,-11640,6488,16372,-1216,3456,1
17292,-6024,4912,12060,5708,9988,1
16864,-1956,6416,18780,1064,2488,1
14708,2368,6236,16180,-3548,1552,1
17828,14520,3304,15980,-5812,4240,1
14700,-6556,5684,16404,6028,4072,1
15664,-5964,7160,17292,868,1500,1
15600,-6784,4828,22016,-2780,-4344,1
17216,6244,1188,21516,-904,3500,1
15384,-4136,2348,11416,-1640,6408,1
15400,-2084,3276,12448,-1768,4852,1
15620,-3280,3852,12436,-1456,10324,1
15500,-2220,4560,17140,-6800,13364,1
17592,-596,2656,21376,2592,25172,1
17444,604,3068,-3460,4600,-4824,1
14632,-1264,8488,17228,6652,2880,1
16684,-6780,6080,17464,-492,3136,1
13544,-7224,8192,15648,6676,1692,1
17376,6804,3588,17596,-1400,728,1
16188,11504,3764,15536,-22188,-1436,1
16176,-6644,5696,16820,2220,2576,1
14788,-10280,6604,16636,11256,5284,1
16996,408,5496,16356,3644,3712,1
15992,3740,4052,16240,-3768,44,1
16196,1584,1756,15996,-12888,1880,1
15676,-5112,396,16612,-4072,4392,1
17884,-1292,-716,16572,3192,5668,1
22812,-552,-2124,16276,6252,3500,1
15616,-3800,7792,16444,1080,1092,1
14684,-3272,1528,16540,-4232,1500,1
13112,7788,4280,16572,1708,2724,1
18564,-2064,9220,16440,808,592,1
17324,1644,32596,16780,924,468,1
32767,-22424,-12420,16496,820,6248,1
14056,10080,3852,16368,3844,3672,1
11120,-9484,1884,15576,-656,5816,1
18044,-4004,1596,16576,-3616,2408,1
16648,4532,528,16636,-4828,3244,1
15664,-268,3892,16432,-944,3368,1
16520,-1936,2664,16372,1616,2736,1
16236,-2684,2500,16172,436,2984,1
16264,-880,2400,16552,-888,3132,1
16508,-760,2576,16312,-1464,3476,1
16376,-1164,2000,16440,-64,2944,1
